timestamp_utc,elapsed_s,camera,label,confidence,bbox_x1,bbox_y1,bbox_x2,bbox_y2,distance_m,angle_deg
2026-04-03T15:00:53.384Z,22.522,pi:0,sports ball,0.6477,843.30,387.64,1001.54,563.71,2.338,-0.884
2026-04-03T15:00:53.420Z,22.558,pi:0,sports ball,0.6740,843.65,387.68,1020.81,563.68,2.339,-0.563
2026-04-03T15:00:53.450Z,22.589,pi:0,sports ball,0.5837,844.91,388.40,1020.51,565.36,2.327,-0.548
2026-04-03T15:00:53.491Z,22.630,pi:0,sports ball,0.7456,843.92,388.51,1023.88,564.10,2.345,-0.509
2026-04-03T15:00:53.532Z,22.671,pi:0,sports ball,0.5460,843.03,388.48,1023.58,563.37,2.354,-0.528
2026-04-03T15:00:53.573Z,22.711,pi:0,sports ball,0.6966,845.50,388.41,1021.83,565.12,2.330,-0.516
2026-04-03T15:00:53.573Z,22.711,pi:0,sports ball,0.3389,1142.69,367.45,1315.23,551.41,2.238,9.052
2026-04-03T15:00:53.637Z,22.775,pi:0,sports ball,0.7833,1147.23,367.41,1309.94,553.60,2.211,9.040
2026-04-03T15:00:53.637Z,22.775,pi:0,sports ball,0.6778,845.60,386.81,1019.66,563.93,2.325,-0.550
2026-04-03T15:00:53.671Z,22.810,pi:0,sports ball,0.8812,1144.51,367.66,1318.84,549.96,2.258,9.139
2026-04-03T15:00:53.671Z,22.810,pi:0,sports ball,0.7644,845.43,388.43,1016.50,565.02,2.331,-0.605
2026-04-03T15:00:53.710Z,22.849,pi:0,sports ball,0.8736,1145.39,367.34,1318.92,549.14,2.265,9.154
2026-04-03T15:00:53.710Z,22.849,pi:0,sports ball,0.7343,845.90,387.55,1019.77,565.04,2.320,-0.544
2026-04-03T15:00:53.745Z,22.883,pi:0,sports ball,0.8360,1146.27,367.41,1318.57,553.69,2.210,9.162
2026-04-03T15:00:53.745Z,22.883,pi:0,sports ball,0.6816,845.33,388.39,1019.08,565.21,2.328,-0.564
2026-04-03T15:00:53.799Z,22.937,pi:0,sports ball,0.8209,1145.37,367.33,1318.94,549.11,2.265,9.154
2026-04-03T15:00:53.799Z,22.937,pi:0,sports ball,0.5385,846.05,387.51,1019.18,565.41,2.314,-0.551
2026-04-03T15:00:53.838Z,22.976,pi:0,sports ball,0.8397,1149.42,366.84,1317.62,553.74,2.203,9.197
2026-04-03T15:00:53.838Z,22.976,pi:0,sports ball,0.5611,845.29,388.37,1016.63,565.04,2.330,-0.605
2026-04-03T15:00:53.896Z,23.035,pi:0,sports ball,0.8058,1146.27,368.03,1318.07,553.02,2.226,9.154
2026-04-03T15:00:53.896Z,23.035,pi:0,sports ball,0.5573,844.71,388.33,1017.48,565.50,2.324,-0.601
2026-04-03T15:00:53.935Z,23.073,pi:0,sports ball,0.8548,1150.40,367.21,1317.74,553.73,2.207,9.215
2026-04-03T15:00:53.935Z,23.073,pi:0,sports ball,0.6703,845.85,387.54,1018.24,565.43,2.314,-0.570
2026-04-03T15:00:53.971Z,23.110,pi:0,sports ball,0.8322,1144.50,367.65,1318.92,549.93,2.259,9.140
2026-04-03T15:00:53.971Z,23.110,pi:0,sports ball,0.6515,846.18,389.26,1018.25,565.75,2.333,-0.564
2026-04-03T15:00:54.028Z,23.167,pi:0,sports ball,0.8209,1148.65,367.19,1317.74,553.71,2.207,9.187
2026-04-03T15:00:54.028Z,23.167,pi:0,sports ball,0.6778,845.26,388.39,1017.42,565.12,2.330,-0.592
2026-04-03T15:00:54.094Z,23.233,pi:0,sports ball,0.8021,1147.51,367.56,1318.13,554.37,2.204,9.175
2026-04-03T15:00:54.094Z,23.233,pi:0,sports ball,0.5987,845.96,388.39,1019.83,564.96,2.332,-0.542
2026-04-03T15:00:54.138Z,23.277,pi:0,sports ball,0.7983,1149.42,367.59,1317.55,553.75,2.212,9.196
2026-04-03T15:00:54.138Z,23.277,pi:0,sports ball,0.5498,845.19,388.37,1018.38,565.13,2.329,-0.578
2026-04-03T15:00:54.160Z,23.299,pi:0,sports ball,0.8473,1145.39,367.33,1318.26,550.69,2.245,9.143
2026-04-03T15:00:54.160Z,23.299,pi:0,sports ball,0.6326,845.27,388.41,1020.57,565.19,2.329,-0.541
2026-04-03T15:00:54.196Z,23.335,pi:0,sports ball,0.8134,1148.63,366.89,1317.95,553.69,2.204,9.190
2026-04-03T15:00:54.196Z,23.335,pi:0,sports ball,0.5460,845.20,387.50,1019.14,565.56,2.312,-0.565
2026-04-03T15:00:54.251Z,23.389,pi:0,sports ball,0.7983,1148.47,366.90,1317.85,553.70,2.204,9.186
2026-04-03T15:00:54.251Z,23.389,pi:0,sports ball,0.5046,844.62,387.51,1019.86,565.14,2.318,-0.563
2026-04-03T15:00:54.309Z,23.448,pi:0,sports ball,0.8360,1145.40,367.33,1318.66,549.92,2.255,9.150
2026-04-03T15:00:54.309Z,23.448,pi:0,sports ball,0.6439,845.91,388.37,1017.46,565.36,2.326,-0.581
2026-04-03T15:00:54.344Z,23.482,pi:0,sports ball,0.8171,1149.36,366.45,1317.67,553.06,2.206,9.197
2026-04-03T15:00:54.344Z,23.482,pi:0,sports ball,0.6515,845.05,387.51,1016.62,565.04,2.319,-0.609
2026-04-03T15:00:54.377Z,23.515,pi:0,sports ball,0.8360,1144.52,367.33,1318.59,550.70,2.245,9.135
2026-04-03T15:00:54.377Z,23.515,pi:0,sports ball,0.6439,846.31,388.39,1016.57,565.36,2.326,-0.589
2026-04-03T15:00:54.412Z,23.551,pi:0,sports ball,0.7908,1150.39,367.25,1317.73,553.05,2.216,9.214
2026-04-03T15:00:54.412Z,23.551,pi:0,sports ball,0.5573,845.35,387.53,1018.29,565.37,2.315,-0.577
2026-04-03T15:00:54.469Z,23.608,pi:0,sports ball,0.8096,1149.43,366.92,1318.00,553.75,2.204,9.204
2026-04-03T15:00:54.469Z,23.608,pi:0,sports ball,0.5197,846.27,387.47,1019.04,565.05,2.319,-0.550
2026-04-03T15:00:54.532Z,23.670,pi:0,sports ball,0.7983,1149.44,366.88,1317.94,552.35,2.220,9.203
2026-04-03T15:00:54.532Z,23.670,pi:0,sports ball,0.4971,845.81,389.19,1018.31,565.74,2.332,-0.569
2026-04-03T15:00:54.570Z,23.709,pi:0,sports ball,0.8096,1150.47,366.92,1317.73,553.74,2.204,9.216
2026-04-03T15:00:54.570Z,23.709,pi:0,sports ball,0.6703,845.82,388.41,1018.26,564.94,2.332,-0.570
2026-04-03T15:00:54.608Z,23.746,pi:0,sports ball,0.8021,1149.50,367.22,1317.73,553.72,2.208,9.200
2026-04-03T15:00:54.608Z,23.746,pi:0,sports ball,0.6665,845.83,388.42,1016.58,565.04,2.331,-0.597
2026-04-03T15:00:54.643Z,23.782,pi:0,sports ball,0.8209,1145.40,366.98,1318.58,549.12,2.261,9.149
2026-04-03T15:00:54.643Z,23.782,pi:0,sports ball,0.6552,845.82,387.54,1015.73,564.33,2.329,-0.611
2026-04-03T15:00:54.681Z,23.820,pi:0,sports ball,0.8736,1145.40,367.33,1318.85,549.92,2.255,9.153
2026-04-03T15:00:54.681Z,23.820,pi:0,sports ball,0.6176,845.83,388.37,1018.29,565.04,2.331,-0.569
2026-04-03T15:00:54.743Z,23.881,pi:0,sports ball,0.8360,1144.52,367.32,1318.58,548.29,2.275,9.135
2026-04-03T15:00:54.743Z,23.881,pi:0,sports ball,0.7042,845.87,387.58,1019.73,564.71,2.324,-0.545
2026-04-03T15:00:54.797Z,23.935,pi:0,sports ball,0.8360,1149.44,366.80,1317.45,553.73,2.202,9.195
2026-04-03T15:00:54.797Z,23.935,pi:0,sports ball,0.7079,846.00,385.98,1016.28,562.71,2.330,-0.599
2026-04-03T15:00:54.840Z,23.979,pi:0,sports ball,0.8586,1145.39,367.33,1318.51,549.12,2.265,9.147
2026-04-03T15:00:54.840Z,23.979,pi:0,sports ball,0.7343,845.88,388.44,1018.14,564.37,2.340,-0.571
2026-04-03T15:00:54.878Z,24.017,pi:0,sports ball,0.8736,1144.50,367.65,1318.27,549.13,2.269,9.129
2026-04-03T15:00:54.878Z,24.017,pi:0,sports ball,0.6100,845.85,389.24,1016.56,565.20,2.340,-0.597
2026-04-03T15:00:54.909Z,24.047,pi:0,sports ball,0.8699,1145.40,367.96,1318.51,549.12,2.273,9.147
2026-04-03T15:00:54.909Z,24.047,pi:0,sports ball,0.7757,845.98,387.63,1015.59,564.86,2.323,-0.611
2026-04-03T15:00:54.934Z,24.073,pi:0,sports ball,0.8661,1145.39,367.65,1318.47,549.15,2.268,9.147
2026-04-03T15:00:54.934Z,24.073,pi:0,sports ball,0.6891,845.44,387.56,1018.20,565.44,2.315,-0.577
2026-04-03T15:00:54.974Z,24.113,pi:0,sports ball,0.8510,1145.39,367.65,1318.56,549.94,2.259,9.148
2026-04-03T15:00:54.974Z,24.113,pi:0,sports ball,0.6853,843.81,388.50,1019.87,563.69,2.350,-0.576
2026-04-03T15:00:55.031Z,24.170,pi:0,sports ball,0.8849,1145.94,366.80,1317.73,553.73,2.203,9.144
2026-04-03T15:00:55.031Z,24.170,pi:0,sports ball,0.7418,845.43,388.44,1015.60,564.45,2.339,-0.620
2026-04-03T15:00:55.073Z,24.211,pi:0,sports ball,0.8812,1144.51,367.33,1318.00,549.14,2.265,9.125
2026-04-03T15:00:55.073Z,24.211,pi:0,sports ball,0.7569,845.54,387.60,1014.69,564.80,2.323,-0.633
2026-04-03T15:00:55.114Z,24.253,pi:0,sports ball,0.8849,1144.53,367.34,1318.00,549.13,2.265,9.125
2026-04-03T15:00:55.114Z,24.253,pi:0,sports ball,0.7870,846.11,388.47,1012.86,564.86,2.334,-0.653
2026-04-03T15:00:55.149Z,24.287,pi:0,sports ball,0.8887,1145.41,367.66,1318.20,549.94,2.259,9.143
2026-04-03T15:00:55.149Z,24.287,pi:0,sports ball,0.7456,846.08,388.45,1014.68,564.66,2.337,-0.624
2026-04-03T15:00:55.194Z,24.332,pi:0,sports ball,0.8510,1145.41,367.66,1318.83,549.11,2.269,9.153
2026-04-03T15:00:55.194Z,24.332,pi:0,sports ball,0.7870,846.23,386.79,1014.52,562.65,2.341,-0.624
2026-04-03T15:00:55.261Z,24.399,pi:0,sports ball,0.8623,1145.40,367.66,1318.51,549.94,2.259,9.147
2026-04-03T15:00:55.261Z,24.399,pi:0,sports ball,0.7682,846.07,388.46,1017.28,564.93,2.333,-0.582
2026-04-03T15:00:55.304Z,24.443,pi:0,sports ball,0.8586,1145.40,367.96,1318.39,549.12,2.273,9.146
2026-04-03T15:00:55.304Z,24.443,pi:0,sports ball,0.6665,846.84,387.58,1018.22,565.02,2.320,-0.554
2026-04-03T15:00:55.333Z,24.471,pi:0,sports ball,0.8623,1145.39,367.65,1318.40,549.12,2.269,9.145
2026-04-03T15:00:55.333Z,24.471,pi:0,sports ball,0.7381,845.02,388.41,1019.75,564.94,2.332,-0.558
2026-04-03T15:00:55.368Z,24.506,pi:0,sports ball,0.8510,1145.39,367.96,1318.39,549.93,2.263,9.145
2026-04-03T15:00:55.368Z,24.506,pi:0,sports ball,0.7004,845.36,388.43,1016.56,564.94,2.333,-0.605
2026-04-03T15:00:55.420Z,24.558,pi:0,sports ball,0.8586,1149.51,366.80,1317.62,553.06,2.210,9.199
2026-04-03T15:00:55.420Z,24.558,pi:0,sports ball,0.7042,846.21,385.95,1015.43,563.12,2.324,-0.610
2026-04-03T15:00:55.461Z,24.600,pi:0,sports ball,0.8435,1148.50,367.18,1318.07,553.10,2.215,9.190
2026-04-03T15:00:55.461Z,24.600,pi:0,sports ball,0.6816,845.44,388.41,1020.49,565.17,2.329,-0.540
2026-04-03T15:00:55.504Z,24.642,pi:0,sports ball,0.8623,1145.39,366.98,1318.48,549.13,2.260,9.147
2026-04-03T15:00:55.504Z,24.642,pi:0,sports ball,0.7531,845.36,387.60,1018.10,564.87,2.323,-0.580
2026-04-03T15:00:55.545Z,24.684,pi:0,sports ball,0.8510,1144.50,367.65,1318.40,549.14,2.269,9.131
2026-04-03T15:00:55.545Z,24.684,pi:0,sports ball,0.6966,845.83,388.40,1020.55,565.18,2.329,-0.532
2026-04-03T15:00:55.595Z,24.734,pi:0,sports ball,0.8548,1144.52,367.33,1318.32,549.92,2.255,9.130
2026-04-03T15:00:55.595Z,24.734,pi:0,sports ball,0.6477,844.98,387.54,1019.02,565.10,2.319,-0.571
2026-04-03T15:00:55.640Z,24.778,pi:0,sports ball,0.8435,1145.40,367.96,1318.26,548.28,2.283,9.143
2026-04-03T15:00:55.640Z,24.778,pi:0,sports ball,0.7343,845.38,389.31,1018.92,565.08,2.342,-0.566
2026-04-03T15:00:55.686Z,24.824,pi:0,sports ball,0.8774,1145.39,367.33,1318.27,549.12,2.265,9.143
2026-04-03T15:00:55.686Z,24.824,pi:0,sports ball,0.7456,845.43,387.57,1020.46,564.86,2.322,-0.540
2026-04-03T15:00:55.726Z,24.864,pi:0,sports ball,0.8736,1145.37,367.33,1318.75,549.14,2.265,9.151
2026-04-03T15:00:55.726Z,24.864,pi:0,sports ball,0.7192,845.78,388.40,1021.89,565.60,2.323,-0.511
2026-04-03T15:00:55.794Z,24.932,pi:0,sports ball,0.8548,1144.53,367.33,1318.32,549.13,2.265,9.131
2026-04-03T15:00:55.794Z,24.932,pi:0,sports ball,0.7268,845.07,387.58,1015.64,564.94,2.321,-0.625
2026-04-03T15:00:55.837Z,24.975,pi:0,sports ball,0.8774,1145.40,367.65,1318.76,549.12,2.269,9.151
2026-04-03T15:00:55.837Z,24.975,pi:0,sports ball,0.6703,845.32,388.38,1018.98,564.87,2.333,-0.566
2026-04-03T15:00:55.872Z,25.010,pi:0,sports ball,0.8548,1146.26,367.74,1317.80,553.02,2.222,9.150
2026-04-03T15:00:55.872Z,25.010,pi:0,sports ball,0.6778,845.38,388.41,1019.77,565.54,2.324,-0.552
2026-04-03T15:00:55.896Z,25.035,pi:0,sports ball,0.8435,1145.39,367.32,1318.26,549.12,2.265,9.143
2026-04-03T15:00:55.896Z,25.035,pi:0,sports ball,0.7418,845.36,387.58,1021.17,565.30,2.317,-0.530
2026-04-03T15:00:55.937Z,25.076,pi:0,sports ball,0.8812,1145.40,367.66,1318.40,549.94,2.259,9.146
2026-04-03T15:00:55.937Z,25.076,pi:0,sports ball,0.7456,845.43,388.43,1019.72,565.41,2.326,-0.552
2026-04-03T15:00:55.984Z,25.123,pi:0,sports ball,0.8774,1145.39,367.65,1318.20,549.11,2.269,9.142
2026-04-03T15:00:55.984Z,25.123,pi:0,sports ball,0.7381,845.88,387.58,1016.51,565.17,2.318,-0.597
2026-04-03T15:00:56.028Z,25.167,pi:0,sports ball,0.8247,1145.37,367.65,1318.40,549.12,2.269,9.145
2026-04-03T15:00:56.028Z,25.167,pi:0,sports ball,0.6778,845.38,388.41,1021.22,565.18,2.329,-0.528
2026-04-03T15:00:56.069Z,25.207,pi:0,sports ball,0.8510,1148.57,366.40,1317.55,553.78,2.197,9.183
2026-04-03T15:00:56.069Z,25.207,pi:0,sports ball,0.5874,845.34,387.51,1019.11,565.53,2.313,-0.564
2026-04-03T15:00:56.112Z,25.250,pi:0,sports ball,0.8623,1149.33,366.81,1317.92,553.79,2.202,9.200
2026-04-03T15:00:56.112Z,25.250,pi:0,sports ball,0.7230,845.07,388.42,1021.18,565.11,2.330,-0.534
2026-04-03T15:00:56.158Z,25.296,pi:0,sports ball,0.8510,1149.35,366.41,1317.85,553.77,2.198,9.200
2026-04-03T15:00:56.158Z,25.296,pi:0,sports ball,0.6665,845.31,387.57,1022.47,565.10,2.319,-0.509
2026-04-03T15:00:56.201Z,25.339,pi:0,sports ball,0.8247,1148.64,366.44,1317.55,553.74,2.198,9.184
2026-04-03T15:00:56.201Z,25.339,pi:0,sports ball,0.6816,846.42,388.42,1019.81,565.35,2.327,-0.535
2026-04-03T15:00:56.247Z,25.385,pi:0,sports ball,0.8736,1145.40,367.66,1318.51,549.12,2.269,9.148
2026-04-03T15:00:56.247Z,25.385,pi:0,sports ball,0.7230,845.88,388.43,1016.51,564.93,2.333,-0.597
2026-04-03T15:00:56.287Z,25.426,pi:0,sports ball,0.8586,1144.52,367.33,1318.27,548.29,2.275,9.129
2026-04-03T15:00:56.287Z,25.426,pi:0,sports ball,0.7456,845.54,388.46,1020.39,565.08,2.331,-0.539
2026-04-03T15:00:56.341Z,25.479,pi:0,sports ball,0.8586,1145.38,367.33,1318.51,549.12,2.265,9.147
2026-04-03T15:00:56.341Z,25.479,pi:0,sports ball,0.6853,845.90,388.38,1018.19,565.25,2.328,-0.570
2026-04-03T15:00:56.379Z,25.517,pi:0,sports ball,0.8736,1148.64,366.01,1317.72,553.72,2.193,9.186
2026-04-03T15:00:56.379Z,25.517,pi:0,sports ball,0.6929,845.45,389.28,1018.20,565.11,2.342,-0.577
2026-04-03T15:00:56.427Z,25.566,pi:0,sports ball,0.8322,1150.17,366.43,1317.92,553.13,2.205,9.214
2026-04-03T15:00:56.427Z,25.566,pi:0,sports ball,0.6816,845.46,387.54,1019.08,565.27,2.316,-0.562
2026-04-03T15:00:56.467Z,25.606,pi:0,sports ball,0.8586,1145.39,367.65,1318.76,549.14,2.269,9.151
2026-04-03T15:00:56.467Z,25.606,pi:0,sports ball,0.6402,845.82,388.41,1018.99,565.27,2.328,-0.558
2026-04-03T15:00:56.507Z,25.646,pi:0,sports ball,0.8360,1144.52,367.33,1318.47,549.12,2.265,9.133
2026-04-03T15:00:56.507Z,25.646,pi:0,sports ball,0.6590,845.38,388.39,1018.98,565.34,2.327,-0.565
2026-04-03T15:00:56.553Z,25.691,pi:0,sports ball,0.8548,1147.67,366.42,1317.68,554.39,2.190,9.170
2026-04-03T15:00:56.553Z,25.691,pi:0,sports ball,0.6853,845.93,388.42,1018.18,565.09,2.330,-0.569
2026-04-03T15:00:56.600Z,25.738,pi:0,sports ball,0.8473,1144.51,367.96,1318.33,549.12,2.273,9.130
2026-04-03T15:00:56.600Z,25.738,pi:0,sports ball,0.6929,846.29,387.52,1018.15,565.10,2.319,-0.564
2026-04-03T15:00:56.658Z,25.796,pi:0,sports ball,0.8473,1145.39,367.65,1318.75,549.95,2.259,9.151
2026-04-03T15:00:56.658Z,25.796,pi:0,sports ball,0.7155,845.76,388.43,1018.99,565.17,2.329,-0.559
2026-04-03T15:00:56.722Z,25.861,pi:0,sports ball,0.8435,1148.49,366.43,1317.55,553.76,2.198,9.181
2026-04-03T15:00:56.722Z,25.861,pi:0,sports ball,0.7117,845.88,387.55,1018.94,564.87,2.322,-0.558
2026-04-03T15:00:56.757Z,25.896,pi:0,sports ball,0.8699,1145.39,367.34,1318.33,549.14,2.265,9.144
2026-04-03T15:00:56.757Z,25.896,pi:0,sports ball,0.7343,845.81,388.43,1018.96,565.01,2.332,-0.558
2026-04-03T15:00:56.794Z,25.933,pi:0,sports ball,0.8548,1145.38,367.33,1318.13,549.13,2.265,9.141
2026-04-03T15:00:56.794Z,25.933,pi:0,sports ball,0.7456,846.53,385.95,1018.72,562.96,2.326,-0.550
2026-04-03T15:00:56.834Z,25.972,pi:0,sports ball,0.8699,1149.49,365.99,1317.78,554.34,2.186,9.201
2026-04-03T15:00:56.834Z,25.972,pi:0,sports ball,0.7381,846.29,388.43,1018.95,564.39,2.340,-0.551
2026-04-03T15:00:56.895Z,26.033,pi:0,sports ball,0.8623,1149.43,367.17,1317.62,553.75,2.207,9.197
2026-04-03T15:00:56.895Z,26.033,pi:0,sports ball,0.7117,845.87,388.41,1020.49,564.95,2.332,-0.532
2026-04-03T15:00:56.948Z,26.086,pi:0,sports ball,0.8661,1144.51,367.65,1318.59,549.13,2.269,9.134
2026-04-03T15:00:56.948Z,26.086,pi:0,sports ball,0.6891,845.80,387.58,1018.18,564.79,2.323,-0.571
2026-04-03T15:00:56.981Z,26.120,pi:0,sports ball,0.8510,1149.52,365.99,1317.50,553.73,2.193,9.197
2026-04-03T15:00:56.981Z,26.120,pi:0,sports ball,0.6966,846.91,388.43,1019.75,565.24,2.328,-0.528
2026-04-03T15:00:57.021Z,26.159,pi:0,sports ball,0.8473,1146.29,368.04,1317.45,553.00,2.226,9.145
2026-04-03T15:00:57.021Z,26.159,pi:0,sports ball,0.7004,845.49,388.40,1018.20,565.10,2.330,-0.576
2026-04-03T15:00:57.084Z,26.223,pi:0,sports ball,0.8812,1148.62,367.21,1317.44,553.74,2.207,9.182
2026-04-03T15:00:57.084Z,26.223,pi:0,sports ball,0.7644,846.51,385.94,1013.63,563.33,2.321,-0.634
2026-04-03T15:00:57.129Z,26.268,pi:0,sports ball,0.8548,1148.55,366.00,1317.57,553.76,2.193,9.183
2026-04-03T15:00:57.129Z,26.268,pi:0,sports ball,0.7155,846.36,389.27,1018.93,565.34,2.338,-0.550
2026-04-03T15:00:57.154Z,26.292,pi:0,sports ball,0.8548,1145.40,367.65,1318.06,549.93,2.259,9.140
2026-04-03T15:00:57.154Z,26.292,pi:0,sports ball,0.6891,845.49,388.43,1019.79,564.86,2.334,-0.550
2026-04-03T15:00:57.176Z,26.315,pi:0,sports ball,0.8623,1149.53,365.99,1317.44,552.37,2.209,9.196
2026-04-03T15:00:57.176Z,26.315,pi:0,sports ball,0.7230,845.98,387.58,1018.94,565.24,2.317,-0.556
2026-04-03T15:00:57.208Z,26.346,pi:0,sports ball,0.8623,1148.50,365.07,1317.89,553.12,2.189,9.187
2026-04-03T15:00:57.208Z,26.346,pi:0,sports ball,0.6891,846.28,386.68,1019.39,565.33,2.305,-0.544
2026-04-03T15:00:57.259Z,26.397,pi:0,sports ball,0.8586,1145.40,367.66,1318.26,549.12,2.269,9.143
2026-04-03T15:00:57.259Z,26.397,pi:0,sports ball,0.6853,845.93,388.44,1019.76,564.80,2.335,-0.543
2026-04-03T15:00:57.306Z,26.444,pi:0,sports ball,0.8510,1145.40,367.33,1318.05,549.12,2.265,9.140
2026-04-03T15:00:57.306Z,26.444,pi:0,sports ball,0.7456,845.91,388.45,1018.16,565.17,2.330,-0.570
2026-04-03T15:00:57.341Z,26.479,pi:0,sports ball,0.8548,1145.40,367.34,1318.06,549.93,2.255,9.140
2026-04-03T15:00:57.341Z,26.479,pi:0,sports ball,0.7004,845.87,389.31,1018.93,565.25,2.340,-0.558
2026-04-03T15:00:57.382Z,26.521,pi:0,sports ball,0.8473,1146.29,367.73,1317.95,552.99,2.222,9.153
2026-04-03T15:00:57.382Z,26.521,pi:0,sports ball,0.7607,845.54,389.32,1021.14,565.01,2.343,-0.527
2026-04-03T15:00:57.433Z,26.572,pi:0,sports ball,0.8473,1149.46,366.41,1317.73,553.79,2.197,9.200
2026-04-03T15:00:57.433Z,26.572,pi:0,sports ball,0.7192,845.87,387.58,1019.75,564.95,2.321,-0.545
2026-04-03T15:00:57.473Z,26.611,pi:0,sports ball,0.8623,1145.39,367.33,1318.33,549.13,2.265,9.144
2026-04-03T15:00:57.473Z,26.611,pi:0,sports ball,0.6929,845.82,388.41,1016.52,564.86,2.333,-0.598
2026-04-03T15:00:57.520Z,26.659,pi:0,sports ball,0.8849,1145.39,367.33,1318.33,549.14,2.265,9.144
2026-04-03T15:00:57.520Z,26.659,pi:0,sports ball,0.6966,845.81,388.42,1017.33,565.02,2.331,-0.585
2026-04-03T15:00:57.586Z,26.724,pi:0,sports ball,0.8661,1147.77,366.80,1317.63,553.74,2.202,9.171
2026-04-03T15:00:57.586Z,26.724,pi:0,sports ball,0.7644,845.53,387.60,1018.09,564.87,2.323,-0.577
2026-04-03T15:00:57.642Z,26.781,pi:0,sports ball,0.8699,1148.61,365.96,1317.56,553.72,2.193,9.183
2026-04-03T15:00:57.642Z,26.781,pi:0,sports ball,0.7305,845.44,388.40,1018.97,565.10,2.330,-0.564
2026-04-03T15:00:57.683Z,26.821,pi:0,sports ball,0.8548,1148.62,366.40,1317.55,553.76,2.197,9.183
2026-04-03T15:00:57.683Z,26.821,pi:0,sports ball,0.6703,846.03,385.94,1016.30,563.33,2.321,-0.598
2026-04-03T15:00:57.717Z,26.855,pi:0,sports ball,0.8548,1145.38,367.66,1318.66,549.93,2.259,9.149
2026-04-03T15:00:57.717Z,26.855,pi:0,sports ball,0.7117,845.98,388.44,1018.96,565.46,2.326,-0.556
2026-04-03T15:00:57.749Z,26.887,pi:0,sports ball,0.8812,1146.85,366.84,1317.63,553.76,2.203,9.156
2026-04-03T15:00:57.749Z,26.887,pi:0,sports ball,0.7004,845.44,387.59,1015.60,564.87,2.322,-0.619
2026-04-03T15:00:57.785Z,26.924,pi:0,sports ball,0.8171,1148.50,366.00,1318.28,553.76,2.193,9.193
2026-04-03T15:00:57.785Z,26.924,pi:0,sports ball,0.6966,845.84,388.40,1018.22,565.27,2.328,-0.570
2026-04-03T15:00:57.828Z,26.967,pi:0,sports ball,0.5234,844.74,388.50,1022.20,564.11,2.344,-0.523
2026-04-03T15:00:57.828Z,26.967,pi:0,sports ball,0.3954,1144.42,367.46,1279.33,551.13,2.242,8.507
2026-04-03T15:00:57.890Z,27.029,pi:0,sports ball,0.6439,846.90,388.51,1022.37,564.36,2.341,-0.485
2026-04-03T15:00:57.946Z,27.084,pi:0,sports ball,0.6891,843.78,389.41,1018.36,563.98,2.358,-0.601
2026-04-03T15:00:57.979Z,27.118,pi:0,sports ball,0.7192,843.56,388.44,1015.94,564.56,2.338,-0.644
2026-04-03T15:01:02.785Z,31.924,pi:0,sports ball,0.4556,843.54,387.48,1003.39,564.28,2.329,-0.850
2026-04-03T15:01:02.821Z,31.960,pi:0,sports ball,0.6326,843.62,389.35,1010.18,564.20,2.355,-0.737
2026-04-03T15:01:02.867Z,32.006,pi:0,sports ball,0.5272,843.23,388.50,1022.83,564.11,2.344,-0.537
2026-04-03T15:01:02.941Z,32.080,pi:0,sports ball,0.6703,846.87,388.43,1017.40,565.03,2.331,-0.567
2026-04-03T15:01:02.941Z,32.080,pi:0,sports ball,0.4707,1143.55,367.76,1306.06,530.46,2.531,8.920
2026-04-03T15:01:02.980Z,32.118,pi:0,sports ball,0.6929,1143.59,367.43,1297.99,551.51,2.237,8.792
2026-04-03T15:01:02.980Z,32.118,pi:0,sports ball,0.5724,844.22,389.34,1017.43,564.11,2.356,-0.609
2026-04-03T15:01:03.038Z,32.177,pi:0,sports ball,0.7644,1142.64,368.91,1296.52,550.95,2.262,8.753
2026-04-03T15:01:03.038Z,32.177,pi:0,sports ball,0.6966,845.94,388.42,1020.43,564.87,2.333,-0.532
2026-04-03T15:01:03.083Z,32.221,pi:0,sports ball,0.7004,845.88,388.44,1020.46,564.86,2.334,-0.533
2026-04-03T15:01:03.083Z,32.221,pi:0,sports ball,0.6929,1143.55,372.68,1278.81,550.97,2.309,8.485
2026-04-03T15:01:03.121Z,32.259,pi:0,sports ball,0.7607,1147.03,376.72,1277.35,552.42,2.343,8.517
2026-04-03T15:01:03.121Z,32.259,pi:0,sports ball,0.6590,845.99,387.66,1019.64,564.12,2.333,-0.544
2026-04-03T15:01:03.164Z,32.303,pi:0,sports ball,0.6853,845.85,388.39,1019.07,565.13,2.330,-0.556
2026-04-03T15:01:03.213Z,32.351,pi:0,sports ball,0.7192,844.21,388.49,1018.71,563.67,2.350,-0.589
2026-04-03T15:01:03.251Z,32.389,pi:0,sports ball,0.6402,844.99,388.39,1019.02,565.12,2.330,-0.571
2026-04-03T15:01:03.307Z,32.446,pi:0,sports ball,0.6213,845.39,388.38,1019.06,564.86,2.333,-0.564
2026-04-03T15:01:03.367Z,32.506,pi:0,sports ball,0.5121,843.31,389.33,1020.42,564.00,2.357,-0.575
2026-04-03T15:01:03.397Z,32.536,pi:0,sports ball,0.5874,844.33,389.35,1021.70,563.79,2.360,-0.538
2026-04-03T15:01:03.430Z,32.569,pi:0,sports ball,0.7004,845.37,387.65,1021.05,564.01,2.335,-0.531
2026-04-03T15:01:03.483Z,32.622,pi:0,sports ball,0.7644,845.92,387.60,1015.67,564.98,2.321,-0.610
2026-04-03T15:01:03.483Z,32.622,pi:0,sports ball,0.2749,1144.51,297.15,1375.88,550.27,1.627,10.044
2026-04-03T15:01:03.555Z,32.693,pi:0,sports ball,0.6552,844.06,387.58,1020.42,564.66,2.325,-0.563
2026-04-03T15:01:03.555Z,32.693,pi:0,sports ball,0.5874,1142.68,373.99,1286.91,551.81,2.315,8.600
2026-04-03T15:01:03.593Z,32.732,pi:0,sports ball,0.8548,1144.53,366.34,1311.59,553.04,2.205,9.023
2026-04-03T15:01:03.593Z,32.732,pi:0,sports ball,0.7983,846.04,388.50,1010.06,560.31,2.396,-0.700
2026-04-03T15:01:03.654Z,32.793,pi:0,sports ball,0.8435,1144.52,368.47,1317.22,553.02,2.231,9.113
2026-04-03T15:01:03.654Z,32.793,pi:0,sports ball,0.5761,844.95,387.64,1010.13,553.09,2.488,-0.717
2026-04-03T15:01:03.700Z,32.838,pi:0,sports ball,0.8473,1145.43,367.39,1318.75,551.52,2.236,9.152
2026-04-03T15:01:03.750Z,32.888,pi:0,sports ball,0.8849,1145.43,367.04,1317.58,551.51,2.232,9.133
2026-04-03T15:01:03.787Z,32.925,pi:0,sports ball,0.6628,1147.63,367.36,1317.42,548.67,2.271,9.165
2026-04-03T15:01:03.960Z,33.098,pi:0,sports ball,0.3163,844.22,390.74,997.23,561.03,2.418,-0.939
2026-04-03T15:01:04.000Z,33.139,pi:0,sports ball,0.4971,844.02,389.08,1000.57,564.19,2.351,-0.888
2026-04-03T15:01:04.058Z,33.197,pi:0,sports ball,0.6326,843.93,389.98,1001.46,565.10,2.351,-0.875
2026-04-03T15:01:04.098Z,33.237,pi:0,sports ball,0.4556,843.92,388.26,995.79,563.65,2.347,-0.968
2026-04-03T15:01:04.140Z,33.279,pi:0,sports ball,0.3577,843.63,389.08,992.45,564.16,2.352,-1.027
2026-04-03T15:01:04.181Z,33.319,pi:0,sports ball,0.2711,843.17,389.89,991.23,565.22,2.348,-1.054
2026-04-03T15:01:04.490Z,33.628,pi:0,sports ball,0.2975,1166.24,368.24,1317.60,527.71,2.582,9.464
2026-04-03T15:01:04.554Z,33.692,pi:0,sports ball,0.4142,1166.32,368.40,1316.95,529.90,2.549,9.455
2026-04-03T15:01:04.605Z,33.743,pi:0,sports ball,0.3540,1164.43,368.13,1317.25,531.58,2.519,9.430
2026-04-03T15:01:04.648Z,33.787,pi:0,sports ball,0.6364,1157.58,368.41,1317.36,532.67,2.506,9.323
2026-04-03T15:01:04.686Z,33.825,pi:0,sports ball,0.3690,1160.58,367.82,1318.79,539.21,2.402,9.393
2026-04-03T15:01:04.752Z,33.891,pi:0,sports ball,0.5197,1162.32,368.36,1317.14,542.12,2.369,9.395
2026-04-03T15:01:04.794Z,33.933,pi:0,sports ball,0.6213,1153.55,367.38,1316.82,544.98,2.318,9.250
2026-04-03T15:01:04.851Z,33.989,pi:0,sports ball,0.5837,1156.63,368.43,1317.37,544.89,2.333,9.308
2026-04-03T15:01:04.891Z,34.030,pi:0,sports ball,0.5799,1154.46,368.19,1316.42,545.88,2.317,9.258
2026-04-03T15:01:04.934Z,34.073,pi:0,sports ball,0.6515,1155.67,368.90,1317.31,543.89,2.353,9.292
2026-04-03T15:01:04.979Z,34.117,pi:0,sports ball,0.6213,1152.79,367.78,1317.38,543.93,2.337,9.247
2026-04-03T15:01:05.024Z,34.162,pi:0,sports ball,0.5912,1152.91,368.38,1317.44,542.02,2.371,9.250
2026-04-03T15:01:05.074Z,34.213,pi:0,sports ball,0.6740,1155.78,368.40,1317.44,542.95,2.359,9.295
2026-04-03T15:01:05.131Z,34.269,pi:0,sports ball,0.7945,1151.93,367.79,1317.43,541.11,2.376,9.234
2026-04-03T15:01:05.174Z,34.313,pi:0,sports ball,0.4858,1153.19,367.61,1316.95,544.14,2.332,9.247
2026-04-03T15:01:05.218Z,34.356,pi:0,sports ball,0.5799,1155.49,367.50,1316.74,544.96,2.320,9.280
2026-04-03T15:01:05.262Z,34.400,pi:0,sports ball,0.6740,1162.85,367.84,1317.49,541.07,2.377,9.409
2026-04-03T15:01:05.322Z,34.460,pi:0,sports ball,0.5724,1160.35,368.50,1317.45,540.16,2.399,9.368
2026-04-03T15:01:05.375Z,34.513,pi:0,sports ball,0.5008,1160.42,367.84,1317.84,539.18,2.403,9.376
2026-04-03T15:01:05.402Z,34.541,pi:0,sports ball,0.6326,1155.78,368.47,1317.42,540.13,2.398,9.295
2026-04-03T15:01:05.450Z,34.588,pi:0,sports ball,0.5837,1158.67,368.65,1317.19,545.73,2.325,9.338
2026-04-03T15:01:05.502Z,34.641,pi:0,sports ball,0.8812,1148.75,366.87,1316.93,551.60,2.229,9.176
2026-04-03T15:01:05.537Z,34.675,pi:0,sports ball,0.8962,1144.21,367.16,1317.32,552.98,2.216,9.109
2026-04-03T15:01:05.572Z,34.711,pi:0,sports ball,0.8925,1145.99,366.44,1317.38,553.64,2.199,9.139
2026-04-03T15:01:05.620Z,34.759,pi:0,sports ball,0.8887,1146.96,366.81,1317.04,554.27,2.196,9.149
2026-04-03T15:01:05.662Z,34.801,pi:0,sports ball,0.8812,1147.05,366.75,1317.90,552.99,2.211,9.164
2026-04-03T15:01:05.711Z,34.849,pi:0,sports ball,0.8887,1146.29,367.40,1317.90,552.95,2.219,9.152
2026-04-03T15:01:05.760Z,34.898,pi:0,sports ball,0.8812,1146.80,367.19,1317.00,552.26,2.225,9.146
2026-04-03T15:01:05.801Z,34.939,pi:0,sports ball,0.8774,1146.04,366.87,1317.27,553.01,2.212,9.138
2026-04-03T15:01:05.844Z,34.983,pi:0,sports ball,0.8435,1146.32,366.68,1317.54,549.99,2.246,9.147
2026-04-03T15:01:05.883Z,35.022,pi:0,sports ball,0.8774,1145.42,367.72,1317.58,550.77,2.249,9.133
2026-04-03T15:01:05.947Z,35.085,pi:0,sports ball,0.8736,1145.16,366.48,1317.17,553.00,2.207,9.122
2026-04-03T15:01:05.996Z,35.135,pi:0,sports ball,0.8812,1147.24,367.72,1317.49,552.89,2.223,9.160
2026-04-03T15:01:06.032Z,35.171,pi:0,sports ball,0.8699,1146.05,366.87,1317.45,553.69,2.204,9.141
2026-04-03T15:01:06.067Z,35.206,pi:0,sports ball,0.8397,1145.95,366.47,1317.20,553.70,2.199,9.135
2026-04-03T15:01:06.102Z,35.241,pi:0,sports ball,0.8812,1146.06,366.43,1316.93,553.00,2.207,9.133
2026-04-03T15:01:06.173Z,35.311,pi:0,sports ball,0.8849,1146.04,366.44,1317.04,553.02,2.207,9.134
2026-04-03T15:01:06.208Z,35.347,pi:0,sports ball,0.8360,1142.81,366.34,1316.82,552.31,2.214,9.079
2026-04-03T15:01:06.234Z,35.372,pi:0,sports ball,0.8661,1146.93,366.84,1317.19,552.35,2.219,9.151
2026-04-03T15:01:06.296Z,35.434,pi:0,sports ball,0.8699,1145.97,366.83,1316.83,553.03,2.211,9.130
2026-04-03T15:01:06.338Z,35.477,pi:0,sports ball,0.8699,1145.99,366.06,1317.32,553.01,2.202,9.138
2026-04-03T15:01:06.380Z,35.518,pi:0,sports ball,0.8849,1145.99,366.04,1317.19,552.34,2.210,9.136
2026-04-03T15:01:06.442Z,35.580,pi:0,sports ball,0.8774,1145.93,366.44,1317.08,553.05,2.206,9.133
2026-04-03T15:01:06.497Z,35.636,pi:0,sports ball,0.8736,1145.95,366.04,1317.77,553.71,2.194,9.145
2026-04-03T15:01:06.536Z,35.675,pi:0,sports ball,0.8586,1146.00,366.47,1317.35,553.05,2.207,9.138
2026-04-03T15:01:06.572Z,35.710,pi:0,sports ball,0.8473,1145.98,365.64,1317.54,553.07,2.197,9.141
2026-04-03T15:01:06.611Z,35.749,pi:0,sports ball,0.8699,1146.06,366.85,1317.36,553.65,2.204,9.140
2026-04-03T15:01:06.652Z,35.790,pi:0,sports ball,0.8887,1145.96,366.43,1317.51,553.67,2.199,9.140
2026-04-03T15:01:06.694Z,35.832,pi:0,sports ball,0.8661,1145.06,366.47,1317.06,553.68,2.199,9.119
2026-04-03T15:01:06.743Z,35.881,pi:0,sports ball,0.8849,1146.00,366.85,1317.11,553.67,2.204,9.135
2026-04-03T15:01:06.789Z,35.928,pi:0,sports ball,0.8661,1145.96,366.43,1317.19,553.69,2.199,9.135
2026-04-03T15:01:06.831Z,35.970,pi:0,sports ball,0.8812,1145.13,366.83,1317.04,553.01,2.211,9.120
2026-04-03T15:01:06.873Z,36.011,pi:0,sports ball,0.8661,1145.95,366.43,1317.13,553.04,2.206,9.134
2026-04-03T15:01:06.914Z,36.053,pi:0,sports ball,0.8586,1146.95,366.40,1317.10,553.00,2.206,9.150
2026-04-03T15:01:06.966Z,36.104,pi:0,sports ball,0.8774,1146.00,366.87,1317.31,553.67,2.204,9.138
2026-04-03T15:01:07.024Z,36.163,pi:0,sports ball,0.8397,1145.07,366.07,1317.54,553.71,2.194,9.127
2026-04-03T15:01:07.075Z,36.214,pi:0,sports ball,0.8849,1146.02,366.83,1317.04,553.00,2.212,9.134
2026-04-03T15:01:07.106Z,36.245,pi:0,sports ball,0.8623,1145.16,366.89,1317.18,553.01,2.212,9.122
2026-04-03T15:01:07.130Z,36.269,pi:0,sports ball,0.8736,1146.02,366.43,1317.10,553.69,2.199,9.135
2026-04-03T15:01:07.173Z,36.311,pi:0,sports ball,0.8774,1145.95,366.04,1317.28,553.04,2.202,9.137
2026-04-03T15:01:07.226Z,36.364,pi:0,sports ball,0.8548,1146.00,366.44,1316.92,553.04,2.206,9.132
2026-04-03T15:01:07.279Z,36.418,pi:0,sports ball,0.8774,1145.95,366.45,1316.98,553.73,2.198,9.132
2026-04-03T15:01:07.336Z,36.475,pi:0,sports ball,0.8623,1145.96,366.03,1317.13,553.01,2.202,9.134
2026-04-03T15:01:07.375Z,36.513,pi:0,sports ball,0.8887,1146.03,366.82,1317.57,553.01,2.211,9.143
2026-04-03T15:01:07.406Z,36.545,pi:0,sports ball,0.8586,1145.95,366.03,1316.76,553.72,2.194,9.128
2026-04-03T15:01:07.438Z,36.576,pi:0,sports ball,0.8774,1145.42,366.68,1317.35,552.25,2.219,9.129
2026-04-03T15:01:07.489Z,36.628,pi:0,sports ball,0.8849,1145.94,366.01,1317.11,553.01,2.202,9.134
2026-04-03T15:01:07.555Z,36.693,pi:0,sports ball,0.8510,1145.42,367.39,1317.36,552.96,2.219,9.129
2026-04-03T15:01:07.605Z,36.744,pi:0,sports ball,0.8623,1146.31,366.67,1317.31,552.26,2.218,9.143
2026-04-03T15:01:07.661Z,36.800,pi:0,sports ball,0.8586,1145.99,366.43,1317.39,553.68,2.199,9.139
2026-04-03T15:01:07.695Z,36.834,pi:0,sports ball,0.8435,1145.90,366.44,1317.20,553.71,2.199,9.135
2026-04-03T15:01:07.742Z,36.880,pi:0,sports ball,0.8812,1146.85,365.99,1317.07,553.67,2.194,9.148
2026-04-03T15:01:07.791Z,36.930,pi:0,sports ball,0.8473,1145.93,366.45,1317.08,553.71,2.199,9.133
2026-04-03T15:01:07.859Z,36.997,pi:0,sports ball,0.8962,1145.96,366.01,1317.17,553.67,2.194,9.135
2026-04-03T15:01:07.905Z,37.044,pi:0,sports ball,0.8360,1147.23,367.39,1317.34,552.90,2.219,9.158
2026-04-03T15:01:07.943Z,37.082,pi:0,sports ball,0.8284,1146.32,366.69,1317.35,552.25,2.219,9.144
2026-04-03T15:01:07.991Z,37.130,pi:0,sports ball,0.8736,1145.99,366.85,1316.82,552.32,2.220,9.130
2026-04-03T15:01:08.030Z,37.169,pi:0,sports ball,0.8812,1145.96,366.85,1317.07,553.68,2.204,9.133
2026-04-03T15:01:08.076Z,37.215,pi:0,sports ball,0.8849,1145.43,367.04,1317.46,551.51,2.232,9.131
2026-04-03T15:01:08.140Z,37.279,pi:0,sports ball,0.8736,1145.98,366.05,1317.18,553.03,2.202,9.135
2026-04-03T15:01:08.194Z,37.333,pi:0,sports ball,0.8774,1145.96,366.02,1317.47,553.02,2.202,9.140
2026-04-03T15:01:08.238Z,37.377,pi:0,sports ball,0.8849,1145.43,367.04,1317.54,550.77,2.241,9.132
2026-04-03T15:01:08.270Z,37.409,pi:0,sports ball,0.8849,1145.12,366.45,1317.37,553.00,2.207,9.125
2026-04-03T15:01:08.295Z,37.434,pi:0,sports ball,0.8812,1146.01,366.06,1317.04,553.68,2.194,9.134
2026-04-03T15:01:08.364Z,37.502,pi:0,sports ball,0.8812,1146.01,366.84,1317.51,553.67,2.204,9.141
2026-04-03T15:01:08.416Z,37.554,pi:0,sports ball,0.8812,1146.03,366.46,1317.52,553.01,2.207,9.142
2026-04-03T15:01:08.480Z,37.619,pi:0,sports ball,0.8623,1145.93,366.48,1317.07,553.65,2.200,9.133
2026-04-03T15:01:08.551Z,37.690,pi:0,sports ball,0.8774,1145.96,366.45,1317.12,553.01,2.207,9.134
2026-04-03T15:01:08.621Z,37.759,pi:0,sports ball,0.8736,1144.47,367.33,1318.25,550.70,2.245,9.129
2026-04-03T15:01:08.674Z,37.812,pi:0,sports ball,0.8812,1145.96,366.85,1317.56,553.65,2.204,9.141
2026-04-03T15:01:08.726Z,37.864,pi:0,sports ball,0.8887,1145.05,366.03,1317.44,553.01,2.202,9.125
2026-04-03T15:01:08.764Z,37.903,pi:0,sports ball,0.8623,1145.97,366.86,1317.26,553.04,2.211,9.137
2026-04-03T15:01:08.810Z,37.948,pi:0,sports ball,0.8397,1145.41,366.69,1317.79,552.96,2.210,9.136
2026-04-03T15:01:08.848Z,37.986,pi:0,sports ball,0.8812,1146.91,366.03,1317.13,553.68,2.194,9.149
2026-04-03T15:01:08.893Z,38.032,pi:0,sports ball,0.8774,1146.82,366.92,1316.85,553.04,2.212,9.144
2026-04-03T15:01:08.932Z,38.071,pi:0,sports ball,0.8812,1145.96,366.50,1316.96,553.01,2.207,9.132
2026-04-03T15:01:08.983Z,38.122,pi:0,sports ball,0.8623,1145.95,365.57,1317.26,553.68,2.189,9.136
2026-04-03T15:01:09.036Z,38.175,pi:0,sports ball,0.8510,1146.32,367.06,1317.74,550.77,2.241,9.150
2026-04-03T15:01:09.089Z,38.228,pi:0,sports ball,0.8586,1145.97,365.99,1317.11,553.68,2.194,9.134
2026-04-03T15:01:09.138Z,38.277,pi:0,sports ball,0.8774,1146.01,366.43,1317.56,553.01,2.207,9.142
2026-04-03T15:01:09.174Z,38.313,pi:0,sports ball,0.8812,1145.97,366.84,1317.26,553.04,2.211,9.137
2026-04-03T15:01:09.208Z,38.347,pi:0,sports ball,0.8887,1145.99,366.48,1317.19,553.01,2.207,9.136
2026-04-03T15:01:09.244Z,38.382,pi:0,sports ball,0.8812,1145.04,365.99,1317.51,553.01,2.201,9.126
2026-04-03T15:01:09.287Z,38.425,pi:0,sports ball,0.8887,1146.89,366.83,1317.32,553.02,2.211,9.152
2026-04-03T15:01:09.329Z,38.467,pi:0,sports ball,0.8887,1145.96,365.57,1316.98,553.71,2.188,9.132
2026-04-03T15:01:09.393Z,38.532,pi:0,sports ball,0.8812,1145.98,366.44,1317.18,553.01,2.207,9.135
2026-04-03T15:01:09.444Z,38.582,pi:0,sports ball,0.8812,1145.15,366.83,1317.17,553.00,2.211,9.122
2026-04-03T15:01:09.483Z,38.622,pi:0,sports ball,0.8887,1146.02,366.83,1316.99,553.69,2.203,9.133
2026-04-03T15:01:09.522Z,38.660,pi:0,sports ball,0.8887,1146.33,367.74,1317.33,552.90,2.224,9.143
2026-04-03T15:01:09.587Z,38.726,pi:0,sports ball,0.8887,1145.96,366.83,1317.25,553.02,2.211,9.136
2026-04-03T15:01:09.639Z,38.777,pi:0,sports ball,0.8284,1146.31,367.06,1317.45,552.25,2.223,9.145
2026-04-03T15:01:09.669Z,38.807,pi:0,sports ball,0.8699,1145.42,366.68,1317.45,551.53,2.227,9.131
2026-04-03T15:01:09.723Z,38.861,pi:0,sports ball,0.8849,1145.97,366.86,1317.27,553.68,2.204,9.137
2026-04-03T15:01:09.783Z,38.922,pi:0,sports ball,0.8774,1145.98,366.43,1317.19,553.66,2.199,9.136
2026-04-03T15:01:09.844Z,38.983,pi:0,sports ball,0.8849,1146.89,365.99,1317.25,553.68,2.194,9.151
2026-04-03T15:01:09.883Z,39.022,pi:0,sports ball,0.8812,1145.05,366.04,1317.08,553.69,2.194,9.119
2026-04-03T15:01:09.911Z,39.049,pi:0,sports ball,0.8887,1145.96,366.45,1317.43,553.68,2.199,9.139
2026-04-03T15:01:09.963Z,39.101,pi:0,sports ball,0.8925,1145.96,366.45,1317.07,553.70,2.199,9.133
2026-04-03T15:01:10.003Z,39.142,pi:0,sports ball,0.8887,1145.98,366.02,1317.39,553.01,2.202,9.139
2026-04-03T15:01:10.046Z,39.185,pi:0,sports ball,0.8623,1146.32,367.05,1317.68,552.27,2.223,9.149
2026-04-03T15:01:10.110Z,39.249,pi:0,sports ball,0.8849,1145.95,366.47,1317.26,553.02,2.207,9.136
2026-04-03T15:01:10.154Z,39.292,pi:0,sports ball,0.8661,1145.99,366.45,1317.57,553.03,2.207,9.142
2026-04-03T15:01:10.189Z,39.328,pi:0,sports ball,0.8774,1145.98,365.61,1317.27,553.03,2.197,9.137
2026-04-03T15:01:10.244Z,39.382,pi:0,sports ball,0.8812,1146.01,366.42,1317.05,553.68,2.199,9.134
2026-04-03T15:01:10.289Z,39.428,pi:0,sports ball,0.8812,1145.97,366.44,1317.05,553.01,2.207,9.133
2026-04-03T15:01:10.330Z,39.468,pi:0,sports ball,0.8774,1145.42,367.41,1317.89,551.52,2.236,9.138
2026-04-03T15:01:10.368Z,39.506,pi:0,sports ball,0.8510,1146.31,366.69,1317.90,552.27,2.219,9.152
2026-04-03T15:01:10.410Z,39.549,pi:0,sports ball,0.8849,1146.86,366.81,1316.97,553.02,2.211,9.146
2026-04-03T15:01:10.450Z,39.589,pi:0,sports ball,0.8736,1145.97,366.86,1317.25,554.32,2.196,9.136
2026-04-03T15:01:10.504Z,39.642,pi:0,sports ball,0.8849,1145.08,366.44,1317.05,553.65,2.199,9.119
2026-04-03T15:01:10.557Z,39.696,pi:0,sports ball,0.8623,1146.01,366.43,1317.25,553.01,2.207,9.137
2026-04-03T15:01:10.591Z,39.730,pi:0,sports ball,0.8510,1146.33,367.40,1318.08,552.90,2.220,9.155
2026-04-03T15:01:10.639Z,39.777,pi:0,sports ball,0.8962,1145.98,366.42,1317.05,553.01,2.207,9.133
2026-04-03T15:01:10.694Z,39.833,pi:0,sports ball,0.8812,1145.93,366.50,1317.05,553.01,2.207,9.133
2026-04-03T15:01:10.753Z,39.892,pi:0,sports ball,0.8849,1146.03,365.61,1317.04,553.01,2.197,9.134
2026-04-03T15:01:10.824Z,39.963,pi:0,sports ball,0.8774,1145.07,366.86,1317.10,553.00,2.212,9.120
2026-04-03T15:01:10.859Z,39.997,pi:0,sports ball,0.8849,1146.32,367.72,1317.04,553.56,2.215,9.139
2026-04-03T15:01:10.897Z,40.036,pi:0,sports ball,0.8887,1146.01,366.44,1317.51,553.01,2.207,9.141
2026-04-03T15:01:10.943Z,40.081,pi:0,sports ball,0.8849,1146.03,366.48,1317.37,553.02,2.207,9.139
2026-04-03T15:01:10.992Z,40.130,pi:0,sports ball,0.8925,1145.09,366.89,1317.12,553.04,2.212,9.120
2026-04-03T15:01:11.036Z,40.175,pi:0,sports ball,0.8812,1145.98,366.46,1316.76,553.66,2.199,9.129
2026-04-03T15:01:11.079Z,40.217,pi:0,sports ball,0.8548,1145.06,366.45,1317.19,553.03,2.207,9.121
2026-04-03T15:01:11.116Z,40.255,pi:0,sports ball,0.8812,1145.11,366.43,1317.37,553.66,2.199,9.125
2026-04-03T15:01:11.161Z,40.300,pi:0,sports ball,0.8887,1146.00,366.47,1317.12,553.01,2.207,9.135
2026-04-03T15:01:11.207Z,40.345,pi:0,sports ball,0.8774,1146.04,366.79,1317.32,553.68,2.203,9.139
2026-04-03T15:01:11.259Z,40.397,pi:0,sports ball,0.8623,1145.42,367.39,1317.23,552.94,2.219,9.127
2026-04-03T15:01:11.299Z,40.438,pi:0,sports ball,0.8774,1145.98,366.45,1317.18,553.03,2.207,9.135
2026-04-03T15:01:11.340Z,40.479,pi:0,sports ball,0.8812,1146.02,366.05,1317.39,553.01,2.202,9.139
2026-04-03T15:01:11.380Z,40.519,pi:0,sports ball,0.8774,1146.96,366.47,1317.24,553.66,2.199,9.152
2026-04-03T15:01:11.427Z,40.566,pi:0,sports ball,0.8849,1145.12,366.48,1317.51,553.02,2.207,9.127
2026-04-03T15:01:11.483Z,40.622,pi:0,sports ball,0.8812,1145.97,366.89,1317.28,553.05,2.212,9.137
2026-04-03T15:01:11.541Z,40.680,pi:0,sports ball,0.8887,1145.96,365.56,1316.84,553.01,2.197,9.130
2026-04-03T15:01:11.562Z,40.700,pi:0,sports ball,0.8661,1145.42,366.68,1317.11,552.26,2.219,9.125
2026-04-03T15:01:11.601Z,40.740,pi:0,sports ball,0.8661,1147.24,367.74,1317.13,553.57,2.215,9.155
2026-04-03T15:01:11.652Z,40.791,pi:0,sports ball,0.8774,1146.33,367.40,1317.33,552.90,2.220,9.143
2026-04-03T15:01:11.709Z,40.847,pi:0,sports ball,0.8548,1145.42,366.28,1317.06,552.96,2.205,9.125
2026-04-03T15:01:11.754Z,40.893,pi:0,sports ball,0.8774,1146.84,367.23,1316.84,552.99,2.216,9.144
2026-04-03T15:01:11.782Z,40.921,pi:0,sports ball,0.8661,1145.93,366.07,1317.20,553.04,2.202,9.135
2026-04-03T15:01:11.818Z,40.956,pi:0,sports ball,0.8887,1145.91,365.56,1317.05,553.01,2.196,9.132
2026-04-03T15:01:11.885Z,41.024,pi:0,sports ball,0.8661,1146.32,366.67,1317.45,552.95,2.210,9.145
2026-04-03T15:01:11.956Z,41.095,pi:0,sports ball,0.8623,1146.31,366.68,1317.68,551.52,2.227,9.149
2026-04-03T15:01:11.973Z,41.112,pi:0,sports ball,0.8623,1145.08,366.01,1316.85,553.68,2.194,9.116
2026-04-03T15:01:12.007Z,41.145,pi:0,sports ball,0.8586,1145.08,366.50,1316.91,552.32,2.216,9.117
2026-04-03T15:01:12.060Z,41.198,pi:0,sports ball,0.8887,1146.00,366.41,1317.26,553.01,2.206,9.137
2026-04-03T15:01:12.102Z,41.240,pi:0,sports ball,0.8812,1146.01,366.85,1317.53,553.03,2.211,9.141
2026-04-03T15:01:12.143Z,41.282,pi:0,sports ball,0.8736,1146.32,367.05,1317.09,553.56,2.207,9.139
2026-04-03T15:01:12.185Z,41.323,pi:0,sports ball,0.8849,1145.99,366.01,1316.90,553.70,2.194,9.131
2026-04-03T15:01:12.229Z,41.368,pi:0,sports ball,0.8661,1145.07,366.88,1317.19,552.33,2.220,9.121
2026-04-03T15:01:12.292Z,41.430,pi:0,sports ball,0.8586,1146.92,366.48,1317.06,553.66,2.200,9.148
2026-04-03T15:01:12.346Z,41.484,pi:0,sports ball,0.8774,1145.96,366.47,1317.33,553.68,2.199,9.138
2026-04-03T15:01:12.379Z,41.517,pi:0,sports ball,0.8812,1146.90,366.45,1317.25,553.68,2.199,9.151
2026-04-03T15:01:12.407Z,41.545,pi:0,sports ball,0.8812,1145.99,366.02,1317.05,553.01,2.202,9.134
2026-04-03T15:01:12.453Z,41.592,pi:0,sports ball,0.8849,1145.96,366.47,1317.54,553.68,2.199,9.141
2026-04-03T15:01:12.502Z,41.641,pi:0,sports ball,0.8887,1145.91,366.45,1317.38,553.04,2.207,9.138
2026-04-03T15:01:12.544Z,41.683,pi:0,sports ball,0.8736,1145.04,366.47,1317.07,552.32,2.215,9.119
2026-04-03T15:01:12.612Z,41.750,pi:0,sports ball,0.8849,1145.94,366.86,1316.83,553.69,2.204,9.129
2026-04-03T15:01:12.657Z,41.795,pi:0,sports ball,0.8812,1146.00,366.01,1316.98,553.02,2.202,9.132
2026-04-03T15:01:12.688Z,41.827,pi:0,sports ball,0.8699,1145.94,366.03,1317.06,553.01,2.202,9.133
2026-04-03T15:01:12.751Z,41.890,pi:0,sports ball,0.8774,1147.24,367.40,1317.09,552.90,2.220,9.154
2026-04-03T15:01:12.816Z,41.954,pi:0,sports ball,0.8887,1145.08,366.44,1317.11,553.01,2.207,9.120
2026-04-03T15:01:12.869Z,42.008,pi:0,sports ball,0.8812,1145.12,365.57,1317.25,553.69,2.189,9.123
2026-04-03T15:01:12.897Z,42.035,pi:0,sports ball,0.8548,1145.33,366.38,1317.90,552.35,2.214,9.137
2026-04-03T15:01:12.945Z,42.084,pi:0,sports ball,0.8510,1146.31,366.29,1317.45,552.25,2.214,9.145
2026-04-03T15:01:13.000Z,42.138,pi:0,sports ball,0.8548,1145.42,366.28,1317.68,552.25,2.214,9.135
2026-04-03T15:01:13.042Z,42.180,pi:0,sports ball,0.8849,1146.03,366.01,1317.25,553.69,2.194,9.137
2026-04-03T15:01:13.100Z,42.239,pi:0,sports ball,0.8586,1145.91,366.89,1317.21,553.02,2.212,9.135
2026-04-03T15:01:13.147Z,42.285,pi:0,sports ball,0.8586,1145.98,366.42,1317.59,553.68,2.199,9.142
2026-04-03T15:01:13.191Z,42.330,pi:0,sports ball,0.8849,1145.15,366.01,1317.18,553.01,2.202,9.122
2026-04-03T15:01:13.233Z,42.371,pi:0,sports ball,0.8699,1145.98,366.47,1316.91,553.03,2.207,9.131
2026-04-03T15:01:13.280Z,42.419,pi:0,sports ball,0.8623,1146.86,366.45,1316.76,553.67,2.199,9.143
2026-04-03T15:01:13.324Z,42.462,pi:0,sports ball,0.8774,1145.99,366.44,1317.19,553.01,2.207,9.136
2026-04-03T15:01:13.382Z,42.521,pi:0,sports ball,0.8812,1145.42,367.04,1317.68,552.26,2.223,9.135
2026-04-03T15:01:13.446Z,42.584,pi:0,sports ball,0.8774,1146.02,366.86,1317.06,553.68,2.204,9.134
2026-04-03T15:01:13.473Z,42.611,pi:0,sports ball,0.8209,1146.31,366.67,1317.50,552.96,2.210,9.146
2026-04-03T15:01:13.505Z,42.643,pi:0,sports ball,0.8774,1146.03,366.49,1316.83,553.01,2.207,9.131
2026-04-03T15:01:13.542Z,42.680,pi:0,sports ball,0.8736,1145.99,366.02,1317.19,552.34,2.210,9.136
2026-04-03T15:01:13.585Z,42.724,pi:0,sports ball,0.8661,1146.31,366.66,1317.59,552.28,2.218,9.147
2026-04-03T15:01:13.629Z,42.768,pi:0,sports ball,0.8623,1145.99,366.06,1317.06,553.02,2.202,9.134
2026-04-03T15:01:13.684Z,42.822,pi:0,sports ball,0.8322,1145.42,367.04,1317.45,552.26,2.223,9.131
2026-04-03T15:01:13.735Z,42.874,pi:0,sports ball,0.8736,1145.08,366.91,1316.92,553.68,2.204,9.117
2026-04-03T15:01:13.773Z,42.912,pi:0,sports ball,0.8849,1145.96,366.45,1316.83,553.67,2.199,9.130
2026-04-03T15:01:13.831Z,42.970,pi:0,sports ball,0.8812,1145.99,366.84,1317.11,552.31,2.220,9.135
2026-04-03T15:01:13.876Z,43.015,pi:0,sports ball,0.8774,1145.95,366.03,1317.21,553.70,2.194,9.136
2026-04-03T15:01:13.936Z,43.075,pi:0,sports ball,0.8812,1145.02,366.46,1316.91,553.04,2.207,9.116
2026-04-03T15:01:13.977Z,43.116,pi:0,sports ball,0.8849,1146.33,367.72,1317.09,554.21,2.208,9.140
2026-04-03T15:01:14.039Z,43.177,pi:0,sports ball,0.8774,1145.95,366.44,1317.35,553.04,2.206,9.138
2026-04-03T15:01:14.084Z,43.222,pi:0,sports ball,0.8736,1146.33,367.41,1317.78,552.90,2.220,9.151
2026-04-03T15:01:14.123Z,43.262,pi:0,sports ball,0.8699,1146.32,367.40,1317.09,554.20,2.204,9.139
2026-04-03T15:01:14.164Z,43.303,pi:0,sports ball,0.8887,1145.96,366.01,1317.32,553.01,2.202,9.137
2026-04-03T15:01:14.210Z,43.348,pi:0,sports ball,0.8849,1145.99,366.42,1316.97,553.04,2.206,9.132
2026-04-03T15:01:14.262Z,43.401,pi:0,sports ball,0.8510,1145.95,366.86,1317.53,553.66,2.204,9.141
2026-04-03T15:01:14.305Z,43.444,pi:0,sports ball,0.8586,1145.98,366.04,1317.19,553.71,2.194,9.136
2026-04-03T15:01:14.339Z,43.477,pi:0,sports ball,0.8925,1145.96,366.43,1317.12,553.00,2.207,9.134
2026-04-03T15:01:14.425Z,43.563,pi:0,sports ball,0.8887,1145.97,366.83,1317.05,553.00,2.211,9.133
2026-04-03T15:01:14.482Z,43.620,pi:0,sports ball,0.8736,1145.94,366.50,1316.83,553.05,2.207,9.129
2026-04-03T15:01:14.509Z,43.647,pi:0,sports ball,0.8736,1145.97,366.02,1317.20,553.70,2.194,9.136
2026-04-03T15:01:14.530Z,43.669,pi:0,sports ball,0.8812,1145.97,366.03,1317.12,553.04,2.202,9.134
2026-04-03T15:01:14.562Z,43.701,pi:0,sports ball,0.8736,1145.94,366.46,1316.78,553.69,2.199,9.129
2026-04-03T15:01:14.602Z,43.740,pi:0,sports ball,0.8736,1145.89,366.06,1317.40,553.04,2.202,9.138
2026-04-03T15:01:14.648Z,43.787,pi:0,sports ball,0.8774,1145.10,366.89,1316.89,553.67,2.204,9.117
2026-04-03T15:01:14.695Z,43.833,pi:0,sports ball,0.8849,1146.89,366.03,1316.90,553.68,2.194,9.146
2026-04-03T15:01:14.746Z,43.884,pi:0,sports ball,0.8812,1145.98,366.85,1316.76,553.01,2.212,9.129
2026-04-03T15:01:14.779Z,43.918,pi:0,sports ball,0.8812,1147.24,367.73,1317.09,553.56,2.216,9.154
2026-04-03T15:01:14.821Z,43.959,pi:0,sports ball,0.8661,1145.95,366.46,1317.06,553.71,2.199,9.133
2026-04-03T15:01:14.876Z,44.015,pi:0,sports ball,0.8887,1145.06,366.01,1317.18,553.02,2.202,9.121
2026-04-03T15:01:14.913Z,44.051,pi:0,sports ball,0.8473,1146.87,366.86,1317.38,553.01,2.212,9.153
2026-04-03T15:01:14.956Z,44.095,pi:0,sports ball,0.8699,1145.35,366.81,1317.73,553.04,2.211,9.134
2026-04-03T15:01:14.999Z,44.137,pi:0,sports ball,0.8661,1145.95,366.45,1317.39,553.02,2.207,9.138
2026-04-03T15:01:15.056Z,44.194,pi:0,sports ball,0.8661,1146.32,366.28,1317.31,551.53,2.223,9.143
2026-04-03T15:01:15.094Z,44.232,pi:0,sports ball,0.8736,1145.96,366.07,1317.20,553.70,2.194,9.135
2026-04-03T15:01:15.141Z,44.279,pi:0,sports ball,0.8548,1145.96,366.84,1317.53,553.03,2.211,9.141
2026-04-03T15:01:15.199Z,44.337,pi:0,sports ball,0.8887,1145.96,366.47,1317.39,553.02,2.207,9.138
2026-04-03T15:01:15.253Z,44.392,pi:0,sports ball,0.8812,1146.00,366.83,1317.12,553.68,2.203,9.135
2026-04-03T15:01:15.290Z,44.429,pi:0,sports ball,0.8887,1145.99,366.86,1317.05,552.99,2.212,9.134
2026-04-03T15:01:15.326Z,44.464,pi:0,sports ball,0.8623,1145.90,366.07,1317.48,553.05,2.202,9.139
2026-04-03T15:01:15.360Z,44.499,pi:0,sports ball,0.8962,1145.96,366.03,1317.26,553.68,2.194,9.136
2026-04-03T15:01:15.396Z,44.534,pi:0,sports ball,0.8887,1145.05,366.50,1317.28,553.04,2.207,9.122
2026-04-03T15:01:15.442Z,44.580,pi:0,sports ball,0.8887,1146.00,366.46,1317.18,553.00,2.207,9.136
2026-04-03T15:01:15.491Z,44.630,pi:0,sports ball,0.8849,1146.87,366.43,1317.06,553.70,2.199,9.148
2026-04-03T15:01:15.541Z,44.679,pi:0,sports ball,0.8774,1145.36,366.62,1317.78,550.72,2.236,9.135
2026-04-03T15:01:15.575Z,44.714,pi:0,sports ball,0.8774,1147.24,367.40,1317.09,552.90,2.219,9.154
2026-04-03T15:01:15.617Z,44.756,pi:0,sports ball,0.8548,1145.10,366.51,1317.19,553.02,2.208,9.122
2026-04-03T15:01:15.660Z,44.799,pi:0,sports ball,0.8925,1146.04,366.42,1316.81,552.31,2.215,9.131
2026-04-03T15:01:15.724Z,44.863,pi:0,sports ball,0.8548,1145.06,366.05,1317.61,553.05,2.202,9.128
2026-04-03T15:01:15.759Z,44.898,pi:0,sports ball,0.8548,1145.99,366.04,1317.26,553.04,2.202,9.137
2026-04-03T15:01:15.785Z,44.924,pi:0,sports ball,0.8661,1145.98,366.04,1317.26,553.02,2.202,9.137
2026-04-03T15:01:15.828Z,44.967,pi:0,sports ball,0.8887,1145.99,366.01,1317.51,553.68,2.194,9.141
2026-04-03T15:01:15.875Z,45.013,pi:0,sports ball,0.8661,1145.94,366.45,1317.45,553.67,2.199,9.139
2026-04-03T15:01:15.941Z,45.080,pi:0,sports ball,0.8473,1145.08,366.01,1317.35,553.06,2.201,9.124
2026-04-03T15:01:15.989Z,45.128,pi:0,sports ball,0.8661,1145.42,367.05,1317.80,551.54,2.232,9.137
2026-04-03T15:01:16.030Z,45.168,pi:0,sports ball,0.8736,1142.83,366.71,1316.46,552.29,2.218,9.074
2026-04-03T15:01:16.069Z,45.208,pi:0,sports ball,0.8925,1145.09,366.84,1317.05,553.67,2.204,9.119
2026-04-03T15:01:16.115Z,45.254,pi:0,sports ball,0.8736,1144.48,366.98,1318.06,550.72,2.241,9.126
2026-04-03T15:01:16.150Z,45.288,pi:0,sports ball,0.8510,1146.31,366.67,1317.40,552.27,2.218,9.144
2026-04-03T15:01:16.189Z,45.328,pi:0,sports ball,0.8925,1145.97,366.44,1317.06,553.03,2.207,9.133
2026-04-03T15:01:16.241Z,45.379,pi:0,sports ball,0.8623,1145.09,366.42,1317.19,553.01,2.207,9.121
2026-04-03T15:01:16.292Z,45.430,pi:0,sports ball,0.8510,1145.05,366.87,1317.20,552.34,2.220,9.121
2026-04-03T15:01:16.360Z,45.498,pi:0,sports ball,0.8849,1147.24,367.72,1317.52,552.91,2.223,9.161
2026-04-03T15:01:16.408Z,45.547,pi:0,sports ball,0.8586,1145.95,366.04,1317.08,553.66,2.194,9.133
2026-04-03T15:01:16.455Z,45.593,pi:0,sports ball,0.8774,1145.96,366.45,1317.12,553.68,2.199,9.134
2026-04-03T15:01:16.495Z,45.633,pi:0,sports ball,0.8849,1145.99,366.44,1317.32,553.01,2.207,9.138
2026-04-03T15:01:16.561Z,45.699,pi:0,sports ball,0.8623,1146.00,366.05,1317.19,553.05,2.202,9.136
2026-04-03T15:01:16.604Z,45.743,pi:0,sports ball,0.8849,1146.01,366.91,1316.83,553.00,2.213,9.130
2026-04-03T15:01:16.656Z,45.794,pi:0,sports ball,0.8812,1145.07,366.86,1317.17,553.02,2.212,9.121
2026-04-03T15:01:16.697Z,45.835,pi:0,sports ball,0.8962,1146.00,366.46,1317.05,553.67,2.199,9.134
2026-04-03T15:01:16.772Z,45.911,pi:0,sports ball,0.8812,1146.33,367.72,1317.25,553.56,2.215,9.142
2026-04-03T15:01:16.809Z,45.948,pi:0,sports ball,0.8586,1145.95,366.54,1317.34,553.04,2.208,9.138
2026-04-03T15:01:16.860Z,46.001,pi:0,sports ball,0.8774,1145.98,366.01,1317.39,553.03,2.201,9.139
2026-04-03T15:01:16.935Z,46.074,pi:0,sports ball,0.8812,1145.96,366.01,1317.12,553.02,2.202,9.134
2026-04-03T15:01:16.982Z,46.121,pi:0,sports ball,0.8473,1146.32,367.72,1317.09,553.57,2.215,9.139
2026-04-03T15:01:17.016Z,46.154,pi:0,sports ball,0.8473,1145.42,366.69,1317.40,552.26,2.219,9.130
2026-04-03T15:01:17.077Z,46.215,pi:0,sports ball,0.8849,1146.90,366.87,1316.99,552.32,2.220,9.147
2026-04-03T15:01:17.112Z,46.251,pi:0,sports ball,0.8548,1145.42,366.67,1317.59,552.26,2.218,9.133
2026-04-03T15:01:17.155Z,46.294,pi:0,sports ball,0.8849,1145.97,366.84,1316.90,553.02,2.211,9.131
2026-04-03T15:01:17.213Z,46.352,pi:0,sports ball,0.8510,1146.31,367.05,1317.40,550.77,2.241,9.144
2026-04-03T15:01:17.289Z,46.428,pi:0,sports ball,0.8661,1145.94,366.06,1317.19,553.68,2.194,9.135
2026-04-03T15:01:17.322Z,46.460,pi:0,sports ball,0.8812,1145.95,366.04,1317.06,553.04,2.202,9.133
2026-04-03T15:01:17.359Z,46.498,pi:0,sports ball,0.8510,1145.91,366.47,1316.87,552.34,2.215,9.129
2026-04-03T15:01:17.400Z,46.538,pi:0,sports ball,0.8774,1145.36,366.99,1317.55,549.94,2.250,9.131
2026-04-03T15:01:17.456Z,46.595,pi:0,sports ball,0.8774,1145.12,366.49,1317.06,553.00,2.207,9.120
2026-04-03T15:01:17.499Z,46.637,pi:0,sports ball,0.8812,1145.12,366.05,1317.19,553.01,2.202,9.122
2026-04-03T15:01:17.555Z,46.693,pi:0,sports ball,0.8812,1145.37,367.33,1318.13,549.13,2.265,9.141
2026-04-03T15:01:17.596Z,46.735,pi:0,sports ball,0.8774,1145.36,366.99,1318.40,549.93,2.251,9.145
2026-04-03T15:01:17.640Z,46.779,pi:0,sports ball,0.8510,1145.38,367.33,1318.12,549.92,2.255,9.141
2026-04-03T15:01:17.684Z,46.823,pi:0,sports ball,0.8510,1145.33,366.41,1317.79,553.03,2.206,9.135
2026-04-03T15:01:17.728Z,46.866,pi:0,sports ball,0.8586,1146.32,367.06,1317.48,552.90,2.215,9.146
2026-04-03T15:01:17.773Z,46.912,pi:0,sports ball,0.8812,1145.93,366.88,1317.19,553.67,2.204,9.135
2026-04-03T15:01:17.822Z,46.960,pi:0,sports ball,0.8812,1145.11,366.88,1316.85,553.04,2.212,9.116
2026-04-03T15:01:17.867Z,47.006,pi:0,sports ball,0.8849,1145.99,366.04,1317.39,553.01,2.202,9.139
2026-04-03T15:01:17.908Z,47.047,pi:0,sports ball,0.8661,1145.00,366.10,1317.55,553.05,2.202,9.126
2026-04-03T15:01:17.946Z,47.084,pi:0,sports ball,0.8736,1145.37,367.33,1318.20,550.70,2.245,9.142
2026-04-03T15:01:17.996Z,47.134,pi:0,sports ball,0.8849,1145.11,366.47,1317.26,553.00,2.207,9.123
2026-04-03T15:01:18.038Z,47.176,pi:0,sports ball,0.8586,1146.32,368.03,1318.05,552.90,2.227,9.155
2026-04-03T15:01:18.077Z,47.216,pi:0,sports ball,0.8962,1145.13,366.03,1317.06,553.04,2.202,9.120
2026-04-03T15:01:18.123Z,47.261,pi:0,sports ball,0.8774,1146.33,367.38,1317.54,551.52,2.236,9.147
2026-04-03T15:01:18.172Z,47.310,pi:0,sports ball,0.8661,1144.50,366.99,1318.06,549.94,2.250,9.126
2026-04-03T15:01:18.212Z,47.351,pi:0,sports ball,0.8774,1147.24,367.73,1317.25,552.90,2.223,9.157
2026-04-03T15:01:18.259Z,47.398,pi:0,sports ball,0.8849,1145.99,366.86,1317.06,553.04,2.211,9.134
2026-04-03T15:01:18.299Z,47.438,pi:0,sports ball,0.8849,1146.90,365.59,1317.26,553.02,2.197,9.151
2026-04-03T15:01:18.347Z,47.486,pi:0,sports ball,0.8849,1145.98,365.61,1317.27,553.01,2.197,9.137
2026-04-03T15:01:18.400Z,47.538,pi:0,sports ball,0.8774,1147.24,368.03,1317.33,553.57,2.219,9.158
2026-04-03T15:01:18.440Z,47.578,pi:0,sports ball,0.8887,1146.01,366.04,1317.52,553.68,2.194,9.141
2026-04-03T15:01:18.470Z,47.609,pi:0,sports ball,0.8774,1145.09,367.30,1317.06,553.01,2.217,9.119
2026-04-03T15:01:18.534Z,47.673,pi:0,sports ball,0.8812,1145.98,366.43,1317.26,553.68,2.199,9.137
2026-04-03T15:01:18.570Z,47.709,pi:0,sports ball,0.8812,1146.01,366.04,1317.05,553.01,2.202,9.134
2026-04-03T15:01:18.611Z,47.750,pi:0,sports ball,0.8887,1145.97,366.46,1317.64,553.01,2.207,9.143
2026-04-03T15:01:18.647Z,47.785,pi:0,sports ball,0.8699,1145.12,366.48,1317.15,553.02,2.207,9.121
2026-04-03T15:01:18.699Z,47.837,pi:0,sports ball,0.8623,1145.42,366.68,1317.63,552.96,2.210,9.134
2026-04-03T15:01:18.734Z,47.872,pi:0,sports ball,0.8699,1145.43,367.39,1317.63,551.52,2.236,9.134
2026-04-03T15:01:18.779Z,47.917,pi:0,sports ball,0.8962,1145.99,366.84,1317.39,552.32,2.220,9.139
2026-04-03T15:01:18.848Z,47.987,pi:0,sports ball,0.8849,1145.43,367.39,1317.27,551.51,2.236,9.128
2026-04-03T15:01:18.889Z,48.028,pi:0,sports ball,0.8774,1145.07,366.03,1316.84,553.00,2.202,9.116
2026-04-03T15:01:18.931Z,48.070,pi:0,sports ball,0.8623,1147.24,367.73,1317.29,553.56,2.216,9.157
2026-04-03T15:01:18.978Z,48.117,pi:0,sports ball,0.8887,1145.99,366.47,1317.06,553.01,2.207,9.134
2026-04-03T15:01:19.032Z,48.170,pi:0,sports ball,0.8586,1145.99,366.90,1317.39,553.03,2.212,9.139
2026-04-03T15:01:19.082Z,48.220,pi:0,sports ball,0.8812,1145.97,366.09,1317.06,553.02,2.203,9.133
2026-04-03T15:01:19.137Z,48.275,pi:0,sports ball,0.8774,1145.06,366.01,1316.96,553.68,2.194,9.117
2026-04-03T15:01:19.182Z,48.320,pi:0,sports ball,0.8548,1144.47,366.84,1318.14,553.03,2.211,9.127
2026-04-03T15:01:19.215Z,48.353,pi:0,sports ball,0.8774,1145.37,366.98,1318.06,549.95,2.250,9.140
2026-04-03T15:01:19.244Z,48.383,pi:0,sports ball,0.8849,1146.00,366.45,1316.94,553.01,2.207,9.132
2026-04-03T15:01:19.286Z,48.424,pi:0,sports ball,0.8510,1146.32,367.05,1317.90,551.53,2.232,9.152
2026-04-03T15:01:19.343Z,48.482,pi:0,sports ball,0.8623,1146.03,367.23,1317.18,553.02,2.216,9.136
2026-04-03T15:01:19.397Z,48.536,pi:0,sports ball,0.8849,1146.84,366.03,1316.90,553.00,2.202,9.145
2026-04-03T15:01:19.446Z,48.585,pi:0,sports ball,0.8623,1145.07,366.44,1317.26,553.68,2.199,9.122
2026-04-03T15:01:19.491Z,48.630,pi:0,sports ball,0.8661,1145.98,366.03,1316.91,552.33,2.210,9.131
2026-04-03T15:01:19.549Z,48.687,pi:0,sports ball,0.8736,1145.43,367.40,1317.27,550.78,2.245,9.128
2026-04-03T15:01:19.602Z,48.740,pi:0,sports ball,0.8774,1146.00,366.48,1317.44,553.68,2.199,9.140
2026-04-03T15:01:19.639Z,48.778,pi:0,sports ball,0.8887,1146.03,366.45,1317.05,553.66,2.199,9.134
2026-04-03T15:01:19.692Z,48.831,pi:0,sports ball,0.8812,1144.49,366.99,1318.33,550.73,2.241,9.130
2026-04-03T15:01:19.735Z,48.874,pi:0,sports ball,0.8736,1145.08,366.07,1317.08,553.02,2.202,9.119
2026-04-03T15:01:19.781Z,48.919,pi:0,sports ball,0.8548,1145.36,367.33,1318.13,549.94,2.255,9.141
2026-04-03T15:01:19.839Z,48.978,pi:0,sports ball,0.8774,1146.32,366.67,1317.80,550.79,2.236,9.151
2026-04-03T15:01:19.896Z,49.034,pi:0,sports ball,0.8736,1145.42,366.67,1317.31,551.53,2.227,9.129
2026-04-03T15:01:19.935Z,49.074,pi:0,sports ball,0.8774,1146.33,367.73,1317.29,552.89,2.224,9.143
2026-04-03T15:01:19.980Z,49.118,pi:0,sports ball,0.8849,1146.02,366.86,1316.89,553.68,2.204,9.131
2026-04-03T15:01:20.024Z,49.162,pi:0,sports ball,0.8887,1145.13,366.83,1317.17,553.01,2.211,9.122
2026-04-03T15:01:20.061Z,49.200,pi:0,sports ball,0.8774,1147.24,367.40,1317.04,552.89,2.220,9.153
2026-04-03T15:01:20.106Z,49.244,pi:0,sports ball,0.8473,1146.32,367.41,1317.18,552.91,2.219,9.141
2026-04-03T15:01:20.154Z,49.293,pi:0,sports ball,0.8887,1145.97,366.03,1317.38,553.02,2.202,9.139
2026-04-03T15:01:20.203Z,49.341,pi:0,sports ball,0.8548,1146.33,367.40,1317.09,552.91,2.219,9.139
2026-04-03T15:01:20.236Z,49.375,pi:0,sports ball,0.8774,1145.12,366.48,1317.19,553.01,2.207,9.122
2026-04-03T15:01:20.284Z,49.423,pi:0,sports ball,0.8849,1146.00,366.02,1317.38,553.00,2.202,9.139
2026-04-03T15:01:20.325Z,49.464,pi:0,sports ball,0.8812,1145.99,366.46,1317.40,553.01,2.207,9.139
2026-04-03T15:01:20.367Z,49.506,pi:0,sports ball,0.8812,1146.31,367.39,1317.31,552.26,2.227,9.143
2026-04-03T15:01:20.417Z,49.555,pi:0,sports ball,0.8812,1145.99,367.21,1317.51,553.66,2.208,9.141
2026-04-03T15:01:20.458Z,49.596,pi:0,sports ball,0.8774,1146.31,367.39,1317.45,552.26,2.227,9.145
2026-04-03T15:01:20.504Z,49.643,pi:0,sports ball,0.8849,1145.06,366.00,1317.12,553.04,2.201,9.120
2026-04-03T15:01:20.541Z,49.679,pi:0,sports ball,0.8623,1145.43,366.68,1317.40,551.52,2.227,9.130
2026-04-03T15:01:20.585Z,49.724,pi:0,sports ball,0.8774,1147.24,367.39,1317.29,553.56,2.212,9.157
2026-04-03T15:01:20.633Z,49.771,pi:0,sports ball,0.8962,1146.94,366.41,1317.11,552.99,2.207,9.150
2026-04-03T15:01:20.679Z,49.818,pi:0,sports ball,0.8774,1147.23,367.40,1317.33,553.56,2.212,9.158
2026-04-03T15:01:20.726Z,49.864,pi:0,sports ball,0.8774,1145.98,366.51,1317.11,553.02,2.208,9.134
2026-04-03T15:01:20.768Z,49.906,pi:0,sports ball,0.8962,1146.02,366.85,1317.26,552.32,2.220,9.137
2026-04-03T15:01:20.817Z,49.955,pi:0,sports ball,0.8774,1144.49,367.33,1318.20,551.47,2.236,9.128
2026-04-03T15:01:20.869Z,50.008,pi:0,sports ball,0.8812,1144.50,367.33,1317.91,549.94,2.255,9.123
2026-04-03T15:01:20.924Z,50.063,pi:0,sports ball,0.8699,1145.06,366.91,1317.42,553.69,2.204,9.125
2026-04-03T15:01:20.949Z,50.088,pi:0,sports ball,0.8812,1145.43,367.39,1317.10,551.53,2.236,9.125
2026-04-03T15:01:20.990Z,50.129,pi:0,sports ball,0.8586,1146.01,366.05,1317.11,553.01,2.202,9.135
2026-04-03T15:01:21.032Z,50.170,pi:0,sports ball,0.8849,1145.07,366.44,1317.03,553.01,2.207,9.119
2026-04-03T15:01:21.075Z,50.213,pi:0,sports ball,0.8586,1145.42,366.67,1317.69,552.26,2.218,9.135
2026-04-03T15:01:21.115Z,50.254,pi:0,sports ball,0.8849,1145.99,366.04,1317.05,552.32,2.210,9.134
2026-04-03T15:01:21.159Z,50.297,pi:0,sports ball,0.8849,1145.09,366.03,1317.06,553.68,2.194,9.119
2026-04-03T15:01:21.203Z,50.342,pi:0,sports ball,0.8887,1146.02,366.41,1317.05,553.00,2.207,9.134
2026-04-03T15:01:21.253Z,50.392,pi:0,sports ball,0.8774,1146.01,366.43,1317.04,553.67,2.199,9.134
2026-04-03T15:01:21.296Z,50.434,pi:0,sports ball,0.8774,1145.12,366.05,1317.38,553.01,2.202,9.125
2026-04-03T15:01:21.347Z,50.485,pi:0,sports ball,0.8812,1145.11,366.84,1316.83,553.02,2.211,9.116
2026-04-03T15:01:21.376Z,50.514,pi:0,sports ball,0.8849,1145.98,366.85,1317.05,553.01,2.212,9.133
2026-04-03T15:01:21.424Z,50.563,pi:0,sports ball,0.8774,1145.12,366.07,1317.05,553.01,2.203,9.120
2026-04-03T15:01:21.464Z,50.603,pi:0,sports ball,0.8812,1145.11,365.59,1317.13,553.02,2.197,9.121
2026-04-03T15:01:21.506Z,50.644,pi:0,sports ball,0.8736,1146.01,366.43,1317.12,553.02,2.207,9.135
2026-04-03T15:01:21.575Z,50.713,pi:0,sports ball,0.8887,1147.24,367.40,1317.09,552.89,2.220,9.154
2026-04-03T15:01:21.633Z,50.772,pi:0,sports ball,0.8661,1146.00,366.87,1317.10,553.69,2.204,9.135
2026-04-03T15:01:21.654Z,50.793,pi:0,sports ball,0.8849,1145.95,366.05,1317.20,553.04,2.202,9.135
2026-04-03T15:01:21.687Z,50.825,pi:0,sports ball,0.8548,1145.93,366.45,1317.05,553.01,2.207,9.133
2026-04-03T15:01:21.729Z,50.867,pi:0,sports ball,0.8812,1145.12,366.43,1317.06,553.03,2.206,9.120
2026-04-03T15:01:21.800Z,50.939,pi:0,sports ball,0.8774,1145.13,366.85,1317.04,553.02,2.211,9.120
2026-04-03T15:01:21.831Z,50.970,pi:0,sports ball,0.8661,1145.08,365.58,1317.26,553.02,2.197,9.122
2026-04-03T15:01:21.856Z,50.994,pi:0,sports ball,0.8812,1142.83,367.79,1316.70,552.28,2.232,9.078
2026-04-03T15:01:21.903Z,51.041,pi:0,sports ball,0.8699,1145.95,366.49,1316.84,553.68,2.199,9.130
2026-04-03T15:01:21.965Z,51.103,pi:0,sports ball,0.8774,1145.11,366.01,1316.70,553.03,2.201,9.114
2026-04-03T15:01:22.031Z,51.169,pi:0,sports ball,0.8736,1145.43,367.39,1317.54,552.96,2.219,9.132
2026-04-03T15:01:22.052Z,51.190,pi:0,sports ball,0.8849,1145.97,365.61,1317.04,553.66,2.189,9.133
2026-04-03T15:01:22.076Z,51.215,pi:0,sports ball,0.8812,1145.96,366.47,1317.24,553.68,2.199,9.136
2026-04-03T15:01:22.123Z,51.261,pi:0,sports ball,0.8586,1145.07,366.48,1316.92,553.71,2.199,9.117
2026-04-03T15:01:22.165Z,51.304,pi:0,sports ball,0.8812,1145.91,366.84,1317.19,553.02,2.211,9.134
2026-04-03T15:01:22.208Z,51.347,pi:0,sports ball,0.8736,1145.89,366.01,1317.40,553.05,2.201,9.138
2026-04-03T15:01:22.251Z,51.389,pi:0,sports ball,0.8661,1145.04,366.47,1317.11,553.02,2.207,9.119
2026-04-03T15:01:22.301Z,51.439,pi:0,sports ball,0.8774,1145.97,366.88,1317.19,553.03,2.212,9.135
2026-04-03T15:01:22.368Z,51.506,pi:0,sports ball,0.8510,1145.91,366.49,1317.07,553.67,2.200,9.133
2026-04-03T15:01:22.412Z,51.551,pi:0,sports ball,0.8812,1145.08,366.83,1317.52,553.02,2.211,9.126
2026-04-03T15:01:22.460Z,51.599,pi:0,sports ball,0.8661,1145.91,366.01,1317.06,553.70,2.194,9.132
2026-04-03T15:01:22.481Z,51.620,pi:0,sports ball,0.8623,1145.95,365.99,1317.25,553.02,2.201,9.136
2026-04-03T15:01:22.531Z,51.670,pi:0,sports ball,0.8661,1145.36,366.99,1318.06,549.94,2.250,9.139
2026-04-03T15:01:22.579Z,51.717,pi:0,sports ball,0.8812,1145.97,366.84,1316.89,553.68,2.204,9.131
2026-04-03T15:01:22.631Z,51.769,pi:0,sports ball,0.8623,1146.83,366.44,1317.50,553.68,2.199,9.154
2026-04-03T15:01:22.658Z,51.797,pi:0,sports ball,0.8812,1146.02,366.47,1316.70,553.69,2.199,9.129
2026-04-03T15:01:22.693Z,51.832,pi:0,sports ball,0.8812,1146.04,366.84,1317.04,553.01,2.211,9.134
2026-04-03T15:01:22.735Z,51.874,pi:0,sports ball,0.8510,1147.24,367.39,1317.74,552.90,2.219,9.164
2026-04-03T15:01:22.776Z,51.915,pi:0,sports ball,0.8623,1145.98,366.01,1316.73,553.71,2.193,9.128
2026-04-03T15:01:22.830Z,51.969,pi:0,sports ball,0.8812,1146.01,366.43,1316.83,553.01,2.207,9.130
2026-04-03T15:01:22.876Z,52.014,pi:0,sports ball,0.8623,1145.98,366.03,1316.98,553.04,2.202,9.132
2026-04-03T15:01:22.912Z,52.050,pi:0,sports ball,0.8812,1145.99,366.43,1316.91,553.66,2.199,9.131
2026-04-03T15:01:22.976Z,52.115,pi:0,sports ball,0.8623,1146.32,367.73,1317.33,553.56,2.216,9.143
2026-04-03T15:01:23.030Z,52.168,pi:0,sports ball,0.8661,1145.97,367.23,1317.18,553.68,2.208,9.135
2026-04-03T15:01:23.053Z,52.191,pi:0,sports ball,0.8812,1145.13,366.42,1316.89,552.99,2.207,9.117
2026-04-03T15:01:23.090Z,52.229,pi:0,sports ball,0.8812,1145.07,366.45,1317.06,552.32,2.215,9.119
2026-04-03T15:01:23.146Z,52.284,pi:0,sports ball,0.8812,1145.98,366.46,1317.37,553.01,2.207,9.139
2026-04-03T15:01:23.182Z,52.321,pi:0,sports ball,0.8774,1145.96,366.48,1317.38,553.68,2.199,9.138
2026-04-03T15:01:23.225Z,52.364,pi:0,sports ball,0.8925,1145.97,366.80,1317.50,553.67,2.203,9.140
2026-04-03T15:01:23.270Z,52.408,pi:0,sports ball,0.8774,1146.32,367.73,1317.38,552.91,2.223,9.144
2026-04-03T15:01:23.312Z,52.450,pi:0,sports ball,0.8887,1145.93,366.05,1317.38,553.68,2.194,9.138
2026-04-03T15:01:23.379Z,52.517,pi:0,sports ball,0.8925,1145.97,366.45,1317.37,553.69,2.199,9.138
2026-04-03T15:01:23.442Z,52.580,pi:0,sports ball,0.8812,1145.09,366.07,1316.83,553.03,2.202,9.116
2026-04-03T15:01:23.477Z,52.616,pi:0,sports ball,0.8849,1145.96,366.80,1317.19,553.03,2.211,9.135
2026-04-03T15:01:23.506Z,52.645,pi:0,sports ball,0.8623,1146.33,367.74,1317.09,552.90,2.224,9.140
2026-04-03T15:01:23.567Z,52.705,pi:0,sports ball,0.8661,1145.41,368.04,1317.10,552.95,2.227,9.125
2026-04-03T15:01:23.645Z,52.784,pi:0,sports ball,0.8849,1145.98,366.45,1317.32,553.71,2.199,9.138
2026-04-03T15:01:23.678Z,52.817,pi:0,sports ball,0.8849,1145.94,366.05,1316.83,553.03,2.202,9.129
2026-04-03T15:01:23.715Z,52.853,pi:0,sports ball,0.8661,1145.42,367.05,1317.15,552.28,2.223,9.126
2026-04-03T15:01:23.770Z,52.908,pi:0,sports ball,0.8812,1145.98,366.86,1316.71,553.68,2.204,9.128
2026-04-03T15:01:23.812Z,52.951,pi:0,sports ball,0.8774,1146.33,367.40,1317.01,552.90,2.220,9.138
2026-04-03T15:01:23.862Z,53.000,pi:0,sports ball,0.8774,1145.91,366.03,1317.07,553.03,2.202,9.133
2026-04-03T15:01:23.919Z,53.058,pi:0,sports ball,0.8623,1145.98,366.04,1317.47,553.02,2.202,9.140
2026-04-03T15:01:23.983Z,53.122,pi:0,sports ball,0.8962,1146.01,366.44,1317.04,553.67,2.199,9.134
2026-04-03T15:01:24.043Z,53.181,pi:0,sports ball,0.8661,1145.42,366.68,1317.31,552.25,2.219,9.129
2026-04-03T15:01:24.066Z,53.205,pi:0,sports ball,0.8812,1145.06,366.05,1317.06,553.02,2.202,9.119
2026-04-03T15:01:24.126Z,53.265,pi:0,sports ball,0.8812,1146.84,366.50,1317.39,553.68,2.200,9.153
2026-04-03T15:01:24.195Z,53.334,pi:0,sports ball,0.8849,1145.09,366.43,1317.18,553.68,2.199,9.121
2026-04-03T15:01:24.261Z,53.399,pi:0,sports ball,0.8925,1145.98,366.82,1317.18,553.68,2.203,9.135
2026-04-03T15:01:24.391Z,53.529,pi:0,sports ball,0.8812,1145.96,366.01,1317.37,553.02,2.202,9.138
2026-04-03T15:01:24.424Z,53.562,pi:0,sports ball,0.8925,1146.32,367.04,1317.58,551.52,2.232,9.147
2026-04-03T15:01:24.451Z,53.590,pi:0,sports ball,0.8849,1145.97,366.47,1317.38,553.68,2.199,9.138
2026-04-03T15:01:24.501Z,53.639,pi:0,sports ball,0.8812,1147.24,367.40,1317.33,552.90,2.219,9.158
2026-04-03T15:01:24.557Z,53.696,pi:0,sports ball,0.8661,1145.42,367.05,1317.11,552.26,2.223,9.125
2026-04-03T15:01:24.586Z,53.724,pi:0,sports ball,0.8774,1144.47,366.39,1317.73,553.03,2.206,9.120
2026-04-03T15:01:24.605Z,53.744,pi:0,sports ball,0.8661,1145.36,366.98,1318.40,549.93,2.250,9.145
2026-04-03T15:01:24.628Z,53.767,pi:0,sports ball,0.8736,1145.11,366.03,1317.52,553.01,2.202,9.127
2026-04-03T15:01:24.649Z,53.788,pi:0,sports ball,0.8812,1143.66,365.91,1316.70,551.55,2.218,9.091
2026-04-03T15:01:24.695Z,53.834,pi:0,sports ball,0.8774,1145.96,366.05,1317.26,553.02,2.202,9.136
2026-04-03T15:01:24.763Z,53.902,pi:0,sports ball,0.8699,1145.36,366.61,1318.06,550.72,2.236,9.140
2026-04-03T15:01:24.824Z,53.963,pi:0,sports ball,0.8887,1146.32,367.39,1317.54,551.52,2.236,9.147
2026-04-03T15:01:24.861Z,53.999,pi:0,sports ball,0.8812,1145.09,366.05,1317.38,553.03,2.202,9.125
2026-04-03T15:01:24.940Z,54.079,pi:0,sports ball,0.8887,1145.96,366.43,1317.05,553.02,2.207,9.133
2026-04-03T15:01:24.982Z,54.121,pi:0,sports ball,0.8548,1145.98,366.86,1317.13,553.04,2.211,9.135
2026-04-03T15:01:25.022Z,54.161,pi:0,sports ball,0.8812,1145.98,366.45,1317.37,553.03,2.207,9.138
2026-04-03T15:01:25.075Z,54.216,pi:0,sports ball,0.8774,1145.96,366.49,1317.06,553.03,2.207,9.133
2026-04-03T15:01:25.148Z,54.286,pi:0,sports ball,0.8887,1144.50,366.99,1317.91,550.71,2.241,9.124
2026-04-03T15:01:25.169Z,54.307,pi:0,sports ball,0.8736,1145.94,366.03,1316.83,553.68,2.194,9.129
2026-04-03T15:01:25.208Z,54.347,pi:0,sports ball,0.8623,1145.08,366.03,1317.06,553.71,2.194,9.119
2026-04-03T15:01:25.259Z,54.398,pi:0,sports ball,0.8849,1145.08,366.46,1317.38,553.68,2.199,9.124
2026-04-03T15:01:25.303Z,54.442,pi:0,sports ball,0.8812,1145.43,367.38,1317.54,552.24,2.227,9.132
2026-04-03T15:01:25.344Z,54.483,pi:0,sports ball,0.8586,1145.95,366.05,1316.86,553.05,2.202,9.130
2026-04-03T15:01:25.388Z,54.527,pi:0,sports ball,0.8812,1145.33,366.77,1317.89,552.36,2.218,9.136
2026-04-03T15:01:25.434Z,54.572,pi:0,sports ball,0.8812,1145.93,366.05,1317.00,552.33,2.210,9.132
2026-04-03T15:01:25.476Z,54.614,pi:0,sports ball,0.8736,1145.95,366.84,1316.98,554.32,2.196,9.132
2026-04-03T15:01:25.522Z,54.660,pi:0,sports ball,0.8661,1145.98,366.45,1317.38,553.67,2.199,9.139
2026-04-03T15:01:25.569Z,54.708,pi:0,sports ball,0.8699,1145.98,366.03,1317.51,552.99,2.202,9.141
2026-04-03T15:01:25.623Z,54.761,pi:0,sports ball,0.8774,1144.47,367.53,1317.67,552.35,2.228,9.119
2026-04-03T15:01:25.657Z,54.795,pi:0,sports ball,0.8962,1146.91,366.40,1316.76,553.66,2.199,9.144
2026-04-03T15:01:25.693Z,54.831,pi:0,sports ball,0.8962,1145.94,366.43,1317.83,553.70,2.199,9.145
2026-04-03T15:01:25.752Z,54.891,pi:0,sports ball,0.8849,1145.36,367.15,1318.33,553.00,2.215,9.144
2026-04-03T15:01:25.808Z,54.947,pi:0,sports ball,0.8925,1145.99,366.89,1317.32,553.70,2.204,9.138
2026-04-03T15:01:25.864Z,55.002,pi:0,sports ball,0.8774,1146.33,367.40,1317.71,552.90,2.219,9.149
2026-04-03T15:01:25.892Z,55.030,pi:0,sports ball,0.8849,1145.38,367.34,1318.05,549.93,2.255,9.140
2026-04-03T15:01:25.951Z,55.090,pi:0,sports ball,0.8962,1146.03,366.43,1316.75,552.97,2.207,9.129
2026-04-03T15:01:26.007Z,55.146,pi:0,sports ball,0.8849,1146.33,367.40,1317.70,553.55,2.212,9.149
2026-04-03T15:01:26.057Z,55.196,pi:0,sports ball,0.8586,1146.32,367.04,1317.20,551.51,2.232,9.141
2026-04-03T15:01:26.102Z,55.240,pi:0,sports ball,0.8849,1146.96,366.85,1317.15,553.66,2.204,9.151
2026-04-03T15:01:26.156Z,55.294,pi:0,sports ball,0.8661,1145.15,366.00,1317.09,553.00,2.202,9.121
2026-04-03T15:01:26.216Z,55.354,pi:0,sports ball,0.8736,1145.14,366.44,1316.95,553.66,2.199,9.118
2026-04-03T15:01:26.278Z,55.417,pi:0,sports ball,0.8586,1146.09,366.03,1317.04,553.65,2.194,9.135
2026-04-03T15:01:26.308Z,55.446,pi:0,sports ball,0.8510,1146.06,366.90,1317.45,553.02,2.212,9.141
2026-04-03T15:01:26.351Z,55.489,pi:0,sports ball,0.8774,1146.07,366.03,1317.10,553.65,2.194,9.136
2026-04-03T15:01:26.410Z,55.549,pi:0,sports ball,0.8736,1146.11,366.43,1317.43,553.65,2.199,9.141
2026-04-03T15:01:26.454Z,55.593,pi:0,sports ball,0.8623,1146.06,366.03,1317.24,552.99,2.202,9.138
2026-04-03T15:01:26.523Z,55.661,pi:0,sports ball,0.8623,1145.19,366.47,1317.17,553.00,2.207,9.123
2026-04-03T15:01:26.561Z,55.699,pi:0,sports ball,0.8699,1145.22,366.87,1316.87,552.98,2.212,9.118
2026-04-03T15:01:26.604Z,55.743,pi:0,sports ball,0.8812,1145.15,366.49,1317.49,553.00,2.208,9.127
2026-04-03T15:01:26.644Z,55.783,pi:0,sports ball,0.8812,1146.07,366.57,1317.50,553.00,2.208,9.142
2026-04-03T15:01:26.700Z,55.839,pi:0,sports ball,0.8812,1145.21,366.52,1317.74,553.00,2.208,9.132
2026-04-03T15:01:26.744Z,55.882,pi:0,sports ball,0.8699,1146.06,366.90,1317.67,552.98,2.213,9.145
2026-04-03T15:01:26.785Z,55.924,pi:0,sports ball,0.8812,1146.33,367.05,1317.62,551.50,2.232,9.148
2026-04-03T15:01:26.848Z,55.986,pi:0,sports ball,0.8736,1146.33,368.04,1317.71,553.55,2.219,9.149
2026-04-03T15:01:26.894Z,56.033,pi:0,sports ball,0.8774,1146.33,367.73,1317.48,552.89,2.224,9.146
2026-04-03T15:01:26.958Z,56.097,pi:0,sports ball,0.8774,1146.33,367.72,1317.83,553.57,2.215,9.151
2026-04-03T15:01:26.988Z,56.126,pi:0,sports ball,0.8774,1145.18,366.09,1317.34,552.30,2.211,9.125
2026-04-03T15:01:27.039Z,56.177,pi:0,sports ball,0.8699,1146.33,367.74,1317.30,553.56,2.216,9.143
2026-04-03T15:01:27.079Z,56.217,pi:0,sports ball,0.8925,1144.56,367.05,1318.09,552.24,2.223,9.127
2026-04-03T15:01:27.116Z,56.255,pi:0,sports ball,0.8962,1146.33,366.67,1317.84,552.25,2.219,9.151
2026-04-03T15:01:27.163Z,56.302,pi:0,sports ball,0.8887,1145.43,366.28,1318.04,550.75,2.232,9.140
2026-04-03T15:01:27.203Z,56.341,pi:0,sports ball,0.8812,1145.44,367.05,1317.95,550.76,2.241,9.139
2026-04-03T15:01:27.247Z,56.385,pi:0,sports ball,0.8774,1145.43,366.28,1318.04,552.26,2.214,9.140
2026-04-03T15:01:27.314Z,56.452,pi:0,sports ball,0.8661,1145.43,367.39,1317.46,550.77,2.245,9.131
2026-04-03T15:01:27.354Z,56.493,pi:0,sports ball,0.8736,1145.44,367.72,1317.71,551.52,2.240,9.135
2026-04-03T15:01:27.394Z,56.533,pi:0,sports ball,0.8774,1146.33,366.67,1317.88,550.77,2.236,9.152
2026-04-03T15:01:27.440Z,56.578,pi:0,sports ball,0.8812,1145.44,366.66,1318.45,550.77,2.236,9.147
2026-04-03T15:01:27.488Z,56.627,pi:0,sports ball,0.8812,1146.33,366.68,1317.95,551.50,2.228,9.153
2026-04-03T15:01:27.532Z,56.670,pi:0,sports ball,0.8849,1146.33,367.05,1318.28,551.53,2.232,9.158
2026-04-03T15:01:27.575Z,56.713,pi:0,sports ball,0.8887,1146.33,367.04,1318.14,551.53,2.232,9.156
2026-04-03T15:01:27.617Z,56.755,pi:0,sports ball,0.8774,1145.20,366.47,1316.95,553.03,2.207,9.119
2026-04-03T15:01:27.658Z,56.797,pi:0,sports ball,0.8510,1146.32,367.41,1318.00,551.53,2.236,9.154
2026-04-03T15:01:27.710Z,56.848,pi:0,sports ball,0.8774,1146.04,366.88,1317.35,553.00,2.212,9.139
2026-04-03T15:01:27.764Z,56.903,pi:0,sports ball,0.8322,1146.96,366.56,1317.60,553.68,2.200,9.158
2026-04-03T15:01:27.830Z,56.969,pi:0,sports ball,0.8774,1145.41,367.33,1318.05,550.73,2.245,9.140
2026-04-03T15:01:27.874Z,57.013,pi:0,sports ball,0.8548,1146.33,367.04,1317.72,551.52,2.232,9.150
2026-04-03T15:01:27.908Z,57.047,pi:0,sports ball,0.8849,1144.52,366.99,1317.89,549.94,2.250,9.123
2026-04-03T15:01:27.939Z,57.077,pi:0,sports ball,0.8849,1145.90,366.02,1317.31,553.03,2.202,9.136
2026-04-03T15:01:27.965Z,57.103,pi:0,sports ball,0.8887,1146.10,366.83,1317.89,553.01,2.211,9.149
2026-04-03T15:01:28.028Z,57.166,pi:0,sports ball,0.8661,1145.16,366.41,1317.43,553.69,2.198,9.126
2026-04-03T15:01:28.075Z,57.213,pi:0,sports ball,0.8849,1146.04,366.81,1317.65,553.71,2.203,9.144
2026-04-03T15:01:28.107Z,57.245,pi:0,sports ball,0.8849,1146.01,366.40,1317.61,552.35,2.214,9.143
2026-04-03T15:01:28.145Z,57.283,pi:0,sports ball,0.8774,1146.02,367.26,1317.50,553.02,2.216,9.141
2026-04-03T15:01:28.145Z,57.283,pi:0,sports ball,0.2711,845.88,388.31,1009.37,541.06,2.695,-0.714
2026-04-03T15:01:28.199Z,57.337,pi:0,sports ball,0.8849,1146.03,366.42,1317.10,552.32,2.215,9.135
2026-04-03T15:01:28.241Z,57.380,pi:0,sports ball,0.8774,1145.18,366.84,1317.36,553.68,2.204,9.125
2026-04-03T15:01:28.241Z,57.380,pi:0,sports ball,0.2523,846.52,388.32,1013.29,545.85,2.614,-0.639
2026-04-03T15:01:28.295Z,57.434,pi:0,sports ball,0.8812,1146.94,366.84,1317.25,553.01,2.211,9.152
2026-04-03T15:01:28.351Z,57.490,pi:0,sports ball,0.8925,1146.00,366.42,1316.88,553.69,2.199,9.131
2026-04-03T15:01:28.351Z,57.490,pi:0,sports ball,0.3276,846.03,388.28,1012.30,545.88,2.612,-0.664
2026-04-03T15:01:28.415Z,57.554,pi:0,sports ball,0.8962,1146.02,366.43,1317.62,553.04,2.206,9.143
2026-04-03T15:01:28.415Z,57.554,pi:0,sports ball,0.4782,846.04,388.38,1015.90,551.07,2.531,-0.605
2026-04-03T15:01:28.475Z,57.614,pi:0,sports ball,0.8925,1146.04,366.84,1317.37,553.06,2.211,9.139
2026-04-03T15:01:28.475Z,57.614,pi:0,sports ball,0.4971,845.86,387.49,1011.25,550.19,2.530,-0.684
2026-04-03T15:01:28.511Z,57.649,pi:0,sports ball,0.8849,1146.03,366.84,1317.75,553.03,2.211,9.145
2026-04-03T15:01:28.511Z,57.649,pi:0,sports ball,0.4556,846.12,388.34,1013.14,550.96,2.532,-0.648
2026-04-03T15:01:28.557Z,57.696,pi:0,sports ball,0.8887,1146.87,366.00,1317.51,552.37,2.209,9.155
2026-04-03T15:01:28.557Z,57.696,pi:0,sports ball,0.5197,845.96,386.82,1013.24,550.92,2.509,-0.649
2026-04-03T15:01:28.597Z,57.735,pi:0,sports ball,0.8774,1146.03,366.46,1317.43,552.34,2.215,9.140
2026-04-03T15:01:28.597Z,57.735,pi:0,sports ball,0.4330,845.75,388.32,1016.84,552.62,2.506,-0.594
2026-04-03T15:01:28.644Z,57.782,pi:0,sports ball,0.8887,1146.01,366.41,1317.37,552.35,2.214,9.139
2026-04-03T15:01:28.644Z,57.782,pi:0,sports ball,0.5234,845.27,388.38,1014.96,551.79,2.520,-0.633
2026-04-03T15:01:28.681Z,57.819,pi:0,sports ball,0.8925,1146.94,367.23,1317.03,553.04,2.216,9.148
2026-04-03T15:01:28.681Z,57.819,pi:0,sports ball,0.4443,845.75,389.22,1015.99,552.52,2.521,-0.608
2026-04-03T15:01:28.727Z,57.866,pi:0,sports ball,0.8812,1146.93,366.44,1317.50,552.34,2.215,9.156
2026-04-03T15:01:28.727Z,57.866,pi:0,sports ball,0.4782,845.86,388.37,1013.23,550.99,2.532,-0.651
2026-04-03T15:01:28.780Z,57.918,pi:0,sports ball,0.8962,1146.03,366.01,1317.50,552.34,2.210,9.141
2026-04-03T15:01:28.780Z,57.918,pi:0,sports ball,0.5310,845.38,386.80,1015.91,552.37,2.487,-0.615
2026-04-03T15:01:28.823Z,57.961,pi:0,sports ball,0.8849,1146.95,367.22,1317.83,552.36,2.224,9.161
2026-04-03T15:01:28.823Z,57.961,pi:0,sports ball,0.4293,845.77,388.34,1012.18,551.00,2.531,-0.670
2026-04-03T15:01:28.864Z,58.003,pi:0,sports ball,0.8849,1146.05,367.26,1317.43,552.32,2.225,9.141
2026-04-03T15:01:28.864Z,58.003,pi:0,sports ball,0.4858,845.02,388.38,1015.01,552.55,2.508,-0.636
2026-04-03T15:01:28.927Z,58.066,pi:0,sports ball,0.8925,1145.98,366.39,1317.36,553.06,2.206,9.138
2026-04-03T15:01:28.927Z,58.066,pi:0,sports ball,0.5912,846.08,388.38,1015.82,553.29,2.497,-0.605
2026-04-03T15:01:28.982Z,58.121,pi:0,sports ball,0.8887,1146.98,366.84,1317.10,553.72,2.203,9.150
2026-04-03T15:01:28.982Z,58.121,pi:0,sports ball,0.5008,845.38,387.49,1011.15,550.97,2.518,-0.693
2026-04-03T15:01:29.028Z,58.166,pi:0,sports ball,0.9038,1146.05,366.43,1317.50,552.38,2.214,9.142
2026-04-03T15:01:29.028Z,58.166,pi:0,sports ball,0.4858,845.02,388.38,1016.72,553.27,2.497,-0.608
2026-04-03T15:01:29.059Z,58.198,pi:0,sports ball,0.8887,1145.97,366.49,1317.36,553.06,2.207,9.138
2026-04-03T15:01:29.059Z,58.198,pi:0,sports ball,0.5874,845.63,387.53,1013.03,550.99,2.519,-0.658
2026-04-03T15:01:29.108Z,58.246,pi:0,sports ball,0.8887,1146.03,366.42,1317.17,552.35,2.214,9.136
2026-04-03T15:01:29.108Z,58.246,pi:0,sports ball,0.5498,845.55,386.68,1015.83,552.53,2.483,-0.614
2026-04-03T15:01:29.167Z,58.306,pi:0,sports ball,0.8699,1146.33,367.03,1317.84,550.78,2.241,9.152
2026-04-03T15:01:29.167Z,58.306,pi:0,sports ball,0.5008,845.75,388.39,1012.09,552.48,2.509,-0.672
2026-04-03T15:01:29.196Z,58.335,pi:0,sports ball,0.8849,1146.00,366.83,1317.55,552.37,2.219,9.142
2026-04-03T15:01:29.196Z,58.335,pi:0,sports ball,0.5912,845.37,387.54,1012.06,550.97,2.519,-0.678
2026-04-03T15:01:29.221Z,58.359,pi:0,sports ball,0.8887,1145.97,366.84,1317.36,552.34,2.220,9.138
2026-04-03T15:01:29.221Z,58.359,pi:0,sports ball,0.5950,846.31,388.40,1012.05,550.97,2.533,-0.663
2026-04-03T15:01:29.288Z,58.426,pi:0,sports ball,0.8925,1146.01,365.55,1317.25,553.04,2.196,9.137
2026-04-03T15:01:29.288Z,58.426,pi:0,sports ball,0.5799,845.47,388.39,1014.02,551.75,2.520,-0.645
2026-04-03T15:01:29.320Z,58.458,pi:0,sports ball,0.8887,1146.00,366.00,1317.20,552.36,2.209,9.136
2026-04-03T15:01:29.320Z,58.458,pi:0,sports ball,0.5197,845.85,387.51,1014.00,551.79,2.506,-0.639
2026-04-03T15:01:29.371Z,58.509,pi:0,sports ball,0.8812,1146.01,366.43,1317.25,552.36,2.214,9.137
2026-04-03T15:01:29.371Z,58.509,pi:0,sports ball,0.5724,846.03,387.49,1011.21,550.14,2.531,-0.681
2026-04-03T15:01:29.405Z,58.544,pi:0,sports ball,0.8962,1146.01,366.47,1317.04,552.34,2.215,9.134
2026-04-03T15:01:29.405Z,58.544,pi:0,sports ball,0.4142,845.29,388.34,1015.94,553.21,2.497,-0.616
2026-04-03T15:01:29.453Z,58.591,pi:0,sports ball,0.8849,1146.02,366.43,1317.04,553.03,2.206,9.134
2026-04-03T15:01:29.453Z,58.591,pi:0,sports ball,0.3954,844.49,388.32,1017.71,552.59,2.506,-0.600
2026-04-03T15:01:29.495Z,58.634,pi:0,sports ball,0.8887,1146.03,366.03,1317.61,552.34,2.210,9.143
2026-04-03T15:01:29.495Z,58.634,pi:0,sports ball,0.5460,846.11,387.54,1014.91,552.52,2.496,-0.620
2026-04-03T15:01:29.543Z,58.682,pi:0,sports ball,0.8962,1146.05,366.42,1317.31,553.04,2.206,9.139
2026-04-03T15:01:29.543Z,58.682,pi:0,sports ball,0.4519,845.43,387.51,1013.13,550.96,2.519,-0.660
2026-04-03T15:01:29.587Z,58.726,pi:0,sports ball,0.8962,1146.00,366.41,1317.04,552.34,2.214,9.134
2026-04-03T15:01:29.587Z,58.726,pi:0,sports ball,0.5347,846.15,388.35,1011.12,550.94,2.532,-0.681
2026-04-03T15:01:29.640Z,58.778,pi:0,sports ball,0.8962,1145.16,366.84,1317.55,552.37,2.219,9.128
2026-04-03T15:01:29.640Z,58.778,pi:0,sports ball,0.5008,846.01,388.36,1014.00,551.79,2.519,-0.636
2026-04-03T15:01:29.696Z,58.835,pi:0,sports ball,0.9038,1146.01,366.84,1316.70,552.33,2.220,9.128
2026-04-03T15:01:29.696Z,58.835,pi:0,sports ball,0.4895,845.76,388.38,1012.10,551.00,2.532,-0.671
2026-04-03T15:01:29.718Z,58.857,pi:0,sports ball,0.8962,1146.01,366.47,1317.04,552.35,2.215,9.134
2026-04-03T15:01:29.718Z,58.857,pi:0,sports ball,0.5310,845.26,387.54,1012.04,551.01,2.519,-0.680
2026-04-03T15:01:29.777Z,58.915,pi:0,sports ball,0.8849,1145.98,366.42,1317.43,552.34,2.214,9.140
2026-04-03T15:01:29.777Z,58.915,pi:0,sports ball,0.4218,845.50,388.34,1015.00,553.24,2.497,-0.628
2026-04-03T15:01:29.835Z,58.973,pi:0,sports ball,0.9000,1146.04,365.98,1317.25,553.04,2.201,9.138
2026-04-03T15:01:29.835Z,58.973,pi:0,sports ball,0.5008,845.41,387.51,1010.13,550.93,2.520,-0.709
2026-04-03T15:01:29.877Z,59.016,pi:0,sports ball,0.8887,1146.02,366.44,1317.43,552.36,2.214,9.140
2026-04-03T15:01:29.877Z,59.016,pi:0,sports ball,0.4594,845.39,388.36,1014.93,552.52,2.508,-0.631
2026-04-03T15:01:29.923Z,59.061,pi:0,sports ball,0.8962,1145.07,366.02,1317.61,552.37,2.209,9.128
2026-04-03T15:01:29.923Z,59.061,pi:0,sports ball,0.5535,845.77,388.35,1014.03,551.71,2.520,-0.640
2026-04-03T15:01:29.987Z,59.126,pi:0,sports ball,0.8962,1145.97,365.98,1317.56,552.39,2.209,9.141
2026-04-03T15:01:29.987Z,59.126,pi:0,sports ball,0.4443,845.48,387.50,1014.14,553.17,2.485,-0.643
2026-04-03T15:01:30.048Z,59.186,pi:0,sports ball,0.8774,1145.97,367.20,1317.21,552.40,2.223,9.136
2026-04-03T15:01:30.048Z,59.186,pi:0,sports ball,0.4368,845.66,387.47,1014.02,552.52,2.495,-0.642
2026-04-03T15:01:30.112Z,59.250,pi:0,sports ball,0.8887,1146.83,366.43,1317.27,553.07,2.206,9.150
2026-04-03T15:01:30.112Z,59.250,pi:0,sports ball,0.5987,845.37,388.38,1011.07,550.12,2.546,-0.694
2026-04-03T15:01:30.132Z,59.271,pi:0,sports ball,0.8812,1146.91,365.56,1318.12,552.41,2.203,9.165
2026-04-03T15:01:30.132Z,59.271,pi:0,sports ball,0.5272,845.37,388.37,1010.25,550.98,2.532,-0.708
2026-04-03T15:01:30.182Z,59.320,pi:0,sports ball,0.8812,1146.12,366.02,1317.49,553.72,2.193,9.143
2026-04-03T15:01:30.182Z,59.320,pi:0,sports ball,0.4594,846.12,385.12,1011.12,549.49,2.505,-0.681
2026-04-03T15:01:30.221Z,59.359,pi:0,sports ball,0.8887,1146.10,366.45,1318.22,553.70,2.199,9.154
2026-04-03T15:01:30.221Z,59.359,pi:0,sports ball,0.4933,845.38,387.53,1011.16,550.12,2.532,-0.693
2026-04-03T15:01:30.269Z,59.408,pi:0,sports ball,0.9000,1146.07,366.41,1318.19,553.02,2.206,9.153
2026-04-03T15:01:30.269Z,59.408,pi:0,sports ball,0.6213,845.39,388.37,1009.21,546.66,2.601,-0.724
2026-04-03T15:01:30.311Z,59.449,pi:0,sports ball,0.9000,1146.01,366.00,1317.84,553.00,2.202,9.146
2026-04-03T15:01:30.311Z,59.449,pi:0,sports ball,0.6778,846.16,387.53,1010.18,547.62,2.572,-0.696
2026-04-03T15:01:30.351Z,59.490,pi:0,sports ball,0.9226,1145.96,366.44,1317.86,553.03,2.207,9.146
2026-04-03T15:01:30.351Z,59.490,pi:0,sports ball,0.6816,846.49,387.55,1013.00,547.61,2.572,-0.645
2026-04-03T15:01:30.393Z,59.532,pi:0,sports ball,0.8925,1146.00,366.86,1317.47,553.03,2.211,9.140
2026-04-03T15:01:30.393Z,59.532,pi:0,sports ball,0.5121,845.94,387.52,1015.08,548.53,2.557,-0.620
2026-04-03T15:01:30.442Z,59.581,pi:0,sports ball,0.8962,1145.98,366.41,1317.86,552.36,2.214,9.146
2026-04-03T15:01:30.442Z,59.581,pi:0,sports ball,0.4180,844.94,388.32,1011.21,544.86,2.630,-0.699
2026-04-03T15:01:30.482Z,59.621,pi:0,sports ball,0.9113,1146.01,366.43,1317.51,553.04,2.206,9.141
2026-04-03T15:01:30.482Z,59.621,pi:0,sports ball,0.5573,845.96,388.37,1010.11,545.74,2.616,-0.700
2026-04-03T15:01:30.525Z,59.664,pi:0,sports ball,0.8962,1145.96,366.03,1317.37,552.34,2.210,9.138
2026-04-03T15:01:30.525Z,59.664,pi:0,sports ball,0.4330,845.76,388.36,1015.11,550.20,2.544,-0.622
2026-04-03T15:01:30.573Z,59.711,pi:0,sports ball,0.8925,1146.85,366.00,1317.22,552.38,2.209,9.150
2026-04-03T15:01:30.573Z,59.711,pi:0,sports ball,0.4594,845.19,389.24,1014.05,549.38,2.571,-0.649
2026-04-03T15:01:30.634Z,59.772,pi:0,sports ball,0.8887,1146.77,366.87,1317.41,553.10,2.211,9.152
2026-04-03T15:01:30.634Z,59.772,pi:0,sports ball,0.4782,845.49,388.35,1016.01,549.38,2.557,-0.612
2026-04-03T15:01:30.684Z,59.823,pi:0,sports ball,0.8925,1146.79,365.55,1317.88,553.02,2.196,9.159
2026-04-03T15:01:30.684Z,59.823,pi:0,sports ball,0.5761,846.21,388.41,1013.09,549.37,2.558,-0.648
2026-04-03T15:01:30.729Z,59.868,pi:0,sports ball,0.9000,1145.94,366.01,1317.17,553.07,2.201,9.135
2026-04-03T15:01:30.729Z,59.868,pi:0,sports ball,0.5837,846.59,388.38,1010.35,547.66,2.585,-0.686
2026-04-03T15:01:30.765Z,59.903,pi:0,sports ball,0.8925,1146.77,366.05,1316.92,553.07,2.201,9.144
2026-04-03T15:01:30.765Z,59.903,pi:0,sports ball,0.6326,846.24,388.39,1010.13,546.68,2.601,-0.696
2026-04-03T15:01:30.802Z,59.941,pi:0,sports ball,0.8849,1145.96,366.46,1317.17,553.04,2.207,9.135
2026-04-03T15:01:30.802Z,59.941,pi:0,sports ball,0.5121,846.02,387.53,1011.19,549.38,2.544,-0.682
2026-04-03T15:01:30.848Z,59.986,pi:0,sports ball,0.8812,1146.33,366.67,1317.65,550.80,2.236,9.148
2026-04-03T15:01:30.848Z,59.986,pi:0,sports ball,0.6665,846.71,387.53,1009.17,542.98,2.649,-0.703
2026-04-03T15:01:30.891Z,60.029,pi:0,sports ball,0.8925,1145.87,366.02,1317.65,552.39,2.209,9.141
2026-04-03T15:01:30.891Z,60.029,pi:0,sports ball,0.5008,845.54,389.24,1010.30,545.84,2.629,-0.704
2026-04-03T15:01:30.937Z,60.075,pi:0,sports ball,0.8812,1146.26,365.93,1317.19,552.34,2.209,9.140
2026-04-03T15:01:30.937Z,60.075,pi:0,sports ball,0.7192,846.28,388.42,1009.25,545.78,2.616,-0.709
2026-04-03T15:01:30.972Z,60.110,pi:0,sports ball,0.9000,1145.91,366.42,1317.35,553.05,2.206,9.137
2026-04-03T15:01:30.972Z,60.110,pi:0,sports ball,0.4594,845.40,388.35,1012.15,547.62,2.585,-0.676
2026-04-03T15:01:31.012Z,60.150,pi:0,sports ball,0.8887,1145.96,366.44,1317.42,553.06,2.206,9.139
2026-04-03T15:01:31.012Z,60.150,pi:0,sports ball,0.4933,846.36,388.36,1014.21,548.53,2.571,-0.627
2026-04-03T15:01:31.056Z,60.194,pi:0,sports ball,0.8887,1147.77,365.98,1317.47,553.05,2.201,9.169
2026-04-03T15:01:31.056Z,60.194,pi:0,sports ball,0.5310,845.57,387.54,1012.16,549.35,2.545,-0.673
2026-04-03T15:01:31.108Z,60.246,pi:0,sports ball,0.8925,1145.93,366.47,1317.65,553.71,2.199,9.142
2026-04-03T15:01:31.108Z,60.246,pi:0,sports ball,0.5648,846.43,388.40,1010.19,545.81,2.616,-0.691
2026-04-03T15:01:31.180Z,60.319,pi:0,sports ball,0.8887,1144.51,367.34,1317.94,549.14,2.265,9.124
2026-04-03T15:01:31.180Z,60.319,pi:0,sports ball,0.6176,846.72,388.43,1009.16,544.88,2.632,-0.704
2026-04-03T15:01:31.212Z,60.350,pi:0,sports ball,0.8812,1146.70,366.05,1317.63,553.07,2.201,9.154
2026-04-03T15:01:31.212Z,60.350,pi:0,sports ball,0.5874,847.19,387.54,1010.12,544.88,2.617,-0.680
2026-04-03T15:01:31.237Z,60.375,pi:0,sports ball,0.8849,1146.79,366.45,1317.66,552.39,2.214,9.156
2026-04-03T15:01:31.237Z,60.375,pi:0,sports ball,0.4406,846.33,387.54,1014.90,550.23,2.531,-0.616
2026-04-03T15:01:31.279Z,60.418,pi:0,sports ball,0.8623,1147.57,366.48,1317.81,553.07,2.207,9.171
2026-04-03T15:01:31.279Z,60.418,pi:0,sports ball,0.3766,846.13,387.50,1010.28,547.62,2.571,-0.695
2026-04-03T15:01:31.318Z,60.457,pi:0,sports ball,0.8699,1145.40,367.34,1318.51,549.95,2.255,9.147
2026-04-03T15:01:31.318Z,60.457,pi:0,sports ball,0.5498,846.10,388.42,1011.11,545.83,2.615,-0.682
2026-04-03T15:01:31.363Z,60.502,pi:0,sports ball,0.8887,1145.89,366.42,1317.78,553.72,2.198,9.144
2026-04-03T15:01:31.363Z,60.502,pi:0,sports ball,0.6552,846.52,388.42,1011.11,544.83,2.632,-0.675
2026-04-03T15:01:31.406Z,60.544,pi:0,sports ball,0.8925,1145.93,366.03,1317.47,553.72,2.194,9.139
2026-04-03T15:01:31.406Z,60.544,pi:0,sports ball,0.6703,846.15,388.42,1012.96,546.80,2.600,-0.651
2026-04-03T15:01:31.449Z,60.588,pi:0,sports ball,0.8812,1145.39,367.33,1318.33,549.13,2.265,9.144
2026-04-03T15:01:31.449Z,60.588,pi:0,sports ball,0.7305,846.57,387.56,1013.00,547.57,2.573,-0.643
2026-04-03T15:01:31.492Z,60.630,pi:0,sports ball,0.8925,1145.89,366.85,1317.90,553.06,2.211,9.145
2026-04-03T15:01:31.492Z,60.630,pi:0,sports ball,0.6213,846.08,387.57,1015.86,549.45,2.543,-0.605
2026-04-03T15:01:31.569Z,60.707,pi:0,sports ball,0.8812,1146.77,366.05,1318.05,553.06,2.202,9.162
2026-04-03T15:01:31.569Z,60.707,pi:0,sports ball,0.5272,846.19,387.54,1013.08,547.62,2.572,-0.648
2026-04-03T15:01:31.601Z,60.739,pi:0,sports ball,0.9000,1145.91,366.85,1317.91,553.75,2.203,9.146
2026-04-03T15:01:31.601Z,60.739,pi:0,sports ball,0.6138,846.48,388.43,1013.03,547.64,2.586,-0.644
2026-04-03T15:01:31.632Z,60.770,pi:0,sports ball,0.8925,1145.76,366.02,1317.83,553.77,2.193,9.142
2026-04-03T15:01:31.632Z,60.770,pi:0,sports ball,0.5234,845.46,388.42,1015.91,547.75,2.584,-0.614
2026-04-03T15:01:31.700Z,60.839,pi:0,sports ball,0.8887,1146.83,366.45,1317.66,553.07,2.206,9.157
2026-04-03T15:01:31.700Z,60.839,pi:0,sports ball,0.5912,846.00,388.43,1013.09,546.80,2.600,-0.651
2026-04-03T15:01:31.744Z,60.883,pi:0,sports ball,0.8849,1145.83,366.87,1317.43,553.76,2.203,9.137
2026-04-03T15:01:31.744Z,60.883,pi:0,sports ball,0.5046,845.99,388.37,1016.78,550.25,2.543,-0.591
2026-04-03T15:01:31.783Z,60.921,pi:0,sports ball,0.8887,1145.93,366.85,1317.88,553.72,2.203,9.146
2026-04-03T15:01:31.783Z,60.921,pi:0,sports ball,0.6025,845.99,387.54,1011.19,545.81,2.601,-0.682
2026-04-03T15:01:31.831Z,60.969,pi:0,sports ball,0.8887,1146.26,366.80,1317.25,553.04,2.211,9.141
2026-04-03T15:01:31.831Z,60.969,pi:0,sports ball,0.5310,845.54,388.38,1013.12,548.56,2.570,-0.658
2026-04-03T15:01:31.874Z,61.012,pi:0,sports ball,0.8661,1147.67,366.87,1317.97,553.07,2.211,9.175
2026-04-03T15:01:31.874Z,61.012,pi:0,sports ball,0.5385,846.01,388.37,1013.14,547.65,2.585,-0.650
2026-04-03T15:01:31.981Z,61.120,pi:0,sports ball,0.8812,1146.66,365.12,1317.75,553.07,2.191,9.155
2026-04-03T15:01:31.981Z,61.120,pi:0,sports ball,0.5498,846.11,389.28,1011.13,546.75,2.615,-0.681
2026-04-03T15:01:32.024Z,61.162,pi:0,sports ball,0.8962,1146.73,366.48,1317.74,553.05,2.207,9.156
2026-04-03T15:01:32.024Z,61.162,pi:0,sports ball,0.3615,845.26,387.48,1015.97,549.55,2.540,-0.616
2026-04-03T15:01:32.069Z,61.208,pi:0,sports ball,0.8849,1145.83,366.04,1317.58,553.07,2.201,9.139
2026-04-03T15:01:32.069Z,61.208,pi:0,sports ball,0.5234,845.48,388.38,1012.15,547.65,2.585,-0.675
2026-04-03T15:01:32.130Z,61.269,pi:0,sports ball,0.8962,1145.86,366.46,1317.73,553.71,2.199,9.142
2026-04-03T15:01:32.130Z,61.269,pi:0,sports ball,0.5535,845.55,388.43,1013.03,547.71,2.585,-0.659
2026-04-03T15:01:32.188Z,61.327,pi:0,sports ball,0.8849,1145.91,366.06,1317.73,553.06,2.202,9.143
2026-04-03T15:01:32.188Z,61.327,pi:0,sports ball,0.5724,845.83,388.39,1013.06,547.67,2.585,-0.654
2026-04-03T15:01:32.229Z,61.368,pi:0,sports ball,0.8849,1146.67,366.00,1317.51,553.10,2.201,9.152
2026-04-03T15:01:32.229Z,61.368,pi:0,sports ball,0.3766,845.49,388.30,1013.20,547.71,2.583,-0.658
2026-04-03T15:01:32.267Z,61.405,pi:0,sports ball,0.8849,1146.88,366.87,1317.40,553.02,2.212,9.153
2026-04-03T15:01:32.267Z,61.405,pi:0,sports ball,0.5912,845.64,387.57,1013.05,546.77,2.586,-0.658
2026-04-03T15:01:32.295Z,61.434,pi:0,sports ball,0.9075,1146.82,366.04,1317.66,553.70,2.194,9.156
2026-04-03T15:01:32.295Z,61.434,pi:0,sports ball,0.4707,846.03,388.35,1015.08,548.58,2.570,-0.618
2026-04-03T15:01:32.360Z,61.499,pi:0,sports ball,0.8849,1146.81,366.48,1317.48,553.04,2.207,9.153
2026-04-03T15:01:32.360Z,61.499,pi:0,sports ball,0.4481,845.53,387.54,1014.05,549.37,2.544,-0.643
2026-04-03T15:01:32.420Z,61.558,pi:0,sports ball,0.9038,1145.80,366.02,1317.67,553.05,2.201,9.140
2026-04-03T15:01:32.420Z,61.558,pi:0,sports ball,0.6025,846.51,388.40,1013.04,547.71,2.584,-0.644
2026-04-03T15:01:32.470Z,61.608,pi:0,sports ball,0.8887,1146.75,366.06,1317.49,553.09,2.201,9.153
2026-04-03T15:01:32.470Z,61.608,pi:0,sports ball,0.4971,845.39,387.51,1012.26,548.57,2.556,-0.675
2026-04-03T15:01:32.498Z,61.637,pi:0,sports ball,0.8699,1147.59,366.89,1317.50,553.10,2.211,9.166
2026-04-03T15:01:32.498Z,61.637,pi:0,sports ball,0.4895,845.86,387.54,1014.03,549.35,2.545,-0.638
2026-04-03T15:01:32.564Z,61.703,pi:0,sports ball,0.8849,1146.80,366.04,1317.37,552.37,2.210,9.151
2026-04-03T15:01:32.564Z,61.703,pi:0,sports ball,0.6063,846.08,388.41,1012.08,546.75,2.600,-0.666
2026-04-03T15:01:32.617Z,61.755,pi:0,sports ball,0.8812,1146.73,366.07,1317.48,553.05,2.202,9.152
2026-04-03T15:01:32.617Z,61.755,pi:0,sports ball,0.5197,845.93,387.49,1015.11,547.66,2.571,-0.619
2026-04-03T15:01:32.682Z,61.820,pi:0,sports ball,0.8812,1146.73,366.03,1317.80,553.04,2.202,9.157
2026-04-03T15:01:32.682Z,61.820,pi:0,sports ball,0.4105,844.84,387.51,1018.53,551.13,2.516,-0.581
2026-04-03T15:01:32.720Z,61.858,pi:0,sports ball,0.8736,1147.72,366.46,1317.66,553.05,2.207,9.171
2026-04-03T15:01:32.720Z,61.858,pi:0,sports ball,0.3992,844.85,388.36,1014.08,548.59,2.570,-0.654
2026-04-03T15:01:32.783Z,61.922,pi:0,sports ball,0.8548,1146.80,366.85,1317.47,553.72,2.203,9.153
2026-04-03T15:01:32.783Z,61.922,pi:0,sports ball,0.3916,845.39,388.36,1016.83,551.07,2.530,-0.600
2026-04-03T15:01:32.831Z,61.970,pi:0,sports ball,0.8962,1146.71,366.84,1317.72,553.06,2.211,9.156
2026-04-03T15:01:32.831Z,61.970,pi:0,sports ball,0.4142,845.38,388.35,1016.04,549.40,2.556,-0.613
2026-04-03T15:01:32.878Z,62.016,pi:0,sports ball,0.8962,1146.75,366.47,1317.79,553.06,2.207,9.158
2026-04-03T15:01:32.878Z,62.016,pi:0,sports ball,0.3540,845.04,388.36,1012.23,548.59,2.569,-0.681
2026-04-03T15:01:32.917Z,62.055,pi:0,sports ball,0.8887,1146.84,366.02,1317.34,552.34,2.210,9.152
2026-04-03T15:01:32.917Z,62.055,pi:0,sports ball,0.4293,846.43,387.52,1012.23,547.62,2.572,-0.658
2026-04-03T15:01:32.984Z,62.123,pi:0,sports ball,0.8887,1146.68,365.58,1317.35,553.06,2.196,9.149
2026-04-03T15:01:32.984Z,62.123,pi:0,sports ball,0.5874,847.26,388.41,1012.08,546.76,2.600,-0.647
2026-04-03T15:01:33.017Z,62.155,pi:0,sports ball,0.9000,1145.88,366.01,1317.39,553.03,2.201,9.137
2026-04-03T15:01:33.017Z,62.155,pi:0,sports ball,0.5310,845.83,387.54,1011.10,547.65,2.571,-0.686
2026-04-03T15:01:33.067Z,62.205,pi:0,sports ball,0.8925,1145.85,366.46,1317.48,552.38,2.215,9.138
2026-04-03T15:01:33.067Z,62.205,pi:0,sports ball,0.5611,845.53,388.43,1015.88,550.27,2.544,-0.613
2026-04-03T15:01:33.108Z,62.246,pi:0,sports ball,0.8887,1147.69,366.45,1317.73,553.06,2.206,9.171
2026-04-03T15:01:33.108Z,62.246,pi:0,sports ball,0.4971,846.03,388.38,1015.99,550.23,2.544,-0.603
2026-04-03T15:01:33.160Z,62.299,pi:0,sports ball,0.8962,1145.91,366.46,1317.41,553.04,2.207,9.138
2026-04-03T15:01:33.160Z,62.299,pi:0,sports ball,0.6740,846.07,388.40,1012.04,544.88,2.631,-0.667
2026-04-03T15:01:33.207Z,62.346,pi:0,sports ball,0.8887,1146.70,366.03,1317.41,552.34,2.210,9.151
2026-04-03T15:01:33.207Z,62.346,pi:0,sports ball,0.5197,845.76,387.54,1012.14,547.61,2.572,-0.671
2026-04-03T15:01:33.281Z,62.419,pi:0,sports ball,0.8887,1145.87,366.01,1317.42,552.38,2.209,9.138
2026-04-03T15:01:33.281Z,62.419,pi:0,sports ball,0.4707,847.05,386.70,1012.18,547.66,2.558,-0.649
2026-04-03T15:01:33.320Z,62.458,pi:0,sports ball,0.8887,1146.66,366.86,1317.59,553.07,2.211,9.153
2026-04-03T15:01:33.320Z,62.458,pi:0,sports ball,0.4406,845.11,387.53,1014.09,547.62,2.572,-0.649
2026-04-03T15:01:33.361Z,62.500,pi:0,sports ball,0.8887,1145.85,366.45,1317.53,553.04,2.207,9.139
2026-04-03T15:01:33.361Z,62.500,pi:0,sports ball,0.5724,846.11,388.38,1011.10,545.81,2.615,-0.682
2026-04-03T15:01:33.404Z,62.543,pi:0,sports ball,0.8925,1146.73,366.82,1317.66,553.06,2.211,9.155
2026-04-03T15:01:33.404Z,62.543,pi:0,sports ball,0.5460,846.33,387.54,1013.07,546.83,2.585,-0.646
2026-04-03T15:01:33.480Z,62.619,pi:0,sports ball,0.8812,1146.72,366.45,1317.65,553.72,2.199,9.155
2026-04-03T15:01:33.480Z,62.619,pi:0,sports ball,0.4632,845.85,387.54,1012.15,548.52,2.558,-0.669
2026-04-03T15:01:33.516Z,62.655,pi:0,sports ball,0.8623,1147.66,366.02,1317.37,552.35,2.210,9.165
2026-04-03T15:01:33.516Z,62.655,pi:0,sports ball,0.5347,846.10,387.54,1011.13,546.75,2.586,-0.681
2026-04-03T15:01:33.541Z,62.680,pi:0,sports ball,0.8812,1146.69,366.87,1317.81,552.36,2.220,9.157
2026-04-03T15:01:33.541Z,62.680,pi:0,sports ball,0.4782,845.93,387.51,1011.16,547.62,2.571,-0.684
2026-04-03T15:01:33.603Z,62.741,pi:0,sports ball,0.8774,1145.72,366.02,1317.50,552.40,2.209,9.136
2026-04-03T15:01:33.603Z,62.741,pi:0,sports ball,0.5347,846.50,388.42,1011.14,547.66,2.585,-0.675
2026-04-03T15:01:33.664Z,62.802,pi:0,sports ball,0.8849,1145.86,366.87,1317.48,553.06,2.211,9.138
2026-04-03T15:01:33.664Z,62.802,pi:0,sports ball,0.4293,845.26,388.33,1013.24,549.38,2.556,-0.661
2026-04-03T15:01:33.725Z,62.863,pi:0,sports ball,0.8812,1145.81,366.46,1317.73,553.04,2.207,9.142
2026-04-03T15:01:33.725Z,62.863,pi:0,sports ball,0.4293,845.94,388.36,1011.19,548.56,2.570,-0.683
2026-04-03T15:01:33.759Z,62.897,pi:0,sports ball,0.8548,1147.62,366.44,1317.40,553.07,2.206,9.165
2026-04-03T15:01:33.759Z,62.897,pi:0,sports ball,0.4519,844.94,387.52,1012.12,549.32,2.545,-0.684
2026-04-03T15:01:33.819Z,62.957,pi:0,sports ball,0.8661,1146.68,366.03,1317.75,553.08,2.201,9.156
2026-04-03T15:01:33.819Z,62.957,pi:0,sports ball,0.4519,845.48,387.54,1014.05,550.21,2.531,-0.644
2026-04-03T15:01:33.872Z,63.011,pi:0,sports ball,0.8510,1147.25,367.72,1317.08,552.91,2.223,9.154
2026-04-03T15:01:33.872Z,63.011,pi:0,sports ball,0.4218,845.94,387.52,1012.13,547.63,2.571,-0.668
2026-04-03T15:01:33.919Z,63.058,pi:0,sports ball,0.8548,1146.31,366.68,1317.59,551.55,2.227,9.147
2026-04-03T15:01:33.919Z,63.058,pi:0,sports ball,0.4142,846.09,387.51,1012.15,547.69,2.570,-0.665
2026-04-03T15:01:33.976Z,63.114,pi:0,sports ball,0.8887,1146.75,366.86,1317.02,552.32,2.220,9.145
2026-04-03T15:01:33.976Z,63.114,pi:0,sports ball,0.4707,845.77,388.35,1011.19,547.63,2.585,-0.686
2026-04-03T15:01:34.012Z,63.151,pi:0,sports ball,0.8586,1147.61,366.87,1317.51,552.35,2.220,9.167
2026-04-03T15:01:34.012Z,63.151,pi:0,sports ball,0.4632,846.26,387.49,1009.25,547.65,2.571,-0.710
2026-04-03T15:01:34.073Z,63.211,pi:0,sports ball,0.8774,1147.60,366.45,1317.67,553.04,2.207,9.169
2026-04-03T15:01:34.073Z,63.211,pi:0,sports ball,0.5611,846.32,389.30,1014.02,550.96,2.547,-0.631
2026-04-03T15:01:34.139Z,63.277,pi:0,sports ball,0.8736,1147.61,366.45,1318.04,553.05,2.206,9.175
2026-04-03T15:01:34.139Z,63.277,pi:0,sports ball,0.5310,845.64,388.39,1013.98,549.37,2.558,-0.643
2026-04-03T15:01:34.168Z,63.306,pi:0,sports ball,0.8774,1145.92,366.02,1317.42,553.06,2.201,9.138
2026-04-03T15:01:34.168Z,63.306,pi:0,sports ball,0.5347,845.60,387.55,1013.05,549.33,2.545,-0.658
2026-04-03T15:01:34.220Z,63.358,pi:0,sports ball,0.8510,1146.63,366.03,1317.91,553.04,2.202,9.157
2026-04-03T15:01:34.220Z,63.358,pi:0,sports ball,0.4858,845.46,387.54,1013.16,550.21,2.531,-0.659
2026-04-03T15:01:34.263Z,63.402,pi:0,sports ball,0.8812,1145.91,366.01,1317.29,553.71,2.194,9.136
2026-04-03T15:01:34.263Z,63.402,pi:0,sports ball,0.4745,845.74,389.25,1012.07,548.50,2.585,-0.672
2026-04-03T15:01:34.322Z,63.461,pi:0,sports ball,0.8774,1146.26,366.42,1317.73,553.04,2.206,9.149
2026-04-03T15:01:34.322Z,63.461,pi:0,sports ball,0.5423,845.91,388.40,1011.21,549.37,2.558,-0.683
2026-04-03T15:01:34.355Z,63.493,pi:0,sports ball,0.8812,1145.91,366.47,1318.08,553.02,2.207,9.149
2026-04-03T15:01:34.355Z,63.493,pi:0,sports ball,0.5310,845.93,387.54,1013.09,549.41,2.543,-0.652
2026-04-03T15:01:34.394Z,63.533,pi:0,sports ball,0.8812,1146.75,366.48,1317.48,553.03,2.207,9.153
2026-04-03T15:01:34.394Z,63.533,pi:0,sports ball,0.4556,845.18,388.34,1014.11,550.24,2.543,-0.648
2026-04-03T15:01:34.439Z,63.577,pi:0,sports ball,0.8360,1146.63,366.49,1317.81,553.08,2.207,9.156
2026-04-03T15:01:34.439Z,63.577,pi:0,sports ball,0.5159,845.37,388.39,1009.20,547.68,2.585,-0.725
2026-04-03T15:01:34.483Z,63.621,pi:0,sports ball,0.8774,1146.79,366.48,1317.79,553.06,2.207,9.158
2026-04-03T15:01:34.483Z,63.621,pi:0,sports ball,0.4368,845.54,389.24,1012.22,547.66,2.599,-0.673
2026-04-03T15:01:34.527Z,63.665,pi:0,sports ball,0.8699,1147.67,366.49,1317.42,552.36,2.215,9.166
2026-04-03T15:01:34.527Z,63.665,pi:0,sports ball,0.4255,845.77,388.34,1011.19,545.84,2.614,-0.686
2026-04-03T15:01:34.617Z,63.755,pi:0,sports ball,0.8774,1146.71,366.83,1317.43,553.10,2.210,9.151
2026-04-03T15:01:34.617Z,63.755,pi:0,sports ball,0.6025,845.54,388.42,1013.02,547.62,2.586,-0.660
2026-04-03T15:01:34.654Z,63.792,pi:0,sports ball,0.8661,1146.73,366.46,1317.35,553.06,2.207,9.150
2026-04-03T15:01:34.654Z,63.792,pi:0,sports ball,0.3615,844.92,387.50,1012.14,547.68,2.570,-0.684
2026-04-03T15:01:34.676Z,63.814,pi:0,sports ball,0.8849,1146.75,366.86,1317.81,553.05,2.211,9.158
2026-04-03T15:01:34.676Z,63.814,pi:0,sports ball,0.4707,845.52,388.38,1012.21,549.40,2.557,-0.673
2026-04-03T15:01:34.704Z,63.843,pi:0,sports ball,0.8925,1145.87,366.84,1317.28,553.06,2.211,9.135
2026-04-03T15:01:34.704Z,63.843,pi:0,sports ball,0.4594,845.74,387.51,1013.07,549.36,2.544,-0.656
2026-04-03T15:01:34.739Z,63.878,pi:0,sports ball,0.8397,1146.73,366.46,1317.66,553.72,2.199,9.155
2026-04-03T15:01:34.739Z,63.878,pi:0,sports ball,0.4067,845.03,388.38,1013.13,550.19,2.544,-0.666
2026-04-03T15:01:34.796Z,63.935,pi:0,sports ball,0.8812,1146.79,366.87,1317.03,553.03,2.212,9.146
2026-04-03T15:01:34.796Z,63.935,pi:0,sports ball,0.5197,845.94,387.51,1010.23,545.81,2.601,-0.699
2026-04-03T15:01:34.860Z,63.999,pi:0,sports ball,0.8247,1147.43,366.47,1317.44,553.10,2.206,9.163
2026-04-03T15:01:34.860Z,63.999,pi:0,sports ball,0.4556,845.38,387.48,1010.24,547.61,2.571,-0.708
2026-04-03T15:01:34.923Z,64.061,pi:0,sports ball,0.8812,1146.80,366.03,1317.29,553.70,2.194,9.150
2026-04-03T15:01:34.923Z,64.061,pi:0,sports ball,0.3502,845.41,387.50,1012.19,550.17,2.531,-0.675
2026-04-03T15:01:34.962Z,64.101,pi:0,sports ball,0.8849,1147.69,367.22,1317.42,553.03,2.216,9.166
2026-04-03T15:01:34.962Z,64.101,pi:0,sports ball,0.5008,845.17,387.55,1011.18,547.61,2.572,-0.696
2026-04-03T15:01:35.003Z,64.141,pi:0,sports ball,0.8510,1146.74,366.48,1317.49,553.76,2.198,9.153
2026-04-03T15:01:35.003Z,64.141,pi:0,sports ball,0.4180,845.19,387.49,1011.22,548.49,2.557,-0.695
2026-04-03T15:01:35.068Z,64.206,pi:0,sports ball,0.8661,1146.70,366.06,1318.04,553.07,2.201,9.161
2026-04-03T15:01:35.068Z,64.206,pi:0,sports ball,0.4556,845.77,388.38,1012.16,549.31,2.558,-0.670
2026-04-03T15:01:35.104Z,64.242,pi:0,sports ball,0.8360,1146.78,366.47,1317.62,553.72,2.199,9.155
2026-04-03T15:01:35.104Z,64.242,pi:0,sports ball,0.4368,845.41,388.35,1012.15,546.75,2.599,-0.676
2026-04-03T15:01:35.137Z,64.276,pi:0,sports ball,0.8661,1146.80,366.02,1317.56,552.37,2.209,9.155
2026-04-03T15:01:35.137Z,64.276,pi:0,sports ball,0.5385,845.45,388.39,1012.08,547.63,2.586,-0.677
2026-04-03T15:01:35.209Z,64.348,pi:0,sports ball,0.8925,1146.82,366.86,1317.29,553.04,2.211,9.151
2026-04-03T15:01:35.209Z,64.348,pi:0,sports ball,0.4481,845.94,388.36,1012.16,549.40,2.557,-0.667
2026-04-03T15:01:35.252Z,64.390,pi:0,sports ball,0.8774,1146.63,366.45,1317.42,553.10,2.206,9.150
2026-04-03T15:01:35.252Z,64.390,pi:0,sports ball,0.3615,845.06,388.37,1012.19,548.48,2.571,-0.681
2026-04-03T15:01:35.293Z,64.432,pi:0,sports ball,0.8134,1146.57,366.47,1317.50,552.39,2.215,9.150
2026-04-03T15:01:35.293Z,64.432,pi:0,sports ball,0.4933,845.39,387.54,1014.06,549.38,2.544,-0.645
2026-04-03T15:01:35.342Z,64.480,pi:0,sports ball,0.8435,1147.49,366.02,1317.59,552.38,2.209,9.166
2026-04-03T15:01:35.342Z,64.480,pi:0,sports ball,0.4669,846.24,387.48,1010.20,545.85,2.600,-0.694
2026-04-03T15:01:35.409Z,64.547,pi:0,sports ball,0.8623,1146.69,366.48,1317.43,553.06,2.207,9.151
2026-04-03T15:01:35.409Z,64.547,pi:0,sports ball,0.4142,845.16,388.38,1013.16,549.44,2.556,-0.664
2026-04-03T15:01:35.442Z,64.581,pi:0,sports ball,0.8586,1146.66,366.00,1317.83,553.05,2.201,9.157
2026-04-03T15:01:35.442Z,64.581,pi:0,sports ball,0.4067,845.47,388.34,1015.90,550.17,2.544,-0.614
2026-04-03T15:01:35.484Z,64.622,pi:0,sports ball,0.8473,1146.64,366.02,1317.83,553.07,2.201,9.156
2026-04-03T15:01:35.484Z,64.622,pi:0,sports ball,0.4556,845.75,388.40,1011.19,548.53,2.571,-0.686
2026-04-03T15:01:35.527Z,64.665,pi:0,sports ball,0.8360,1146.32,367.04,1318.16,552.27,2.223,9.156
2026-04-03T15:01:35.527Z,64.665,pi:0,sports ball,0.4029,844.49,388.37,1016.85,551.08,2.530,-0.614
2026-04-03T15:01:35.576Z,64.715,pi:0,sports ball,0.8736,1146.71,366.01,1317.42,553.06,2.201,9.151
2026-04-03T15:01:35.576Z,64.715,pi:0,sports ball,0.5008,845.85,388.39,1011.17,547.70,2.584,-0.685
2026-04-03T15:01:35.621Z,64.760,pi:0,sports ball,0.8699,1146.77,366.45,1317.57,553.07,2.206,9.154
2026-04-03T15:01:35.621Z,64.760,pi:0,sports ball,0.4105,845.94,387.52,1011.25,545.83,2.601,-0.682
2026-04-03T15:01:35.663Z,64.802,pi:0,sports ball,0.8812,1146.79,366.04,1317.42,553.06,2.202,9.152
2026-04-03T15:01:35.663Z,64.802,pi:0,sports ball,0.5423,845.84,387.53,1011.15,547.64,2.571,-0.685
2026-04-03T15:01:35.704Z,64.843,pi:0,sports ball,0.8699,1146.73,366.46,1317.81,553.05,2.207,9.157
2026-04-03T15:01:35.704Z,64.843,pi:0,sports ball,0.4820,845.85,387.54,1014.02,548.44,2.559,-0.639
2026-04-03T15:01:35.750Z,64.888,pi:0,sports ball,0.8322,1146.76,366.83,1317.12,553.11,2.210,9.147
2026-04-03T15:01:35.750Z,64.888,pi:0,sports ball,0.3201,845.57,388.36,1010.20,546.82,2.598,-0.706
2026-04-03T15:01:35.793Z,64.931,pi:0,sports ball,0.8812,1146.78,366.03,1317.61,552.36,2.210,9.155
2026-04-03T15:01:35.793Z,64.931,pi:0,sports ball,0.5046,846.17,388.39,1011.06,546.70,2.601,-0.682
2026-04-03T15:01:35.833Z,64.971,pi:0,sports ball,0.8849,1145.89,366.41,1317.82,553.05,2.206,9.144
2026-04-03T15:01:35.833Z,64.971,pi:0,sports ball,0.4895,845.62,389.28,1011.14,547.63,2.600,-0.689
2026-04-03T15:01:35.878Z,65.016,pi:0,sports ball,0.8699,1145.93,366.43,1317.35,553.06,2.206,9.137
2026-04-03T15:01:35.878Z,65.016,pi:0,sports ball,0.4707,847.15,388.36,1010.17,547.62,2.585,-0.680
2026-04-03T15:01:35.930Z,65.069,pi:0,sports ball,0.8887,1146.78,366.88,1317.35,553.73,2.203,9.151
2026-04-03T15:01:35.930Z,65.069,pi:0,sports ball,0.4105,845.41,388.39,1014.99,550.22,2.544,-0.630
2026-04-03T15:01:35.983Z,65.121,pi:0,sports ball,0.8661,1146.26,366.77,1317.40,553.04,2.210,9.143
2026-04-03T15:01:35.983Z,65.121,pi:0,sports ball,0.4556,846.02,388.39,1010.23,547.62,2.586,-0.697
2026-04-03T15:01:36.016Z,65.155,pi:0,sports ball,0.8887,1146.87,366.88,1317.29,552.33,2.220,9.151
2026-04-03T15:01:36.016Z,65.155,pi:0,sports ball,0.4029,845.64,387.52,1009.28,545.84,2.601,-0.719
2026-04-03T15:01:36.074Z,65.213,pi:0,sports ball,0.8360,1146.75,366.05,1317.86,553.07,2.201,9.159
2026-04-03T15:01:36.074Z,65.213,pi:0,sports ball,0.3690,845.66,388.36,1014.98,549.43,2.556,-0.626
2026-04-03T15:01:36.126Z,65.265,pi:0,sports ball,0.8774,1147.56,366.87,1317.16,553.07,2.211,9.160
2026-04-03T15:01:36.126Z,65.265,pi:0,sports ball,0.3163,845.41,388.32,1013.17,549.33,2.557,-0.659
2026-04-03T15:01:36.166Z,65.304,pi:0,sports ball,0.8812,1145.87,366.87,1317.47,553.06,2.211,9.138
2026-04-03T15:01:36.166Z,65.304,pi:0,sports ball,0.4858,846.52,387.49,1011.20,547.60,2.571,-0.674
2026-04-03T15:01:36.203Z,65.341,pi:0,sports ball,0.8473,1147.62,366.45,1317.73,553.07,2.206,9.170
2026-04-03T15:01:36.203Z,65.341,pi:0,sports ball,0.4782,845.94,388.37,1013.05,549.41,2.557,-0.653
2026-04-03T15:01:36.232Z,65.371,pi:0,sports ball,0.8812,1146.87,366.43,1317.64,553.05,2.206,9.157
2026-04-03T15:01:36.232Z,65.371,pi:0,sports ball,0.5573,846.01,387.54,1011.16,545.85,2.601,-0.683
2026-04-03T15:01:36.271Z,65.409,pi:0,sports ball,0.8812,1147.73,366.48,1317.72,552.36,2.215,9.172
2026-04-03T15:01:36.271Z,65.409,pi:0,sports ball,0.4105,845.86,388.35,1013.07,549.40,2.556,-0.654
2026-04-03T15:01:36.324Z,65.462,pi:0,sports ball,0.8548,1146.82,366.47,1317.48,553.71,2.199,9.154
2026-04-03T15:01:36.324Z,65.462,pi:0,sports ball,0.3427,845.07,388.36,1015.95,551.04,2.531,-0.620
2026-04-03T15:01:36.375Z,65.514,pi:0,sports ball,0.8812,1145.87,366.47,1317.65,552.36,2.215,9.141
2026-04-03T15:01:36.375Z,65.514,pi:0,sports ball,0.3389,845.39,388.34,1013.19,549.35,2.557,-0.660
2026-04-03T15:01:36.415Z,65.554,pi:0,sports ball,0.8812,1146.81,366.01,1317.73,553.06,2.201,9.157
2026-04-03T15:01:36.415Z,65.554,pi:0,sports ball,0.5648,845.99,387.54,1011.24,548.52,2.558,-0.682
2026-04-03T15:01:36.456Z,65.594,pi:0,sports ball,0.8623,1145.42,367.39,1317.80,552.28,2.227,9.136
2026-04-03T15:01:36.456Z,65.594,pi:0,sports ball,0.4895,845.65,388.36,1013.16,547.64,2.585,-0.656
2026-04-03T15:01:36.523Z,65.662,pi:0,sports ball,0.8849,1145.80,366.46,1317.73,553.76,2.198,9.141
2026-04-03T15:01:36.523Z,65.662,pi:0,sports ball,0.4669,846.45,388.37,1015.00,549.38,2.557,-0.613
2026-04-03T15:01:36.562Z,65.700,pi:0,sports ball,0.8623,1145.36,366.40,1317.95,553.03,2.206,9.138
2026-04-03T15:01:36.562Z,65.700,pi:0,sports ball,0.4142,845.74,388.35,1014.03,550.19,2.544,-0.640
2026-04-03T15:01:36.604Z,65.743,pi:0,sports ball,0.8586,1146.75,366.85,1317.73,553.07,2.211,9.157
2026-04-03T15:01:36.604Z,65.743,pi:0,sports ball,0.5460,846.09,388.41,1010.18,548.46,2.572,-0.697
2026-04-03T15:01:36.645Z,65.784,pi:0,sports ball,0.8623,1146.71,366.43,1317.17,553.06,2.206,9.147
2026-04-03T15:01:36.645Z,65.784,pi:0,sports ball,0.5460,845.64,388.39,1013.99,551.71,2.521,-0.642
2026-04-03T15:01:36.702Z,65.840,pi:0,sports ball,0.8736,1145.42,366.67,1318.10,551.56,2.227,9.141
2026-04-03T15:01:36.702Z,65.840,pi:0,sports ball,0.7381,846.74,388.43,1012.05,549.33,2.559,-0.656
2026-04-03T15:01:36.738Z,65.877,pi:0,sports ball,0.8736,1145.83,365.58,1317.50,553.07,2.196,9.138
2026-04-03T15:01:36.738Z,65.877,pi:0,sports ball,0.5347,847.05,388.35,1013.10,551.72,2.520,-0.634
2026-04-03T15:01:36.778Z,65.916,pi:0,sports ball,0.8661,1146.74,366.48,1317.57,553.04,2.207,9.154
2026-04-03T15:01:36.778Z,65.916,pi:0,sports ball,0.4895,845.92,387.52,1015.90,552.52,2.495,-0.607
2026-04-03T15:01:36.821Z,65.960,pi:0,sports ball,0.8774,1147.52,365.98,1317.59,553.09,2.200,9.167
2026-04-03T15:01:36.821Z,65.960,pi:0,sports ball,0.5686,845.63,387.49,1017.54,553.26,2.484,-0.585
2026-04-03T15:01:36.865Z,66.004,pi:0,sports ball,0.8736,1146.32,367.03,1317.85,551.56,2.231,9.151
2026-04-03T15:01:36.865Z,66.004,pi:0,sports ball,0.4971,844.22,388.40,1014.91,551.79,2.520,-0.650
2026-04-03T15:01:36.918Z,66.057,pi:0,sports ball,0.8397,1147.54,366.02,1317.58,552.38,2.209,9.167
2026-04-03T15:01:36.918Z,66.057,pi:0,sports ball,0.4745,845.38,388.37,1014.97,553.19,2.498,-0.631
2026-04-03T15:01:36.963Z,66.102,pi:0,sports ball,0.8736,1146.70,366.00,1317.32,553.06,2.201,9.149
2026-04-03T15:01:36.963Z,66.102,pi:0,sports ball,0.5611,846.03,387.54,1013.06,551.73,2.508,-0.651
2026-04-03T15:01:37.006Z,66.145,pi:0,sports ball,0.8812,1146.78,366.45,1316.96,553.05,2.206,9.145
2026-04-03T15:01:37.006Z,66.145,pi:0,sports ball,0.5197,844.62,388.35,1014.93,553.23,2.497,-0.644
2026-04-03T15:01:37.054Z,66.192,pi:0,sports ball,0.8510,1145.84,365.56,1317.58,552.38,2.204,9.140
2026-04-03T15:01:37.054Z,66.192,pi:0,sports ball,0.5423,844.93,388.34,1013.09,551.70,2.520,-0.669
2026-04-03T15:01:37.094Z,66.233,pi:0,sports ball,0.8623,1146.32,367.04,1317.81,552.30,2.222,9.151
2026-04-03T15:01:37.094Z,66.233,pi:0,sports ball,0.4745,845.18,388.34,1012.14,551.72,2.520,-0.680
2026-04-03T15:01:37.136Z,66.274,pi:0,sports ball,0.8322,1146.66,366.04,1317.68,552.35,2.210,9.154
2026-04-03T15:01:37.136Z,66.274,pi:0,sports ball,0.5498,844.49,387.53,1014.95,553.30,2.484,-0.645
2026-04-03T15:01:37.172Z,66.310,pi:0,sports ball,0.8548,1144.51,367.65,1318.26,548.34,2.279,9.129
2026-04-03T15:01:37.172Z,66.310,pi:0,sports ball,0.5197,844.66,388.36,1014.00,553.97,2.486,-0.658
2026-04-03T15:01:37.219Z,66.358,pi:0,sports ball,0.8548,1145.85,365.98,1317.75,552.36,2.209,9.142
2026-04-03T15:01:37.219Z,66.358,pi:0,sports ball,0.5761,845.11,388.36,1012.10,552.41,2.510,-0.682
2026-04-03T15:01:37.260Z,66.399,pi:0,sports ball,0.8510,1145.42,367.04,1317.59,551.58,2.231,9.133
2026-04-03T15:01:37.260Z,66.399,pi:0,sports ball,0.5460,844.09,388.36,1015.85,554.55,2.477,-0.637
2026-04-03T15:01:37.303Z,66.441,pi:0,sports ball,0.8435,1145.90,366.09,1317.43,552.34,2.211,9.138
2026-04-03T15:01:37.303Z,66.441,pi:0,sports ball,0.5950,845.15,388.37,1011.06,553.17,2.498,-0.698
2026-04-03T15:01:37.349Z,66.488,pi:0,sports ball,0.8548,1146.32,366.68,1318.05,551.57,2.227,9.155
2026-04-03T15:01:37.349Z,66.488,pi:0,sports ball,0.5084,844.78,388.37,1014.03,553.86,2.488,-0.656
2026-04-03T15:01:37.416Z,66.555,pi:0,sports ball,0.8284,1145.82,366.86,1317.66,552.35,2.220,9.140
2026-04-03T15:01:37.416Z,66.555,pi:0,sports ball,0.4481,843.49,388.27,1017.57,554.02,2.484,-0.619
2026-04-03T15:01:37.460Z,66.599,pi:0,sports ball,0.8360,1144.51,367.65,1318.51,549.14,2.269,9.133
2026-04-03T15:01:37.460Z,66.599,pi:0,sports ball,0.4142,844.02,389.21,1015.87,553.90,2.500,-0.638
2026-04-03T15:01:37.489Z,66.627,pi:0,sports ball,0.8247,1145.38,367.75,1317.87,552.99,2.223,9.137
2026-04-03T15:01:37.489Z,66.627,pi:0,sports ball,0.4895,844.80,387.48,1015.00,552.45,2.496,-0.640
2026-04-03T15:01:37.521Z,66.660,pi:0,sports ball,0.8435,1147.25,367.72,1317.33,552.92,2.223,9.158
2026-04-03T15:01:37.521Z,66.660,pi:0,sports ball,0.4594,846.44,388.32,1012.20,550.18,2.544,-0.658
2026-04-03T15:01:37.568Z,66.706,pi:0,sports ball,0.8623,1146.69,366.83,1317.68,552.38,2.219,9.155
2026-04-03T15:01:37.568Z,66.706,pi:0,sports ball,0.4481,845.37,387.48,1016.81,553.33,2.482,-0.601
2026-04-03T15:01:37.612Z,66.750,pi:0,sports ball,0.8510,1146.59,366.02,1317.31,553.08,2.201,9.147
2026-04-03T15:01:37.612Z,66.750,pi:0,sports ball,0.4895,845.54,388.33,1011.10,549.31,2.558,-0.691
2026-04-03T15:01:37.669Z,66.808,pi:0,sports ball,0.8435,1145.73,365.58,1317.58,553.06,2.196,9.138
2026-04-03T15:01:37.669Z,66.808,pi:0,sports ball,0.3766,845.49,388.35,1014.97,549.38,2.557,-0.629
2026-04-03T15:01:37.721Z,66.859,pi:0,sports ball,0.8736,1145.39,367.33,1317.78,549.95,2.255,9.136
2026-04-03T15:01:37.721Z,66.859,pi:0,sports ball,0.4594,845.86,387.50,1010.23,546.76,2.585,-0.700
2026-04-03T15:01:37.760Z,66.898,pi:0,sports ball,0.8736,1146.69,366.44,1317.82,553.03,2.207,9.157
2026-04-03T15:01:37.760Z,66.898,pi:0,sports ball,0.4368,846.36,388.34,1010.21,543.97,2.645,-0.692
2026-04-03T15:01:37.788Z,66.926,pi:0,sports ball,0.8322,1146.65,366.42,1317.45,552.37,2.214,9.150
2026-04-03T15:01:37.788Z,66.926,pi:0,sports ball,0.2636,845.57,389.10,1010.23,545.86,2.626,-0.705
2026-04-03T15:01:37.829Z,66.968,pi:0,sports ball,0.8623,1146.70,366.48,1317.22,553.04,2.207,9.148
2026-04-03T15:01:37.829Z,66.968,pi:0,sports ball,0.3728,846.67,387.48,1014.13,544.96,2.614,-0.623
2026-04-03T15:01:37.892Z,67.030,pi:0,sports ball,0.8171,1147.24,368.03,1317.09,552.92,2.227,9.154
2026-04-03T15:01:37.970Z,67.109,pi:0,sports ball,0.8925,1145.92,366.47,1317.47,553.01,2.207,9.139
2026-04-03T15:01:37.997Z,67.140,pi:0,sports ball,0.8661,1146.76,366.44,1317.58,552.37,2.214,9.154
2026-04-03T15:01:38.027Z,67.165,pi:0,sports ball,0.8774,1146.80,366.50,1317.38,553.71,2.199,9.152
2026-04-03T15:01:38.027Z,67.165,pi:0,sports ball,0.3314,847.05,387.41,1010.34,542.06,2.662,-0.679
2026-04-03T15:01:38.060Z,67.199,pi:0,sports ball,0.8510,1146.21,366.77,1317.79,552.35,2.219,9.149
2026-04-03T15:01:38.060Z,67.199,pi:0,sports ball,0.4142,846.60,388.36,1011.24,547.71,2.584,-0.672
2026-04-03T15:01:38.122Z,67.260,pi:0,sports ball,0.8774,1146.78,366.87,1317.80,553.03,2.212,9.158
2026-04-03T15:01:38.122Z,67.260,pi:0,sports ball,0.4105,845.94,388.33,1013.16,549.35,2.557,-0.651
2026-04-03T15:01:38.169Z,67.308,pi:0,sports ball,0.8586,1146.69,366.00,1317.43,553.71,2.193,9.151
2026-04-03T15:01:38.169Z,67.308,pi:0,sports ball,0.4933,846.73,387.55,1015.04,547.74,2.570,-0.607
2026-04-03T15:01:38.224Z,67.363,pi:0,sports ball,0.8586,1145.88,366.86,1317.76,552.32,2.220,9.143
2026-04-03T15:01:38.224Z,67.363,pi:0,sports ball,0.3013,847.07,388.29,1011.32,543.03,2.661,-0.663
2026-04-03T15:01:38.260Z,67.399,pi:0,sports ball,0.8887,1146.82,366.89,1317.49,553.03,2.212,9.154
2026-04-03T15:01:38.323Z,67.462,pi:0,sports ball,0.8058,1146.31,367.05,1317.80,552.29,2.223,9.151
2026-04-03T15:01:38.372Z,67.510,pi:0,sports ball,0.8812,1145.88,366.46,1317.46,553.68,2.199,9.138
2026-04-03T15:01:38.411Z,67.549,pi:0,sports ball,0.8774,1146.84,366.44,1317.71,553.01,2.207,9.158
2026-04-03T15:01:38.452Z,67.590,pi:0,sports ball,0.7720,1145.87,366.89,1317.81,553.03,2.212,9.144
2026-04-03T15:01:38.524Z,67.662,pi:0,sports ball,0.8774,1145.93,366.86,1317.62,553.67,2.204,9.142
2026-04-03T15:01:38.586Z,67.724,pi:0,sports ball,0.8849,1145.91,366.42,1317.40,553.03,2.206,9.138
2026-04-03T15:01:38.612Z,67.750,pi:0,sports ball,0.8774,1146.80,366.43,1317.37,553.03,2.206,9.151
2026-04-03T15:01:38.666Z,67.805,pi:0,sports ball,0.8473,1146.64,366.46,1317.20,552.37,2.215,9.146
2026-04-03T15:01:38.709Z,67.848,pi:0,sports ball,0.8548,1146.68,366.02,1317.68,553.04,2.201,9.155
2026-04-03T15:01:38.709Z,67.848,pi:0,sports ball,0.3351,846.27,388.28,1010.37,545.83,2.613,-0.691
2026-04-03T15:01:38.750Z,67.888,pi:0,sports ball,0.8548,1146.33,367.39,1317.25,552.92,2.219,9.142
2026-04-03T15:01:38.750Z,67.888,pi:0,sports ball,0.3690,844.96,387.42,1012.18,551.00,2.517,-0.683
2026-04-03T15:01:38.792Z,67.930,pi:0,sports ball,0.8473,1145.37,367.33,1318.32,548.33,2.275,9.144
2026-04-03T15:01:38.792Z,67.930,pi:0,sports ball,0.5385,846.66,388.35,1013.99,551.83,2.518,-0.626
2026-04-03T15:01:38.835Z,67.974,pi:0,sports ball,0.8661,1146.78,366.02,1317.66,552.37,2.209,9.156
2026-04-03T15:01:38.835Z,67.974,pi:0,sports ball,0.6402,845.01,388.39,1018.42,555.20,2.468,-0.580
2026-04-03T15:01:38.899Z,68.038,pi:0,sports ball,0.8736,1146.32,367.05,1317.85,552.29,2.223,9.151
2026-04-03T15:01:38.899Z,68.038,pi:0,sports ball,0.5423,845.11,388.32,1014.03,553.89,2.487,-0.650
2026-04-03T15:01:38.952Z,68.091,pi:0,sports ball,0.8586,1145.92,366.48,1317.88,553.06,2.207,9.146
2026-04-03T15:01:38.952Z,68.091,pi:0,sports ball,0.5950,844.67,387.54,1016.74,553.91,2.475,-0.613
2026-04-03T15:01:38.991Z,68.129,pi:0,sports ball,0.8586,1145.39,367.33,1318.33,549.16,2.264,9.144
2026-04-03T15:01:38.991Z,68.129,pi:0,sports ball,0.6326,845.28,388.41,1015.81,554.52,2.479,-0.619
2026-04-03T15:01:39.024Z,68.162,pi:0,sports ball,0.8510,1145.89,365.58,1317.75,553.01,2.197,9.143
2026-04-03T15:01:39.024Z,68.162,pi:0,sports ball,0.5761,845.15,388.37,1015.83,553.98,2.486,-0.620
2026-04-03T15:01:39.057Z,68.195,pi:0,sports ball,0.8661,1145.94,366.48,1317.88,552.33,2.215,9.146
2026-04-03T15:01:39.057Z,68.195,pi:0,sports ball,0.5460,842.87,387.49,1018.45,556.43,2.437,-0.615
2026-04-03T15:01:39.105Z,68.244,pi:0,sports ball,0.8360,1145.92,366.52,1317.81,553.05,2.207,9.145
2026-04-03T15:01:39.105Z,68.244,pi:0,sports ball,0.5837,844.04,388.35,1019.94,557.50,2.434,-0.571
2026-04-03T15:01:39.141Z,68.280,pi:0,sports ball,0.8586,1144.51,367.33,1318.12,548.31,2.275,9.127
2026-04-03T15:01:39.141Z,68.280,pi:0,sports ball,0.7155,844.00,388.51,1021.55,559.45,2.409,-0.546
2026-04-03T15:01:39.209Z,68.347,pi:0,sports ball,0.8623,1146.33,367.05,1317.85,551.54,2.232,9.152
2026-04-03T15:01:39.209Z,68.347,pi:0,sports ball,0.6665,844.11,388.39,1017.51,556.41,2.450,-0.610
2026-04-03T15:01:39.254Z,68.392,pi:0,sports ball,0.8623,1145.97,367.28,1317.88,553.03,2.217,9.146
2026-04-03T15:01:39.254Z,68.392,pi:0,sports ball,0.5799,843.99,387.64,1021.62,560.15,2.387,-0.545
2026-04-03T15:01:39.298Z,68.437,pi:0,sports ball,0.8435,1146.76,366.45,1317.66,552.37,2.215,9.155
2026-04-03T15:01:39.298Z,68.437,pi:0,sports ball,0.5799,843.92,388.38,1018.35,557.60,2.433,-0.599
2026-04-03T15:01:39.345Z,68.484,pi:0,sports ball,0.8435,1146.32,367.72,1318.21,552.28,2.231,9.157
2026-04-03T15:01:39.345Z,68.484,pi:0,sports ball,0.6891,844.61,388.37,1019.88,557.88,2.429,-0.563
2026-04-03T15:01:39.395Z,68.533,pi:0,sports ball,0.8473,1145.94,366.86,1317.81,553.03,2.211,9.145
2026-04-03T15:01:39.395Z,68.533,pi:0,sports ball,0.6665,844.13,388.49,1022.19,559.79,2.403,-0.533
2026-04-03T15:01:39.443Z,68.582,pi:0,sports ball,0.8360,1146.77,366.47,1317.65,552.36,2.215,9.156
2026-04-03T15:01:39.443Z,68.582,pi:0,sports ball,0.6590,844.19,389.27,1020.67,557.93,2.441,-0.557
2026-04-03T15:01:39.485Z,68.623,pi:0,sports ball,0.8284,1145.91,366.05,1317.66,553.04,2.202,9.142
2026-04-03T15:01:39.485Z,68.623,pi:0,sports ball,0.7117,844.73,388.38,1019.13,556.90,2.443,-0.573
2026-04-03T15:01:39.548Z,68.686,pi:0,sports ball,0.8435,1145.39,367.65,1318.40,548.31,2.279,9.145
2026-04-03T15:01:39.548Z,68.686,pi:0,sports ball,0.6477,845.06,387.52,1018.42,557.92,2.416,-0.580
2026-04-03T15:01:39.618Z,68.757,pi:0,sports ball,0.8548,1145.92,366.03,1318.03,553.04,2.202,9.148
2026-04-03T15:01:39.618Z,68.757,pi:0,sports ball,0.6891,845.72,388.40,1019.94,557.91,2.429,-0.544
2026-04-03T15:01:39.672Z,68.811,pi:0,sports ball,0.8473,1147.25,367.72,1317.13,552.22,2.232,9.155
2026-04-03T15:01:39.672Z,68.811,pi:0,sports ball,0.5535,843.88,387.61,1022.85,560.42,2.382,-0.527
2026-04-03T15:01:39.707Z,68.845,pi:0,sports ball,0.8586,1145.97,366.04,1317.31,553.04,2.202,9.137
2026-04-03T15:01:39.707Z,68.845,pi:0,sports ball,0.6176,844.62,387.64,1022.69,560.06,2.388,-0.517
2026-04-03T15:01:39.748Z,68.886,pi:0,sports ball,0.8774,1146.81,366.46,1317.81,553.03,2.207,9.159
2026-04-03T15:01:39.748Z,68.886,pi:0,sports ball,0.6891,845.33,388.40,1019.88,557.44,2.436,-0.551
2026-04-03T15:01:39.782Z,68.921,pi:0,sports ball,0.8247,1144.52,367.32,1317.91,549.15,2.264,9.124
2026-04-03T15:01:39.782Z,68.921,pi:0,sports ball,0.6100,844.80,388.38,1019.94,557.92,2.429,-0.559
2026-04-03T15:01:39.829Z,68.968,pi:0,sports ball,0.8623,1146.32,366.68,1317.80,551.57,2.227,9.151
2026-04-03T15:01:39.829Z,68.968,pi:0,sports ball,0.6816,845.37,388.40,1020.62,558.32,2.423,-0.538
2026-04-03T15:01:39.877Z,69.015,pi:0,sports ball,0.8510,1145.39,366.98,1318.32,548.31,2.270,9.144
2026-04-03T15:01:39.877Z,69.015,pi:0,sports ball,0.7456,845.44,387.57,1019.05,556.80,2.433,-0.563
2026-04-03T15:01:39.940Z,69.079,pi:0,sports ball,0.8812,1146.89,366.90,1318.04,553.03,2.212,9.164
2026-04-03T15:01:39.940Z,69.079,pi:0,sports ball,0.7117,845.43,388.39,1020.63,557.33,2.437,-0.537
2026-04-03T15:01:39.984Z,69.123,pi:0,sports ball,0.8473,1146.32,366.68,1318.34,552.29,2.218,9.159
2026-04-03T15:01:39.984Z,69.123,pi:0,sports ball,0.5837,844.60,388.49,1021.34,559.38,2.409,-0.539
2026-04-03T15:01:40.018Z,69.156,pi:0,sports ball,0.8736,1145.99,366.87,1317.40,553.02,2.212,9.139
2026-04-03T15:01:40.018Z,69.156,pi:0,sports ball,0.7004,844.79,388.39,1019.88,557.91,2.429,-0.560
2026-04-03T15:01:40.062Z,69.201,pi:0,sports ball,0.8322,1144.50,367.32,1318.40,548.34,2.274,9.131
2026-04-03T15:01:40.062Z,69.201,pi:0,sports ball,0.6628,844.69,388.40,1016.64,557.49,2.435,-0.615
2026-04-03T15:01:40.106Z,69.244,pi:0,sports ball,0.8360,1145.90,366.90,1317.64,552.36,2.220,9.142
2026-04-03T15:01:40.106Z,69.244,pi:0,sports ball,0.6590,845.07,387.53,1018.41,557.97,2.416,-0.579
2026-04-03T15:01:40.149Z,69.288,pi:0,sports ball,0.8397,1146.85,366.04,1317.83,552.36,2.210,9.160
2026-04-03T15:01:40.149Z,69.288,pi:0,sports ball,0.5724,843.00,388.35,1021.47,558.95,2.413,-0.563
2026-04-03T15:01:40.204Z,69.343,pi:0,sports ball,0.8661,1145.38,367.32,1318.75,549.16,2.264,9.151
2026-04-03T15:01:40.204Z,69.343,pi:0,sports ball,0.6289,844.71,387.51,1018.41,557.49,2.422,-0.585
2026-04-03T15:01:40.267Z,69.405,pi:0,sports ball,0.8473,1146.02,366.87,1317.88,552.33,2.220,9.147
2026-04-03T15:01:40.267Z,69.405,pi:0,sports ball,0.7418,844.69,387.51,1020.63,558.41,2.409,-0.550
2026-04-03T15:01:40.297Z,69.436,pi:0,sports ball,0.8699,1147.25,367.72,1317.82,552.21,2.232,9.166
2026-04-03T15:01:40.297Z,69.436,pi:0,sports ball,0.7381,844.82,388.42,1019.09,557.54,2.434,-0.572
2026-04-03T15:01:40.348Z,69.486,pi:0,sports ball,0.8661,1146.85,366.46,1317.64,552.32,2.215,9.157
2026-04-03T15:01:40.348Z,69.486,pi:0,sports ball,0.7418,844.65,387.65,1020.82,559.73,2.393,-0.547
2026-04-03T15:01:40.406Z,69.544,pi:0,sports ball,0.8699,1146.31,367.05,1318.35,551.55,2.232,9.159
2026-04-03T15:01:40.406Z,69.544,pi:0,sports ball,0.6439,844.28,388.37,1016.71,556.37,2.451,-0.620
2026-04-03T15:01:40.457Z,69.595,pi:0,sports ball,0.8548,1145.93,366.46,1317.73,553.02,2.207,9.143
2026-04-03T15:01:40.457Z,69.595,pi:0,sports ball,0.7305,845.11,387.55,1017.52,556.87,2.432,-0.593
2026-04-03T15:01:40.504Z,69.642,pi:0,sports ball,0.8887,1145.07,366.00,1317.87,552.34,2.210,9.132
2026-04-03T15:01:40.504Z,69.642,pi:0,sports ball,0.7381,844.23,388.52,1021.51,559.76,2.404,-0.543
2026-04-03T15:01:40.555Z,69.693,pi:0,sports ball,0.8774,1146.86,366.06,1317.81,552.31,2.211,9.160
2026-04-03T15:01:40.555Z,69.693,pi:0,sports ball,0.6439,843.65,388.39,1020.67,558.46,2.421,-0.566
2026-04-03T15:01:40.611Z,69.750,pi:0,sports ball,0.8284,1146.76,366.09,1317.68,553.04,2.202,9.156
2026-04-03T15:01:40.611Z,69.750,pi:0,sports ball,0.6590,843.53,388.37,1016.64,556.38,2.451,-0.634
2026-04-03T15:01:40.672Z,69.810,pi:0,sports ball,0.8774,1146.85,366.05,1317.73,553.05,2.202,9.158
2026-04-03T15:01:40.672Z,69.810,pi:0,sports ball,0.6590,843.90,388.41,1018.36,557.41,2.436,-0.599
2026-04-03T15:01:40.707Z,69.845,pi:0,sports ball,0.8812,1146.03,366.01,1318.23,553.01,2.202,9.153
2026-04-03T15:01:40.707Z,69.845,pi:0,sports ball,0.7757,844.15,387.64,1019.25,558.99,2.403,-0.581
2026-04-03T15:01:40.759Z,69.897,pi:0,sports ball,0.8548,1145.39,366.98,1318.05,549.14,2.260,9.140
2026-04-03T15:01:40.759Z,69.897,pi:0,sports ball,0.6590,844.83,388.49,1020.95,559.36,2.409,-0.542
2026-04-03T15:01:40.808Z,69.947,pi:0,sports ball,0.8661,1145.78,366.04,1318.04,553.73,2.194,9.146
2026-04-03T15:01:40.808Z,69.947,pi:0,sports ball,0.6439,844.40,388.38,1018.46,557.92,2.428,-0.590
2026-04-03T15:01:40.869Z,70.007,pi:0,sports ball,0.8510,1147.23,366.67,1317.95,552.27,2.218,9.168
2026-04-03T15:01:40.869Z,70.007,pi:0,sports ball,0.7456,844.77,388.51,1019.32,558.95,2.416,-0.570
2026-04-03T15:01:40.911Z,70.050,pi:0,sports ball,0.8548,1145.42,367.04,1318.10,552.30,2.222,9.141
2026-04-03T15:01:40.911Z,70.050,pi:0,sports ball,0.7079,844.66,388.38,1019.89,556.90,2.443,-0.562
2026-04-03T15:01:40.964Z,70.103,pi:0,sports ball,0.8623,1146.81,366.05,1317.56,552.34,2.210,9.155
2026-04-03T15:01:40.964Z,70.103,pi:0,sports ball,0.6816,844.88,388.40,1019.88,557.96,2.428,-0.559
2026-04-03T15:01:41.005Z,70.143,pi:0,sports ball,0.8510,1146.31,365.87,1317.69,551.57,2.217,9.149
2026-04-03T15:01:41.005Z,70.143,pi:0,sports ball,0.5272,843.78,388.37,1020.00,557.55,2.434,-0.575
2026-04-03T15:01:41.055Z,70.193,pi:0,sports ball,0.8699,1145.38,366.98,1318.51,549.15,2.260,9.147
2026-04-03T15:01:41.055Z,70.193,pi:0,sports ball,0.7268,843.66,387.51,1019.88,557.96,2.415,-0.579
2026-04-03T15:01:41.095Z,70.234,pi:0,sports ball,0.8699,1145.39,366.98,1318.32,549.14,2.260,9.144
2026-04-03T15:01:41.095Z,70.234,pi:0,sports ball,0.7192,844.80,388.39,1019.16,557.44,2.435,-0.572
2026-04-03T15:01:41.138Z,70.277,pi:0,sports ball,0.8812,1145.39,367.33,1318.39,549.15,2.265,9.145
2026-04-03T15:01:41.138Z,70.277,pi:0,sports ball,0.7531,844.56,388.48,1021.51,559.73,2.404,-0.537
2026-04-03T15:01:41.234Z,70.372,pi:0,sports ball,0.8736,1145.98,366.46,1317.81,553.04,2.207,9.145
2026-04-03T15:01:41.234Z,70.372,pi:0,sports ball,0.7456,844.60,388.40,1019.87,557.87,2.429,-0.563
2026-04-03T15:01:41.295Z,70.434,pi:0,sports ball,0.8548,1145.94,366.88,1317.79,553.02,2.212,9.145
2026-04-03T15:01:41.295Z,70.434,pi:0,sports ball,0.7004,844.13,387.63,1022.19,559.68,2.393,-0.533
2026-04-03T15:01:41.349Z,70.487,pi:0,sports ball,0.8661,1145.12,365.61,1317.95,552.30,2.205,9.134
2026-04-03T15:01:41.349Z,70.487,pi:0,sports ball,0.6966,844.90,388.40,1017.58,557.50,2.435,-0.596
2026-04-03T15:01:41.382Z,70.520,pi:0,sports ball,0.8925,1145.97,366.44,1317.86,552.31,2.215,9.146
2026-04-03T15:01:41.382Z,70.520,pi:0,sports ball,0.7305,844.58,387.56,1018.34,557.36,2.425,-0.589
2026-04-03T15:01:41.500Z,70.639,pi:0,sports ball,0.8548,1146.32,367.04,1318.22,552.29,2.222,9.157
2026-04-03T15:01:41.500Z,70.639,pi:0,sports ball,0.6515,844.39,388.40,1018.41,557.54,2.434,-0.591
2026-04-03T15:01:41.560Z,70.699,pi:0,sports ball,0.8548,1146.31,367.03,1317.59,552.29,2.222,9.147
2026-04-03T15:01:41.560Z,70.699,pi:0,sports ball,0.7192,845.37,388.39,1018.32,556.79,2.445,-0.576
2026-04-03T15:01:41.612Z,70.751,pi:0,sports ball,0.8623,1145.40,367.33,1318.40,549.14,2.265,9.146
2026-04-03T15:01:41.612Z,70.751,pi:0,sports ball,0.6929,844.70,387.54,1020.68,557.91,2.417,-0.548
2026-04-03T15:01:41.650Z,70.788,pi:0,sports ball,0.8548,1146.32,367.40,1318.29,551.55,2.236,9.158
2026-04-03T15:01:41.650Z,70.788,pi:0,sports ball,0.6515,844.19,388.37,1017.50,557.88,2.429,-0.609
2026-04-03T15:01:41.689Z,70.827,pi:0,sports ball,0.8360,1146.32,367.41,1318.01,551.55,2.236,9.154
2026-04-03T15:01:41.689Z,70.827,pi:0,sports ball,0.6628,843.91,388.40,1019.87,558.32,2.423,-0.575
2026-04-03T15:01:41.754Z,70.892,pi:0,sports ball,0.8774,1146.88,366.50,1317.87,552.32,2.216,9.161
2026-04-03T15:01:41.754Z,70.892,pi:0,sports ball,0.6326,844.57,388.50,1019.07,558.98,2.415,-0.577
2026-04-03T15:01:41.792Z,70.931,pi:0,sports ball,0.8661,1145.84,366.04,1317.96,552.36,2.210,9.146
2026-04-03T15:01:41.792Z,70.931,pi:0,sports ball,0.6176,844.24,387.64,1021.71,560.45,2.383,-0.539
2026-04-03T15:01:41.834Z,70.972,pi:0,sports ball,0.8661,1145.01,366.48,1317.60,551.62,2.224,9.127
2026-04-03T15:01:41.834Z,70.972,pi:0,sports ball,0.6778,843.91,388.38,1016.71,556.95,2.443,-0.626
2026-04-03T15:01:41.892Z,71.030,pi:0,sports ball,0.8586,1145.91,366.47,1317.95,553.03,2.207,9.147
2026-04-03T15:01:41.892Z,71.030,pi:0,sports ball,0.6515,844.19,388.39,1017.52,556.86,2.444,-0.608
2026-04-03T15:01:41.953Z,71.092,pi:0,sports ball,0.8699,1145.95,366.48,1317.58,552.34,2.215,9.141
2026-04-03T15:01:41.953Z,71.092,pi:0,sports ball,0.7305,844.92,387.56,1012.97,555.10,2.457,-0.671
2026-04-03T15:01:42.007Z,71.146,pi:0,sports ball,0.8623,1145.92,366.03,1317.95,553.05,2.202,9.147
2026-04-03T15:01:42.007Z,71.146,pi:0,sports ball,0.6515,843.56,388.47,1020.89,559.71,2.404,-0.564
2026-04-03T15:01:42.051Z,71.190,pi:0,sports ball,0.8736,1145.97,366.45,1317.72,552.32,2.215,9.144
2026-04-03T15:01:42.051Z,71.190,pi:0,sports ball,0.7268,845.12,388.42,1017.52,557.50,2.435,-0.593
2026-04-03T15:01:42.095Z,71.233,pi:0,sports ball,0.8322,1146.32,366.28,1317.85,552.29,2.213,9.152
2026-04-03T15:01:42.095Z,71.233,pi:0,sports ball,0.7079,844.42,388.50,1020.84,559.77,2.404,-0.550
2026-04-03T15:01:42.134Z,71.273,pi:0,sports ball,0.8736,1146.01,366.87,1317.28,552.34,2.220,9.138
2026-04-03T15:01:42.134Z,71.273,pi:0,sports ball,0.7833,844.74,386.75,1017.21,557.46,2.412,-0.604
2026-04-03T15:01:42.182Z,71.320,pi:0,sports ball,0.8548,1146.31,366.68,1317.64,552.29,2.218,9.148
2026-04-03T15:01:42.182Z,71.320,pi:0,sports ball,0.6778,843.83,387.66,1019.39,559.68,2.393,-0.584
2026-04-03T15:01:42.220Z,71.359,pi:0,sports ball,0.8548,1147.25,367.72,1317.13,552.91,2.223,9.155
2026-04-03T15:01:42.220Z,71.359,pi:0,sports ball,0.7155,844.68,387.66,1017.33,556.86,2.433,-0.603
2026-04-03T15:01:42.263Z,71.402,pi:0,sports ball,0.8774,1145.39,367.33,1318.26,549.14,2.265,9.143
2026-04-03T15:01:42.263Z,71.402,pi:0,sports ball,0.7531,845.10,388.43,1018.26,557.49,2.435,-0.582
2026-04-03T15:01:42.309Z,71.448,pi:0,sports ball,0.8774,1145.99,366.88,1317.88,553.04,2.212,9.147
2026-04-03T15:01:42.309Z,71.448,pi:0,sports ball,0.7418,845.00,388.41,1019.05,556.34,2.452,-0.570
2026-04-03T15:01:42.359Z,71.498,pi:0,sports ball,0.8661,1146.32,367.39,1317.90,551.57,2.235,9.152
2026-04-03T15:01:42.359Z,71.498,pi:0,sports ball,0.6891,845.20,389.37,1021.48,559.38,2.422,-0.527
2026-04-03T15:01:42.403Z,71.542,pi:0,sports ball,0.8623,1146.83,366.87,1317.56,552.33,2.220,9.155
2026-04-03T15:01:42.403Z,71.542,pi:0,sports ball,0.6816,844.81,388.39,1018.43,558.01,2.427,-0.583
2026-04-03T15:01:42.463Z,71.602,pi:0,sports ball,0.8774,1145.91,366.44,1317.97,553.03,2.207,9.147
2026-04-03T15:01:42.463Z,71.602,pi:0,sports ball,0.6703,845.61,387.54,1015.79,556.37,2.439,-0.613
2026-04-03T15:01:42.504Z,71.642,pi:0,sports ball,0.8623,1146.01,366.47,1317.71,553.68,2.199,9.144
2026-04-03T15:01:42.504Z,71.642,pi:0,sports ball,0.6665,845.15,387.66,1020.46,558.29,2.413,-0.545
2026-04-03T15:01:42.544Z,71.682,pi:0,sports ball,0.8548,1144.52,366.98,1318.39,549.14,2.260,9.131
2026-04-03T15:01:42.544Z,71.682,pi:0,sports ball,0.6740,845.36,388.40,1018.41,558.37,2.422,-0.575
2026-04-03T15:01:42.577Z,71.715,pi:0,sports ball,0.8774,1145.39,367.33,1318.12,549.16,2.264,9.141
2026-04-03T15:01:42.577Z,71.715,pi:0,sports ball,0.7230,844.40,387.63,1022.77,560.11,2.387,-0.519
2026-04-03T15:01:42.619Z,71.758,pi:0,sports ball,0.8661,1145.89,366.02,1317.88,553.05,2.201,9.145
2026-04-03T15:01:42.619Z,71.758,pi:0,sports ball,0.6665,845.03,388.47,1022.19,559.45,2.408,-0.518
2026-04-03T15:01:42.680Z,71.819,pi:0,sports ball,0.8586,1146.33,367.72,1317.90,551.55,2.240,9.152
2026-04-03T15:01:42.680Z,71.819,pi:0,sports ball,0.6853,844.87,387.54,1017.52,556.85,2.432,-0.597
2026-04-03T15:01:42.727Z,71.866,pi:0,sports ball,0.8736,1145.02,366.47,1317.41,552.35,2.215,9.124
2026-04-03T15:01:42.727Z,71.866,pi:0,sports ball,0.6515,844.90,388.50,1022.15,560.05,2.400,-0.521
2026-04-03T15:01:42.780Z,71.918,pi:0,sports ball,0.8510,1145.42,367.40,1318.10,552.29,2.227,9.141
2026-04-03T15:01:42.780Z,71.918,pi:0,sports ball,0.6665,844.45,388.38,1019.93,557.91,2.429,-0.565
2026-04-03T15:01:42.824Z,71.962,pi:0,sports ball,0.8548,1145.96,366.07,1317.41,553.02,2.202,9.139
2026-04-03T15:01:42.824Z,71.962,pi:0,sports ball,0.6966,845.02,387.55,1017.51,556.90,2.431,-0.595
2026-04-03T15:01:42.905Z,72.043,pi:0,sports ball,0.8586,1146.32,367.39,1317.76,552.28,2.227,9.150
2026-04-03T15:01:42.905Z,72.043,pi:0,sports ball,0.7004,844.58,388.45,1020.09,559.42,2.408,-0.560
2026-04-03T15:01:42.932Z,72.070,pi:0,sports ball,0.8586,1146.77,366.46,1317.46,552.35,2.215,9.152
2026-04-03T15:01:42.932Z,72.070,pi:0,sports ball,0.7230,844.39,389.28,1017.48,557.45,2.448,-0.606
2026-04-03T15:01:42.980Z,72.118,pi:0,sports ball,0.8661,1146.32,366.67,1317.74,552.30,2.218,9.150
2026-04-03T15:01:42.980Z,72.118,pi:0,sports ball,0.5761,843.54,387.51,1019.93,557.50,2.422,-0.580
2026-04-03T15:01:43.025Z,72.163,pi:0,sports ball,0.8774,1146.80,366.51,1317.55,553.03,2.207,9.154
2026-04-03T15:01:43.025Z,72.163,pi:0,sports ball,0.5611,843.25,387.49,1016.72,556.37,2.438,-0.637
2026-04-03T15:01:43.088Z,72.227,pi:0,sports ball,0.8623,1145.84,366.49,1317.56,552.35,2.215,9.139
2026-04-03T15:01:43.088Z,72.227,pi:0,sports ball,0.6251,843.99,387.62,1022.19,560.08,2.387,-0.535
2026-04-03T15:01:43.143Z,72.281,pi:0,sports ball,0.8849,1145.90,366.00,1317.71,553.01,2.202,9.143
2026-04-03T15:01:43.143Z,72.281,pi:0,sports ball,0.6665,844.51,388.49,1022.18,559.44,2.408,-0.527
2026-04-03T15:01:43.182Z,72.320,pi:0,sports ball,0.8360,1145.38,367.33,1318.12,548.32,2.275,9.141
2026-04-03T15:01:43.182Z,72.320,pi:0,sports ball,0.7343,844.99,387.55,1019.86,558.46,2.409,-0.557
2026-04-03T15:01:43.215Z,72.353,pi:0,sports ball,0.8548,1146.83,366.46,1317.56,553.70,2.199,9.155
2026-04-03T15:01:43.215Z,72.353,pi:0,sports ball,0.7343,844.79,387.54,1020.63,557.91,2.417,-0.548
2026-04-03T15:01:43.269Z,72.408,pi:0,sports ball,0.8774,1145.92,366.49,1317.88,553.03,2.207,9.146
2026-04-03T15:01:43.269Z,72.408,pi:0,sports ball,0.6966,843.79,389.29,1019.10,557.92,2.442,-0.589
2026-04-03T15:01:43.310Z,72.448,pi:0,sports ball,0.8812,1145.39,367.33,1318.06,549.16,2.264,9.140
2026-04-03T15:01:43.310Z,72.448,pi:0,sports ball,0.7569,844.88,388.53,1019.33,558.60,2.421,-0.568
2026-04-03T15:01:43.349Z,72.488,pi:0,sports ball,0.8510,1145.89,366.88,1317.65,553.04,2.212,9.142
2026-04-03T15:01:43.349Z,72.488,pi:0,sports ball,0.6966,845.26,388.42,1021.29,559.23,2.410,-0.529
2026-04-03T15:01:43.393Z,72.532,pi:0,sports ball,0.8586,1145.38,367.33,1318.26,549.15,2.264,9.143
2026-04-03T15:01:43.393Z,72.532,pi:0,sports ball,0.6665,844.42,388.40,1020.61,557.88,2.429,-0.554
2026-04-03T15:01:43.447Z,72.586,pi:0,sports ball,0.8812,1145.99,367.23,1317.46,553.70,2.208,9.140
2026-04-03T15:01:43.447Z,72.586,pi:0,sports ball,0.7494,844.80,385.17,1018.91,557.47,2.390,-0.576
2026-04-03T15:01:43.492Z,72.630,pi:0,sports ball,0.8586,1145.92,366.03,1317.88,553.69,2.194,9.146
2026-04-03T15:01:43.492Z,72.630,pi:0,sports ball,0.6966,844.28,388.42,1018.34,557.36,2.437,-0.593
2026-04-03T15:01:43.549Z,72.687,pi:0,sports ball,0.8397,1145.93,366.07,1317.88,552.33,2.210,9.146
2026-04-03T15:01:43.549Z,72.687,pi:0,sports ball,0.6966,844.98,388.51,1022.75,560.35,2.396,-0.510
2026-04-03T15:01:43.595Z,72.733,pi:0,sports ball,0.8699,1145.90,366.03,1317.47,553.02,2.202,9.139
2026-04-03T15:01:43.595Z,72.733,pi:0,sports ball,0.6552,844.49,387.55,1015.80,557.49,2.423,-0.632
2026-04-03T15:01:43.639Z,72.778,pi:0,sports ball,0.8397,1146.75,366.42,1317.83,553.04,2.206,9.158
2026-04-03T15:01:43.639Z,72.778,pi:0,sports ball,0.6100,844.62,386.84,1019.34,557.28,2.416,-0.572
2026-04-03T15:01:43.682Z,72.820,pi:0,sports ball,0.8360,1145.89,366.05,1317.99,553.06,2.202,9.147
2026-04-03T15:01:43.682Z,72.820,pi:0,sports ball,0.5799,843.81,388.38,1020.00,558.08,2.426,-0.574
2026-04-03T15:01:43.744Z,72.883,pi:0,sports ball,0.8586,1145.88,365.61,1317.88,553.04,2.197,9.145
2026-04-03T15:01:43.744Z,72.883,pi:0,sports ball,0.7268,844.91,388.40,1017.52,556.33,2.452,-0.597
2026-04-03T15:01:43.795Z,72.934,pi:0,sports ball,0.8548,1145.07,366.86,1317.81,553.04,2.211,9.131
2026-04-03T15:01:43.795Z,72.934,pi:0,sports ball,0.6703,844.50,388.42,1020.67,557.92,2.429,-0.552
2026-04-03T15:01:43.828Z,72.966,pi:0,sports ball,0.8736,1145.38,367.33,1318.76,548.31,2.275,9.151
2026-04-03T15:01:43.828Z,72.966,pi:0,sports ball,0.6665,843.91,388.37,1018.39,557.03,2.441,-0.599
2026-04-03T15:01:43.883Z,73.022,pi:0,sports ball,0.8774,1146.87,366.05,1318.09,553.69,2.194,9.164
2026-04-03T15:01:43.883Z,73.022,pi:0,sports ball,0.6402,843.76,385.90,1016.52,557.11,2.405,-0.632
2026-04-03T15:01:43.947Z,73.085,pi:0,sports ball,0.8548,1146.79,366.49,1317.87,553.05,2.207,9.159
2026-04-03T15:01:43.947Z,73.085,pi:0,sports ball,0.7042,844.49,388.41,1019.16,557.37,2.437,-0.577
2026-04-03T15:01:43.993Z,73.131,pi:0,sports ball,0.8435,1146.31,367.04,1318.21,552.29,2.223,9.157
2026-04-03T15:01:43.993Z,73.131,pi:0,sports ball,0.7305,844.60,388.40,1019.15,557.45,2.436,-0.575
2026-04-03T15:01:44.029Z,73.167,pi:0,sports ball,0.8548,1144.51,367.33,1318.05,549.14,2.265,9.126
2026-04-03T15:01:44.029Z,73.167,pi:0,sports ball,0.7418,844.67,387.56,1017.54,557.40,2.424,-0.600
2026-04-03T15:01:44.089Z,73.228,pi:0,sports ball,0.8736,1145.97,366.03,1317.65,552.36,2.210,9.143
2026-04-03T15:01:44.089Z,73.228,pi:0,sports ball,0.6364,844.60,388.35,1019.96,557.45,2.435,-0.562
2026-04-03T15:01:44.137Z,73.276,pi:0,sports ball,0.8661,1145.42,367.40,1318.34,551.55,2.236,9.145
2026-04-03T15:01:44.137Z,73.276,pi:0,sports ball,0.6853,843.94,388.48,1019.51,557.76,2.432,-0.580
2026-04-03T15:01:44.182Z,73.320,pi:0,sports ball,0.8774,1145.95,366.43,1317.71,553.03,2.207,9.143
2026-04-03T15:01:44.182Z,73.320,pi:0,sports ball,0.6590,843.79,388.37,1018.36,555.78,2.459,-0.601
2026-04-03T15:01:44.226Z,73.364,pi:0,sports ball,0.8774,1146.33,367.72,1317.33,552.90,2.223,9.143
2026-04-03T15:01:44.226Z,73.364,pi:0,sports ball,0.7607,844.28,388.42,1019.16,557.50,2.435,-0.580
2026-04-03T15:01:44.272Z,73.411,pi:0,sports ball,0.8623,1146.32,366.28,1317.85,551.55,2.222,9.152
2026-04-03T15:01:44.272Z,73.411,pi:0,sports ball,0.7305,845.09,388.41,1018.34,556.83,2.445,-0.580
2026-04-03T15:01:44.324Z,73.462,pi:0,sports ball,0.8661,1145.92,366.86,1317.95,552.33,2.220,9.147
2026-04-03T15:01:44.324Z,73.462,pi:0,sports ball,0.7569,843.48,389.40,1022.09,560.05,2.413,-0.545
2026-04-03T15:01:44.377Z,73.516,pi:0,sports ball,0.8322,1145.86,366.90,1317.85,552.33,2.220,9.144
2026-04-03T15:01:44.377Z,73.516,pi:0,sports ball,0.5987,843.86,388.43,1023.45,560.12,2.398,-0.517
2026-04-03T15:01:44.424Z,73.562,pi:0,sports ball,0.8661,1145.96,365.64,1317.89,552.32,2.205,9.146
2026-04-03T15:01:44.424Z,73.562,pi:0,sports ball,0.7531,844.99,387.52,1020.62,556.94,2.430,-0.545
2026-04-03T15:01:44.447Z,73.586,pi:0,sports ball,0.8661,1145.98,366.48,1317.96,552.33,2.215,9.148
2026-04-03T15:01:44.447Z,73.586,pi:0,sports ball,0.6628,844.06,387.51,1021.30,558.32,2.410,-0.549
2026-04-03T15:01:44.486Z,73.625,pi:0,sports ball,0.8849,1145.95,366.03,1317.79,553.70,2.194,9.145
2026-04-03T15:01:44.486Z,73.625,pi:0,sports ball,0.7381,845.71,387.56,1019.15,557.50,2.423,-0.557
2026-04-03T15:01:44.553Z,73.691,pi:0,sports ball,0.8586,1145.94,366.83,1317.74,552.31,2.220,9.144
2026-04-03T15:01:44.553Z,73.691,pi:0,sports ball,0.7117,845.07,388.38,1018.30,556.91,2.443,-0.581
2026-04-03T15:01:44.610Z,73.749,pi:0,sports ball,0.8548,1145.40,367.65,1318.40,549.15,2.268,9.146
2026-04-03T15:01:44.610Z,73.749,pi:0,sports ball,0.7494,844.38,387.64,1021.51,559.38,2.397,-0.540
2026-04-03T15:01:44.668Z,73.806,pi:0,sports ball,0.8774,1146.34,367.72,1317.33,552.21,2.232,9.144
2026-04-03T15:01:44.668Z,73.806,pi:0,sports ball,0.7531,844.71,388.41,1019.94,557.83,2.430,-0.560
2026-04-03T15:01:44.707Z,73.846,pi:0,sports ball,0.8774,1146.34,367.71,1317.29,552.90,2.223,9.143
2026-04-03T15:01:44.707Z,73.846,pi:0,sports ball,0.7268,844.49,387.53,1019.88,557.92,2.416,-0.565
2026-04-03T15:01:44.756Z,73.895,pi:0,sports ball,0.8812,1146.85,366.46,1317.65,553.00,2.207,9.157
2026-04-03T15:01:44.756Z,73.895,pi:0,sports ball,0.7494,844.82,387.56,1018.29,557.33,2.425,-0.586
2026-04-03T15:01:44.795Z,73.934,pi:0,sports ball,0.8849,1145.95,366.03,1317.88,553.04,2.202,9.146
2026-04-03T15:01:44.795Z,73.934,pi:0,sports ball,0.6515,843.87,388.49,1021.65,559.81,2.403,-0.546
2026-04-03T15:01:44.866Z,74.005,pi:0,sports ball,0.8661,1145.97,366.84,1317.72,553.69,2.203,9.144
2026-04-03T15:01:44.866Z,74.005,pi:0,sports ball,0.6326,843.90,387.51,1019.15,557.40,2.423,-0.586
2026-04-03T15:01:44.909Z,74.047,pi:0,sports ball,0.8548,1144.51,367.65,1318.45,548.32,2.279,9.132
2026-04-03T15:01:44.909Z,74.047,pi:0,sports ball,0.6816,845.01,387.52,1019.94,557.88,2.417,-0.555
2026-04-03T15:01:44.953Z,74.091,pi:0,sports ball,0.8699,1145.97,366.02,1317.89,553.05,2.201,9.147
2026-04-03T15:01:44.953Z,74.091,pi:0,sports ball,0.5912,844.06,387.48,1019.99,557.49,2.422,-0.570
2026-04-03T15:01:44.989Z,74.131,pi:0,sports ball,0.8510,1145.99,366.91,1317.56,552.33,2.221,9.142
2026-04-03T15:01:44.989Z,74.131,pi:0,sports ball,0.5912,844.65,387.64,1021.23,558.24,2.413,-0.540
2026-04-03T15:01:45.038Z,74.177,pi:0,sports ball,0.8322,1145.83,365.57,1317.32,553.05,2.196,9.135
2026-04-03T15:01:45.038Z,74.177,pi:0,sports ball,0.5648,840.82,388.33,1018.45,557.45,2.434,-0.648
2026-04-03T15:01:45.099Z,74.238,pi:0,sports ball,0.8473,1145.86,366.48,1317.60,553.71,2.199,9.140
2026-04-03T15:01:45.099Z,74.238,pi:0,sports ball,0.6628,844.79,385.94,1018.10,557.46,2.400,-0.589
2026-04-03T15:01:45.133Z,74.271,pi:0,sports ball,0.8661,1144.53,367.33,1318.26,548.31,2.275,9.130
2026-04-03T15:01:45.133Z,74.271,pi:0,sports ball,0.7268,845.46,387.56,1020.63,558.75,2.405,-0.537
2026-04-03T15:01:45.182Z,74.320,pi:0,sports ball,0.8586,1146.32,366.67,1317.85,552.29,2.218,9.151
2026-04-03T15:01:45.182Z,74.320,pi:0,sports ball,0.6966,845.09,387.56,1019.15,556.95,2.431,-0.567
2026-04-03T15:01:45.246Z,74.385,pi:0,sports ball,0.8586,1146.32,367.04,1317.63,551.57,2.231,9.148
2026-04-03T15:01:45.246Z,74.385,pi:0,sports ball,0.7381,845.46,388.42,1016.59,556.27,2.453,-0.603
2026-04-03T15:01:45.285Z,74.423,pi:0,sports ball,0.8623,1144.53,366.99,1318.06,549.95,2.250,9.126
2026-04-03T15:01:45.285Z,74.423,pi:0,sports ball,0.7079,844.18,388.42,1018.42,557.92,2.429,-0.594
2026-04-03T15:01:45.331Z,74.470,pi:0,sports ball,0.8435,1145.38,366.98,1318.58,549.14,2.260,9.148
2026-04-03T15:01:45.331Z,74.470,pi:0,sports ball,0.6477,843.61,388.49,1020.90,559.03,2.414,-0.563
2026-04-03T15:01:45.392Z,74.530,pi:0,sports ball,0.8623,1146.84,366.48,1317.72,552.33,2.215,9.158
2026-04-03T15:01:45.392Z,74.530,pi:0,sports ball,0.7494,844.67,388.49,1020.04,558.62,2.420,-0.559
2026-04-03T15:01:45.432Z,74.571,pi:0,sports ball,0.8510,1146.32,367.04,1317.85,552.28,2.223,9.151
2026-04-03T15:01:45.432Z,74.571,pi:0,sports ball,0.6552,843.54,385.92,1018.97,556.97,2.407,-0.595
2026-04-03T15:01:45.476Z,74.615,pi:0,sports ball,0.8812,1146.01,366.89,1317.58,552.32,2.220,9.142
2026-04-03T15:01:45.476Z,74.615,pi:0,sports ball,0.6778,844.49,388.40,1018.29,556.38,2.451,-0.591
2026-04-03T15:01:45.520Z,74.659,pi:0,sports ball,0.8774,1145.43,367.04,1317.51,551.55,2.231,9.132
2026-04-03T15:01:45.520Z,74.659,pi:0,sports ball,0.7004,844.70,388.40,1019.21,557.45,2.435,-0.573
2026-04-03T15:01:45.565Z,74.704,pi:0,sports ball,0.8586,1146.88,366.04,1317.88,553.04,2.202,9.161
2026-04-03T15:01:45.565Z,74.704,pi:0,sports ball,0.6816,844.60,388.49,1022.19,559.74,2.404,-0.525
2026-04-03T15:01:45.614Z,74.753,pi:0,sports ball,0.8774,1145.95,365.58,1317.80,553.02,2.197,9.145
2026-04-03T15:01:45.614Z,74.753,pi:0,sports ball,0.6628,844.39,388.38,1017.58,556.35,2.451,-0.604
2026-04-03T15:01:45.676Z,74.814,pi:0,sports ball,0.8661,1147.25,367.40,1317.08,552.21,2.228,9.154
2026-04-03T15:01:45.676Z,74.814,pi:0,sports ball,0.7268,844.78,388.50,1020.83,559.00,2.415,-0.545
2026-04-03T15:01:45.718Z,74.856,pi:0,sports ball,0.8699,1146.00,365.60,1317.72,553.01,2.197,9.144
2026-04-03T15:01:45.718Z,74.856,pi:0,sports ball,0.7682,845.42,387.54,1015.76,556.26,2.440,-0.617
2026-04-03T15:01:45.771Z,74.909,pi:0,sports ball,0.8510,1144.52,366.98,1318.26,547.47,2.281,9.129
2026-04-03T15:01:45.771Z,74.909,pi:0,sports ball,0.7192,845.14,388.42,1019.15,556.95,2.443,-0.566
2026-04-03T15:01:45.813Z,74.952,pi:0,sports ball,0.8586,1145.99,366.84,1317.90,553.01,2.212,9.147
2026-04-03T15:01:45.813Z,74.952,pi:0,sports ball,0.6326,844.74,388.49,1020.83,559.37,2.410,-0.545
2026-04-03T15:01:45.855Z,74.994,pi:0,sports ball,0.8435,1145.88,366.03,1317.64,553.04,2.202,9.141
2026-04-03T15:01:45.855Z,74.994,pi:0,sports ball,0.6289,845.03,387.53,1020.71,557.91,2.416,-0.543
2026-04-03T15:01:45.897Z,75.036,pi:0,sports ball,0.8586,1145.03,366.88,1317.72,553.03,2.212,9.129
2026-04-03T15:01:45.897Z,75.036,pi:0,sports ball,0.6816,844.33,387.64,1018.95,556.82,2.434,-0.583
2026-04-03T15:01:45.943Z,75.081,pi:0,sports ball,0.8774,1146.02,366.91,1317.95,552.33,2.221,9.148
2026-04-03T15:01:45.943Z,75.081,pi:0,sports ball,0.7042,844.24,385.92,1018.15,557.98,2.393,-0.597
2026-04-03T15:01:45.989Z,75.128,pi:0,sports ball,0.8360,1147.25,367.73,1317.61,552.24,2.231,9.162
2026-04-03T15:01:45.989Z,75.128,pi:0,sports ball,0.6289,844.15,386.71,1016.67,557.11,2.416,-0.623
2026-04-03T15:01:46.037Z,75.176,pi:0,sports ball,0.8209,1146.79,366.51,1317.66,553.69,2.200,9.156
2026-04-03T15:01:46.037Z,75.176,pi:0,sports ball,0.6402,844.30,388.48,1023.30,559.73,2.404,-0.512
2026-04-03T15:01:46.084Z,75.222,pi:0,sports ball,0.8548,1145.96,366.02,1317.66,553.05,2.201,9.143
2026-04-03T15:01:46.084Z,75.222,pi:0,sports ball,0.6703,844.75,388.54,1020.16,558.97,2.416,-0.556
2026-04-03T15:01:46.125Z,75.263,pi:0,sports ball,0.8473,1144.52,367.33,1318.26,548.30,2.275,9.129
2026-04-03T15:01:46.125Z,75.263,pi:0,sports ball,0.6853,845.54,387.55,1018.35,556.47,2.437,-0.573
2026-04-03T15:01:46.161Z,75.300,pi:0,sports ball,0.8586,1145.94,366.47,1317.56,552.34,2.215,9.141
2026-04-03T15:01:46.161Z,75.300,pi:0,sports ball,0.6439,844.52,388.35,1017.64,556.42,2.450,-0.601
2026-04-03T15:01:46.215Z,75.354,pi:0,sports ball,0.8661,1146.79,365.58,1317.42,553.70,2.189,9.152
2026-04-03T15:01:46.215Z,75.354,pi:0,sports ball,0.6665,843.45,388.35,1019.15,557.00,2.441,-0.594
2026-04-03T15:01:46.277Z,75.415,pi:0,sports ball,0.8586,1146.86,366.42,1318.04,553.68,2.199,9.163
2026-04-03T15:01:46.277Z,75.415,pi:0,sports ball,0.7343,844.56,388.42,1017.46,556.86,2.444,-0.603
2026-04-03T15:01:46.328Z,75.467,pi:0,sports ball,0.8360,1145.42,367.40,1317.63,551.55,2.236,9.134
2026-04-03T15:01:46.328Z,75.467,pi:0,sports ball,0.6552,845.15,387.51,1019.19,557.87,2.417,-0.565
2026-04-03T15:01:46.365Z,75.504,pi:0,sports ball,0.8322,1146.32,367.05,1317.85,551.55,2.231,9.152
2026-04-03T15:01:46.365Z,75.504,pi:0,sports ball,0.6816,844.84,388.42,1018.41,556.33,2.452,-0.583
2026-04-03T15:01:46.416Z,75.555,pi:0,sports ball,0.8435,1146.88,366.04,1317.49,553.04,2.202,9.155
2026-04-03T15:01:46.416Z,75.555,pi:0,sports ball,0.7192,844.51,388.40,1017.49,556.34,2.452,-0.604
2026-04-03T15:01:46.467Z,75.605,pi:0,sports ball,0.8510,1146.32,366.67,1318.34,551.55,2.227,9.159
2026-04-03T15:01:46.467Z,75.605,pi:0,sports ball,0.7117,844.50,388.41,1018.33,557.45,2.436,-0.590
2026-04-03T15:01:46.514Z,75.652,pi:0,sports ball,0.8586,1145.96,366.47,1317.64,553.03,2.207,9.142
2026-04-03T15:01:46.514Z,75.652,pi:0,sports ball,0.6477,843.24,387.66,1020.80,558.22,2.414,-0.570
2026-04-03T15:01:46.582Z,75.721,pi:0,sports ball,0.8774,1145.95,366.01,1317.79,552.34,2.210,9.145
2026-04-03T15:01:46.582Z,75.721,pi:0,sports ball,0.6778,844.10,387.60,1020.95,559.45,2.396,-0.554
2026-04-03T15:01:46.622Z,75.761,pi:0,sports ball,0.8736,1146.33,367.39,1317.38,552.91,2.219,9.144
2026-04-03T15:01:46.622Z,75.761,pi:0,sports ball,0.6853,844.91,388.38,1016.71,557.00,2.442,-0.610
2026-04-03T15:01:46.667Z,75.805,pi:0,sports ball,0.8736,1148.18,367.72,1317.61,552.21,2.232,9.177
2026-04-03T15:01:46.667Z,75.805,pi:0,sports ball,0.7456,845.01,389.31,1019.13,557.03,2.455,-0.569
2026-04-03T15:01:46.707Z,75.846,pi:0,sports ball,0.8774,1146.90,367.31,1317.49,552.33,2.225,9.155
2026-04-03T15:01:46.707Z,75.846,pi:0,sports ball,0.6703,843.73,387.53,1019.13,558.01,2.415,-0.590
2026-04-03T15:01:46.749Z,75.888,pi:0,sports ball,0.8736,1146.89,366.46,1317.63,553.01,2.207,9.157
2026-04-03T15:01:46.749Z,75.888,pi:0,sports ball,0.6891,844.46,388.39,1019.88,557.96,2.428,-0.565
2026-04-03T15:01:46.792Z,75.930,pi:0,sports ball,0.8812,1145.95,366.87,1317.95,552.35,2.220,9.147
2026-04-03T15:01:46.792Z,75.930,pi:0,sports ball,0.6891,844.71,387.64,1018.18,555.70,2.450,-0.589
2026-04-03T15:01:46.839Z,75.978,pi:0,sports ball,0.8435,1144.51,366.98,1318.66,548.30,2.271,9.136
2026-04-03T15:01:46.839Z,75.978,pi:0,sports ball,0.5724,844.34,388.36,1020.71,558.01,2.427,-0.554
2026-04-03T15:01:46.879Z,76.018,pi:0,sports ball,0.8322,1146.32,367.04,1318.64,552.26,2.223,9.164
2026-04-03T15:01:46.879Z,76.018,pi:0,sports ball,0.6929,844.00,388.38,1019.16,556.94,2.443,-0.585
2026-04-03T15:01:46.929Z,76.068,pi:0,sports ball,0.8774,1145.98,366.84,1317.96,553.67,2.204,9.148
2026-04-03T15:01:46.929Z,76.068,pi:0,sports ball,0.6665,843.87,388.50,1022.15,559.77,2.404,-0.538
2026-04-03T15:01:46.969Z,76.108,pi:0,sports ball,0.8812,1145.99,366.87,1317.61,553.02,2.212,9.143
2026-04-03T15:01:46.969Z,76.108,pi:0,sports ball,0.6853,844.59,388.49,1022.21,559.45,2.408,-0.525
2026-04-03T15:01:47.015Z,76.154,pi:0,sports ball,0.8623,1145.94,366.05,1317.64,552.33,2.210,9.142
2026-04-03T15:01:47.015Z,76.154,pi:0,sports ball,0.5761,844.34,388.35,1020.67,556.95,2.442,-0.555
2026-04-03T15:01:47.055Z,76.193,pi:0,sports ball,0.8473,1145.39,367.33,1318.47,548.32,2.275,9.147
2026-04-03T15:01:47.055Z,76.193,pi:0,sports ball,0.6176,843.64,388.49,1021.63,559.83,2.403,-0.550
2026-04-03T15:01:47.097Z,76.236,pi:0,sports ball,0.8623,1145.39,367.65,1318.83,548.31,2.279,9.152
2026-04-03T15:01:47.097Z,76.236,pi:0,sports ball,0.7268,845.43,388.42,1021.30,558.32,2.423,-0.526
2026-04-03T15:01:47.154Z,76.293,pi:0,sports ball,0.8586,1146.87,366.42,1317.80,553.69,2.199,9.159
2026-04-03T15:01:47.154Z,76.293,pi:0,sports ball,0.6966,843.72,388.50,1023.13,558.98,2.415,-0.524
2026-04-03T15:01:47.208Z,76.347,pi:0,sports ball,0.8586,1145.90,366.03,1317.79,553.01,2.202,9.144
2026-04-03T15:01:47.208Z,76.347,pi:0,sports ball,0.6966,844.49,388.38,1019.19,556.38,2.451,-0.576
2026-04-03T15:01:47.252Z,76.390,pi:0,sports ball,0.8699,1146.00,366.84,1317.73,553.03,2.211,9.144
2026-04-03T15:01:47.252Z,76.390,pi:0,sports ball,0.7230,845.23,388.49,1022.19,559.39,2.409,-0.515
2026-04-03T15:01:47.276Z,76.415,pi:0,sports ball,0.8623,1146.32,367.04,1318.10,551.56,2.231,9.156
2026-04-03T15:01:47.276Z,76.415,pi:0,sports ball,0.5724,844.91,388.36,1016.69,556.42,2.450,-0.610
2026-04-03T15:01:47.321Z,76.459,pi:0,sports ball,0.8623,1146.86,366.02,1317.49,552.35,2.210,9.154
2026-04-03T15:01:47.321Z,76.459,pi:0,sports ball,0.5310,843.47,387.47,1022.12,558.01,2.414,-0.545
2026-04-03T15:01:47.387Z,76.525,pi:0,sports ball,0.8473,1145.42,366.68,1317.95,551.57,2.227,9.139
2026-04-03T15:01:47.387Z,76.525,pi:0,sports ball,0.6703,845.35,387.53,1019.88,556.94,2.430,-0.551
2026-04-03T15:01:47.436Z,76.575,pi:0,sports ball,0.8774,1146.00,366.03,1317.79,553.04,2.202,9.145
2026-04-03T15:01:47.436Z,76.575,pi:0,sports ball,0.7004,845.02,388.38,1019.96,557.49,2.435,-0.555
2026-04-03T15:01:47.476Z,76.615,pi:0,sports ball,0.8623,1145.97,366.03,1317.88,552.33,2.210,9.146
2026-04-03T15:01:47.476Z,76.615,pi:0,sports ball,0.6853,844.27,387.51,1017.53,557.41,2.423,-0.607
2026-04-03T15:01:47.516Z,76.655,pi:0,sports ball,0.8699,1146.00,366.48,1317.81,553.00,2.207,9.146
2026-04-03T15:01:47.516Z,76.655,pi:0,sports ball,0.6176,844.18,387.54,1017.58,556.38,2.439,-0.608
2026-04-03T15:01:47.575Z,76.714,pi:0,sports ball,0.8661,1144.53,367.66,1318.51,548.31,2.279,9.134
2026-04-03T15:01:47.575Z,76.714,pi:0,sports ball,0.5799,844.07,388.32,1019.24,557.44,2.434,-0.582
2026-04-03T15:01:47.618Z,76.757,pi:0,sports ball,0.8736,1145.39,367.66,1318.51,548.32,2.279,9.147
2026-04-03T15:01:47.618Z,76.757,pi:0,sports ball,0.6891,845.37,388.40,1017.58,556.47,2.450,-0.588
2026-04-03T15:01:47.651Z,76.790,pi:0,sports ball,0.8510,1145.89,366.07,1317.64,552.32,2.211,9.141
2026-04-03T15:01:47.651Z,76.790,pi:0,sports ball,0.5912,844.44,386.83,1019.38,557.23,2.416,-0.574
2026-04-03T15:01:47.720Z,76.858,pi:0,sports ball,0.8661,1145.39,367.33,1318.05,549.15,2.264,9.140
2026-04-03T15:01:47.720Z,76.858,pi:0,sports ball,0.6740,844.12,388.35,1018.41,556.94,2.442,-0.595
2026-04-03T15:01:47.759Z,76.898,pi:0,sports ball,0.8661,1145.93,366.03,1317.80,552.35,2.210,9.145
2026-04-03T15:01:47.759Z,76.898,pi:0,sports ball,0.6853,844.70,388.49,1021.57,559.02,2.414,-0.534
2026-04-03T15:01:47.813Z,76.952,pi:0,sports ball,0.8623,1146.32,366.68,1317.90,551.56,2.227,9.152
2026-04-03T15:01:47.813Z,76.952,pi:0,sports ball,0.6703,845.04,388.38,1018.37,556.90,2.443,-0.581
2026-04-03T15:01:47.856Z,76.994,pi:0,sports ball,0.8510,1145.86,366.02,1317.66,553.05,2.201,9.141
2026-04-03T15:01:47.856Z,76.994,pi:0,sports ball,0.7117,845.00,388.52,1022.72,560.13,2.399,-0.510
2026-04-03T15:01:47.901Z,77.039,pi:0,sports ball,0.8548,1146.32,367.05,1318.21,551.56,2.231,9.157
2026-04-03T15:01:47.901Z,77.039,pi:0,sports ball,0.7305,844.38,389.29,1021.37,558.83,2.428,-0.542
2026-04-03T15:01:47.944Z,77.083,pi:0,sports ball,0.8473,1145.98,366.88,1317.39,553.03,2.212,9.139
2026-04-03T15:01:47.944Z,77.083,pi:0,sports ball,0.5573,843.92,388.37,1021.47,558.46,2.421,-0.548
2026-04-03T15:01:48.006Z,77.145,pi:0,sports ball,0.8774,1145.95,366.44,1318.03,553.02,2.207,9.149
2026-04-03T15:01:48.006Z,77.145,pi:0,sports ball,0.6176,842.74,388.49,1022.19,559.73,2.404,-0.556
2026-04-03T15:01:48.068Z,77.207,pi:0,sports ball,0.8473,1145.89,366.88,1317.73,553.03,2.212,9.143
2026-04-03T15:01:48.068Z,77.207,pi:0,sports ball,0.6289,843.80,388.53,1023.36,560.11,2.400,-0.519
2026-04-03T15:01:48.094Z,77.232,pi:0,sports ball,0.8736,1145.84,366.47,1317.81,553.02,2.207,9.143
2026-04-03T15:01:48.094Z,77.232,pi:0,sports ball,0.6590,844.42,388.49,1020.90,559.42,2.409,-0.549
2026-04-03T15:01:48.122Z,77.261,pi:0,sports ball,0.8435,1145.39,366.98,1318.06,549.17,2.260,9.140
2026-04-03T15:01:48.122Z,77.261,pi:0,sports ball,0.7418,844.24,388.49,1020.78,558.63,2.420,-0.554
2026-04-03T15:01:48.157Z,77.296,pi:0,sports ball,0.8699,1145.95,366.90,1317.79,553.01,2.212,9.145
2026-04-03T15:01:48.157Z,77.296,pi:0,sports ball,0.7456,844.99,388.38,1019.94,557.91,2.429,-0.556
2026-04-03T15:01:48.199Z,77.337,pi:0,sports ball,0.8586,1145.92,366.85,1317.55,553.02,2.212,9.140
2026-04-03T15:01:48.199Z,77.337,pi:0,sports ball,0.6590,845.26,388.37,1019.94,557.96,2.428,-0.551
2026-04-03T15:01:48.242Z,77.380,pi:0,sports ball,0.8510,1145.03,366.85,1317.28,553.02,2.212,9.122
2026-04-03T15:01:48.242Z,77.380,pi:0,sports ball,0.6778,844.53,385.13,1018.12,557.42,2.390,-0.593
2026-04-03T15:01:48.307Z,77.446,pi:0,sports ball,0.8510,1145.94,366.87,1317.80,553.04,2.212,9.145
2026-04-03T15:01:48.307Z,77.446,pi:0,sports ball,0.6891,844.47,387.54,1019.88,557.88,2.417,-0.565
2026-04-03T15:01:48.362Z,77.501,pi:0,sports ball,0.8736,1146.02,366.01,1317.89,553.04,2.201,9.147
2026-04-03T15:01:48.362Z,77.501,pi:0,sports ball,0.6251,844.95,388.48,1021.53,559.71,2.405,-0.531
2026-04-03T15:01:48.395Z,77.533,pi:0,sports ball,0.8586,1145.96,366.87,1317.79,552.33,2.220,9.145
2026-04-03T15:01:48.395Z,77.533,pi:0,sports ball,0.5950,844.06,387.49,1019.25,557.54,2.421,-0.582
2026-04-03T15:01:48.435Z,77.574,pi:0,sports ball,0.8435,1146.32,367.05,1318.01,552.28,2.223,9.154
2026-04-03T15:01:48.435Z,77.574,pi:0,sports ball,0.6665,844.41,388.46,1022.77,559.78,2.403,-0.519
2026-04-03T15:01:48.494Z,77.633,pi:0,sports ball,0.8548,1146.87,366.07,1317.88,553.04,2.202,9.161
2026-04-03T15:01:48.494Z,77.633,pi:0,sports ball,0.6063,845.25,387.64,1018.23,556.79,2.434,-0.579
2026-04-03T15:01:48.553Z,77.692,pi:0,sports ball,0.8774,1146.89,365.59,1317.56,552.33,2.205,9.156
2026-04-03T15:01:48.553Z,77.692,pi:0,sports ball,0.6439,844.81,388.38,1018.37,557.49,2.435,-0.584
2026-04-03T15:01:48.598Z,77.736,pi:0,sports ball,0.8699,1145.97,366.47,1317.56,553.02,2.207,9.141
2026-04-03T15:01:48.598Z,77.736,pi:0,sports ball,0.6891,844.29,388.41,1017.49,556.42,2.451,-0.607
2026-04-03T15:01:48.640Z,77.779,pi:0,sports ball,0.8548,1146.34,367.40,1317.33,552.90,2.219,9.144
2026-04-03T15:01:48.640Z,77.779,pi:0,sports ball,0.7230,844.71,388.39,1013.02,556.23,2.453,-0.673
2026-04-03T15:01:48.699Z,77.838,pi:0,sports ball,0.8699,1145.39,367.33,1318.32,548.32,2.275,9.144
2026-04-03T15:01:48.699Z,77.838,pi:0,sports ball,0.6891,844.59,388.37,1019.10,557.45,2.435,-0.576
2026-04-03T15:01:48.748Z,77.886,pi:0,sports ball,0.8736,1145.99,366.45,1317.79,552.33,2.215,9.145
2026-04-03T15:01:48.748Z,77.886,pi:0,sports ball,0.7079,844.58,389.30,1016.67,556.38,2.464,-0.616
2026-04-03T15:01:48.784Z,77.922,pi:0,sports ball,0.8435,1145.92,365.57,1318.04,552.35,2.204,9.148
2026-04-03T15:01:48.784Z,77.922,pi:0,sports ball,0.6289,844.26,388.48,1019.10,558.18,2.426,-0.581
2026-04-03T15:01:48.844Z,77.983,pi:0,sports ball,0.8473,1147.25,367.40,1317.42,552.22,2.228,9.159
2026-04-03T15:01:48.844Z,77.983,pi:0,sports ball,0.7042,844.14,387.62,1022.77,560.11,2.387,-0.523
2026-04-03T15:01:48.911Z,78.049,pi:0,sports ball,0.8548,1145.97,366.87,1317.88,552.36,2.220,9.146
2026-04-03T15:01:48.911Z,78.049,pi:0,sports ball,0.7230,844.40,388.49,1020.16,559.06,2.414,-0.562
2026-04-03T15:01:48.962Z,78.101,pi:0,sports ball,0.8736,1145.98,366.07,1317.55,553.02,2.202,9.141
2026-04-03T15:01:48.962Z,78.101,pi:0,sports ball,0.7004,844.41,388.48,1023.84,560.35,2.396,-0.502
2026-04-03T15:01:48.998Z,78.137,pi:0,sports ball,0.8623,1145.95,366.50,1317.49,553.03,2.207,9.140
2026-04-03T15:01:48.998Z,78.137,pi:0,sports ball,0.6703,844.81,387.53,1015.78,557.49,2.422,-0.627
2026-04-03T15:01:49.052Z,78.191,pi:0,sports ball,0.8510,1146.79,366.06,1317.90,552.33,2.210,9.160
2026-04-03T15:01:49.052Z,78.191,pi:0,sports ball,0.6515,843.55,388.47,1022.79,560.45,2.394,-0.533
2026-04-03T15:01:49.117Z,78.256,pi:0,sports ball,0.8360,1146.28,367.74,1318.00,552.28,2.231,9.153
2026-04-03T15:01:49.117Z,78.256,pi:0,sports ball,0.5498,843.05,388.34,1019.24,557.54,2.433,-0.599
2026-04-03T15:01:49.169Z,78.307,pi:0,sports ball,0.8435,1146.82,366.04,1317.66,552.34,2.210,9.157
2026-04-03T15:01:49.169Z,78.307,pi:0,sports ball,0.5686,844.04,388.37,1020.74,558.42,2.421,-0.558
2026-04-03T15:01:49.203Z,78.342,pi:0,sports ball,0.8736,1146.83,366.46,1317.64,553.04,2.207,9.156
2026-04-03T15:01:49.203Z,78.342,pi:0,sports ball,0.6628,843.64,387.54,1018.41,557.49,2.423,-0.603
2026-04-03T15:01:49.251Z,78.389,pi:0,sports ball,0.8548,1146.87,366.48,1317.88,552.35,2.215,9.161
2026-04-03T15:01:49.251Z,78.389,pi:0,sports ball,0.5573,844.35,387.49,1020.02,558.01,2.414,-0.565
2026-04-03T15:01:49.312Z,78.450,pi:0,sports ball,0.8699,1144.51,366.98,1318.58,549.15,2.260,9.134
2026-04-03T15:01:49.312Z,78.450,pi:0,sports ball,0.5987,844.05,388.39,1015.81,557.00,2.442,-0.639
2026-04-03T15:01:49.348Z,78.486,pi:0,sports ball,0.8699,1145.38,367.33,1318.65,548.31,2.275,9.149
2026-04-03T15:01:49.348Z,78.486,pi:0,sports ball,0.6100,843.70,387.64,1021.66,559.81,2.391,-0.549
2026-04-03T15:01:49.413Z,78.552,pi:0,sports ball,0.8586,1146.34,367.05,1317.56,552.91,2.215,9.147
2026-04-03T15:01:49.413Z,78.552,pi:0,sports ball,0.6552,843.44,388.39,1018.36,557.48,2.435,-0.607
2026-04-03T15:01:49.468Z,78.607,pi:0,sports ball,0.8586,1145.40,367.33,1318.83,548.32,2.275,9.152
2026-04-03T15:01:49.468Z,78.607,pi:0,sports ball,0.6740,844.31,385.93,1018.96,557.01,2.406,-0.583
2026-04-03T15:01:49.530Z,78.668,pi:0,sports ball,0.8812,1145.98,366.49,1317.28,553.70,2.199,9.137
2026-04-03T15:01:49.530Z,78.668,pi:0,sports ball,0.7531,844.33,387.63,1020.87,557.73,2.420,-0.551
2026-04-03T15:01:49.563Z,78.702,pi:0,sports ball,0.8247,1145.92,366.55,1317.80,552.33,2.216,9.144
2026-04-03T15:01:49.563Z,78.702,pi:0,sports ball,0.6176,844.29,387.62,1022.11,558.56,2.409,-0.532
2026-04-03T15:01:49.613Z,78.751,pi:0,sports ball,0.8699,1145.84,366.92,1317.89,553.04,2.212,9.144
2026-04-03T15:01:49.613Z,78.751,pi:0,sports ball,0.6439,843.86,387.61,1022.83,559.39,2.397,-0.527
2026-04-03T15:01:49.655Z,78.794,pi:0,sports ball,0.8473,1145.39,367.33,1318.66,549.15,2.264,9.150
2026-04-03T15:01:49.655Z,78.794,pi:0,sports ball,0.7343,844.13,388.49,1022.13,558.96,2.415,-0.534
2026-04-03T15:01:49.706Z,78.845,pi:0,sports ball,0.8586,1145.86,365.58,1317.83,553.69,2.189,9.144
2026-04-03T15:01:49.706Z,78.845,pi:0,sports ball,0.7757,845.12,388.48,1023.29,558.12,2.427,-0.499
2026-04-03T15:01:49.763Z,78.902,pi:0,sports ball,0.8812,1145.93,365.12,1317.71,552.34,2.199,9.143
2026-04-03T15:01:49.763Z,78.902,pi:0,sports ball,0.6100,844.68,387.49,1018.41,556.46,2.437,-0.586
2026-04-03T15:01:49.820Z,78.958,pi:0,sports ball,0.8699,1145.92,366.03,1317.58,553.03,2.202,9.141
2026-04-03T15:01:49.820Z,78.958,pi:0,sports ball,0.7456,844.66,389.35,1023.77,558.97,2.427,-0.499
2026-04-03T15:01:49.876Z,79.014,pi:0,sports ball,0.8774,1145.40,367.33,1318.32,549.15,2.264,9.144
2026-04-03T15:01:49.876Z,79.014,pi:0,sports ball,0.7644,844.98,388.50,1022.71,558.52,2.422,-0.511
2026-04-03T15:01:49.948Z,79.086,pi:0,sports ball,0.8473,1147.25,367.72,1317.61,552.90,2.223,9.162
2026-04-03T15:01:49.948Z,79.086,pi:0,sports ball,0.6778,845.63,387.65,1017.39,555.66,2.451,-0.587
2026-04-03T15:01:49.984Z,79.122,pi:0,sports ball,0.8435,1145.87,365.97,1317.81,553.03,2.201,9.144
2026-04-03T15:01:49.984Z,79.122,pi:0,sports ball,0.7268,844.99,387.65,1019.44,557.70,2.421,-0.564
2026-04-03T15:01:50.049Z,79.188,pi:0,sports ball,0.8774,1146.83,366.51,1317.96,553.03,2.207,9.161
2026-04-03T15:01:50.049Z,79.188,pi:0,sports ball,0.6929,844.33,388.48,1020.95,558.64,2.420,-0.550
2026-04-03T15:01:50.112Z,79.250,pi:0,sports ball,0.8623,1145.10,366.45,1317.79,552.34,2.215,9.131
2026-04-03T15:01:50.112Z,79.250,pi:0,sports ball,0.6966,843.91,388.38,1020.62,556.87,2.444,-0.562
2026-04-03T15:01:50.157Z,79.296,pi:0,sports ball,0.8397,1145.40,367.33,1318.20,548.31,2.275,9.142
2026-04-03T15:01:50.157Z,79.296,pi:0,sports ball,0.7305,843.55,387.63,1022.84,559.39,2.397,-0.532
2026-04-03T15:01:50.220Z,79.358,pi:0,sports ball,0.8247,1145.90,366.94,1317.60,552.34,2.221,9.141
2026-04-03T15:01:50.220Z,79.358,pi:0,sports ball,0.6063,844.17,388.38,1019.17,556.99,2.442,-0.582
2026-04-03T15:01:50.264Z,79.403,pi:0,sports ball,0.8774,1145.40,367.34,1318.20,548.31,2.275,9.143
2026-04-03T15:01:50.264Z,79.403,pi:0,sports ball,0.7418,845.00,388.40,1017.52,556.34,2.452,-0.595
2026-04-03T15:01:50.304Z,79.443,pi:0,sports ball,0.8510,1146.32,367.05,1318.41,551.55,2.232,9.160
2026-04-03T15:01:50.304Z,79.443,pi:0,sports ball,0.7042,845.32,389.39,1017.57,557.22,2.453,-0.589
2026-04-03T15:01:50.350Z,79.489,pi:0,sports ball,0.8586,1145.93,366.02,1317.55,553.02,2.202,9.141
2026-04-03T15:01:50.350Z,79.489,pi:0,sports ball,0.6063,842.96,388.50,1022.26,559.77,2.404,-0.551
2026-04-03T15:01:50.412Z,79.551,pi:0,sports ball,0.8586,1146.85,366.04,1317.74,553.03,2.202,9.158
2026-04-03T15:01:50.412Z,79.551,pi:0,sports ball,0.7494,844.40,388.51,1020.85,558.24,2.426,-0.551
2026-04-03T15:01:50.471Z,79.609,pi:0,sports ball,0.8586,1145.87,366.46,1317.80,553.02,2.207,9.144
2026-04-03T15:01:50.471Z,79.609,pi:0,sports ball,0.6477,844.40,388.48,1022.82,559.02,2.414,-0.518
2026-04-03T15:01:50.503Z,79.642,pi:0,sports ball,0.8548,1145.40,367.33,1318.26,548.31,2.275,9.143
2026-04-03T15:01:50.503Z,79.642,pi:0,sports ball,0.7079,844.81,387.54,1019.95,556.91,2.431,-0.559
2026-04-03T15:01:50.548Z,79.686,pi:0,sports ball,0.8435,1144.51,366.98,1318.52,549.16,2.260,9.133
2026-04-03T15:01:50.548Z,79.686,pi:0,sports ball,0.7079,844.91,388.39,1019.88,556.90,2.443,-0.558
2026-04-03T15:01:50.603Z,79.742,pi:0,sports ball,0.8435,1146.82,366.46,1317.96,552.33,2.215,9.161
2026-04-03T15:01:50.603Z,79.742,pi:0,sports ball,0.5799,843.92,388.35,1019.28,556.52,2.448,-0.584
2026-04-03T15:01:50.648Z,79.786,pi:0,sports ball,0.8812,1146.00,366.47,1318.03,552.31,2.215,9.149
2026-04-03T15:01:50.648Z,79.786,pi:0,sports ball,0.6816,845.04,387.64,1018.94,556.33,2.441,-0.571
2026-04-03T15:01:50.725Z,79.864,pi:0,sports ball,0.8699,1146.32,367.04,1317.85,550.78,2.241,9.151
2026-04-03T15:01:50.725Z,79.864,pi:0,sports ball,0.6628,844.04,387.52,1018.33,556.36,2.439,-0.598
2026-04-03T15:01:50.768Z,79.906,pi:0,sports ball,0.8623,1145.97,366.89,1317.59,552.33,2.220,9.142
2026-04-03T15:01:50.768Z,79.906,pi:0,sports ball,0.6966,845.06,388.37,1018.33,556.33,2.451,-0.581
2026-04-03T15:01:50.837Z,79.976,pi:0,sports ball,0.8586,1146.28,366.62,1318.26,549.95,2.246,9.157
2026-04-03T15:01:50.837Z,79.976,pi:0,sports ball,0.7117,844.59,387.54,1016.71,555.20,2.456,-0.615
2026-04-03T15:01:50.870Z,80.009,pi:0,sports ball,0.8510,1145.38,366.61,1318.40,548.32,2.266,9.145
2026-04-03T15:01:50.870Z,80.009,pi:0,sports ball,0.6665,844.34,388.39,1019.07,556.38,2.451,-0.581
2026-04-03T15:01:50.898Z,80.036,pi:0,sports ball,0.8548,1144.52,366.98,1318.12,548.32,2.270,9.127
2026-04-03T15:01:50.898Z,80.036,pi:0,sports ball,0.6816,843.83,388.47,1022.30,558.64,2.419,-0.536
2026-04-03T15:01:50.971Z,80.110,pi:0,sports ball,0.8586,1145.42,366.68,1317.90,551.57,2.227,9.138
2026-04-03T15:01:50.971Z,80.110,pi:0,sports ball,0.5874,844.04,388.35,1018.39,555.78,2.459,-0.597
2026-04-03T15:01:51.041Z,80.180,pi:0,sports ball,0.8548,1145.97,365.61,1317.83,553.02,2.197,9.146
2026-04-03T15:01:51.041Z,80.180,pi:0,sports ball,0.6740,844.71,387.52,1020.71,556.34,2.439,-0.548
2026-04-03T15:01:51.076Z,80.214,pi:0,sports ball,0.8774,1145.98,366.03,1317.40,553.01,2.202,9.139
2026-04-03T15:01:51.076Z,80.214,pi:0,sports ball,0.7268,845.17,387.56,1017.51,556.27,2.440,-0.593
2026-04-03T15:01:51.132Z,80.271,pi:0,sports ball,0.8397,1144.53,366.99,1318.12,549.13,2.260,9.127
2026-04-03T15:01:51.132Z,80.271,pi:0,sports ball,0.7456,845.52,388.39,1020.63,557.00,2.442,-0.536
2026-04-03T15:01:51.173Z,80.311,pi:0,sports ball,0.8397,1146.32,366.29,1318.40,551.56,2.222,9.160
2026-04-03T15:01:51.173Z,80.311,pi:0,sports ball,0.7343,844.14,387.64,1019.34,557.71,2.421,-0.580
2026-04-03T15:01:51.209Z,80.348,pi:0,sports ball,0.8661,1145.39,367.33,1318.76,549.14,2.265,9.151
2026-04-03T15:01:51.209Z,80.348,pi:0,sports ball,0.7230,846.01,387.56,1017.51,556.37,2.439,-0.579
2026-04-03T15:01:51.254Z,80.392,pi:0,sports ball,0.8699,1145.96,366.87,1317.86,553.06,2.211,9.146
2026-04-03T15:01:51.254Z,80.392,pi:0,sports ball,0.6590,844.74,387.62,1022.19,558.61,2.408,-0.523
2026-04-03T15:01:51.322Z,80.461,pi:0,sports ball,0.8435,1146.75,366.47,1318.03,553.02,2.207,9.161
2026-04-03T15:01:51.322Z,80.461,pi:0,sports ball,0.6138,844.61,387.49,1019.15,556.95,2.430,-0.575
2026-04-03T15:01:51.360Z,80.498,pi:0,sports ball,0.8623,1145.38,367.33,1318.51,548.31,2.275,9.147
2026-04-03T15:01:51.360Z,80.498,pi:0,sports ball,0.7117,844.76,388.39,1018.38,555.82,2.459,-0.585
2026-04-03T15:01:51.393Z,80.532,pi:0,sports ball,0.8661,1145.40,367.33,1318.39,549.15,2.264,9.146
2026-04-03T15:01:51.393Z,80.532,pi:0,sports ball,0.7117,844.28,386.73,1016.50,556.48,2.426,-0.624
2026-04-03T15:01:51.452Z,80.591,pi:0,sports ball,0.8736,1146.94,366.89,1317.95,553.00,2.212,9.163
2026-04-03T15:01:51.452Z,80.591,pi:0,sports ball,0.6665,844.58,388.46,1021.02,558.64,2.419,-0.545
2026-04-03T15:01:51.495Z,80.634,pi:0,sports ball,0.8586,1145.98,366.88,1317.41,552.32,2.220,9.139
2026-04-03T15:01:51.495Z,80.634,pi:0,sports ball,0.6515,844.43,387.62,1021.70,558.23,2.413,-0.536
2026-04-03T15:01:51.542Z,80.680,pi:0,sports ball,0.8699,1145.40,367.33,1318.26,549.96,2.254,9.143
2026-04-03T15:01:51.542Z,80.680,pi:0,sports ball,0.7569,846.01,387.67,1015.68,554.48,2.468,-0.609
2026-04-03T15:01:51.583Z,80.722,pi:0,sports ball,0.8774,1145.39,367.33,1318.76,549.15,2.265,9.151
2026-04-03T15:01:51.583Z,80.722,pi:0,sports ball,0.6138,844.82,388.39,1016.73,555.91,2.458,-0.611
2026-04-03T15:01:51.623Z,80.762,pi:0,sports ball,0.8812,1146.02,366.89,1317.95,553.02,2.212,9.148
2026-04-03T15:01:51.623Z,80.762,pi:0,sports ball,0.6778,845.17,387.56,1018.30,556.34,2.439,-0.580
2026-04-03T15:01:51.665Z,80.804,pi:0,sports ball,0.8699,1146.01,366.87,1318.01,553.01,2.212,9.149
2026-04-03T15:01:51.665Z,80.804,pi:0,sports ball,0.7230,844.15,388.48,1020.90,558.18,2.426,-0.554
2026-04-03T15:01:51.738Z,80.876,pi:0,sports ball,0.8699,1145.96,366.90,1317.95,553.01,2.212,9.147
2026-04-03T15:01:51.738Z,80.876,pi:0,sports ball,0.7720,845.61,388.41,1017.48,555.79,2.460,-0.586
2026-04-03T15:01:51.776Z,80.915,pi:0,sports ball,0.8774,1144.53,367.33,1318.20,549.15,2.264,9.128
2026-04-03T15:01:51.776Z,80.915,pi:0,sports ball,0.7569,845.46,388.42,1017.52,555.82,2.459,-0.588
2026-04-03T15:01:51.815Z,80.953,pi:0,sports ball,0.8586,1145.97,366.42,1317.88,553.04,2.206,9.147
2026-04-03T15:01:51.815Z,80.953,pi:0,sports ball,0.6402,845.65,387.52,1018.38,556.41,2.438,-0.571
2026-04-03T15:01:51.863Z,81.002,pi:0,sports ball,0.8661,1145.96,366.45,1318.02,553.03,2.207,9.149
2026-04-03T15:01:51.863Z,81.002,pi:0,sports ball,0.6665,844.93,388.36,1016.69,555.19,2.468,-0.610
2026-04-03T15:01:51.909Z,81.047,pi:0,sports ball,0.8661,1145.97,366.02,1317.64,553.03,2.202,9.143
2026-04-03T15:01:51.909Z,81.047,pi:0,sports ball,0.6326,845.27,388.38,1017.49,556.43,2.450,-0.591
2026-04-03T15:01:51.959Z,81.097,pi:0,sports ball,0.8473,1145.95,366.47,1317.79,553.69,2.199,9.145
2026-04-03T15:01:51.959Z,81.097,pi:0,sports ball,0.5912,844.07,388.37,1019.96,555.92,2.457,-0.570
2026-04-03T15:01:52.020Z,81.159,pi:0,sports ball,0.8510,1145.43,367.05,1318.27,552.27,2.223,9.144
2026-04-03T15:01:52.020Z,81.159,pi:0,sports ball,0.5573,844.37,387.48,1019.24,556.43,2.437,-0.577
2026-04-03T15:01:52.072Z,81.210,pi:0,sports ball,0.8623,1145.99,366.86,1317.55,553.01,2.212,9.142
2026-04-03T15:01:52.072Z,81.210,pi:0,sports ball,0.7004,844.92,388.42,1019.13,556.83,2.445,-0.570
2026-04-03T15:01:52.097Z,81.236,pi:0,sports ball,0.8435,1146.29,367.33,1318.40,549.13,2.265,9.160
2026-04-03T15:01:52.097Z,81.236,pi:0,sports ball,0.6515,845.25,387.56,1020.66,556.42,2.438,-0.540
2026-04-03T15:01:52.137Z,81.276,pi:0,sports ball,0.8510,1145.94,365.60,1317.41,552.32,2.205,9.139
2026-04-03T15:01:52.137Z,81.276,pi:0,sports ball,0.5686,843.27,387.53,1019.19,556.37,2.438,-0.596
2026-04-03T15:01:52.182Z,81.320,pi:0,sports ball,0.8736,1145.94,366.85,1317.47,554.32,2.196,9.139
2026-04-03T15:01:52.182Z,81.320,pi:0,sports ball,0.6778,844.82,388.37,1017.51,556.33,2.451,-0.598
2026-04-03T15:01:52.232Z,81.370,pi:0,sports ball,0.8623,1144.51,367.33,1318.66,549.14,2.265,9.136
2026-04-03T15:01:52.232Z,81.370,pi:0,sports ball,0.4782,844.49,387.49,1015.89,555.28,2.454,-0.630
2026-04-03T15:01:52.272Z,81.410,pi:0,sports ball,0.8586,1145.40,366.99,1318.06,549.14,2.260,9.140
2026-04-03T15:01:52.272Z,81.410,pi:0,sports ball,0.6063,844.34,387.55,1019.15,556.95,2.430,-0.579
2026-04-03T15:01:52.314Z,81.453,pi:0,sports ball,0.8548,1145.38,367.33,1318.39,549.15,2.264,9.145
2026-04-03T15:01:52.314Z,81.453,pi:0,sports ball,0.5535,844.14,388.35,1016.72,556.58,2.447,-0.622
2026-04-03T15:01:52.355Z,81.494,pi:0,sports ball,0.8774,1145.99,366.46,1317.80,553.70,2.199,9.145
2026-04-03T15:01:52.355Z,81.494,pi:0,sports ball,0.6100,844.91,388.38,1019.19,556.38,2.451,-0.569
2026-04-03T15:01:52.398Z,81.536,pi:0,sports ball,0.8774,1145.97,366.48,1317.54,553.04,2.207,9.141
2026-04-03T15:01:52.398Z,81.536,pi:0,sports ball,0.6063,845.01,388.38,1018.41,556.41,2.450,-0.581
2026-04-03T15:01:52.446Z,81.584,pi:0,sports ball,0.8887,1146.91,366.47,1317.78,553.02,2.207,9.160
2026-04-03T15:01:52.446Z,81.584,pi:0,sports ball,0.6816,844.91,388.38,1016.66,555.19,2.468,-0.611
2026-04-03T15:01:52.502Z,81.641,pi:0,sports ball,0.8812,1146.84,366.83,1317.71,553.02,2.211,9.158
2026-04-03T15:01:52.502Z,81.641,pi:0,sports ball,0.7305,845.16,387.56,1017.55,556.30,2.440,-0.592
2026-04-03T15:01:52.543Z,81.682,pi:0,sports ball,0.8736,1145.38,367.32,1318.33,549.16,2.264,9.144
2026-04-03T15:01:52.543Z,81.682,pi:0,sports ball,0.6816,845.45,388.39,1016.67,555.16,2.469,-0.602
2026-04-03T15:01:52.585Z,81.723,pi:0,sports ball,0.8623,1145.92,366.02,1317.66,552.35,2.210,9.142
2026-04-03T15:01:52.585Z,81.723,pi:0,sports ball,0.6703,844.74,387.60,1014.22,556.18,2.442,-0.653
2026-04-03T15:01:52.625Z,81.764,pi:0,sports ball,0.8699,1145.40,366.98,1318.32,549.95,2.250,9.144
2026-04-03T15:01:52.625Z,81.764,pi:0,sports ball,0.6100,844.91,388.47,1020.17,558.14,2.427,-0.553
2026-04-03T15:01:52.671Z,81.809,pi:0,sports ball,0.8812,1145.88,366.56,1317.49,553.05,2.208,9.139
2026-04-03T15:01:52.671Z,81.809,pi:0,sports ball,0.5460,844.07,388.39,1018.51,556.42,2.450,-0.594
2026-04-03T15:01:52.740Z,81.879,pi:0,sports ball,0.8736,1145.98,366.46,1317.66,553.69,2.199,9.143
2026-04-03T15:01:52.740Z,81.879,pi:0,sports ball,0.6590,844.84,385.16,1017.34,554.58,2.430,-0.601
2026-04-03T15:01:52.797Z,81.935,pi:0,sports ball,0.8736,1145.43,367.40,1317.96,551.54,2.236,9.139
2026-04-03T15:01:52.797Z,81.935,pi:0,sports ball,0.7268,844.81,388.49,1021.54,559.28,2.411,-0.533
2026-04-03T15:01:52.828Z,81.967,pi:0,sports ball,0.8774,1145.39,367.33,1318.44,548.32,2.275,9.146
2026-04-03T15:01:52.828Z,81.967,pi:0,sports ball,0.7343,844.28,387.65,1022.25,558.97,2.403,-0.530
2026-04-03T15:01:52.864Z,82.002,pi:0,sports ball,0.8586,1145.40,367.33,1318.06,549.14,2.265,9.140
2026-04-03T15:01:52.864Z,82.002,pi:0,sports ball,0.7117,844.08,387.65,1022.14,558.14,2.415,-0.535
2026-04-03T15:01:52.945Z,82.083,pi:0,sports ball,0.8548,1146.31,366.28,1317.85,552.29,2.213,9.151
2026-04-03T15:01:52.945Z,82.083,pi:0,sports ball,0.6138,844.32,388.40,1019.98,556.90,2.443,-0.566
2026-04-03T15:01:53.000Z,82.138,pi:0,sports ball,0.8397,1146.33,367.40,1317.13,552.92,2.219,9.140
2026-04-03T15:01:53.000Z,82.138,pi:0,sports ball,0.6515,844.72,387.65,1022.21,558.93,2.404,-0.523
2026-04-03T15:01:53.029Z,82.168,pi:0,sports ball,0.8397,1145.89,366.05,1317.24,553.02,2.202,9.135
2026-04-03T15:01:53.029Z,82.168,pi:0,sports ball,0.7494,845.53,387.56,1019.10,556.82,2.432,-0.561
2026-04-03T15:01:53.070Z,82.209,pi:0,sports ball,0.8623,1145.05,366.44,1317.81,553.03,2.207,9.131
2026-04-03T15:01:53.070Z,82.209,pi:0,sports ball,0.6552,843.86,388.50,1021.59,559.71,2.405,-0.547
2026-04-03T15:01:53.121Z,82.259,pi:0,sports ball,0.8887,1146.02,366.86,1317.83,553.01,2.212,9.146
2026-04-03T15:01:53.121Z,82.259,pi:0,sports ball,0.7456,844.88,388.42,1019.09,556.34,2.452,-0.571
2026-04-03T15:01:53.152Z,82.291,pi:0,sports ball,0.8586,1145.97,366.88,1317.49,552.32,2.220,9.140
2026-04-03T15:01:53.152Z,82.291,pi:0,sports ball,0.5573,844.35,389.25,1017.64,555.81,2.472,-0.604
2026-04-03T15:01:53.199Z,82.338,pi:0,sports ball,0.8435,1146.32,367.04,1317.80,552.27,2.223,9.151
2026-04-03T15:01:53.199Z,82.338,pi:0,sports ball,0.7381,845.66,388.41,1019.85,556.38,2.451,-0.546
2026-04-03T15:01:53.240Z,82.379,pi:0,sports ball,0.8623,1146.87,366.49,1317.57,553.01,2.207,9.156
2026-04-03T15:01:53.240Z,82.379,pi:0,sports ball,0.6590,843.58,388.50,1020.89,558.54,2.421,-0.563
2026-04-03T15:01:53.290Z,82.429,pi:0,sports ball,0.8661,1146.00,366.86,1317.73,553.02,2.212,9.145
2026-04-03T15:01:53.290Z,82.429,pi:0,sports ball,0.7004,844.66,387.65,1021.57,558.56,2.409,-0.535
2026-04-03T15:01:53.335Z,82.474,pi:0,sports ball,0.8548,1144.51,367.32,1318.40,549.14,2.264,9.131
2026-04-03T15:01:53.335Z,82.474,pi:0,sports ball,0.5611,844.48,388.36,1018.50,556.37,2.451,-0.588
2026-04-03T15:01:53.385Z,82.524,pi:0,sports ball,0.8736,1145.39,367.33,1318.44,549.14,2.265,9.146
2026-04-03T15:01:53.385Z,82.524,pi:0,sports ball,0.6402,844.90,388.49,1019.42,557.73,2.433,-0.566
2026-04-03T15:01:53.430Z,82.569,pi:0,sports ball,0.8360,1146.32,367.72,1317.80,552.27,2.231,9.151
2026-04-03T15:01:53.430Z,82.569,pi:0,sports ball,0.6628,845.24,388.38,1014.95,555.16,2.469,-0.633
2026-04-03T15:01:53.474Z,82.613,pi:0,sports ball,0.8397,1146.32,366.67,1317.80,552.29,2.218,9.151
2026-04-03T15:01:53.474Z,82.613,pi:0,sports ball,0.7117,844.24,385.92,1015.64,555.16,2.433,-0.638
2026-04-03T15:01:53.507Z,82.645,pi:0,sports ball,0.8360,1146.89,367.27,1317.79,553.02,2.216,9.160
2026-04-03T15:01:53.507Z,82.645,pi:0,sports ball,0.6402,843.98,388.52,1021.54,558.97,2.415,-0.546
2026-04-03T15:01:53.550Z,82.689,pi:0,sports ball,0.8435,1145.90,367.29,1317.43,552.32,2.225,9.138
2026-04-03T15:01:53.550Z,82.689,pi:0,sports ball,0.6402,844.90,388.48,1020.86,558.58,2.420,-0.542
2026-04-03T15:01:53.593Z,82.732,pi:0,sports ball,0.8586,1146.32,366.68,1317.81,552.28,2.218,9.151
2026-04-03T15:01:53.593Z,82.732,pi:0,sports ball,0.5648,845.26,388.40,1018.35,557.06,2.441,-0.577
2026-04-03T15:01:53.637Z,82.775,pi:0,sports ball,0.8397,1145.91,366.05,1317.56,553.02,2.202,9.140
2026-04-03T15:01:53.637Z,82.775,pi:0,sports ball,0.6025,845.11,388.50,1016.64,556.22,2.455,-0.608
2026-04-03T15:01:53.679Z,82.818,pi:0,sports ball,0.8435,1146.89,366.94,1317.41,553.01,2.213,9.154
2026-04-03T15:01:53.679Z,82.818,pi:0,sports ball,0.5837,843.87,387.65,1016.65,556.22,2.442,-0.628
2026-04-03T15:01:53.724Z,82.863,pi:0,sports ball,0.8510,1145.42,367.05,1317.59,552.29,2.223,9.133
2026-04-03T15:01:53.724Z,82.863,pi:0,sports ball,0.6326,844.80,386.83,1020.09,557.20,2.417,-0.556
2026-04-03T15:01:53.773Z,82.912,pi:0,sports ball,0.8736,1146.32,366.68,1317.59,552.29,2.218,9.147
2026-04-03T15:01:53.773Z,82.912,pi:0,sports ball,0.6138,846.14,387.65,1016.49,555.08,2.459,-0.594
2026-04-03T15:01:53.826Z,82.965,pi:0,sports ball,0.8435,1146.33,367.40,1317.29,552.92,2.219,9.143
2026-04-03T15:01:53.826Z,82.965,pi:0,sports ball,0.5498,843.06,387.48,1020.69,556.95,2.429,-0.575
2026-04-03T15:01:53.866Z,83.005,pi:0,sports ball,0.8397,1145.89,366.44,1317.63,553.03,2.207,9.141
2026-04-03T15:01:53.866Z,83.005,pi:0,sports ball,0.6703,844.70,389.27,1017.51,555.78,2.473,-0.600
2026-04-03T15:01:53.906Z,83.044,pi:0,sports ball,0.8247,1146.33,368.03,1317.08,552.90,2.227,9.140
2026-04-03T15:01:53.906Z,83.044,pi:0,sports ball,0.5385,844.31,388.35,1016.69,555.92,2.457,-0.620
2026-04-03T15:01:53.944Z,83.083,pi:0,sports ball,0.8586,1146.32,367.40,1317.31,551.55,2.236,9.143
2026-04-03T15:01:53.944Z,83.083,pi:0,sports ball,0.6853,844.31,388.50,1022.79,558.56,2.421,-0.520
2026-04-03T15:01:53.990Z,83.128,pi:0,sports ball,0.8360,1146.31,367.04,1317.96,551.56,2.231,9.153
2026-04-03T15:01:53.990Z,83.128,pi:0,sports ball,0.6213,845.05,388.42,1018.29,556.24,2.453,-0.582
2026-04-03T15:01:54.032Z,83.170,pi:0,sports ball,0.8661,1144.51,367.33,1318.00,549.16,2.264,9.125
2026-04-03T15:01:54.032Z,83.170,pi:0,sports ball,0.5761,844.91,387.53,1019.88,556.34,2.439,-0.558
2026-04-03T15:01:54.072Z,83.211,pi:0,sports ball,0.8171,1146.33,367.41,1317.04,552.92,2.219,9.139
2026-04-03T15:01:54.072Z,83.211,pi:0,sports ball,0.6063,843.42,387.65,1022.27,558.91,2.404,-0.543
2026-04-03T15:01:54.138Z,83.276,pi:0,sports ball,0.8209,1147.24,367.73,1317.43,553.59,2.215,9.160
2026-04-03T15:01:54.138Z,83.276,pi:0,sports ball,0.5837,845.15,388.39,1019.25,556.41,2.450,-0.564
2026-04-03T15:01:54.177Z,83.316,pi:0,sports ball,0.8623,1145.39,367.33,1318.06,549.15,2.264,9.140
2026-04-03T15:01:54.177Z,83.316,pi:0,sports ball,0.5724,845.36,388.36,1014.91,555.24,2.467,-0.632
2026-04-03T15:01:54.205Z,83.343,pi:0,sports ball,0.8510,1145.92,366.50,1317.51,553.01,2.207,9.140
2026-04-03T15:01:54.205Z,83.343,pi:0,sports ball,0.6326,844.93,388.40,1017.58,556.42,2.450,-0.595
2026-04-03T15:01:54.249Z,83.387,pi:0,sports ball,0.8586,1147.25,367.73,1317.00,553.56,2.215,9.153
2026-04-03T15:01:54.249Z,83.387,pi:0,sports ball,0.5799,843.22,388.50,1022.22,559.45,2.408,-0.547
2026-04-03T15:01:54.310Z,83.449,pi:0,sports ball,0.8171,1146.75,366.94,1317.49,553.02,2.212,9.153
2026-04-03T15:01:54.310Z,83.449,pi:0,sports ball,0.6590,845.12,387.53,1015.78,555.17,2.456,-0.622
2026-04-03T15:01:54.351Z,83.489,pi:0,sports ball,0.8397,1147.25,367.72,1317.18,552.91,2.223,9.156
2026-04-03T15:01:54.351Z,83.489,pi:0,sports ball,0.5611,844.35,388.38,1019.30,557.55,2.434,-0.577
2026-04-03T15:01:54.388Z,83.526,pi:0,sports ball,0.8586,1144.50,367.33,1318.32,549.15,2.264,9.130
2026-04-03T15:01:54.388Z,83.526,pi:0,sports ball,0.6590,845.01,387.66,1018.95,555.11,2.459,-0.572
2026-04-03T15:01:54.451Z,83.590,pi:0,sports ball,0.8623,1145.91,366.57,1317.49,552.32,2.216,9.139
2026-04-03T15:01:54.451Z,83.590,pi:0,sports ball,0.5874,844.60,388.33,1019.96,557.45,2.434,-0.562
2026-04-03T15:01:54.500Z,83.639,pi:0,sports ball,0.8322,1145.42,367.73,1318.10,551.55,2.240,9.141
2026-04-03T15:01:54.500Z,83.639,pi:0,sports ball,0.5950,844.26,388.46,1020.16,558.56,2.420,-0.564
2026-04-03T15:01:54.549Z,83.688,pi:0,sports ball,0.8473,1145.39,367.66,1318.40,548.32,2.279,9.145
2026-04-03T15:01:54.549Z,83.688,pi:0,sports ball,0.6515,844.81,388.39,1018.35,556.42,2.450,-0.585
2026-04-03T15:01:54.591Z,83.730,pi:0,sports ball,0.8397,1146.32,366.67,1318.16,551.57,2.227,9.156
2026-04-03T15:01:54.591Z,83.730,pi:0,sports ball,0.6740,845.64,389.29,1018.29,556.79,2.458,-0.572
2026-04-03T15:01:54.663Z,83.802,pi:0,sports ball,0.8397,1145.92,366.05,1317.81,553.02,2.202,9.145
2026-04-03T15:01:54.663Z,83.802,pi:0,sports ball,0.6100,844.51,388.38,1019.16,555.82,2.459,-0.576
2026-04-03T15:01:54.700Z,83.838,pi:0,sports ball,0.8397,1146.01,366.89,1317.65,552.33,2.220,9.143
2026-04-03T15:01:54.700Z,83.838,pi:0,sports ball,0.6326,844.28,388.49,1019.49,557.71,2.433,-0.575
2026-04-03T15:01:54.745Z,83.884,pi:0,sports ball,0.8397,1146.32,367.05,1317.72,552.27,2.223,9.150
2026-04-03T15:01:54.745Z,83.884,pi:0,sports ball,0.6213,844.23,385.89,1018.97,556.94,2.407,-0.584
2026-04-03T15:01:54.788Z,83.927,pi:0,sports ball,0.7870,1147.24,367.41,1317.34,552.22,2.228,9.158
2026-04-03T15:01:54.788Z,83.927,pi:0,sports ball,0.5423,845.28,389.18,1015.82,554.53,2.490,-0.618
2026-04-03T15:01:54.835Z,83.973,pi:0,sports ball,0.8397,1145.98,366.86,1317.81,553.03,2.211,9.145
2026-04-03T15:01:54.835Z,83.973,pi:0,sports ball,0.7230,844.67,387.66,1018.15,555.64,2.451,-0.590
2026-04-03T15:01:54.881Z,84.020,pi:0,sports ball,0.8322,1145.90,366.45,1317.66,553.69,2.199,9.142
2026-04-03T15:01:54.881Z,84.020,pi:0,sports ball,0.5761,844.72,388.40,1019.10,556.34,2.452,-0.574
2026-04-03T15:01:54.921Z,84.059,pi:0,sports ball,0.8360,1146.80,366.48,1317.42,553.04,2.207,9.152
2026-04-03T15:01:54.921Z,84.059,pi:0,sports ball,0.5912,844.93,388.33,1019.16,556.33,2.451,-0.570
2026-04-03T15:01:54.962Z,84.101,pi:0,sports ball,0.8360,1147.25,367.72,1317.13,552.92,2.223,9.155
2026-04-03T15:01:54.962Z,84.101,pi:0,sports ball,0.6402,844.83,388.40,1019.11,556.30,2.452,-0.572
2026-04-03T15:01:55.011Z,84.150,pi:0,sports ball,0.8134,1145.90,366.93,1317.43,552.33,2.221,9.138
2026-04-03T15:01:55.011Z,84.150,pi:0,sports ball,0.5611,844.28,388.36,1014.89,555.09,2.469,-0.650
2026-04-03T15:01:55.055Z,84.193,pi:0,sports ball,0.8322,1146.34,367.40,1317.29,552.21,2.228,9.143
2026-04-03T15:01:55.055Z,84.193,pi:0,sports ball,0.6552,843.97,388.49,1020.89,558.59,2.420,-0.557
2026-04-03T15:01:55.099Z,84.238,pi:0,sports ball,0.8397,1146.86,366.47,1317.68,552.36,2.215,9.157
2026-04-03T15:01:55.099Z,84.238,pi:0,sports ball,0.6703,844.26,388.50,1022.22,558.56,2.421,-0.531
2026-04-03T15:01:55.144Z,84.283,pi:0,sports ball,0.8209,1146.31,367.41,1317.86,551.55,2.236,9.152
2026-04-03T15:01:55.144Z,84.283,pi:0,sports ball,0.6402,844.18,387.54,1017.51,556.33,2.439,-0.609
2026-04-03T15:01:55.186Z,84.325,pi:0,sports ball,0.8510,1144.51,366.98,1318.06,548.32,2.270,9.126
2026-04-03T15:01:55.186Z,84.325,pi:0,sports ball,0.5385,838.76,387.64,1021.68,558.62,2.408,-0.629
2026-04-03T15:01:55.228Z,84.366,pi:0,sports ball,0.8284,1146.31,367.06,1317.81,551.57,2.231,9.151
2026-04-03T15:01:55.228Z,84.366,pi:0,sports ball,0.6100,845.12,388.49,1014.75,553.17,2.500,-0.638
2026-04-03T15:01:55.269Z,84.407,pi:0,sports ball,0.8510,1145.88,366.07,1317.73,553.69,2.194,9.143
2026-04-03T15:01:55.269Z,84.407,pi:0,sports ball,0.7004,844.70,388.38,1020.58,556.79,2.445,-0.550
2026-04-03T15:01:55.313Z,84.452,pi:0,sports ball,0.8360,1145.42,367.04,1317.36,551.57,2.231,9.129
2026-04-03T15:01:55.313Z,84.452,pi:0,sports ball,0.5874,845.04,387.56,1019.13,556.34,2.439,-0.568
2026-04-03T15:01:55.359Z,84.498,pi:0,sports ball,0.8171,1145.94,366.89,1317.50,552.33,2.220,9.140
2026-04-03T15:01:55.359Z,84.498,pi:0,sports ball,0.6439,844.30,388.41,1020.60,556.90,2.443,-0.556
2026-04-03T15:01:55.420Z,84.558,pi:0,sports ball,0.8360,1146.82,366.03,1317.50,553.04,2.202,9.154
2026-04-03T15:01:55.420Z,84.558,pi:0,sports ball,0.5799,844.00,388.50,1021.23,557.22,2.440,-0.551
2026-04-03T15:01:55.476Z,84.614,pi:0,sports ball,0.8548,1146.32,366.68,1317.51,551.55,2.227,9.146
2026-04-03T15:01:55.476Z,84.614,pi:0,sports ball,0.6515,844.36,388.38,1019.12,556.94,2.443,-0.580
2026-04-03T15:01:55.512Z,84.651,pi:0,sports ball,0.8510,1146.32,367.04,1317.76,551.54,2.232,9.150
2026-04-03T15:01:55.512Z,84.651,pi:0,sports ball,0.6665,845.02,388.42,1019.82,556.76,2.446,-0.557
2026-04-03T15:01:55.536Z,84.674,pi:0,sports ball,0.8586,1146.33,367.39,1317.80,552.27,2.227,9.151
2026-04-03T15:01:55.536Z,84.674,pi:0,sports ball,0.5837,843.62,388.51,1021.52,558.56,2.421,-0.552
2026-04-03T15:01:55.587Z,84.726,pi:0,sports ball,0.8510,1147.25,367.41,1317.05,552.21,2.228,9.153
2026-04-03T15:01:55.587Z,84.726,pi:0,sports ball,0.7268,845.27,387.66,1019.67,555.64,2.451,-0.556
2026-04-03T15:01:55.632Z,84.770,pi:0,sports ball,0.8397,1146.32,366.68,1317.69,551.55,2.227,9.149
2026-04-03T15:01:55.632Z,84.770,pi:0,sports ball,0.5573,843.62,388.30,1018.36,555.81,2.458,-0.604
2026-04-03T15:01:55.671Z,84.809,pi:0,sports ball,0.8247,1145.99,367.26,1317.43,552.34,2.225,9.140
2026-04-03T15:01:55.671Z,84.809,pi:0,sports ball,0.7494,845.61,389.30,1019.86,556.35,2.465,-0.547
2026-04-03T15:01:55.734Z,84.872,pi:0,sports ball,0.8360,1146.34,368.32,1317.57,552.21,2.239,9.147
2026-04-03T15:01:55.734Z,84.872,pi:0,sports ball,0.5573,843.95,387.51,1017.52,556.38,2.438,-0.612
2026-04-03T15:01:55.771Z,84.910,pi:0,sports ball,0.8360,1145.97,366.87,1317.62,551.59,2.229,9.142
2026-04-03T15:01:55.771Z,84.910,pi:0,sports ball,0.5874,843.70,387.49,1018.36,556.37,2.438,-0.603
2026-04-03T15:01:55.798Z,84.936,pi:0,sports ball,0.8247,1145.40,366.98,1318.05,548.30,2.271,9.140
2026-04-03T15:01:55.798Z,84.936,pi:0,sports ball,0.6402,844.42,388.50,1021.49,558.56,2.421,-0.540
2026-04-03T15:01:55.838Z,84.976,pi:0,sports ball,0.8247,1146.31,367.39,1318.10,552.28,2.227,9.155
2026-04-03T15:01:55.838Z,84.976,pi:0,sports ball,0.6213,844.40,388.49,1021.57,558.56,2.421,-0.539
2026-04-03T15:01:55.890Z,85.029,pi:0,sports ball,0.8247,1145.97,366.44,1317.66,552.33,2.215,9.143
2026-04-03T15:01:55.890Z,85.029,pi:0,sports ball,0.6213,844.23,387.62,1021.50,558.58,2.408,-0.543
2026-04-03T15:01:55.928Z,85.067,pi:0,sports ball,0.8623,1145.94,366.88,1317.55,553.02,2.212,9.141
2026-04-03T15:01:55.928Z,85.067,pi:0,sports ball,0.6477,844.30,388.51,1022.19,558.58,2.421,-0.530
2026-04-03T15:01:55.973Z,85.111,pi:0,sports ball,0.8284,1146.32,366.68,1317.95,551.55,2.227,9.153
2026-04-03T15:01:55.973Z,85.111,pi:0,sports ball,0.5761,844.18,388.34,1020.01,556.37,2.450,-0.568
2026-04-03T15:01:56.018Z,85.156,pi:0,sports ball,0.8247,1145.91,366.47,1317.82,552.35,2.215,9.145
2026-04-03T15:01:56.018Z,85.156,pi:0,sports ball,0.6477,842.91,388.50,1022.22,557.69,2.433,-0.553
2026-04-03T15:01:56.063Z,85.201,pi:0,sports ball,0.8397,1146.31,367.04,1318.10,552.28,2.223,9.155
2026-04-03T15:01:56.063Z,85.201,pi:0,sports ball,0.5272,844.13,389.25,1021.41,557.54,2.446,-0.546
2026-04-03T15:01:56.111Z,85.250,pi:0,sports ball,0.8322,1146.31,367.40,1317.96,551.57,2.235,9.153
2026-04-03T15:01:56.111Z,85.250,pi:0,sports ball,0.5686,843.79,388.39,1019.29,556.38,2.451,-0.586
2026-04-03T15:01:56.148Z,85.286,pi:0,sports ball,0.8322,1145.94,366.89,1317.83,552.33,2.220,9.145
2026-04-03T15:01:56.148Z,85.286,pi:0,sports ball,0.6439,843.61,388.51,1022.19,558.63,2.420,-0.542
2026-04-03T15:01:56.189Z,85.328,pi:0,sports ball,0.8209,1145.94,366.88,1317.49,553.03,2.212,9.140
2026-04-03T15:01:56.189Z,85.328,pi:0,sports ball,0.5423,842.58,387.64,1022.21,559.34,2.398,-0.558
2026-04-03T15:01:56.260Z,85.398,pi:0,sports ball,0.8021,1146.32,367.40,1317.59,551.57,2.235,9.147
2026-04-03T15:01:56.260Z,85.398,pi:0,sports ball,0.5648,844.34,388.40,1020.03,556.94,2.443,-0.565
2026-04-03T15:01:56.295Z,85.434,pi:0,sports ball,0.8209,1145.81,366.50,1317.81,552.34,2.215,9.143
2026-04-03T15:01:56.295Z,85.434,pi:0,sports ball,0.6853,845.01,387.56,1019.08,556.38,2.439,-0.569
2026-04-03T15:01:56.321Z,85.460,pi:0,sports ball,0.8322,1146.33,367.05,1317.81,551.54,2.232,9.151
2026-04-03T15:01:56.321Z,85.460,pi:0,sports ball,0.6665,844.91,389.27,1019.87,556.34,2.464,-0.558
2026-04-03T15:01:56.369Z,85.507,pi:0,sports ball,0.8284,1145.37,367.64,1318.20,548.34,2.279,9.142
2026-04-03T15:01:56.369Z,85.507,pi:0,sports ball,0.7117,844.99,388.38,1019.16,556.86,2.444,-0.569
2026-04-03T15:01:56.416Z,85.555,pi:0,sports ball,0.8171,1145.39,367.65,1317.90,548.30,2.279,9.138
2026-04-03T15:01:56.416Z,85.555,pi:0,sports ball,0.5724,844.48,387.49,1019.87,556.44,2.437,-0.565
2026-04-03T15:01:56.484Z,85.622,pi:0,sports ball,0.8247,1146.32,367.39,1318.16,552.29,2.227,9.156
2026-04-03T15:01:56.484Z,85.622,pi:0,sports ball,0.5912,843.61,389.37,1023.36,559.37,2.422,-0.523
2026-04-03T15:01:56.520Z,85.659,pi:0,sports ball,0.8397,1146.32,366.68,1318.10,552.29,2.218,9.156
2026-04-03T15:01:56.520Z,85.659,pi:0,sports ball,0.7079,845.83,388.42,1019.13,555.78,2.460,-0.555
2026-04-03T15:01:56.552Z,85.691,pi:0,sports ball,0.8397,1144.53,366.98,1318.06,549.14,2.260,9.126
2026-04-03T15:01:56.552Z,85.691,pi:0,sports ball,0.6439,845.57,388.47,1019.48,558.61,2.420,-0.554
2026-04-03T15:01:56.604Z,85.743,pi:0,sports ball,0.8548,1146.33,368.02,1317.78,552.91,2.227,9.151
2026-04-03T15:01:56.604Z,85.743,pi:0,sports ball,0.7305,844.91,387.66,1018.90,555.65,2.451,-0.574
2026-04-03T15:01:56.653Z,85.792,pi:0,sports ball,0.8774,1145.39,366.98,1318.06,549.94,2.250,9.140
2026-04-03T15:01:56.653Z,85.792,pi:0,sports ball,0.7042,844.42,387.64,1017.77,557.24,2.428,-0.601
2026-04-03T15:01:56.693Z,85.832,pi:0,sports ball,0.8284,1146.32,367.72,1317.63,552.29,2.231,9.148
2026-04-03T15:01:56.693Z,85.832,pi:0,sports ball,0.6929,846.01,387.54,1019.13,556.30,2.440,-0.552
2026-04-03T15:01:56.739Z,85.877,pi:0,sports ball,0.8435,1144.51,367.33,1318.26,549.13,2.265,9.129
2026-04-03T15:01:56.739Z,85.877,pi:0,sports ball,0.7155,844.91,388.38,1018.33,555.79,2.459,-0.583
2026-04-03T15:01:56.788Z,85.926,pi:0,sports ball,0.8397,1146.32,367.05,1317.90,551.55,2.232,9.152
2026-04-03T15:01:56.788Z,85.926,pi:0,sports ball,0.6778,844.56,388.51,1020.16,558.18,2.427,-0.559
2026-04-03T15:01:56.825Z,85.964,pi:0,sports ball,0.8096,1145.37,366.98,1318.32,548.31,2.270,9.144
2026-04-03T15:01:56.825Z,85.964,pi:0,sports ball,0.5535,844.41,388.38,1022.03,557.92,2.428,-0.531
2026-04-03T15:01:56.877Z,86.015,pi:0,sports ball,0.8661,1146.81,366.90,1317.68,553.03,2.212,9.157
2026-04-03T15:01:56.877Z,86.015,pi:0,sports ball,0.6590,845.35,388.40,1020.65,557.44,2.436,-0.538
2026-04-03T15:01:56.932Z,86.071,pi:0,sports ball,0.8736,1145.93,366.03,1317.65,553.04,2.202,9.142
2026-04-03T15:01:56.932Z,86.071,pi:0,sports ball,0.7268,845.54,389.30,1018.29,556.33,2.465,-0.574
2026-04-03T15:01:56.969Z,86.107,pi:0,sports ball,0.8284,1146.32,367.05,1317.80,552.29,2.223,9.151
2026-04-03T15:01:56.969Z,86.107,pi:0,sports ball,0.7531,845.02,388.42,1019.85,556.30,2.452,-0.557
2026-04-03T15:01:57.017Z,86.155,pi:0,sports ball,0.8435,1144.51,367.95,1318.67,548.32,2.283,9.136
2026-04-03T15:01:57.017Z,86.155,pi:0,sports ball,0.6740,845.09,388.39,1018.38,556.37,2.451,-0.580
2026-04-03T15:01:57.046Z,86.185,pi:0,sports ball,0.8209,1147.25,367.72,1317.33,552.21,2.232,9.158
2026-04-03T15:01:57.046Z,86.185,pi:0,sports ball,0.6665,844.83,387.54,1020.63,556.95,2.430,-0.547
2026-04-03T15:01:57.087Z,86.225,pi:0,sports ball,0.8247,1146.32,367.04,1317.32,552.30,2.222,9.143
2026-04-03T15:01:57.087Z,86.225,pi:0,sports ball,0.7004,844.60,387.54,1021.29,557.91,2.417,-0.540
2026-04-03T15:01:57.129Z,86.268,pi:0,sports ball,0.8058,1146.33,367.73,1317.13,552.23,2.232,9.140
2026-04-03T15:01:57.129Z,86.268,pi:0,sports ball,0.6816,844.92,388.43,1015.75,555.14,2.470,-0.625
2026-04-03T15:01:57.177Z,86.315,pi:0,sports ball,0.8548,1145.40,367.32,1318.06,549.14,2.264,9.140
2026-04-03T15:01:57.177Z,86.315,pi:0,sports ball,0.7644,845.54,387.56,1019.05,556.33,2.439,-0.561
2026-04-03T15:01:57.222Z,86.361,pi:0,sports ball,0.8171,1145.42,366.68,1317.81,551.58,2.227,9.137
2026-04-03T15:01:57.222Z,86.361,pi:0,sports ball,0.6100,844.30,388.51,1022.18,558.56,2.421,-0.531
2026-04-03T15:01:57.266Z,86.405,pi:0,sports ball,0.8209,1145.89,366.49,1317.31,553.05,2.207,9.136
2026-04-03T15:01:57.266Z,86.405,pi:0,sports ball,0.6966,844.37,388.38,1017.51,556.33,2.451,-0.606
2026-04-03T15:01:57.334Z,86.472,pi:0,sports ball,0.8661,1145.40,367.33,1318.20,548.33,2.275,9.142
2026-04-03T15:01:57.334Z,86.472,pi:0,sports ball,0.5950,845.12,386.82,1019.73,555.10,2.447,-0.557
2026-04-03T15:01:57.389Z,86.528,pi:0,sports ball,0.8247,1145.90,366.50,1317.65,552.35,2.215,9.142
2026-04-03T15:01:57.389Z,86.528,pi:0,sports ball,0.6628,845.10,387.56,1018.29,555.75,2.448,-0.581
2026-04-03T15:01:57.428Z,86.566,pi:0,sports ball,0.8435,1146.32,367.04,1317.85,552.27,2.223,9.152
2026-04-03T15:01:57.428Z,86.566,pi:0,sports ball,0.7079,845.73,388.42,1021.98,557.41,2.436,-0.510
2026-04-03T15:01:57.460Z,86.598,pi:0,sports ball,0.8736,1145.40,367.33,1318.20,549.13,2.265,9.142
2026-04-03T15:01:57.460Z,86.598,pi:0,sports ball,0.6628,843.98,387.63,1020.23,558.20,2.414,-0.568
2026-04-03T15:01:57.499Z,86.638,pi:0,sports ball,0.8473,1145.42,366.68,1317.81,551.56,2.227,9.137
2026-04-03T15:01:57.499Z,86.638,pi:0,sports ball,0.6439,844.26,388.46,1020.14,557.73,2.432,-0.564
2026-04-03T15:01:57.529Z,86.667,pi:0,sports ball,0.8510,1144.51,367.33,1318.26,548.30,2.275,9.129
2026-04-03T15:01:57.529Z,86.667,pi:0,sports ball,0.6740,844.83,387.56,1019.12,556.33,2.440,-0.572
2026-04-03T15:01:57.569Z,86.707,pi:0,sports ball,0.8510,1146.83,366.49,1317.73,552.32,2.216,9.158
2026-04-03T15:01:57.569Z,86.707,pi:0,sports ball,0.6816,844.37,388.40,1017.46,556.30,2.452,-0.606
2026-04-03T15:01:57.619Z,86.757,pi:0,sports ball,0.8661,1145.39,366.98,1318.12,549.13,2.260,9.141
2026-04-03T15:01:57.619Z,86.757,pi:0,sports ball,0.7343,845.01,387.55,1017.49,555.07,2.458,-0.595
2026-04-03T15:01:57.655Z,86.794,pi:0,sports ball,0.8435,1144.51,367.33,1318.51,549.15,2.264,9.133
2026-04-03T15:01:57.655Z,86.794,pi:0,sports ball,0.7117,843.96,388.50,1020.10,558.17,2.427,-0.570
2026-04-03T15:01:57.701Z,86.839,pi:0,sports ball,0.8699,1145.96,367.30,1317.83,552.32,2.225,9.146
2026-04-03T15:01:57.701Z,86.839,pi:0,sports ball,0.6778,844.80,387.56,1018.33,555.74,2.448,-0.585
2026-04-03T15:01:57.746Z,86.885,pi:0,sports ball,0.8736,1145.94,366.49,1317.60,553.03,2.207,9.141
2026-04-03T15:01:57.746Z,86.885,pi:0,sports ball,0.5799,844.05,387.54,1019.16,557.40,2.424,-0.584
2026-04-03T15:01:57.799Z,86.938,pi:0,sports ball,0.8322,1145.39,366.98,1318.05,549.14,2.260,9.140
2026-04-03T15:01:57.799Z,86.938,pi:0,sports ball,0.6853,845.22,388.40,1019.17,555.74,2.460,-0.565
2026-04-03T15:01:57.836Z,86.975,pi:0,sports ball,0.8774,1145.97,367.28,1317.59,553.03,2.216,9.142
2026-04-03T15:01:57.836Z,86.975,pi:0,sports ball,0.6100,845.17,389.27,1018.34,555.75,2.473,-0.579
2026-04-03T15:01:57.879Z,87.017,pi:0,sports ball,0.8435,1146.32,367.40,1318.00,552.98,2.219,9.154
2026-04-03T15:01:57.879Z,87.017,pi:0,sports ball,0.6966,845.01,387.66,1019.67,556.76,2.435,-0.560
2026-04-03T15:01:57.946Z,87.084,pi:0,sports ball,0.8548,1146.84,366.49,1317.59,553.01,2.207,9.156
2026-04-03T15:01:57.946Z,87.084,pi:0,sports ball,0.5950,844.12,387.65,1022.11,558.53,2.409,-0.535
2026-04-03T15:01:57.983Z,87.122,pi:0,sports ball,0.8548,1145.91,366.48,1317.96,553.03,2.207,9.147
2026-04-03T15:01:57.983Z,87.122,pi:0,sports ball,0.7079,844.68,388.42,1020.72,557.37,2.437,-0.548
2026-04-03T15:01:58.017Z,87.155,pi:0,sports ball,0.8360,1146.31,367.04,1317.63,551.56,2.231,9.148
2026-04-03T15:01:58.017Z,87.155,pi:0,sports ball,0.5950,844.60,389.26,1019.93,557.49,2.447,-0.562
2026-04-03T15:01:58.050Z,87.189,pi:0,sports ball,0.8623,1146.80,366.43,1317.72,553.01,2.207,9.157
2026-04-03T15:01:58.050Z,87.189,pi:0,sports ball,0.6251,844.74,385.17,1018.94,557.43,2.390,-0.576
2026-04-03T15:01:58.097Z,87.236,pi:0,sports ball,0.8548,1145.39,367.33,1318.05,549.15,2.264,9.140
2026-04-03T15:01:58.097Z,87.236,pi:0,sports ball,0.7042,844.49,388.38,1018.37,555.78,2.460,-0.590
2026-04-03T15:01:58.162Z,87.301,pi:0,sports ball,0.8510,1146.32,367.05,1318.00,551.56,2.231,9.154
2026-04-03T15:01:58.162Z,87.301,pi:0,sports ball,0.5799,844.44,388.50,1022.25,559.06,2.414,-0.527
2026-04-03T15:01:58.222Z,87.361,pi:0,sports ball,0.8322,1146.32,367.40,1317.90,552.29,2.227,9.152
2026-04-03T15:01:58.222Z,87.361,pi:0,sports ball,0.4820,842.16,387.49,1018.40,555.86,2.445,-0.627
2026-04-03T15:01:58.250Z,87.389,pi:0,sports ball,0.8209,1145.90,366.89,1317.49,553.02,2.212,9.139
2026-04-03T15:01:58.250Z,87.389,pi:0,sports ball,0.6853,844.61,388.42,1019.81,556.31,2.452,-0.564
2026-04-03T15:01:58.301Z,87.439,pi:0,sports ball,0.8699,1145.40,367.65,1318.26,549.14,2.269,9.143
2026-04-03T15:01:58.301Z,87.439,pi:0,sports ball,0.6477,844.04,388.38,1019.15,556.99,2.442,-0.584
2026-04-03T15:01:58.361Z,87.503,pi:0,sports ball,0.8360,1147.25,367.73,1317.33,552.91,2.223,9.158
2026-04-03T15:01:58.361Z,87.503,pi:0,sports ball,0.6251,844.59,385.90,1015.62,555.94,2.421,-0.633
2026-04-03T15:01:58.416Z,87.554,pi:0,sports ball,0.8360,1146.33,367.40,1317.70,552.21,2.228,9.149
2026-04-03T15:01:58.416Z,87.554,pi:0,sports ball,0.6515,845.38,387.55,1018.30,555.75,2.448,-0.576
2026-04-03T15:01:58.464Z,87.602,pi:0,sports ball,0.8510,1145.95,366.88,1317.60,552.32,2.220,9.142
2026-04-03T15:01:58.464Z,87.602,pi:0,sports ball,0.6590,844.01,388.50,1022.13,558.58,2.421,-0.536
2026-04-03T15:01:58.502Z,87.640,pi:0,sports ball,0.8473,1145.89,366.06,1317.57,553.03,2.202,9.140
2026-04-03T15:01:58.502Z,87.640,pi:0,sports ball,0.7230,844.44,387.63,1020.78,558.99,2.403,-0.551
2026-04-03T15:01:58.564Z,87.703,pi:0,sports ball,0.8435,1145.90,366.06,1317.49,553.01,2.202,9.139
2026-04-03T15:01:58.564Z,87.703,pi:0,sports ball,0.6853,843.98,388.50,1020.94,558.18,2.426,-0.556
2026-04-03T15:01:58.624Z,87.762,pi:0,sports ball,0.8661,1145.93,366.08,1317.73,553.70,2.194,9.143
2026-04-03T15:01:58.624Z,87.762,pi:0,sports ball,0.6966,845.09,387.54,1017.52,556.24,2.440,-0.594
2026-04-03T15:01:58.656Z,87.795,pi:0,sports ball,0.8699,1146.86,366.88,1317.66,553.02,2.212,9.157
2026-04-03T15:01:58.656Z,87.795,pi:0,sports ball,0.6853,844.91,388.38,1019.89,557.92,2.428,-0.558
2026-04-03T15:01:58.711Z,87.850,pi:0,sports ball,0.8699,1145.95,366.44,1317.73,553.68,2.199,9.144
2026-04-03T15:01:58.711Z,87.850,pi:0,sports ball,0.7192,845.71,388.42,1020.56,556.83,2.445,-0.534
2026-04-03T15:01:58.774Z,87.912,pi:0,sports ball,0.8171,1145.42,366.67,1318.17,551.55,2.227,9.142
2026-04-03T15:01:58.774Z,87.912,pi:0,sports ball,0.6515,844.50,388.39,1019.88,556.38,2.451,-0.565
2026-04-03T15:01:58.818Z,87.957,pi:0,sports ball,0.8699,1146.32,367.39,1317.76,551.55,2.236,9.150
2026-04-03T15:01:58.818Z,87.957,pi:0,sports ball,0.6138,844.99,389.24,1020.67,556.34,2.464,-0.544
2026-04-03T15:01:58.859Z,87.998,pi:0,sports ball,0.8473,1146.32,366.68,1318.15,552.28,2.218,9.156
2026-04-03T15:01:58.859Z,87.998,pi:0,sports ball,0.6703,844.26,388.51,1020.78,558.10,2.428,-0.554
2026-04-03T15:01:58.920Z,88.058,pi:0,sports ball,0.7983,1144.50,367.32,1318.00,549.17,2.264,9.125
2026-04-03T15:01:58.920Z,88.058,pi:0,sports ball,0.5423,844.17,387.54,1018.40,556.95,2.430,-0.594
2026-04-03T15:01:58.978Z,88.117,pi:0,sports ball,0.8548,1144.50,367.65,1318.40,548.33,2.279,9.131
2026-04-03T15:01:58.978Z,88.117,pi:0,sports ball,0.6703,844.41,388.49,1020.27,557.71,2.433,-0.560
2026-04-03T15:01:59.046Z,88.185,pi:0,sports ball,0.8247,1145.86,366.51,1317.83,551.61,2.224,9.144
2026-04-03T15:01:59.046Z,88.185,pi:0,sports ball,0.5272,844.20,388.37,1017.57,556.43,2.450,-0.608
2026-04-03T15:01:59.074Z,88.212,pi:0,sports ball,0.8397,1145.97,366.45,1318.04,553.02,2.207,9.149
2026-04-03T15:01:59.074Z,88.212,pi:0,sports ball,0.7155,843.99,387.53,1019.93,556.38,2.438,-0.572
2026-04-03T15:01:59.124Z,88.262,pi:0,sports ball,0.8623,1145.91,366.85,1317.89,553.00,2.212,9.146
2026-04-03T15:01:59.124Z,88.262,pi:0,sports ball,0.6213,844.20,388.37,1018.41,556.94,2.442,-0.594
2026-04-03T15:01:59.168Z,88.307,pi:0,sports ball,0.8510,1145.38,367.33,1318.12,549.15,2.264,9.141
2026-04-03T15:01:59.168Z,88.307,pi:0,sports ball,0.6703,845.35,388.43,1018.33,556.33,2.452,-0.576
2026-04-03T15:01:59.213Z,88.351,pi:0,sports ball,0.8134,1145.89,366.49,1317.75,552.35,2.215,9.143
2026-04-03T15:01:59.213Z,88.351,pi:0,sports ball,0.6665,845.10,388.39,1017.53,556.30,2.452,-0.593
2026-04-03T15:01:59.253Z,88.391,pi:0,sports ball,0.8171,1146.33,367.40,1317.13,552.91,2.219,9.140
2026-04-03T15:01:59.253Z,88.391,pi:0,sports ball,0.5498,843.02,388.38,1020.00,557.45,2.435,-0.587
2026-04-03T15:01:59.292Z,88.431,pi:0,sports ball,0.8548,1145.92,366.04,1317.57,552.35,2.210,9.141
2026-04-03T15:01:59.292Z,88.431,pi:0,sports ball,0.7418,845.53,388.41,1018.29,555.72,2.461,-0.574
2026-04-03T15:01:59.363Z,88.502,pi:0,sports ball,0.8360,1144.52,367.32,1318.40,547.47,2.285,9.132
2026-04-03T15:01:59.363Z,88.502,pi:0,sports ball,0.5724,844.63,388.36,1018.36,556.40,2.450,-0.587
2026-04-03T15:01:59.408Z,88.547,pi:0,sports ball,0.8397,1145.91,366.89,1317.57,553.03,2.212,9.141
2026-04-03T15:01:59.408Z,88.547,pi:0,sports ball,0.5611,844.06,388.38,1020.70,556.46,2.449,-0.559
2026-04-03T15:01:59.456Z,88.595,pi:0,sports ball,0.8435,1145.95,366.51,1317.74,552.32,2.216,9.144
2026-04-03T15:01:59.456Z,88.595,pi:0,sports ball,0.6251,844.93,389.27,1016.64,555.15,2.482,-0.611
2026-04-03T15:01:59.508Z,88.646,pi:0,sports ball,0.8586,1146.84,366.03,1317.63,553.04,2.202,9.156
2026-04-03T15:01:59.508Z,88.646,pi:0,sports ball,0.6289,844.82,389.26,1019.95,556.86,2.457,-0.558
2026-04-03T15:01:59.545Z,88.683,pi:0,sports ball,0.8209,1146.82,366.85,1317.50,552.35,2.220,9.154
2026-04-03T15:01:59.545Z,88.683,pi:0,sports ball,0.5159,843.40,387.49,1020.00,555.87,2.445,-0.581
2026-04-03T15:01:59.582Z,88.720,pi:0,sports ball,0.8548,1145.39,367.33,1318.26,549.13,2.265,9.143
2026-04-03T15:01:59.582Z,88.720,pi:0,sports ball,0.5912,844.57,389.36,1022.90,559.06,2.426,-0.514
2026-04-03T15:01:59.620Z,88.758,pi:0,sports ball,0.8435,1146.32,367.04,1317.91,552.27,2.223,9.152
2026-04-03T15:01:59.620Z,88.758,pi:0,sports ball,0.7757,845.71,387.56,1018.30,555.72,2.448,-0.571
2026-04-03T15:01:59.653Z,88.791,pi:0,sports ball,0.8586,1147.24,368.03,1317.33,552.91,2.227,9.158
2026-04-03T15:01:59.653Z,88.791,pi:0,sports ball,0.7531,845.00,388.42,1019.87,556.76,2.446,-0.557
2026-04-03T15:01:59.696Z,88.834,pi:0,sports ball,0.8247,1147.24,367.41,1317.61,552.92,2.219,9.162
2026-04-03T15:01:59.696Z,88.834,pi:0,sports ball,0.7117,844.92,388.41,1018.37,555.71,2.461,-0.583
2026-04-03T15:01:59.737Z,88.876,pi:0,sports ball,0.8134,1146.81,366.46,1317.51,553.04,2.207,9.154
2026-04-03T15:01:59.737Z,88.876,pi:0,sports ball,0.6665,844.67,388.47,1020.21,557.70,2.433,-0.557
2026-04-03T15:01:59.780Z,88.919,pi:0,sports ball,0.8397,1145.92,366.91,1317.66,553.04,2.212,9.142
2026-04-03T15:01:59.780Z,88.919,pi:0,sports ball,0.7042,844.88,388.52,1021.57,558.55,2.421,-0.531
2026-04-03T15:01:59.820Z,88.959,pi:0,sports ball,0.8623,1147.24,366.28,1317.28,551.57,2.222,9.157
2026-04-03T15:01:59.820Z,88.959,pi:0,sports ball,0.7381,845.18,387.57,1018.33,555.66,2.449,-0.579
2026-04-03T15:01:59.885Z,89.024,pi:0,sports ball,0.8435,1145.95,366.89,1317.76,553.02,2.212,9.144
2026-04-03T15:01:59.885Z,89.024,pi:0,sports ball,0.6477,845.06,388.50,1021.48,559.36,2.410,-0.530
2026-04-03T15:01:59.927Z,89.065,pi:0,sports ball,0.7945,1147.25,367.72,1317.08,552.92,2.223,9.154
2026-04-03T15:01:59.927Z,89.065,pi:0,sports ball,0.5234,844.15,387.66,1022.80,560.05,2.388,-0.523
2026-04-03T15:01:59.956Z,89.094,pi:0,sports ball,0.8435,1147.24,367.73,1317.04,553.58,2.215,9.153
2026-04-03T15:01:59.956Z,89.094,pi:0,sports ball,0.6251,844.60,388.38,1018.37,556.94,2.443,-0.588
2026-04-03T15:02:00.022Z,89.160,pi:0,sports ball,0.8435,1146.32,367.05,1317.97,552.29,2.223,9.153
2026-04-03T15:02:00.022Z,89.160,pi:0,sports ball,0.6213,843.02,387.63,1022.88,559.42,2.397,-0.540
2026-04-03T15:02:00.069Z,89.207,pi:0,sports ball,0.8623,1145.91,366.90,1317.42,553.03,2.212,9.138
2026-04-03T15:02:00.069Z,89.207,pi:0,sports ball,0.7079,844.72,387.65,1022.68,559.02,2.403,-0.515
2026-04-03T15:02:00.105Z,89.244,pi:0,sports ball,0.8774,1145.99,366.46,1317.40,552.36,2.215,9.139
2026-04-03T15:02:00.105Z,89.244,pi:0,sports ball,0.7004,845.84,388.42,1019.87,556.99,2.442,-0.543
2026-04-03T15:02:00.152Z,89.290,pi:0,sports ball,0.8435,1145.93,366.44,1317.96,552.35,2.215,9.147
2026-04-03T15:02:00.152Z,89.290,pi:0,sports ball,0.7117,845.25,388.42,1018.28,556.30,2.452,-0.579
2026-04-03T15:02:00.194Z,89.333,pi:0,sports ball,0.8586,1145.88,366.45,1317.80,553.04,2.207,9.144
2026-04-03T15:02:00.194Z,89.333,pi:0,sports ball,0.7268,845.23,387.56,1019.14,556.30,2.440,-0.565
2026-04-03T15:02:00.247Z,89.385,pi:0,sports ball,0.8397,1144.51,367.33,1318.33,548.32,2.275,9.130
2026-04-03T15:02:00.247Z,89.385,pi:0,sports ball,0.6853,844.91,388.40,1018.33,555.78,2.460,-0.583
2026-04-03T15:02:00.289Z,89.428,pi:0,sports ball,0.8322,1145.39,366.98,1318.51,548.33,2.270,9.147
2026-04-03T15:02:00.289Z,89.428,pi:0,sports ball,0.6590,844.06,388.50,1022.73,558.55,2.421,-0.525
2026-04-03T15:02:00.330Z,89.469,pi:0,sports ball,0.8774,1145.38,367.33,1319.00,549.15,2.265,9.155
2026-04-03T15:02:00.330Z,89.469,pi:0,sports ball,0.7042,845.91,388.40,1019.12,556.21,2.453,-0.554
2026-04-03T15:02:00.400Z,89.539,pi:0,sports ball,0.8435,1147.25,368.31,1317.87,552.21,2.239,9.167
2026-04-03T15:02:00.400Z,89.539,pi:0,sports ball,0.6439,843.84,387.63,1022.19,559.00,2.403,-0.538
2026-04-03T15:02:00.444Z,89.583,pi:0,sports ball,0.8510,1145.38,367.33,1318.40,549.15,2.264,9.145
2026-04-03T15:02:00.444Z,89.583,pi:0,sports ball,0.6891,844.54,385.16,1018.14,556.33,2.405,-0.593
2026-04-03T15:02:00.525Z,89.663,pi:0,sports ball,0.8284,1145.02,366.05,1317.96,552.37,2.210,9.133
2026-04-03T15:02:00.525Z,89.663,pi:0,sports ball,0.6515,844.62,388.41,1018.34,556.30,2.452,-0.588
2026-04-03T15:02:00.555Z,89.693,pi:0,sports ball,0.8284,1146.34,367.40,1317.61,551.48,2.237,9.148
2026-04-03T15:02:00.555Z,89.693,pi:0,sports ball,0.7305,845.01,388.42,1019.04,555.74,2.461,-0.570
2026-04-03T15:02:00.604Z,89.742,pi:0,sports ball,0.8360,1146.32,367.04,1317.63,552.27,2.223,9.148
2026-04-03T15:02:00.604Z,89.742,pi:0,sports ball,0.7268,845.61,388.42,1014.81,554.46,2.480,-0.629
2026-04-03T15:02:00.653Z,89.791,pi:0,sports ball,0.8548,1146.32,366.67,1318.05,552.27,2.218,9.155
2026-04-03T15:02:00.653Z,89.791,pi:0,sports ball,0.6477,844.92,387.66,1016.52,555.07,2.459,-0.613
2026-04-03T15:02:00.707Z,89.845,pi:0,sports ball,0.8134,1144.53,366.97,1318.12,549.13,2.260,9.127
2026-04-03T15:02:00.707Z,89.845,pi:0,sports ball,0.6477,844.26,387.64,1021.48,559.34,2.398,-0.543
2026-04-03T15:02:00.738Z,89.877,pi:0,sports ball,0.8360,1146.34,367.40,1317.33,552.21,2.228,9.144
2026-04-03T15:02:00.738Z,89.877,pi:0,sports ball,0.6063,844.34,386.79,1019.73,556.28,2.429,-0.570
2026-04-03T15:02:00.801Z,89.939,pi:0,sports ball,0.8397,1146.32,367.04,1317.95,551.54,2.231,9.153
2026-04-03T15:02:00.801Z,89.939,pi:0,sports ball,0.6326,844.93,387.53,1020.62,556.85,2.432,-0.546
2026-04-03T15:02:00.848Z,89.986,pi:0,sports ball,0.8397,1146.31,367.04,1317.74,551.55,2.231,9.150
2026-04-03T15:02:00.848Z,89.986,pi:0,sports ball,0.7079,845.03,388.39,1018.29,555.82,2.459,-0.582
2026-04-03T15:02:00.888Z,90.026,pi:0,sports ball,0.8623,1145.42,367.05,1318.22,551.55,2.231,9.143
2026-04-03T15:02:00.888Z,90.026,pi:0,sports ball,0.6703,844.71,387.56,1019.85,556.91,2.431,-0.562
2026-04-03T15:02:00.932Z,90.071,pi:0,sports ball,0.8397,1145.90,366.44,1317.83,553.05,2.206,9.145
2026-04-03T15:02:00.932Z,90.071,pi:0,sports ball,0.7004,845.17,387.56,1019.05,555.72,2.448,-0.567
2026-04-03T15:02:00.995Z,90.133,pi:0,sports ball,0.8209,1144.51,366.98,1318.47,548.31,2.271,9.133
2026-04-03T15:02:00.995Z,90.133,pi:0,sports ball,0.6176,845.05,388.40,1019.87,556.33,2.452,-0.556
2026-04-03T15:02:01.053Z,90.192,pi:0,sports ball,0.8209,1146.32,367.39,1317.74,552.26,2.227,9.150
2026-04-03T15:02:01.053Z,90.192,pi:0,sports ball,0.5987,844.73,388.47,1020.94,558.57,2.421,-0.544
2026-04-03T15:02:01.087Z,90.226,pi:0,sports ball,0.8473,1146.32,367.40,1317.91,552.29,2.227,9.153
2026-04-03T15:02:01.087Z,90.226,pi:0,sports ball,0.7343,844.66,389.38,1020.73,557.66,2.447,-0.548
2026-04-03T15:02:01.120Z,90.258,pi:0,sports ball,0.8435,1145.37,366.99,1318.69,549.15,2.260,9.150
2026-04-03T15:02:01.120Z,90.258,pi:0,sports ball,0.6025,843.88,385.89,1017.35,555.88,2.422,-0.616
2026-04-03T15:02:01.159Z,90.297,pi:0,sports ball,0.8284,1144.50,367.65,1318.56,549.13,2.269,9.134
2026-04-03T15:02:01.159Z,90.297,pi:0,sports ball,0.6929,844.81,388.41,1016.64,556.37,2.451,-0.613
2026-04-03T15:02:01.200Z,90.338,pi:0,sports ball,0.8623,1145.91,366.88,1317.88,553.03,2.212,9.146
2026-04-03T15:02:01.200Z,90.338,pi:0,sports ball,0.6289,843.92,388.42,1019.15,556.41,2.451,-0.586
2026-04-03T15:02:01.253Z,90.391,pi:0,sports ball,0.8435,1146.82,366.50,1317.97,552.34,2.215,9.161
2026-04-03T15:02:01.253Z,90.391,pi:0,sports ball,0.5573,844.60,388.39,1019.16,555.78,2.460,-0.575
2026-04-03T15:02:01.296Z,90.434,pi:0,sports ball,0.8435,1146.87,366.48,1317.49,552.32,2.215,9.154
2026-04-03T15:02:01.296Z,90.434,pi:0,sports ball,0.6100,844.81,388.41,1018.35,556.41,2.451,-0.585
2026-04-03T15:02:01.348Z,90.486,pi:0,sports ball,0.8360,1145.40,367.33,1318.19,549.15,2.264,9.142
2026-04-03T15:02:01.348Z,90.486,pi:0,sports ball,0.6251,843.99,389.40,1023.27,559.76,2.417,-0.518
2026-04-03T15:02:01.411Z,90.549,pi:0,sports ball,0.8360,1146.32,367.04,1317.63,551.55,2.231,9.148
2026-04-03T15:02:01.411Z,90.549,pi:0,sports ball,0.6552,843.97,388.49,1022.26,559.69,2.405,-0.535
2026-04-03T15:02:01.452Z,90.590,pi:0,sports ball,0.7983,1146.32,367.41,1317.96,552.29,2.227,9.153
2026-04-03T15:02:01.452Z,90.590,pi:0,sports ball,0.5724,844.62,388.35,1020.00,556.91,2.443,-0.561
2026-04-03T15:02:01.492Z,90.631,pi:0,sports ball,0.8322,1144.51,367.33,1318.69,549.14,2.264,9.136
2026-04-03T15:02:01.492Z,90.631,pi:0,sports ball,0.5950,844.73,385.15,1014.80,555.16,2.422,-0.644
2026-04-03T15:02:01.536Z,90.674,pi:0,sports ball,0.8473,1145.95,366.46,1317.74,553.01,2.207,9.144
2026-04-03T15:02:01.536Z,90.674,pi:0,sports ball,0.6213,844.33,388.49,1021.53,559.03,2.414,-0.541
2026-04-03T15:02:01.586Z,90.725,pi:0,sports ball,0.7983,1145.42,367.39,1318.22,551.55,2.236,9.143
2026-04-03T15:02:01.586Z,90.725,pi:0,sports ball,0.5611,843.82,387.60,1021.64,558.21,2.413,-0.547
2026-04-03T15:02:01.627Z,90.766,pi:0,sports ball,0.8247,1144.51,367.33,1318.45,549.15,2.264,9.132
2026-04-03T15:02:01.627Z,90.766,pi:0,sports ball,0.5950,844.73,388.48,1018.31,557.29,2.439,-0.587
2026-04-03T15:02:01.679Z,90.818,pi:0,sports ball,0.8096,1146.76,366.93,1317.91,553.05,2.212,9.159
2026-04-03T15:02:01.679Z,90.818,pi:0,sports ball,0.5611,843.78,388.36,1019.31,556.42,2.450,-0.586
2026-04-03T15:02:01.719Z,90.857,pi:0,sports ball,0.8586,1145.40,367.33,1318.06,549.15,2.264,9.140
2026-04-03T15:02:01.719Z,90.857,pi:0,sports ball,0.6025,844.07,387.51,1016.72,555.82,2.446,-0.623
2026-04-03T15:02:01.759Z,90.898,pi:0,sports ball,0.8360,1145.87,366.02,1317.57,553.04,2.202,9.140
2026-04-03T15:02:01.759Z,90.898,pi:0,sports ball,0.6326,844.10,385.94,1019.00,555.99,2.421,-0.586
2026-04-03T15:02:01.797Z,90.936,pi:0,sports ball,0.7945,1145.37,367.65,1318.13,549.15,2.268,9.141
2026-04-03T15:02:01.797Z,90.936,pi:0,sports ball,0.6552,844.59,388.42,1018.27,555.82,2.459,-0.590
2026-04-03T15:02:01.851Z,90.989,pi:0,sports ball,0.8435,1145.38,367.33,1318.20,548.33,2.275,9.142
2026-04-03T15:02:01.851Z,90.989,pi:0,sports ball,0.6326,844.60,388.40,1016.74,555.19,2.469,-0.614
2026-04-03T15:02:01.908Z,91.047,pi:0,sports ball,0.8322,1146.32,367.40,1318.05,551.54,2.236,9.155
2026-04-03T15:02:01.908Z,91.047,pi:0,sports ball,0.6477,844.46,388.37,1018.37,556.29,2.452,-0.590
2026-04-03T15:02:01.952Z,91.091,pi:0,sports ball,0.8058,1144.50,367.65,1318.40,549.14,2.269,9.131
2026-04-03T15:02:01.952Z,91.091,pi:0,sports ball,0.4820,843.00,388.47,1022.75,559.48,2.408,-0.542
2026-04-03T15:02:01.984Z,91.123,pi:0,sports ball,0.8284,1145.90,366.86,1317.56,552.36,2.220,9.140
2026-04-03T15:02:01.984Z,91.123,pi:0,sports ball,0.6176,843.77,389.24,1018.41,556.37,2.463,-0.601
2026-04-03T15:02:02.020Z,91.158,pi:0,sports ball,0.8397,1145.96,366.86,1317.90,553.03,2.211,9.147
2026-04-03T15:02:02.020Z,91.158,pi:0,sports ball,0.6515,845.28,388.37,1015.83,555.19,2.468,-0.618
2026-04-03T15:02:02.081Z,91.220,pi:0,sports ball,0.8548,1145.97,366.83,1317.67,553.02,2.211,9.143
2026-04-03T15:02:02.081Z,91.220,pi:0,sports ball,0.7343,844.99,389.27,1019.12,556.29,2.465,-0.569
2026-04-03T15:02:02.128Z,91.267,pi:0,sports ball,0.8435,1145.93,366.05,1317.68,552.33,2.210,9.143
2026-04-03T15:02:02.128Z,91.267,pi:0,sports ball,0.7230,844.69,388.42,1019.88,557.44,2.436,-0.562
2026-04-03T15:02:02.175Z,91.314,pi:0,sports ball,0.8510,1146.32,367.05,1317.80,552.27,2.223,9.151
2026-04-03T15:02:02.175Z,91.314,pi:0,sports ball,0.6778,845.54,388.43,1018.33,555.71,2.461,-0.573
2026-04-03T15:02:02.219Z,91.358,pi:0,sports ball,0.8058,1145.94,366.86,1317.43,553.02,2.212,9.139
2026-04-03T15:02:02.219Z,91.358,pi:0,sports ball,0.6515,845.16,387.56,1019.87,556.92,2.431,-0.554
2026-04-03T15:02:02.278Z,91.417,pi:0,sports ball,0.8586,1146.31,367.41,1317.69,552.28,2.227,9.149
2026-04-03T15:02:02.278Z,91.417,pi:0,sports ball,0.7230,845.02,388.41,1019.88,556.95,2.443,-0.556
2026-04-03T15:02:02.334Z,91.473,pi:0,sports ball,0.8435,1145.90,366.45,1317.50,553.05,2.206,9.139
2026-04-03T15:02:02.334Z,91.473,pi:0,sports ball,0.7456,844.59,387.67,1016.48,555.09,2.459,-0.619
2026-04-03T15:02:02.377Z,91.515,pi:0,sports ball,0.8322,1146.32,367.40,1317.80,552.28,2.227,9.151
2026-04-03T15:02:02.377Z,91.515,pi:0,sports ball,0.6213,843.95,385.16,1018.18,556.46,2.404,-0.602
2026-04-03T15:02:02.432Z,91.570,pi:0,sports ball,0.8397,1145.94,366.02,1317.74,553.02,2.202,9.144
2026-04-03T15:02:02.432Z,91.570,pi:0,sports ball,0.6439,844.30,388.38,1016.65,555.10,2.470,-0.621
2026-04-03T15:02:02.476Z,91.615,pi:0,sports ball,0.8397,1145.94,365.62,1317.75,552.35,2.205,9.144
2026-04-03T15:02:02.476Z,91.615,pi:0,sports ball,0.5686,844.92,388.38,1018.30,556.33,2.451,-0.584
2026-04-03T15:02:02.515Z,91.653,pi:0,sports ball,0.8322,1146.31,367.04,1317.90,551.55,2.231,9.152
2026-04-03T15:02:02.515Z,91.653,pi:0,sports ball,0.6966,844.95,389.28,1020.58,556.80,2.458,-0.546
2026-04-03T15:02:02.561Z,91.699,pi:0,sports ball,0.8661,1145.97,366.88,1317.59,552.32,2.220,9.142
2026-04-03T15:02:02.561Z,91.699,pi:0,sports ball,0.6364,845.49,387.54,1018.33,555.77,2.447,-0.574
2026-04-03T15:02:02.609Z,91.747,pi:0,sports ball,0.8209,1147.24,367.73,1317.48,551.49,2.241,9.160
2026-04-03T15:02:02.609Z,91.747,pi:0,sports ball,0.5799,845.39,389.27,1020.71,556.30,2.465,-0.537
2026-04-03T15:02:02.653Z,91.792,pi:0,sports ball,0.8586,1145.98,366.90,1317.82,552.34,2.220,9.146
2026-04-03T15:02:02.653Z,91.792,pi:0,sports ball,0.5950,844.30,389.21,1022.05,557.36,2.448,-0.533
2026-04-03T15:02:02.712Z,91.850,pi:0,sports ball,0.8322,1147.25,367.72,1317.38,552.22,2.232,9.159
2026-04-03T15:02:02.712Z,91.850,pi:0,sports ball,0.6138,844.16,388.38,1019.85,555.72,2.460,-0.571
2026-04-03T15:02:02.765Z,91.904,pi:0,sports ball,0.8397,1146.33,368.02,1317.26,552.91,2.227,9.142
2026-04-03T15:02:02.765Z,91.904,pi:0,sports ball,0.5761,844.64,388.40,1021.34,556.47,2.450,-0.539
2026-04-03T15:02:02.801Z,91.939,pi:0,sports ball,0.8171,1145.38,367.32,1318.40,548.31,2.275,9.145
2026-04-03T15:02:02.801Z,91.939,pi:0,sports ball,0.5234,844.78,389.24,1020.70,557.54,2.446,-0.547
2026-04-03T15:02:02.843Z,91.982,pi:0,sports ball,0.8360,1146.31,367.73,1317.96,552.26,2.231,9.153
2026-04-03T15:02:02.843Z,91.982,pi:0,sports ball,0.6251,843.59,387.62,1022.25,557.71,2.421,-0.541
2026-04-03T15:02:02.875Z,92.013,pi:0,sports ball,0.8661,1145.96,366.43,1317.59,553.05,2.206,9.142
2026-04-03T15:02:02.875Z,92.013,pi:0,sports ball,0.6740,844.90,387.54,1018.42,555.78,2.447,-0.582
2026-04-03T15:02:02.916Z,92.055,pi:0,sports ball,0.8058,1146.32,367.40,1318.23,551.57,2.236,9.157
2026-04-03T15:02:02.916Z,92.055,pi:0,sports ball,0.6326,845.15,389.23,1015.79,556.37,2.463,-0.621
2026-04-03T15:02:02.959Z,92.097,pi:0,sports ball,0.8548,1145.91,366.00,1318.22,553.06,2.201,9.151
2026-04-03T15:02:02.959Z,92.097,pi:0,sports ball,0.5837,844.90,388.38,1018.41,556.41,2.450,-0.582
2026-04-03T15:02:03.004Z,92.143,pi:0,sports ball,0.8473,1146.33,367.72,1317.71,552.21,2.232,9.149
2026-04-03T15:02:03.004Z,92.143,pi:0,sports ball,0.7155,845.00,388.40,1016.62,555.71,2.461,-0.610
2026-04-03T15:02:03.044Z,92.183,pi:0,sports ball,0.8435,1145.42,367.05,1318.10,552.29,2.223,9.141
2026-04-03T15:02:03.044Z,92.183,pi:0,sports ball,0.6176,844.90,388.38,1016.70,555.71,2.460,-0.610
2026-04-03T15:02:03.095Z,92.234,pi:0,sports ball,0.8171,1146.33,367.73,1317.52,551.49,2.241,9.147
2026-04-03T15:02:03.095Z,92.234,pi:0,sports ball,0.6213,844.00,386.70,1019.00,557.51,2.410,-0.587
2026-04-03T15:02:03.139Z,92.278,pi:0,sports ball,0.8209,1146.33,367.73,1317.61,552.21,2.232,9.148
2026-04-03T15:02:03.139Z,92.278,pi:0,sports ball,0.6966,844.44,388.48,1021.59,559.02,2.414,-0.538
2026-04-03T15:02:03.206Z,92.344,pi:0,sports ball,0.8623,1146.77,366.46,1317.96,553.04,2.207,9.160
2026-04-03T15:02:03.206Z,92.344,pi:0,sports ball,0.6853,844.83,388.42,1018.29,556.86,2.444,-0.585
2026-04-03T15:02:03.253Z,92.391,pi:0,sports ball,0.8661,1145.42,366.27,1317.80,552.29,2.213,9.136
2026-04-03T15:02:03.253Z,92.391,pi:0,sports ball,0.6590,843.91,387.53,1018.41,556.30,2.439,-0.598
2026-04-03T15:02:03.284Z,92.423,pi:0,sports ball,0.7908,1147.24,367.73,1317.38,552.93,2.223,9.159
2026-04-03T15:02:03.284Z,92.423,pi:0,sports ball,0.5498,844.59,388.36,1018.40,556.95,2.442,-0.587
2026-04-03T15:02:03.310Z,92.449,pi:0,sports ball,0.8661,1146.32,367.05,1317.80,551.55,2.232,9.151
2026-04-03T15:02:03.310Z,92.449,pi:0,sports ball,0.7908,845.49,388.52,1020.05,558.16,2.427,-0.546
2026-04-03T15:02:03.351Z,92.489,pi:0,sports ball,0.8360,1147.25,367.40,1317.18,552.21,2.228,9.156
2026-04-03T15:02:03.351Z,92.489,pi:0,sports ball,0.7682,846.06,388.42,1021.22,557.45,2.436,-0.517
2026-04-03T15:02:03.395Z,92.533,pi:0,sports ball,0.8247,1146.81,366.06,1317.31,552.33,2.210,9.151
2026-04-03T15:02:03.395Z,92.533,pi:0,sports ball,0.5799,844.20,388.39,1018.35,555.19,2.468,-0.595
2026-04-03T15:02:03.445Z,92.583,pi:0,sports ball,0.8058,1146.84,366.55,1317.90,552.35,2.216,9.161
2026-04-03T15:02:03.445Z,92.583,pi:0,sports ball,0.5837,843.64,388.51,1022.74,559.45,2.409,-0.532
2026-04-03T15:02:03.487Z,92.625,pi:0,sports ball,0.8661,1146.87,366.49,1317.67,552.32,2.216,9.157
2026-04-03T15:02:03.487Z,92.625,pi:0,sports ball,0.6176,843.35,388.37,1019.20,556.43,2.450,-0.595
2026-04-03T15:02:03.525Z,92.663,pi:0,sports ball,0.8284,1146.33,367.40,1317.60,552.91,2.219,9.148
2026-04-03T15:02:03.525Z,92.663,pi:0,sports ball,0.6402,844.49,388.38,1019.93,556.34,2.451,-0.564
2026-04-03T15:02:03.569Z,92.708,pi:0,sports ball,0.8360,1144.51,367.66,1318.05,548.31,2.279,9.126
2026-04-03T15:02:03.569Z,92.708,pi:0,sports ball,0.6929,844.68,388.43,1019.84,556.79,2.445,-0.562
2026-04-03T15:02:03.641Z,92.779,pi:0,sports ball,0.8473,1146.81,366.46,1317.96,552.34,2.215,9.161
2026-04-03T15:02:03.641Z,92.779,pi:0,sports ball,0.6891,845.16,388.40,1020.62,556.30,2.452,-0.542
2026-04-03T15:02:03.699Z,92.838,pi:0,sports ball,0.8360,1145.88,366.87,1317.23,552.33,2.220,9.135
2026-04-03T15:02:03.699Z,92.838,pi:0,sports ball,0.6853,845.02,388.40,1018.36,556.80,2.445,-0.581
2026-04-03T15:02:03.726Z,92.865,pi:0,sports ball,0.8510,1145.83,366.04,1317.66,552.32,2.210,9.141
2026-04-03T15:02:03.726Z,92.865,pi:0,sports ball,0.5799,844.14,388.51,1020.63,557.76,2.433,-0.558
2026-04-03T15:02:03.770Z,92.908,pi:0,sports ball,0.8134,1145.42,367.04,1318.21,552.26,2.223,9.143
2026-04-03T15:02:03.770Z,92.908,pi:0,sports ball,0.5912,844.41,387.52,1020.70,556.43,2.438,-0.553
2026-04-03T15:02:03.834Z,92.973,pi:0,sports ball,0.8661,1145.90,366.45,1317.64,553.03,2.207,9.142
2026-04-03T15:02:03.834Z,92.973,pi:0,sports ball,0.6100,844.66,385.13,1016.52,556.37,2.404,-0.617
2026-04-03T15:02:03.885Z,93.023,pi:0,sports ball,0.7945,1145.88,366.96,1317.66,552.37,2.221,9.142
2026-04-03T15:02:03.885Z,93.023,pi:0,sports ball,0.6025,844.72,387.65,1020.36,558.23,2.414,-0.553
2026-04-03T15:02:03.933Z,93.071,pi:0,sports ball,0.8435,1144.51,367.33,1318.32,548.34,2.275,9.130
2026-04-03T15:02:03.933Z,93.071,pi:0,sports ball,0.7004,845.16,388.42,1017.51,556.33,2.452,-0.593
2026-04-03T15:02:03.987Z,93.126,pi:0,sports ball,0.8510,1146.32,366.68,1317.95,551.56,2.227,9.153
2026-04-03T15:02:03.987Z,93.126,pi:0,sports ball,0.6515,844.45,385.15,1018.97,557.51,2.389,-0.580
2026-04-03T15:02:04.041Z,93.179,pi:0,sports ball,0.8435,1145.90,366.89,1318.04,553.03,2.212,9.148
2026-04-03T15:02:04.041Z,93.179,pi:0,sports ball,0.7042,844.62,385.96,1018.16,556.93,2.408,-0.591
2026-04-03T15:02:04.088Z,93.226,pi:0,sports ball,0.8284,1145.89,366.47,1317.31,552.34,2.215,9.136
2026-04-03T15:02:04.088Z,93.226,pi:0,sports ball,0.6740,845.92,389.29,1019.92,556.38,2.464,-0.541
2026-04-03T15:02:04.133Z,93.272,pi:0,sports ball,0.8322,1145.88,366.50,1317.30,552.36,2.215,9.136
2026-04-03T15:02:04.133Z,93.272,pi:0,sports ball,0.6703,844.27,388.49,1021.52,557.76,2.432,-0.542
2026-04-03T15:02:04.186Z,93.324,pi:0,sports ball,0.8435,1145.85,366.86,1317.30,552.33,2.220,9.135
2026-04-03T15:02:04.186Z,93.324,pi:0,sports ball,0.7381,845.09,389.30,1020.56,556.77,2.458,-0.544
2026-04-03T15:02:04.259Z,93.398,pi:0,sports ball,0.8510,1144.51,367.32,1318.39,549.14,2.264,9.131
2026-04-03T15:02:04.259Z,93.398,pi:0,sports ball,0.6590,844.32,385.90,1017.36,556.40,2.415,-0.609
2026-04-03T15:02:04.293Z,93.432,pi:0,sports ball,0.8510,1145.38,367.65,1318.40,549.15,2.268,9.145
2026-04-03T15:02:04.293Z,93.432,pi:0,sports ball,0.7117,844.29,388.42,1019.17,555.74,2.461,-0.580
2026-04-03T15:02:04.352Z,93.491,pi:0,sports ball,0.8661,1146.81,366.02,1318.04,552.33,2.210,9.162
2026-04-03T15:02:04.352Z,93.491,pi:0,sports ball,0.7230,845.25,388.42,1018.33,556.30,2.452,-0.578
2026-04-03T15:02:04.396Z,93.535,pi:0,sports ball,0.8247,1145.90,366.87,1318.11,553.03,2.212,9.149
2026-04-03T15:02:04.396Z,93.535,pi:0,sports ball,0.5611,843.91,388.35,1016.76,555.91,2.457,-0.625
2026-04-03T15:02:04.443Z,93.581,pi:0,sports ball,0.8623,1145.98,366.47,1317.82,553.03,2.207,9.146
2026-04-03T15:02:04.443Z,93.581,pi:0,sports ball,0.6552,844.30,388.40,1020.62,557.44,2.436,-0.556
2026-04-03T15:02:04.485Z,93.624,pi:0,sports ball,0.8435,1145.42,367.05,1318.02,552.29,2.223,9.140
2026-04-03T15:02:04.485Z,93.624,pi:0,sports ball,0.6176,844.36,388.50,1019.94,557.30,2.439,-0.566
2026-04-03T15:02:04.523Z,93.661,pi:0,sports ball,0.8661,1146.90,366.90,1317.73,553.03,2.212,9.159
2026-04-03T15:02:04.523Z,93.661,pi:0,sports ball,0.6853,845.74,388.42,1017.52,554.48,2.479,-0.583
2026-04-03T15:02:04.570Z,93.708,pi:0,sports ball,0.8774,1145.40,366.98,1318.32,549.14,2.260,9.144
2026-04-03T15:02:04.570Z,93.708,pi:0,sports ball,0.7870,845.61,387.57,1016.58,556.27,2.440,-0.601
2026-04-03T15:02:04.615Z,93.754,pi:0,sports ball,0.8435,1145.88,366.93,1317.74,553.04,2.212,9.143
2026-04-03T15:02:04.615Z,93.754,pi:0,sports ball,0.6515,845.12,388.39,1018.32,556.31,2.452,-0.580
2026-04-03T15:02:04.672Z,93.810,pi:0,sports ball,0.8247,1145.37,367.65,1318.51,549.16,2.268,9.147
2026-04-03T15:02:04.672Z,93.810,pi:0,sports ball,0.5799,845.28,389.24,1015.76,554.58,2.490,-0.619
2026-04-03T15:02:04.723Z,93.862,pi:0,sports ball,0.8284,1145.42,366.67,1317.74,552.31,2.218,9.135
2026-04-03T15:02:04.723Z,93.862,pi:0,sports ball,0.4180,846.36,388.38,1013.16,550.96,2.532,-0.644
2026-04-03T15:02:04.753Z,93.892,pi:0,sports ball,0.8510,1147.23,367.73,1317.86,551.56,2.240,9.166
2026-04-03T15:02:04.753Z,93.892,pi:0,sports ball,0.3615,846.53,388.31,1011.19,545.96,2.612,-0.674
2026-04-03T15:02:04.806Z,93.945,pi:0,sports ball,0.7983,1146.31,367.06,1317.87,552.99,2.214,9.152
2026-04-03T15:02:04.849Z,93.988,pi:0,sports ball,0.7908,1145.42,366.68,1317.64,552.28,2.218,9.134
2026-04-03T15:02:04.900Z,94.039,pi:0,sports ball,0.7870,1145.99,367.28,1317.47,553.66,2.209,9.140
2026-04-03T15:02:04.947Z,94.086,pi:0,sports ball,0.8397,1146.01,365.99,1317.48,553.02,2.201,9.141
2026-04-03T15:02:04.998Z,94.137,pi:0,sports ball,0.8284,1146.33,367.73,1317.09,553.57,2.215,9.139
2026-04-03T15:02:05.057Z,94.195,pi:0,sports ball,0.8360,1145.94,366.47,1317.33,553.03,2.207,9.137
2026-04-03T15:02:05.113Z,94.252,pi:0,sports ball,0.7757,1145.90,367.37,1317.22,553.70,2.210,9.135
2026-04-03T15:02:05.146Z,94.285,pi:0,sports ball,0.7456,1146.32,367.74,1317.36,552.97,2.223,9.144
2026-04-03T15:02:05.201Z,94.339,pi:0,sports ball,0.8510,1145.09,366.07,1317.18,553.68,2.195,9.121
2026-04-03T15:02:05.264Z,94.402,pi:0,sports ball,0.7456,1146.31,367.42,1317.26,552.27,2.227,9.142
2026-04-03T15:02:05.296Z,94.435,pi:0,sports ball,0.8209,1145.04,366.10,1317.14,553.70,2.195,9.120
2026-04-03T15:02:05.339Z,94.478,pi:0,sports ball,0.7945,1145.07,366.89,1317.19,553.02,2.212,9.121
2026-04-03T15:02:05.416Z,94.554,pi:0,sports ball,0.7983,1145.41,367.41,1317.73,552.96,2.219,9.135
2026-04-03T15:02:05.456Z,94.595,pi:0,sports ball,0.8171,1145.96,366.47,1316.69,553.67,2.199,9.127
2026-04-03T15:02:05.498Z,94.637,pi:0,sports ball,0.7983,1145.90,367.29,1317.19,553.68,2.209,9.134
2026-04-03T15:02:05.551Z,94.690,pi:0,sports ball,0.8736,1145.96,366.04,1317.39,553.04,2.202,9.139
2026-04-03T15:02:05.603Z,94.741,pi:0,sports ball,0.8209,1146.32,366.69,1317.10,552.97,2.210,9.140
2026-04-03T15:02:05.645Z,94.784,pi:0,sports ball,0.8284,1145.90,366.03,1317.30,553.72,2.194,9.136
2026-04-03T15:02:05.685Z,94.823,pi:0,sports ball,0.8247,1147.24,367.73,1317.43,553.57,2.215,9.159
2026-04-03T15:02:05.745Z,94.884,pi:0,sports ball,0.8058,1145.42,367.41,1317.74,552.28,2.227,9.135
2026-04-03T15:02:05.794Z,94.933,pi:0,sports ball,0.8021,1145.42,366.70,1317.63,552.27,2.219,9.134
2026-04-03T15:02:05.838Z,94.976,pi:0,sports ball,0.7607,1145.41,366.69,1317.69,552.31,2.218,9.134
2026-04-03T15:02:05.877Z,95.015,pi:0,sports ball,0.7833,1146.31,367.40,1317.40,552.31,2.227,9.144
2026-04-03T15:02:05.945Z,95.084,pi:0,sports ball,0.7720,1146.30,367.07,1317.45,553.67,2.207,9.145
2026-04-03T15:02:05.988Z,95.126,pi:0,sports ball,0.8021,1146.31,367.41,1317.45,553.02,2.218,9.145
2026-04-03T15:02:06.017Z,95.155,pi:0,sports ball,0.7607,1144.99,366.11,1317.32,553.72,2.195,9.122
2026-04-03T15:02:06.068Z,95.206,pi:0,sports ball,0.8548,1145.94,366.08,1317.07,553.01,2.202,9.133
2026-04-03T15:02:06.129Z,95.267,pi:0,sports ball,0.8209,1147.25,367.40,1317.13,552.91,2.219,9.155
2026-04-03T15:02:06.182Z,95.321,pi:0,sports ball,0.8435,1146.79,366.06,1317.80,553.70,2.194,9.158
2026-04-03T15:02:06.220Z,95.358,pi:0,sports ball,0.8435,1146.79,366.93,1317.49,553.70,2.204,9.153
2026-04-03T15:02:06.273Z,95.412,pi:0,sports ball,0.7908,1146.31,367.06,1318.02,552.32,2.222,9.154
2026-04-03T15:02:06.311Z,95.450,pi:0,sports ball,0.8586,1147.25,367.72,1317.49,552.92,2.223,9.161
2026-04-03T15:02:06.311Z,95.450,pi:0,sports ball,0.5724,846.69,388.41,1016.67,554.12,2.485,-0.582
2026-04-03T15:02:06.356Z,95.494,pi:0,sports ball,0.8510,1146.78,366.10,1317.67,553.02,2.203,9.156
2026-04-03T15:02:06.356Z,95.494,pi:0,sports ball,0.5272,844.29,388.34,1015.93,558.13,2.425,-0.633
2026-04-03T15:02:06.410Z,95.548,pi:0,sports ball,0.8586,1146.00,367.28,1317.63,552.35,2.225,9.143
2026-04-03T15:02:06.410Z,95.548,pi:0,sports ball,0.6364,845.47,388.37,1011.07,557.65,2.432,-0.693
2026-04-03T15:02:06.452Z,95.591,pi:0,sports ball,0.8171,1145.99,366.87,1318.05,552.40,2.219,9.149
2026-04-03T15:02:06.452Z,95.591,pi:0,sports ball,0.4067,843.24,388.35,1011.12,560.67,2.389,-0.728
2026-04-03T15:02:06.491Z,95.630,pi:0,sports ball,0.8134,1145.95,366.48,1317.88,553.05,2.207,9.146
2026-04-03T15:02:06.491Z,95.630,pi:0,sports ball,0.4669,845.50,388.39,1012.08,564.65,2.336,-0.676
2026-04-03T15:02:06.565Z,95.703,pi:0,sports ball,0.7795,1146.05,366.90,1318.17,553.03,2.212,9.152
2026-04-03T15:02:06.565Z,95.703,pi:0,sports ball,0.5987,845.27,388.39,1015.79,565.53,2.324,-0.619
2026-04-03T15:02:06.604Z,95.743,pi:0,sports ball,0.8284,1145.19,366.43,1317.95,552.36,2.214,9.135
2026-04-03T15:02:06.604Z,95.743,pi:0,sports ball,0.6929,846.22,387.59,1012.00,565.20,2.318,-0.665
2026-04-03T15:02:06.650Z,95.789,pi:0,sports ball,0.8510,1146.14,366.47,1317.88,552.35,2.215,9.149
2026-04-03T15:02:06.650Z,95.789,pi:0,sports ball,0.6966,845.25,388.41,1015.71,565.14,2.330,-0.621
2026-04-03T15:02:06.696Z,95.834,pi:0,sports ball,0.8360,1146.07,366.04,1318.04,552.34,2.210,9.151
2026-04-03T15:02:06.696Z,95.834,pi:0,sports ball,0.6552,844.90,388.40,1016.71,565.09,2.330,-0.610
2026-04-03T15:02:06.733Z,95.872,pi:0,sports ball,0.8209,1146.13,366.08,1317.87,553.06,2.202,9.149
2026-04-03T15:02:06.733Z,95.872,pi:0,sports ball,0.6552,846.00,388.40,1013.94,564.49,2.338,-0.637
2026-04-03T15:02:06.777Z,95.915,pi:0,sports ball,0.8510,1145.17,366.52,1317.64,552.34,2.216,9.130
2026-04-03T15:02:06.777Z,95.915,pi:0,sports ball,0.7644,845.72,387.44,1011.90,563.78,2.335,-0.675
2026-04-03T15:02:06.824Z,95.963,pi:0,sports ball,0.8661,1146.13,366.09,1317.64,552.41,2.210,9.145
2026-04-03T15:02:06.824Z,95.963,pi:0,sports ball,0.7795,845.74,386.65,1010.95,563.79,2.324,-0.690
2026-04-03T15:02:06.863Z,96.002,pi:0,sports ball,0.8699,1146.06,367.29,1317.75,552.39,2.224,9.146
2026-04-03T15:02:06.863Z,96.002,pi:0,sports ball,0.6778,845.00,387.54,1012.97,563.93,2.334,-0.670
2026-04-03T15:02:06.925Z,96.064,pi:0,sports ball,0.8736,1145.20,366.93,1317.80,553.02,2.213,9.133
2026-04-03T15:02:06.925Z,96.064,pi:0,sports ball,0.7682,845.36,388.44,1012.93,563.92,2.346,-0.664
2026-04-03T15:02:06.977Z,96.115,pi:0,sports ball,0.8887,1146.10,366.89,1317.51,552.38,2.220,9.143
2026-04-03T15:02:06.977Z,96.115,pi:0,sports ball,0.7418,845.08,387.59,1013.91,564.04,2.333,-0.653
2026-04-03T15:02:07.021Z,96.160,pi:0,sports ball,0.8510,1146.06,366.07,1317.70,551.64,2.219,9.145
2026-04-03T15:02:07.021Z,96.160,pi:0,sports ball,0.7682,845.86,385.95,1009.96,562.57,2.331,-0.705
2026-04-03T15:02:07.046Z,96.185,pi:0,sports ball,0.8736,1146.08,366.88,1317.91,552.37,2.220,9.149
2026-04-03T15:02:07.046Z,96.185,pi:0,sports ball,0.7381,845.37,385.92,1011.90,562.14,2.336,-0.681
2026-04-03T15:02:07.089Z,96.228,pi:0,sports ball,0.7569,1145.42,366.68,1317.97,551.58,2.227,9.139
2026-04-03T15:02:07.089Z,96.228,pi:0,sports ball,0.7079,845.14,389.39,1010.14,560.20,2.410,-0.713
2026-04-03T15:02:07.127Z,96.265,pi:0,sports ball,0.8473,1145.91,366.50,1317.74,553.05,2.207,9.143
2026-04-03T15:02:07.127Z,96.265,pi:0,sports ball,0.6816,846.20,388.56,1013.05,556.70,2.449,-0.649
2026-04-03T15:02:07.173Z,96.311,pi:0,sports ball,0.8134,1144.98,366.55,1317.30,552.38,2.216,9.121
2026-04-03T15:02:07.173Z,96.311,pi:0,sports ball,0.4933,843.34,388.55,1013.18,559.01,2.415,-0.693
2026-04-03T15:02:07.226Z,96.364,pi:0,sports ball,0.7757,1145.42,366.69,1317.65,551.61,2.226,9.134
2026-04-03T15:02:07.226Z,96.364,pi:0,sports ball,0.2561,846.00,388.49,1020.94,557.85,2.431,-0.523
2026-04-03T15:02:07.287Z,96.425,pi:0,sports ball,0.7983,1145.43,367.40,1317.04,552.25,2.227,9.125
2026-04-03T15:02:07.325Z,96.463,pi:0,sports ball,0.8209,1146.31,366.68,1317.51,552.28,2.218,9.146
2026-04-03T15:02:07.354Z,96.493,pi:0,sports ball,0.8171,1146.31,366.69,1317.64,551.58,2.227,9.148
2026-04-03T15:02:07.405Z,96.544,pi:0,sports ball,0.8058,1146.31,367.40,1317.59,552.26,2.227,9.147
2026-04-03T15:02:07.444Z,96.582,pi:0,sports ball,0.8699,1146.32,367.41,1317.32,552.28,2.227,9.143
2026-04-03T15:02:07.492Z,96.631,pi:0,sports ball,0.8510,1145.42,367.05,1317.17,552.95,2.215,9.126
2026-04-03T15:02:07.555Z,96.694,pi:0,sports ball,0.8322,1146.32,366.68,1317.27,552.28,2.218,9.142
2026-04-03T15:02:07.592Z,96.731,pi:0,sports ball,0.8322,1146.33,367.72,1316.36,553.58,2.215,9.128
2026-04-03T15:02:07.640Z,96.779,pi:0,sports ball,0.8284,1146.31,367.41,1317.03,552.28,2.227,9.138
2026-04-03T15:02:07.684Z,96.822,pi:0,sports ball,0.8209,1146.32,367.04,1317.63,552.29,2.223,9.148
2026-04-03T15:02:07.738Z,96.877,pi:0,sports ball,0.8134,1146.32,367.40,1317.50,551.53,2.236,9.146
2026-04-03T15:02:07.787Z,96.925,pi:0,sports ball,0.8134,1146.32,367.05,1317.64,551.56,2.231,9.148
2026-04-03T15:02:07.833Z,96.972,pi:0,sports ball,0.8435,1145.42,367.06,1317.24,550.80,2.241,9.128
2026-04-03T15:02:07.881Z,97.020,pi:0,sports ball,0.8058,1146.31,366.68,1317.69,552.28,2.218,9.149
2026-04-03T15:02:07.943Z,97.081,pi:0,sports ball,0.8096,1147.25,367.73,1317.01,552.24,2.231,9.153
2026-04-03T15:02:07.983Z,97.121,pi:0,sports ball,0.8096,1145.42,367.04,1317.64,552.34,2.222,9.134
2026-04-03T15:02:08.039Z,97.177,pi:0,sports ball,0.8360,1146.32,367.38,1317.75,551.58,2.235,9.150
2026-04-03T15:02:08.083Z,97.222,pi:0,sports ball,0.8510,1145.07,366.48,1317.66,552.37,2.215,9.129
2026-04-03T15:02:08.083Z,97.222,pi:0,sports ball,0.6590,845.78,388.56,1010.17,556.20,2.456,-0.702
2026-04-03T15:02:08.124Z,97.262,pi:0,sports ball,0.8435,1145.12,366.94,1317.71,552.40,2.220,9.130
2026-04-03T15:02:08.124Z,97.262,pi:0,sports ball,0.7456,846.74,385.98,1010.00,558.36,2.388,-0.690
2026-04-03T15:02:08.164Z,97.302,pi:0,sports ball,0.8247,1145.03,366.91,1317.98,553.05,2.212,9.133
2026-04-03T15:02:08.164Z,97.302,pi:0,sports ball,0.7456,845.15,385.95,1011.85,560.49,2.359,-0.685
2026-04-03T15:02:08.219Z,97.358,pi:0,sports ball,0.8661,1146.09,366.90,1317.81,552.37,2.220,9.147
2026-04-03T15:02:08.219Z,97.358,pi:0,sports ball,0.7079,844.64,385.98,1013.73,562.46,2.333,-0.663
2026-04-03T15:02:08.284Z,97.423,pi:0,sports ball,0.8586,1145.16,366.95,1317.74,553.06,2.212,9.131
2026-04-03T15:02:08.284Z,97.423,pi:0,sports ball,0.7720,843.68,388.54,1012.11,563.38,2.355,-0.705
2026-04-03T15:02:08.324Z,97.462,pi:0,sports ball,0.8774,1146.06,366.89,1317.81,552.37,2.220,9.147
2026-04-03T15:02:08.324Z,97.462,pi:0,sports ball,0.7644,845.02,386.75,1012.82,563.50,2.329,-0.672
2026-04-03T15:02:08.370Z,97.508,pi:0,sports ball,0.8360,1146.02,366.46,1317.88,552.37,2.215,9.147
2026-04-03T15:02:08.370Z,97.508,pi:0,sports ball,0.7004,846.10,385.96,1011.88,562.98,2.326,-0.669
2026-04-03T15:02:08.422Z,97.560,pi:0,sports ball,0.8360,1146.07,366.51,1317.97,553.08,2.207,9.149
2026-04-03T15:02:08.422Z,97.560,pi:0,sports ball,0.7305,845.05,385.97,1010.95,563.22,2.323,-0.702
2026-04-03T15:02:08.497Z,97.636,pi:0,sports ball,0.8360,1146.06,366.13,1317.88,552.39,2.210,9.148
2026-04-03T15:02:08.497Z,97.636,pi:0,sports ball,0.7757,844.88,386.76,1010.95,563.54,2.329,-0.704
2026-04-03T15:02:08.533Z,97.672,pi:0,sports ball,0.8812,1145.15,366.04,1317.77,552.37,2.210,9.132
2026-04-03T15:02:08.533Z,97.672,pi:0,sports ball,0.7945,844.78,386.75,1012.86,564.04,2.322,-0.675
2026-04-03T15:02:08.567Z,97.706,pi:0,sports ball,0.8661,1146.07,365.65,1317.64,553.07,2.197,9.144
2026-04-03T15:02:08.567Z,97.706,pi:0,sports ball,0.7418,844.44,385.94,1012.83,564.16,2.310,-0.681
2026-04-03T15:02:08.612Z,97.750,pi:0,sports ball,0.8812,1146.08,367.30,1317.51,553.05,2.216,9.142
2026-04-03T15:02:08.612Z,97.750,pi:0,sports ball,0.7983,844.96,386.72,1010.94,564.04,2.322,-0.703
2026-04-03T15:02:08.649Z,97.788,pi:0,sports ball,0.8699,1145.20,366.89,1317.94,553.08,2.211,9.135
2026-04-03T15:02:08.649Z,97.788,pi:0,sports ball,0.7795,845.38,386.73,1012.84,563.93,2.323,-0.666
2026-04-03T15:02:08.692Z,97.830,pi:0,sports ball,0.8586,1146.01,366.92,1317.81,552.37,2.220,9.146
2026-04-03T15:02:08.692Z,97.830,pi:0,sports ball,0.7456,844.89,386.69,1012.86,563.78,2.325,-0.673
2026-04-03T15:02:08.737Z,97.876,pi:0,sports ball,0.8623,1145.17,366.84,1317.65,552.35,2.219,9.130
2026-04-03T15:02:08.737Z,97.876,pi:0,sports ball,0.7569,845.85,386.73,1011.89,564.16,2.320,-0.673
2026-04-03T15:02:08.781Z,97.920,pi:0,sports ball,0.8548,1146.07,366.50,1317.95,553.04,2.207,9.149
2026-04-03T15:02:08.781Z,97.920,pi:0,sports ball,0.7644,845.54,386.73,1011.88,564.03,2.322,-0.678
2026-04-03T15:02:08.826Z,97.965,pi:0,sports ball,0.8322,1146.03,367.29,1317.54,553.06,2.216,9.142
2026-04-03T15:02:08.826Z,97.965,pi:0,sports ball,0.6929,845.41,386.69,1013.76,564.18,2.320,-0.650
2026-04-03T15:02:08.876Z,98.014,pi:0,sports ball,0.8360,1146.04,366.50,1317.73,552.36,2.215,9.145
2026-04-03T15:02:08.876Z,98.014,pi:0,sports ball,0.6966,845.41,388.52,1016.68,563.96,2.347,-0.602
2026-04-03T15:02:08.921Z,98.059,pi:0,sports ball,0.8887,1146.00,366.84,1317.95,552.35,2.219,9.148
2026-04-03T15:02:08.921Z,98.059,pi:0,sports ball,0.7456,845.92,386.69,1012.81,564.03,2.322,-0.657
2026-04-03T15:02:08.978Z,98.117,pi:0,sports ball,0.8510,1145.97,366.88,1317.88,553.06,2.211,9.146
2026-04-03T15:02:08.978Z,98.117,pi:0,sports ball,0.7305,845.89,388.42,1014.82,564.70,2.336,-0.625
2026-04-03T15:02:09.020Z,98.159,pi:0,sports ball,0.8360,1146.06,366.51,1318.03,553.03,2.207,9.150
2026-04-03T15:02:09.020Z,98.159,pi:0,sports ball,0.7607,846.43,386.72,1011.91,564.04,2.322,-0.663
2026-04-03T15:02:09.058Z,98.197,pi:0,sports ball,0.8736,1146.05,366.02,1318.02,552.34,2.210,9.150
2026-04-03T15:02:09.058Z,98.197,pi:0,sports ball,0.7720,845.62,386.74,1012.79,564.03,2.322,-0.662
2026-04-03T15:02:09.095Z,98.233,pi:0,sports ball,0.8360,1146.90,365.58,1318.16,552.38,2.204,9.166
2026-04-03T15:02:09.095Z,98.233,pi:0,sports ball,0.7531,845.96,386.70,1014.65,564.75,2.312,-0.626
2026-04-03T15:02:09.136Z,98.274,pi:0,sports ball,0.8473,1145.16,366.50,1317.88,552.34,2.215,9.133
2026-04-03T15:02:09.136Z,98.274,pi:0,sports ball,0.6778,845.53,386.66,1010.91,564.30,2.318,-0.695
2026-04-03T15:02:09.175Z,98.314,pi:0,sports ball,0.8661,1146.02,366.50,1318.03,552.36,2.215,9.150
2026-04-03T15:02:09.175Z,98.314,pi:0,sports ball,0.7833,845.92,386.72,1011.87,564.04,2.322,-0.672
2026-04-03T15:02:09.218Z,98.356,pi:0,sports ball,0.8360,1145.99,366.89,1317.63,553.02,2.212,9.143
2026-04-03T15:02:09.218Z,98.356,pi:0,sports ball,0.6703,845.53,385.87,1012.81,564.05,2.311,-0.663
2026-04-03T15:02:09.267Z,98.405,pi:0,sports ball,0.8661,1145.15,366.48,1317.80,553.06,2.207,9.132
2026-04-03T15:02:09.267Z,98.405,pi:0,sports ball,0.6176,846.28,387.58,1014.86,565.16,2.318,-0.618
2026-04-03T15:02:09.332Z,98.470,pi:0,sports ball,0.8548,1146.02,366.47,1317.89,553.06,2.207,9.147
2026-04-03T15:02:09.332Z,98.470,pi:0,sports ball,0.7456,845.54,387.60,1018.23,564.84,2.323,-0.575
2026-04-03T15:02:09.383Z,98.521,pi:0,sports ball,0.8699,1146.02,366.49,1317.80,552.36,2.215,9.146
2026-04-03T15:02:09.383Z,98.521,pi:0,sports ball,0.8021,846.48,386.69,1013.73,564.54,2.315,-0.633
2026-04-03T15:02:09.409Z,98.548,pi:0,sports ball,0.7908,1146.03,366.07,1317.73,553.10,2.201,9.145
2026-04-03T15:02:09.409Z,98.548,pi:0,sports ball,0.6063,846.36,386.67,1013.70,564.32,2.318,-0.635
2026-04-03T15:02:09.438Z,98.577,pi:0,sports ball,0.8623,1146.03,367.26,1317.95,553.71,2.208,9.148
2026-04-03T15:02:09.438Z,98.577,pi:0,sports ball,0.6628,845.31,388.53,1016.64,563.86,2.348,-0.604
2026-04-03T15:02:09.490Z,98.629,pi:0,sports ball,0.8586,1146.01,366.88,1317.48,553.06,2.211,9.141
2026-04-03T15:02:09.490Z,98.629,pi:0,sports ball,0.7004,845.04,387.69,1012.07,564.06,2.334,-0.683
2026-04-03T15:02:09.545Z,98.683,pi:0,sports ball,0.8284,1145.95,366.04,1317.57,552.37,2.210,9.141
2026-04-03T15:02:09.545Z,98.683,pi:0,sports ball,0.7117,845.92,385.87,1015.52,564.40,2.306,-0.613
2026-04-03T15:02:09.602Z,98.741,pi:0,sports ball,0.8774,1146.06,366.44,1317.96,552.34,2.215,9.149
2026-04-03T15:02:09.602Z,98.741,pi:0,sports ball,0.7042,845.53,385.90,1014.64,564.29,2.308,-0.633
2026-04-03T15:02:09.651Z,98.789,pi:0,sports ball,0.8510,1146.00,366.87,1317.95,552.37,2.220,9.148
2026-04-03T15:02:09.651Z,98.789,pi:0,sports ball,0.7004,845.86,385.88,1014.66,564.16,2.309,-0.628
2026-04-03T15:02:09.690Z,98.829,pi:0,sports ball,0.8435,1146.04,366.87,1318.03,553.06,2.211,9.150
2026-04-03T15:02:09.690Z,98.829,pi:0,sports ball,0.7117,845.12,387.59,1015.72,565.22,2.318,-0.623
2026-04-03T15:02:09.733Z,98.872,pi:0,sports ball,0.8812,1146.06,366.47,1317.93,553.07,2.206,9.149
2026-04-03T15:02:09.733Z,98.872,pi:0,sports ball,0.7833,845.84,388.52,1017.50,564.28,2.342,-0.582
2026-04-03T15:02:09.773Z,98.911,pi:0,sports ball,0.8171,1146.01,367.27,1317.73,553.03,2.216,9.145
2026-04-03T15:02:09.773Z,98.911,pi:0,sports ball,0.7192,846.47,388.56,1011.02,563.94,2.347,-0.677
2026-04-03T15:02:09.817Z,98.955,pi:0,sports ball,0.8209,1146.00,366.88,1317.75,552.39,2.219,9.145
2026-04-03T15:02:09.817Z,98.955,pi:0,sports ball,0.6816,845.93,386.69,1012.77,564.04,2.321,-0.658
2026-04-03T15:02:09.859Z,98.998,pi:0,sports ball,0.8774,1146.00,367.23,1317.59,552.32,2.224,9.142
2026-04-03T15:02:09.859Z,98.998,pi:0,sports ball,0.7456,845.98,388.45,1016.54,565.13,2.330,-0.595
2026-04-03T15:02:09.902Z,99.041,pi:0,sports ball,0.8397,1146.00,366.49,1317.29,553.03,2.207,9.138
2026-04-03T15:02:09.902Z,99.041,pi:0,sports ball,0.6176,845.69,388.41,1015.81,564.70,2.335,-0.612
2026-04-03T15:02:09.975Z,99.114,pi:0,sports ball,0.8134,1145.96,366.91,1318.05,552.34,2.220,9.149
2026-04-03T15:02:09.975Z,99.114,pi:0,sports ball,0.6816,845.40,388.51,1015.78,564.42,2.341,-0.617
2026-04-03T15:02:10.013Z,99.151,pi:0,sports ball,0.8435,1146.01,366.85,1317.63,553.05,2.211,9.143
2026-04-03T15:02:10.013Z,99.151,pi:0,sports ball,0.7343,846.41,385.88,1010.91,564.17,2.309,-0.680
2026-04-03T15:02:10.040Z,99.178,pi:0,sports ball,0.8623,1146.03,367.22,1317.71,553.02,2.216,9.145
2026-04-03T15:02:10.040Z,99.178,pi:0,sports ball,0.6515,845.82,388.45,1017.45,565.22,2.329,-0.583
2026-04-03T15:02:10.096Z,99.235,pi:0,sports ball,0.8435,1146.07,366.93,1317.43,553.08,2.212,9.141
2026-04-03T15:02:10.096Z,99.235,pi:0,sports ball,0.6891,845.82,388.44,1013.87,564.39,2.340,-0.641
2026-04-03T15:02:10.140Z,99.278,pi:0,sports ball,0.8812,1146.04,366.86,1317.82,552.34,2.220,9.147
2026-04-03T15:02:10.140Z,99.278,pi:0,sports ball,0.7607,845.53,386.69,1011.91,564.58,2.314,-0.678
2026-04-03T15:02:10.179Z,99.317,pi:0,sports ball,0.8473,1146.04,366.46,1317.82,552.35,2.215,9.147
2026-04-03T15:02:10.179Z,99.317,pi:0,sports ball,0.7494,845.41,388.53,1016.63,564.38,2.341,-0.603
2026-04-03T15:02:10.218Z,99.357,pi:0,sports ball,0.8623,1146.08,367.63,1317.72,553.02,2.221,9.146
2026-04-03T15:02:10.218Z,99.357,pi:0,sports ball,0.7908,845.58,385.88,1014.64,564.04,2.311,-0.633
2026-04-03T15:02:10.263Z,99.402,pi:0,sports ball,0.8623,1146.06,366.44,1317.63,553.03,2.207,9.144
2026-04-03T15:02:10.263Z,99.402,pi:0,sports ball,0.7456,845.52,385.85,1010.97,564.04,2.311,-0.694
2026-04-03T15:02:10.306Z,99.444,pi:0,sports ball,0.8284,1146.00,366.87,1317.89,553.04,2.212,9.147
2026-04-03T15:02:10.306Z,99.444,pi:0,sports ball,0.7381,845.77,388.55,1015.75,563.96,2.347,-0.612
2026-04-03T15:02:10.357Z,99.495,pi:0,sports ball,0.8623,1145.13,367.29,1317.82,553.02,2.217,9.132
2026-04-03T15:02:10.357Z,99.495,pi:0,sports ball,0.7456,845.54,388.44,1012.94,564.51,2.338,-0.661
2026-04-03T15:02:10.465Z,99.604,pi:0,sports ball,0.8774,1146.05,366.47,1317.81,552.36,2.215,9.147
2026-04-03T15:02:10.465Z,99.604,pi:0,sports ball,0.7531,846.02,385.88,1012.80,564.04,2.311,-0.656
2026-04-03T15:02:10.511Z,99.650,pi:0,sports ball,0.8887,1146.06,366.82,1317.94,552.36,2.219,9.149
2026-04-03T15:02:10.511Z,99.650,pi:0,sports ball,0.7494,845.11,389.39,1015.85,564.24,2.355,-0.621
2026-04-03T15:02:10.575Z,99.714,pi:0,sports ball,0.8849,1146.91,367.27,1317.88,553.04,2.216,9.161
2026-04-03T15:02:10.575Z,99.714,pi:0,sports ball,0.7456,845.86,385.88,1011.91,564.27,2.308,-0.673
2026-04-03T15:02:10.626Z,99.764,pi:0,sports ball,0.8586,1146.91,366.03,1317.90,553.07,2.201,9.162
2026-04-03T15:02:10.626Z,99.764,pi:0,sports ball,0.7682,846.01,386.72,1013.75,564.03,2.322,-0.640
2026-04-03T15:02:10.650Z,99.788,pi:0,sports ball,0.8397,1146.05,366.49,1317.88,553.04,2.207,9.148
2026-04-03T15:02:10.650Z,99.788,pi:0,sports ball,0.7230,845.96,386.67,1012.81,564.04,2.321,-0.656
2026-04-03T15:02:10.705Z,99.843,pi:0,sports ball,0.8397,1145.96,366.89,1317.83,552.36,2.220,9.145
2026-04-03T15:02:10.705Z,99.843,pi:0,sports ball,0.6628,846.25,385.87,1011.92,564.05,2.311,-0.666
2026-04-03T15:02:10.761Z,99.904,pi:0,sports ball,0.8661,1146.03,367.27,1317.94,552.35,2.225,9.148
2026-04-03T15:02:10.761Z,99.904,pi:0,sports ball,0.7418,845.86,385.08,1012.79,564.47,2.295,-0.658
2026-04-03T15:02:10.805Z,99.943,pi:0,sports ball,0.8774,1146.95,366.91,1317.94,552.35,2.220,9.163
2026-04-03T15:02:10.805Z,99.943,pi:0,sports ball,0.7757,846.07,385.92,1010.90,564.28,2.308,-0.686
2026-04-03T15:02:10.865Z,100.003,pi:0,sports ball,0.8397,1145.99,366.47,1317.49,552.38,2.215,9.141
2026-04-03T15:02:10.865Z,100.003,pi:0,sports ball,0.7531,845.96,385.88,1010.93,564.29,2.308,-0.687
2026-04-03T15:02:10.905Z,100.043,pi:0,sports ball,0.7983,1146.06,366.89,1318.05,553.06,2.212,9.151
2026-04-03T15:02:10.905Z,100.043,pi:0,sports ball,0.7305,845.53,385.85,1010.93,564.17,2.309,-0.694
2026-04-03T15:02:10.950Z,100.089,pi:0,sports ball,0.8322,1146.91,366.96,1317.80,553.05,2.212,9.160
2026-04-03T15:02:10.950Z,100.089,pi:0,sports ball,0.6251,845.10,388.53,1018.30,563.97,2.347,-0.581
2026-04-03T15:02:10.994Z,100.133,pi:0,sports ball,0.8322,1146.94,366.43,1317.73,552.36,2.214,9.160
2026-04-03T15:02:10.994Z,100.133,pi:0,sports ball,0.7192,845.91,386.65,1013.70,564.17,2.319,-0.643
2026-04-03T15:02:11.044Z,100.182,pi:0,sports ball,0.8397,1146.00,366.50,1317.75,552.37,2.215,9.145
2026-04-03T15:02:11.044Z,100.182,pi:0,sports ball,0.7795,845.53,386.72,1009.94,564.04,2.322,-0.710
2026-04-03T15:02:11.093Z,100.231,pi:0,sports ball,0.8209,1146.02,366.52,1317.42,553.10,2.207,9.140
2026-04-03T15:02:11.093Z,100.231,pi:0,sports ball,0.6816,845.85,385.85,1011.87,564.43,2.305,-0.673
2026-04-03T15:02:11.135Z,100.274,pi:0,sports ball,0.8134,1146.95,366.47,1317.48,553.04,2.207,9.156
2026-04-03T15:02:11.135Z,100.274,pi:0,sports ball,0.6665,845.42,388.53,1014.94,564.36,2.342,-0.631
2026-04-03T15:02:11.176Z,100.314,pi:0,sports ball,0.8586,1146.01,365.59,1317.48,552.33,2.205,9.141
2026-04-03T15:02:11.176Z,100.314,pi:0,sports ball,0.7720,845.61,385.12,1012.83,563.91,2.303,-0.662
2026-04-03T15:02:11.227Z,100.366,pi:0,sports ball,0.8887,1146.02,366.48,1318.03,552.34,2.215,9.150
2026-04-03T15:02:11.227Z,100.366,pi:0,sports ball,0.7945,845.52,386.69,1010.94,564.03,2.322,-0.694
2026-04-03T15:02:11.291Z,100.429,pi:0,sports ball,0.7945,1146.88,366.48,1317.57,552.34,2.215,9.156
2026-04-03T15:02:11.291Z,100.429,pi:0,sports ball,0.6025,845.38,388.43,1016.58,564.78,2.335,-0.604
2026-04-03T15:02:11.336Z,100.475,pi:0,sports ball,0.8774,1146.05,366.02,1317.57,552.36,2.210,9.143
2026-04-03T15:02:11.336Z,100.475,pi:0,sports ball,0.7908,845.97,385.90,1009.99,563.80,2.314,-0.702
2026-04-03T15:02:11.381Z,100.519,pi:0,sports ball,0.8661,1146.06,366.50,1317.64,551.65,2.224,9.144
2026-04-03T15:02:11.381Z,100.519,pi:0,sports ball,0.7343,845.92,386.65,1009.97,564.17,2.319,-0.703
2026-04-03T15:02:11.428Z,100.566,pi:0,sports ball,0.8473,1146.87,365.56,1317.65,552.36,2.204,9.157
2026-04-03T15:02:11.428Z,100.566,pi:0,sports ball,0.7004,845.90,385.87,1009.98,564.04,2.311,-0.704
2026-04-03T15:02:11.477Z,100.615,pi:0,sports ball,0.8699,1146.06,366.88,1317.58,552.35,2.220,9.143
2026-04-03T15:02:11.477Z,100.615,pi:0,sports ball,0.7833,846.03,388.51,1014.94,564.58,2.338,-0.621
2026-04-03T15:02:11.519Z,100.657,pi:0,sports ball,0.8661,1146.03,366.87,1317.88,552.35,2.220,9.147
2026-04-03T15:02:11.519Z,100.657,pi:0,sports ball,0.7192,846.33,388.51,1012.91,563.95,2.347,-0.649
2026-04-03T15:02:11.583Z,100.722,pi:0,sports ball,0.8699,1146.90,366.85,1317.71,552.36,2.219,9.159
2026-04-03T15:02:11.583Z,100.722,pi:0,sports ball,0.7268,845.87,388.46,1014.80,564.56,2.338,-0.625
2026-04-03T15:02:11.625Z,100.763,pi:0,sports ball,0.8435,1146.02,366.88,1317.86,553.07,2.211,9.147
2026-04-03T15:02:11.625Z,100.763,pi:0,sports ball,0.6703,846.47,388.55,1012.04,564.06,2.346,-0.661
2026-04-03T15:02:11.667Z,100.806,pi:0,sports ball,0.8736,1146.02,367.25,1318.03,552.36,2.224,9.150
2026-04-03T15:02:11.667Z,100.806,pi:0,sports ball,0.7418,845.53,387.55,1010.94,563.77,2.336,-0.694
2026-04-03T15:02:11.707Z,100.846,pi:0,sports ball,0.8699,1146.03,366.93,1317.80,552.35,2.221,9.146
2026-04-03T15:02:11.707Z,100.846,pi:0,sports ball,0.6402,845.05,388.53,1015.78,564.27,2.343,-0.623
2026-04-03T15:02:11.755Z,100.894,pi:0,sports ball,0.8548,1145.99,366.47,1317.22,553.07,2.207,9.136
2026-04-03T15:02:11.755Z,100.894,pi:0,sports ball,0.7004,845.51,388.54,1012.07,563.96,2.347,-0.676
2026-04-03T15:02:11.794Z,100.932,pi:0,sports ball,0.8510,1145.18,367.31,1317.86,552.39,2.225,9.134
2026-04-03T15:02:11.794Z,100.932,pi:0,sports ball,0.7456,845.90,385.88,1012.87,564.40,2.306,-0.656
2026-04-03T15:02:11.845Z,100.983,pi:0,sports ball,0.8774,1146.05,366.54,1317.82,552.36,2.216,9.147
2026-04-03T15:02:11.845Z,100.983,pi:0,sports ball,0.6966,845.93,387.58,1012.92,564.44,2.328,-0.655
2026-04-03T15:02:11.940Z,101.079,pi:0,sports ball,0.8661,1146.06,366.04,1318.03,552.34,2.210,9.150
2026-04-03T15:02:11.940Z,101.079,pi:0,sports ball,0.7531,846.33,386.71,1011.88,564.54,2.315,-0.665
2026-04-03T15:02:12.001Z,101.139,pi:0,sports ball,0.8435,1144.51,366.97,1318.56,549.13,2.260,9.134
2026-04-03T15:02:12.001Z,101.139,pi:0,sports ball,0.7607,845.48,385.87,1014.62,564.47,2.305,-0.635
2026-04-03T15:02:12.054Z,101.193,pi:0,sports ball,0.8397,1145.18,366.52,1317.80,553.07,2.207,9.133
2026-04-03T15:02:12.054Z,101.193,pi:0,sports ball,0.7305,845.48,386.65,1012.77,564.59,2.314,-0.665
2026-04-03T15:02:12.123Z,101.261,pi:0,sports ball,0.8058,1145.98,366.89,1317.89,553.06,2.212,9.147
2026-04-03T15:02:12.123Z,101.261,pi:0,sports ball,0.7230,845.53,387.50,1011.85,564.04,2.332,-0.679
2026-04-03T15:02:12.152Z,101.291,pi:0,sports ball,0.8812,1146.06,366.93,1317.81,552.36,2.220,9.147
2026-04-03T15:02:12.152Z,101.291,pi:0,sports ball,0.7381,845.17,385.88,1013.71,564.18,2.309,-0.655
2026-04-03T15:02:12.189Z,101.328,pi:0,sports ball,0.8134,1146.04,365.63,1317.88,553.03,2.197,9.148
2026-04-03T15:02:12.189Z,101.328,pi:0,sports ball,0.7720,845.12,386.69,1013.75,564.43,2.316,-0.655
2026-04-03T15:02:12.252Z,101.391,pi:0,sports ball,0.8849,1146.06,367.26,1317.75,552.34,2.225,9.146
2026-04-03T15:02:12.252Z,101.391,pi:0,sports ball,0.7531,845.52,386.69,1014.66,564.58,2.314,-0.633
2026-04-03T15:02:12.296Z,101.434,pi:0,sports ball,0.8812,1146.07,366.09,1317.64,553.74,2.194,9.144
2026-04-03T15:02:12.296Z,101.434,pi:0,sports ball,0.7757,845.59,385.90,1012.80,564.40,2.307,-0.663
2026-04-03T15:02:12.340Z,101.478,pi:0,sports ball,0.8736,1146.07,366.49,1317.88,552.38,2.215,9.148
2026-04-03T15:02:12.340Z,101.478,pi:0,sports ball,0.7607,846.37,385.89,1011.87,564.16,2.309,-0.665
2026-04-03T15:02:12.403Z,101.542,pi:0,sports ball,0.8736,1146.03,366.07,1317.66,552.33,2.210,9.144
2026-04-03T15:02:12.403Z,101.542,pi:0,sports ball,0.7155,846.37,386.68,1011.87,564.29,2.318,-0.665
2026-04-03T15:02:12.445Z,101.584,pi:0,sports ball,0.8736,1146.05,366.46,1317.58,552.35,2.215,9.143
2026-04-03T15:02:12.445Z,101.584,pi:0,sports ball,0.7682,845.93,386.68,1012.78,564.80,2.312,-0.657
2026-04-03T15:02:12.487Z,101.625,pi:0,sports ball,0.8774,1146.01,366.46,1318.03,553.06,2.206,9.149
2026-04-03T15:02:12.487Z,101.625,pi:0,sports ball,0.7795,846.01,386.72,1011.88,564.14,2.321,-0.671
2026-04-03T15:02:12.539Z,101.677,pi:0,sports ball,0.8849,1146.06,366.86,1318.01,552.37,2.219,9.150
2026-04-03T15:02:12.539Z,101.677,pi:0,sports ball,0.7268,845.87,386.71,1013.75,564.29,2.318,-0.643
2026-04-03T15:02:12.585Z,101.723,pi:0,sports ball,0.8510,1145.97,366.89,1317.65,552.34,2.220,9.143
2026-04-03T15:02:12.585Z,101.723,pi:0,sports ball,0.7494,845.54,388.45,1013.88,565.07,2.331,-0.646
2026-04-03T15:02:12.624Z,101.763,pi:0,sports ball,0.8699,1146.04,366.84,1318.39,552.39,2.219,9.156
2026-04-03T15:02:12.624Z,101.763,pi:0,sports ball,0.7381,845.92,386.70,1013.72,564.54,2.315,-0.642
2026-04-03T15:02:12.679Z,101.818,pi:0,sports ball,0.8736,1146.03,366.88,1318.19,553.05,2.211,9.152
2026-04-03T15:02:12.679Z,101.818,pi:0,sports ball,0.7456,845.52,385.87,1013.72,564.29,2.308,-0.649
2026-04-03T15:02:12.741Z,101.879,pi:0,sports ball,0.8661,1146.04,366.02,1317.79,552.37,2.209,9.146
2026-04-03T15:02:12.741Z,101.879,pi:0,sports ball,0.7833,845.53,385.90,1013.69,564.54,2.305,-0.649
2026-04-03T15:02:12.780Z,101.918,pi:0,sports ball,0.8699,1146.05,366.43,1317.88,552.38,2.214,9.148
2026-04-03T15:02:12.780Z,101.918,pi:0,sports ball,0.7456,845.48,387.68,1014.85,563.78,2.338,-0.631
2026-04-03T15:02:12.800Z,101.939,pi:0,sports ball,0.8812,1145.15,366.52,1318.03,552.40,2.215,9.136
2026-04-03T15:02:12.800Z,101.939,pi:0,sports ball,0.7042,846.35,388.46,1016.62,565.23,2.329,-0.588
2026-04-03T15:02:12.844Z,101.982,pi:0,sports ball,0.8623,1146.02,366.83,1317.85,552.37,2.219,9.147
2026-04-03T15:02:12.844Z,101.982,pi:0,sports ball,0.7305,846.44,386.64,1014.61,564.29,2.318,-0.619
2026-04-03T15:02:12.902Z,102.041,pi:0,sports ball,0.8887,1146.03,366.90,1317.73,552.39,2.220,9.145
2026-04-03T15:02:12.902Z,102.041,pi:0,sports ball,0.7343,845.96,385.89,1014.65,565.23,2.296,-0.626
2026-04-03T15:02:12.952Z,102.091,pi:0,sports ball,0.8510,1146.05,366.86,1317.86,553.06,2.211,9.147
2026-04-03T15:02:12.952Z,102.091,pi:0,sports ball,0.7305,845.49,385.91,1016.41,564.69,2.303,-0.605
2026-04-03T15:02:13.020Z,102.159,pi:0,sports ball,0.8510,1146.98,367.26,1317.94,552.36,2.224,9.163
2026-04-03T15:02:13.020Z,102.159,pi:0,sports ball,0.7004,846.32,385.87,1013.74,564.69,2.302,-0.635
2026-04-03T15:02:13.074Z,102.213,pi:0,sports ball,0.8736,1146.03,366.93,1317.95,552.34,2.221,9.149
2026-04-03T15:02:13.074Z,102.213,pi:0,sports ball,0.7155,845.96,386.66,1012.77,564.17,2.319,-0.657
2026-04-03T15:02:13.120Z,102.258,pi:0,sports ball,0.8510,1146.05,367.25,1317.63,553.06,2.216,9.144
2026-04-03T15:02:13.120Z,102.258,pi:0,sports ball,0.7456,845.97,388.54,1013.02,564.18,2.344,-0.653
2026-04-03T15:02:13.167Z,102.306,pi:0,sports ball,0.8548,1145.99,366.47,1317.79,552.37,2.215,9.145
2026-04-03T15:02:13.167Z,102.306,pi:0,sports ball,0.7456,845.86,385.87,1012.85,564.31,2.307,-0.657
2026-04-03T15:02:13.231Z,102.369,pi:0,sports ball,0.8887,1146.01,366.01,1317.63,553.03,2.201,9.143
2026-04-03T15:02:13.231Z,102.369,pi:0,sports ball,0.7644,845.53,385.90,1013.77,564.17,2.310,-0.648
2026-04-03T15:02:13.288Z,102.427,pi:0,sports ball,0.8623,1145.97,366.48,1317.98,553.71,2.199,9.148
2026-04-03T15:02:13.288Z,102.427,pi:0,sports ball,0.7757,846.38,386.68,1010.92,564.04,2.321,-0.681
2026-04-03T15:02:13.338Z,102.476,pi:0,sports ball,0.8473,1145.98,366.88,1317.88,553.06,2.211,9.147
2026-04-03T15:02:13.338Z,102.476,pi:0,sports ball,0.7381,845.06,388.45,1015.75,565.13,2.330,-0.623
2026-04-03T15:02:13.379Z,102.518,pi:0,sports ball,0.8736,1146.00,366.88,1317.88,552.41,2.219,9.147
2026-04-03T15:02:13.379Z,102.518,pi:0,sports ball,0.7945,845.56,386.71,1013.71,564.04,2.322,-0.648
2026-04-03T15:02:13.447Z,102.586,pi:0,sports ball,0.8586,1146.01,366.45,1317.72,553.05,2.206,9.145
2026-04-03T15:02:13.447Z,102.586,pi:0,sports ball,0.7569,845.86,386.72,1014.64,564.40,2.317,-0.628
2026-04-03T15:02:13.509Z,102.648,pi:0,sports ball,0.8849,1146.06,366.48,1317.48,553.07,2.207,9.141
2026-04-03T15:02:13.509Z,102.648,pi:0,sports ball,0.7268,845.53,386.70,1014.67,564.50,2.316,-0.633
2026-04-03T15:02:13.620Z,102.759,pi:0,sports ball,0.8510,1146.02,366.04,1317.79,552.36,2.210,9.146
2026-04-03T15:02:13.620Z,102.759,pi:0,sports ball,0.7908,845.59,386.71,1012.81,564.28,2.319,-0.662
2026-04-03T15:02:13.685Z,102.823,pi:0,sports ball,0.8322,1146.91,366.47,1317.51,553.06,2.206,9.156
2026-04-03T15:02:13.685Z,102.823,pi:0,sports ball,0.7305,846.40,387.59,1013.88,564.92,2.322,-0.632
2026-04-03T15:02:13.734Z,102.872,pi:0,sports ball,0.8284,1145.99,366.87,1317.57,552.39,2.219,9.142
2026-04-03T15:02:13.734Z,102.872,pi:0,sports ball,0.6740,846.41,387.59,1014.78,565.00,2.321,-0.617
2026-04-03T15:02:13.773Z,102.911,pi:0,sports ball,0.8510,1146.07,366.48,1317.86,553.05,2.207,9.148
2026-04-03T15:02:13.773Z,102.911,pi:0,sports ball,0.7268,845.03,387.68,1016.67,564.07,2.334,-0.609
2026-04-03T15:02:13.816Z,102.954,pi:0,sports ball,0.8510,1146.98,366.51,1317.88,553.05,2.207,9.162
2026-04-03T15:02:13.816Z,102.954,pi:0,sports ball,0.7569,845.47,386.70,1013.75,564.27,2.319,-0.649
2026-04-03T15:02:13.864Z,103.003,pi:0,sports ball,0.8812,1146.11,366.92,1317.87,553.07,2.212,9.148
2026-04-03T15:02:13.864Z,103.003,pi:0,sports ball,0.8058,845.91,386.68,1013.73,563.67,2.326,-0.642
2026-04-03T15:02:13.922Z,103.060,pi:0,sports ball,0.8812,1146.06,366.45,1317.94,553.01,2.207,9.149
2026-04-03T15:02:13.922Z,103.060,pi:0,sports ball,0.7343,845.96,386.65,1012.84,563.68,2.326,-0.656
2026-04-03T15:02:13.950Z,103.088,pi:0,sports ball,0.8661,1146.04,366.06,1317.89,552.34,2.210,9.148
2026-04-03T15:02:13.950Z,103.088,pi:0,sports ball,0.7644,845.17,385.86,1014.64,564.04,2.311,-0.639
2026-04-03T15:02:14.000Z,103.138,pi:0,sports ball,0.8397,1146.92,367.22,1317.88,553.02,2.216,9.162
2026-04-03T15:02:14.000Z,103.138,pi:0,sports ball,0.6929,845.81,385.86,1017.24,563.93,2.312,-0.586
2026-04-03T15:02:14.058Z,103.197,pi:0,sports ball,0.8699,1146.05,366.51,1317.86,553.05,2.207,9.147
2026-04-03T15:02:14.058Z,103.197,pi:0,sports ball,0.7079,846.33,386.66,1012.82,564.16,2.320,-0.650
2026-04-03T15:02:14.092Z,103.230,pi:0,sports ball,0.8247,1146.96,366.59,1317.88,553.05,2.208,9.162
2026-04-03T15:02:14.092Z,103.230,pi:0,sports ball,0.7268,846.48,385.85,1014.64,563.79,2.314,-0.618
2026-04-03T15:02:14.135Z,103.273,pi:0,sports ball,0.8322,1146.07,366.52,1317.59,552.36,2.215,9.143
2026-04-03T15:02:14.135Z,103.273,pi:0,sports ball,0.7230,845.53,386.67,1010.93,564.19,2.319,-0.694
2026-04-03T15:02:14.184Z,103.322,pi:0,sports ball,0.8586,1145.99,366.53,1317.88,552.38,2.215,9.147
2026-04-03T15:02:14.184Z,103.322,pi:0,sports ball,0.6590,845.45,388.45,1016.56,564.78,2.335,-0.604
2026-04-03T15:02:14.243Z,103.382,pi:0,sports ball,0.8021,1146.06,366.50,1318.03,552.38,2.215,9.150
2026-04-03T15:02:14.243Z,103.382,pi:0,sports ball,0.6816,845.92,385.85,1014.72,564.59,2.303,-0.626
2026-04-03T15:02:14.275Z,103.413,pi:0,sports ball,0.8925,1146.92,366.42,1317.72,552.36,2.214,9.159
2026-04-03T15:02:14.275Z,103.413,pi:0,sports ball,0.7983,845.59,386.71,1012.79,564.27,2.319,-0.663
2026-04-03T15:02:14.334Z,103.472,pi:0,sports ball,0.8360,1146.89,366.49,1317.74,552.36,2.215,9.159
2026-04-03T15:02:14.334Z,103.472,pi:0,sports ball,0.7004,845.81,386.65,1012.83,564.58,2.314,-0.659
2026-04-03T15:02:14.391Z,103.529,pi:0,sports ball,0.8774,1146.05,366.44,1317.54,553.06,2.206,9.142
2026-04-03T15:02:14.391Z,103.529,pi:0,sports ball,0.7757,845.47,386.73,1014.62,564.69,2.313,-0.635
2026-04-03T15:02:14.447Z,103.585,pi:0,sports ball,0.8812,1145.19,366.46,1317.62,553.07,2.206,9.130
2026-04-03T15:02:14.447Z,103.585,pi:0,sports ball,0.7531,846.38,385.85,1014.66,564.17,2.309,-0.619
2026-04-03T15:02:14.478Z,103.616,pi:0,sports ball,0.8623,1146.95,366.47,1318.08,553.06,2.207,9.165
2026-04-03T15:02:14.478Z,103.616,pi:0,sports ball,0.7531,845.53,386.68,1012.80,564.19,2.319,-0.664
2026-04-03T15:02:14.532Z,103.670,pi:0,sports ball,0.8887,1146.02,366.86,1317.58,552.33,2.220,9.142
2026-04-03T15:02:14.532Z,103.670,pi:0,sports ball,0.8021,845.52,385.91,1010.95,564.43,2.306,-0.694
2026-04-03T15:02:14.626Z,103.764,pi:0,sports ball,0.8887,1146.09,366.04,1317.93,553.03,2.202,9.149
2026-04-03T15:02:14.626Z,103.764,pi:0,sports ball,0.8058,846.03,388.46,1012.01,564.55,2.338,-0.668
2026-04-03T15:02:14.665Z,103.803,pi:0,sports ball,0.8812,1146.05,366.85,1317.64,553.73,2.203,9.144
2026-04-03T15:02:14.665Z,103.803,pi:0,sports ball,0.7569,845.48,387.68,1015.70,563.96,2.336,-0.617
2026-04-03T15:02:14.712Z,103.851,pi:0,sports ball,0.8812,1146.04,366.48,1317.79,553.74,2.199,9.146
2026-04-03T15:02:14.712Z,103.851,pi:0,sports ball,0.6778,844.97,388.54,1013.09,563.96,2.347,-0.668
2026-04-03T15:02:14.757Z,103.896,pi:0,sports ball,0.8774,1146.00,366.02,1317.88,552.37,2.209,9.147
2026-04-03T15:02:14.757Z,103.896,pi:0,sports ball,0.7381,845.53,386.69,1010.91,563.91,2.323,-0.694
2026-04-03T15:02:14.812Z,103.950,pi:0,sports ball,0.8887,1146.05,366.48,1318.17,552.34,2.215,9.152
2026-04-03T15:02:14.812Z,103.950,pi:0,sports ball,0.7644,845.54,385.85,1011.83,563.50,2.318,-0.679
2026-04-03T15:02:14.841Z,103.980,pi:0,sports ball,0.8699,1145.99,367.20,1317.42,553.75,2.207,9.139
2026-04-03T15:02:14.841Z,103.980,pi:0,sports ball,0.7983,845.56,385.10,1011.88,563.92,2.302,-0.678
2026-04-03T15:02:14.908Z,104.047,pi:0,sports ball,0.8774,1145.99,366.04,1317.89,553.08,2.201,9.147
2026-04-03T15:02:14.908Z,104.047,pi:0,sports ball,0.7531,846.38,386.64,1011.86,563.63,2.326,-0.665
2026-04-03T15:02:14.979Z,104.117,pi:0,sports ball,0.8661,1146.93,367.27,1317.79,553.06,2.216,9.160
2026-04-03T15:02:14.979Z,104.117,pi:0,sports ball,0.7870,845.54,385.94,1012.81,564.58,2.305,-0.663
2026-04-03T15:02:15.018Z,104.156,pi:0,sports ball,0.8774,1146.06,366.86,1318.03,553.06,2.211,9.150
2026-04-03T15:02:15.018Z,104.156,pi:0,sports ball,0.7456,846.01,386.66,1012.82,564.59,2.314,-0.655
2026-04-03T15:02:15.058Z,104.197,pi:0,sports ball,0.8623,1146.04,366.85,1317.71,553.06,2.211,9.145
2026-04-03T15:02:15.058Z,104.197,pi:0,sports ball,0.6628,845.78,388.53,1015.76,564.30,2.342,-0.611
2026-04-03T15:02:15.104Z,104.242,pi:0,sports ball,0.8849,1146.04,366.89,1317.41,553.06,2.212,9.140
2026-04-03T15:02:15.104Z,104.242,pi:0,sports ball,0.7908,845.66,386.71,1013.73,564.42,2.317,-0.646
2026-04-03T15:02:15.152Z,104.290,pi:0,sports ball,0.8661,1146.06,366.49,1317.63,553.05,2.207,9.144
2026-04-03T15:02:15.152Z,104.290,pi:0,sports ball,0.7268,845.44,388.44,1015.70,564.93,2.333,-0.618
2026-04-03T15:02:15.196Z,104.334,pi:0,sports ball,0.8849,1146.94,366.88,1318.00,552.37,2.220,9.164
2026-04-03T15:02:15.196Z,104.334,pi:0,sports ball,0.7908,845.93,386.67,1015.52,564.29,2.318,-0.613
2026-04-03T15:02:15.233Z,104.372,pi:0,sports ball,0.8661,1146.04,366.49,1317.72,552.38,2.215,9.145
2026-04-03T15:02:15.233Z,104.372,pi:0,sports ball,0.7607,846.34,388.45,1013.84,564.69,2.336,-0.634
2026-04-03T15:02:15.269Z,104.407,pi:0,sports ball,0.8812,1146.07,366.50,1317.52,553.75,2.199,9.142
2026-04-03T15:02:15.269Z,104.407,pi:0,sports ball,0.7833,845.59,385.90,1010.93,564.03,2.311,-0.693
2026-04-03T15:02:15.323Z,104.461,pi:0,sports ball,0.8699,1146.06,366.46,1318.06,552.36,2.215,9.151
2026-04-03T15:02:15.323Z,104.461,pi:0,sports ball,0.7983,845.93,386.70,1012.80,564.43,2.317,-0.657
2026-04-03T15:02:15.357Z,104.495,pi:0,sports ball,0.8736,1146.00,366.48,1317.95,552.36,2.215,9.148
2026-04-03T15:02:15.357Z,104.495,pi:0,sports ball,0.7908,845.96,386.67,1014.61,564.17,2.320,-0.627
2026-04-03T15:02:15.405Z,104.544,pi:0,sports ball,0.8699,1146.09,366.87,1317.88,552.36,2.220,9.148
2026-04-03T15:02:15.405Z,104.544,pi:0,sports ball,0.7795,845.53,385.88,1012.80,564.17,2.309,-0.664
2026-04-03T15:02:15.455Z,104.593,pi:0,sports ball,0.8925,1146.04,366.44,1317.88,552.35,2.215,9.148
2026-04-03T15:02:15.455Z,104.593,pi:0,sports ball,0.7569,845.91,386.66,1013.73,564.31,2.318,-0.642
2026-04-03T15:02:15.512Z,104.651,pi:0,sports ball,0.8623,1146.01,366.50,1317.83,552.36,2.215,9.146
2026-04-03T15:02:15.512Z,104.651,pi:0,sports ball,0.7456,845.99,385.90,1011.88,564.46,2.306,-0.671
2026-04-03T15:02:15.575Z,104.713,pi:0,sports ball,0.8473,1146.05,366.87,1317.82,552.36,2.220,9.147
2026-04-03T15:02:15.575Z,104.713,pi:0,sports ball,0.8435,845.26,386.73,1011.87,563.78,2.325,-0.683
2026-04-03T15:02:15.628Z,104.767,pi:0,sports ball,0.8849,1145.20,366.50,1318.01,553.03,2.207,9.136
2026-04-03T15:02:15.628Z,104.767,pi:0,sports ball,0.7908,845.90,387.53,1013.74,564.17,2.331,-0.642
2026-04-03T15:02:15.668Z,104.806,pi:0,sports ball,0.8812,1146.04,366.46,1317.95,553.04,2.207,9.149
2026-04-03T15:02:15.668Z,104.806,pi:0,sports ball,0.7381,845.90,385.84,1014.67,564.17,2.309,-0.627
2026-04-03T15:02:15.710Z,104.848,pi:0,sports ball,0.8661,1146.01,365.60,1318.10,553.07,2.196,9.151
2026-04-03T15:02:15.710Z,104.848,pi:0,sports ball,0.7757,845.96,385.86,1012.79,564.54,2.304,-0.657
2026-04-03T15:02:15.748Z,104.887,pi:0,sports ball,0.8849,1146.06,366.01,1317.87,553.08,2.201,9.148
2026-04-03T15:02:15.748Z,104.887,pi:0,sports ball,0.7983,845.54,385.89,1015.52,564.03,2.311,-0.619
2026-04-03T15:02:15.790Z,104.929,pi:0,sports ball,0.8247,1145.16,366.87,1317.88,552.34,2.220,9.133
2026-04-03T15:02:15.790Z,104.929,pi:0,sports ball,0.6213,845.66,388.53,1018.38,564.08,2.345,-0.570
2026-04-03T15:02:15.839Z,104.977,pi:0,sports ball,0.8661,1145.17,366.86,1317.79,552.37,2.219,9.132
2026-04-03T15:02:15.839Z,104.977,pi:0,sports ball,0.7456,845.53,386.66,1014.61,564.31,2.318,-0.634
2026-04-03T15:02:15.902Z,105.041,pi:0,sports ball,0.8849,1146.04,366.02,1317.80,553.71,2.194,9.146
2026-04-03T15:02:15.902Z,105.041,pi:0,sports ball,0.7833,845.96,385.86,1014.62,563.79,2.314,-0.627
2026-04-03T15:02:15.956Z,105.094,pi:0,sports ball,0.8812,1146.07,367.26,1317.88,553.03,2.216,9.148
2026-04-03T15:02:15.956Z,105.094,pi:0,sports ball,0.7983,845.17,385.90,1011.88,564.79,2.302,-0.684
2026-04-03T15:02:15.990Z,105.129,pi:0,sports ball,0.8774,1146.05,366.48,1317.81,552.36,2.215,9.147
2026-04-03T15:02:15.990Z,105.129,pi:0,sports ball,0.7607,845.96,385.88,1011.86,564.04,2.311,-0.672
2026-04-03T15:02:16.027Z,105.165,pi:0,sports ball,0.8397,1145.99,366.05,1317.16,552.36,2.210,9.135
2026-04-03T15:02:16.027Z,105.165,pi:0,sports ball,0.7004,847.01,388.54,1012.94,564.05,2.346,-0.637
2026-04-03T15:02:16.066Z,105.205,pi:0,sports ball,0.8774,1146.03,366.85,1318.10,552.38,2.219,9.151
2026-04-03T15:02:16.066Z,105.205,pi:0,sports ball,0.7305,845.53,388.43,1017.46,564.92,2.333,-0.587
2026-04-03T15:02:16.110Z,105.248,pi:0,sports ball,0.8586,1146.95,366.87,1317.48,553.03,2.212,9.156
2026-04-03T15:02:16.110Z,105.248,pi:0,sports ball,0.7381,845.93,388.45,1013.84,564.92,2.333,-0.640
2026-04-03T15:02:16.149Z,105.288,pi:0,sports ball,0.8360,1146.01,366.06,1317.42,552.40,2.210,9.140
2026-04-03T15:02:16.149Z,105.288,pi:0,sports ball,0.6326,845.87,387.69,1015.84,564.17,2.333,-0.608
2026-04-03T15:02:16.211Z,105.349,pi:0,sports ball,0.8623,1146.93,366.49,1317.82,552.34,2.215,9.161
2026-04-03T15:02:16.211Z,105.349,pi:0,sports ball,0.6740,845.82,388.46,1012.01,564.57,2.338,-0.672
2026-04-03T15:02:16.249Z,105.388,pi:0,sports ball,0.8812,1146.03,365.64,1317.88,553.05,2.197,9.147
2026-04-03T15:02:16.249Z,105.388,pi:0,sports ball,0.7456,845.56,388.52,1014.84,564.08,2.345,-0.630
2026-04-03T15:02:16.287Z,105.425,pi:0,sports ball,0.8812,1146.01,366.46,1317.94,553.06,2.206,9.148
2026-04-03T15:02:16.287Z,105.425,pi:0,sports ball,0.7192,845.91,386.68,1010.94,564.04,2.321,-0.688
2026-04-03T15:02:16.348Z,105.487,pi:0,sports ball,0.8548,1146.86,367.29,1317.66,552.33,2.225,9.157
2026-04-03T15:02:16.348Z,105.487,pi:0,sports ball,0.7531,845.62,386.69,1011.85,564.16,2.320,-0.678
2026-04-03T15:02:16.400Z,105.538,pi:0,sports ball,0.8096,1146.91,367.66,1317.90,553.05,2.221,9.162
2026-04-03T15:02:16.400Z,105.538,pi:0,sports ball,0.6929,846.35,387.60,1013.85,565.00,2.321,-0.633
2026-04-03T15:02:16.442Z,105.581,pi:0,sports ball,0.8736,1146.05,366.88,1317.88,553.06,2.211,9.148
2026-04-03T15:02:16.442Z,105.581,pi:0,sports ball,0.7117,846.81,386.67,1013.75,564.32,2.318,-0.627
2026-04-03T15:02:16.493Z,105.631,pi:0,sports ball,0.8812,1146.04,366.50,1317.82,552.33,2.216,9.147
2026-04-03T15:02:16.493Z,105.631,pi:0,sports ball,0.7192,846.38,388.52,1015.63,563.95,2.347,-0.603
2026-04-03T15:02:16.531Z,105.669,pi:0,sports ball,0.8661,1146.03,366.89,1318.04,552.34,2.220,9.150
2026-04-03T15:02:16.531Z,105.669,pi:0,sports ball,0.7456,846.00,385.05,1014.67,564.30,2.297,-0.625
2026-04-03T15:02:16.580Z,105.718,pi:0,sports ball,0.8586,1145.13,366.87,1317.98,553.06,2.211,9.135
2026-04-03T15:02:16.580Z,105.718,pi:0,sports ball,0.6402,845.39,388.44,1015.73,565.33,2.328,-0.618
2026-04-03T15:02:16.643Z,105.781,pi:0,sports ball,0.8812,1146.05,366.50,1317.94,552.34,2.215,9.149
2026-04-03T15:02:16.643Z,105.781,pi:0,sports ball,0.7607,846.47,385.85,1013.72,564.04,2.310,-0.633
2026-04-03T15:02:16.684Z,105.822,pi:0,sports ball,0.8661,1146.05,366.46,1317.82,552.34,2.215,9.147
2026-04-03T15:02:16.684Z,105.822,pi:0,sports ball,0.6929,846.40,388.47,1013.90,564.92,2.333,-0.631
2026-04-03T15:02:16.727Z,105.866,pi:0,sports ball,0.8661,1146.00,365.60,1317.74,552.33,2.205,9.145
2026-04-03T15:02:16.727Z,105.866,pi:0,sports ball,0.7682,846.02,386.68,1009.93,564.04,2.321,-0.702
2026-04-03T15:02:16.773Z,105.912,pi:0,sports ball,0.8774,1146.04,366.48,1317.82,552.34,2.215,9.147
2026-04-03T15:02:16.773Z,105.912,pi:0,sports ball,0.7494,845.54,386.65,1013.68,563.79,2.324,-0.649
2026-04-03T15:02:16.837Z,105.976,pi:0,sports ball,0.8849,1146.02,366.91,1317.64,553.05,2.212,9.143
2026-04-03T15:02:16.837Z,105.976,pi:0,sports ball,0.7155,845.93,386.65,1012.79,564.04,2.321,-0.657
2026-04-03T15:02:16.881Z,106.020,pi:0,sports ball,0.8736,1144.52,367.65,1318.12,549.13,2.269,9.127
2026-04-03T15:02:16.881Z,106.020,pi:0,sports ball,0.8134,845.62,385.91,1010.88,563.57,2.317,-0.693
2026-04-03T15:02:16.926Z,106.064,pi:0,sports ball,0.8812,1146.98,366.05,1317.70,553.05,2.202,9.160
2026-04-03T15:02:16.926Z,106.064,pi:0,sports ball,0.7381,845.53,386.69,1010.93,563.91,2.323,-0.694
2026-04-03T15:02:16.963Z,106.101,pi:0,sports ball,0.8774,1146.98,366.83,1317.59,552.36,2.219,9.158
2026-04-03T15:02:16.963Z,106.101,pi:0,sports ball,0.7569,845.59,389.33,1014.79,564.72,2.347,-0.630
2026-04-03T15:02:16.996Z,106.134,pi:0,sports ball,0.8586,1146.98,367.29,1317.64,553.06,2.216,9.159
2026-04-03T15:02:16.996Z,106.134,pi:0,sports ball,0.6665,845.92,386.62,1013.72,563.78,2.324,-0.642
2026-04-03T15:02:17.040Z,106.179,pi:0,sports ball,0.8774,1146.02,366.46,1318.10,552.35,2.215,9.151
2026-04-03T15:02:17.040Z,106.179,pi:0,sports ball,0.7607,845.54,386.73,1010.98,563.65,2.327,-0.693
2026-04-03T15:02:17.086Z,106.224,pi:0,sports ball,0.8774,1146.08,366.47,1318.04,553.07,2.206,9.151
2026-04-03T15:02:17.086Z,106.224,pi:0,sports ball,0.7682,845.90,385.89,1009.97,563.91,2.313,-0.704
2026-04-03T15:02:17.163Z,106.302,pi:0,sports ball,0.8774,1146.04,366.87,1317.70,552.37,2.219,9.145
2026-04-03T15:02:17.163Z,106.302,pi:0,sports ball,0.8096,845.62,387.54,1010.93,564.16,2.331,-0.693
2026-04-03T15:02:17.204Z,106.342,pi:0,sports ball,0.8812,1146.04,366.45,1318.02,553.05,2.206,9.150
2026-04-03T15:02:17.204Z,106.342,pi:0,sports ball,0.7381,845.96,386.70,1012.80,564.17,2.320,-0.657
2026-04-03T15:02:17.243Z,106.382,pi:0,sports ball,0.8586,1146.03,366.44,1317.81,552.37,2.214,9.146
2026-04-03T15:02:17.243Z,106.382,pi:0,sports ball,0.6628,845.92,386.71,1013.73,564.30,2.318,-0.642
2026-04-03T15:02:17.283Z,106.421,pi:0,sports ball,0.8812,1146.06,366.47,1318.08,552.37,2.215,9.151
2026-04-03T15:02:17.283Z,106.421,pi:0,sports ball,0.7757,846.47,385.90,1009.98,563.78,2.314,-0.694
2026-04-03T15:02:17.345Z,106.484,pi:0,sports ball,0.8736,1146.05,366.05,1317.71,552.35,2.210,9.145
2026-04-03T15:02:17.345Z,106.484,pi:0,sports ball,0.7945,845.54,385.86,1012.79,564.16,2.309,-0.664
2026-04-03T15:02:17.374Z,106.512,pi:0,sports ball,0.8736,1146.07,366.87,1317.73,553.06,2.211,9.146
2026-04-03T15:02:17.374Z,106.512,pi:0,sports ball,0.7079,845.52,385.88,1011.89,563.57,2.317,-0.679
2026-04-03T15:02:17.424Z,106.562,pi:0,sports ball,0.8510,1146.05,366.90,1317.96,552.36,2.220,9.149
2026-04-03T15:02:17.424Z,106.562,pi:0,sports ball,0.6665,845.49,385.82,1011.90,564.05,2.310,-0.679
2026-04-03T15:02:17.496Z,106.635,pi:0,sports ball,0.8774,1145.10,366.84,1318.17,553.06,2.211,9.137
2026-04-03T15:02:17.496Z,106.635,pi:0,sports ball,0.7607,845.80,385.88,1010.95,564.04,2.311,-0.689
2026-04-03T15:02:17.560Z,106.699,pi:0,sports ball,0.8360,1146.04,366.88,1317.88,553.05,2.212,9.148
2026-04-03T15:02:17.560Z,106.699,pi:0,sports ball,0.6929,846.33,385.86,1015.55,564.29,2.307,-0.606
2026-04-03T15:02:17.587Z,106.726,pi:0,sports ball,0.8510,1146.02,366.92,1318.03,552.40,2.220,9.150
2026-04-03T15:02:17.587Z,106.726,pi:0,sports ball,0.7117,846.42,385.87,1014.65,563.79,2.314,-0.619
2026-04-03T15:02:17.642Z,106.780,pi:0,sports ball,0.8774,1146.04,366.46,1317.95,553.72,2.199,9.149
2026-04-03T15:02:17.642Z,106.780,pi:0,sports ball,0.7343,845.96,386.66,1013.77,563.50,2.328,-0.641
2026-04-03T15:02:17.701Z,106.839,pi:0,sports ball,0.8661,1145.97,366.45,1317.80,552.38,2.214,9.145
2026-04-03T15:02:17.701Z,106.839,pi:0,sports ball,0.7381,845.92,386.65,1010.90,564.17,2.319,-0.688
2026-04-03T15:02:17.764Z,106.903,pi:0,sports ball,0.9000,1146.03,366.08,1318.01,552.35,2.210,9.150
2026-04-03T15:02:17.764Z,106.903,pi:0,sports ball,0.7833,846.00,385.86,1012.78,564.04,2.311,-0.656
2026-04-03T15:02:17.793Z,106.931,pi:0,sports ball,0.8510,1145.14,366.45,1318.02,552.35,2.215,9.135
2026-04-03T15:02:17.793Z,106.931,pi:0,sports ball,0.8058,845.48,385.89,1010.92,563.67,2.316,-0.695
2026-04-03T15:02:17.838Z,106.977,pi:0,sports ball,0.8925,1145.14,366.03,1317.88,552.35,2.210,9.133
2026-04-03T15:02:17.838Z,106.977,pi:0,sports ball,0.7644,845.56,385.86,1011.88,563.92,2.312,-0.678
2026-04-03T15:02:17.894Z,107.033,pi:0,sports ball,0.8661,1146.02,367.25,1317.73,552.34,2.224,9.145
2026-04-03T15:02:17.894Z,107.033,pi:0,sports ball,0.7833,845.01,385.90,1013.75,564.04,2.311,-0.657
2026-04-03T15:02:17.972Z,107.110,pi:0,sports ball,0.8774,1146.04,366.47,1317.93,553.05,2.207,9.148
2026-04-03T15:02:17.972Z,107.110,pi:0,sports ball,0.7607,845.92,385.89,1014.65,564.04,2.311,-0.627
2026-04-03T15:02:17.991Z,107.130,pi:0,sports ball,0.8774,1146.03,366.47,1318.10,552.35,2.215,9.151
2026-04-03T15:02:17.991Z,107.130,pi:0,sports ball,0.7682,845.92,387.54,1012.78,564.29,2.329,-0.658
2026-04-03T15:02:18.047Z,107.186,pi:0,sports ball,0.8887,1146.01,366.44,1317.81,553.06,2.206,9.146
2026-04-03T15:02:18.047Z,107.186,pi:0,sports ball,0.7757,845.53,385.89,1013.76,564.31,2.308,-0.648
2026-04-03T15:02:18.107Z,107.245,pi:0,sports ball,0.8623,1146.07,366.88,1317.64,553.02,2.212,9.144
2026-04-03T15:02:18.107Z,107.245,pi:0,sports ball,0.6816,844.96,388.52,1014.93,564.27,2.343,-0.638
2026-04-03T15:02:18.158Z,107.297,pi:0,sports ball,0.8586,1145.14,366.47,1317.80,553.08,2.206,9.132
2026-04-03T15:02:18.158Z,107.297,pi:0,sports ball,0.7230,845.29,386.78,1013.68,564.13,2.322,-0.653
2026-04-03T15:02:18.198Z,107.337,pi:0,sports ball,0.8812,1146.08,366.53,1318.14,552.34,2.216,9.152
2026-04-03T15:02:18.198Z,107.337,pi:0,sports ball,0.7004,846.29,388.53,1015.76,564.17,2.344,-0.603
2026-04-03T15:02:18.259Z,107.397,pi:0,sports ball,0.8849,1145.16,366.42,1317.47,552.35,2.214,9.127
2026-04-03T15:02:18.259Z,107.397,pi:0,sports ball,0.7607,845.53,385.05,1012.83,564.80,2.291,-0.663
2026-04-03T15:02:18.301Z,107.439,pi:0,sports ball,0.8962,1146.89,366.45,1317.71,552.33,2.215,9.159
2026-04-03T15:02:18.301Z,107.439,pi:0,sports ball,0.8134,845.53,385.90,1012.80,564.17,2.310,-0.664
2026-04-03T15:02:18.339Z,107.477,pi:0,sports ball,0.8774,1146.03,366.04,1317.80,553.04,2.202,9.146
2026-04-03T15:02:18.339Z,107.477,pi:0,sports ball,0.7945,845.52,385.90,1012.83,564.31,2.308,-0.663
2026-04-03T15:02:18.382Z,107.521,pi:0,sports ball,0.8284,1146.03,366.93,1317.84,552.37,2.220,9.147
2026-04-03T15:02:18.382Z,107.521,pi:0,sports ball,0.7079,846.29,385.85,1009.95,563.65,2.316,-0.698
2026-04-03T15:02:18.445Z,107.586,pi:0,sports ball,0.8774,1146.03,366.02,1317.55,553.08,2.201,9.142
2026-04-03T15:02:18.445Z,107.586,pi:0,sports ball,0.7607,845.14,385.09,1015.57,564.55,2.294,-0.625
2026-04-03T15:02:18.488Z,107.627,pi:0,sports ball,0.8586,1146.06,366.53,1317.88,553.73,2.199,9.148
2026-04-03T15:02:18.488Z,107.627,pi:0,sports ball,0.6853,845.31,388.53,1011.11,564.06,2.345,-0.695
2026-04-03T15:02:18.535Z,107.674,pi:0,sports ball,0.8812,1146.03,366.48,1317.88,552.36,2.215,9.147
2026-04-03T15:02:18.535Z,107.674,pi:0,sports ball,0.7381,845.40,387.68,1013.03,563.96,2.336,-0.662
2026-04-03T15:02:18.585Z,107.723,pi:0,sports ball,0.8586,1145.99,366.03,1317.82,553.05,2.201,9.146
2026-04-03T15:02:18.585Z,107.723,pi:0,sports ball,0.7456,846.27,385.86,1014.63,564.04,2.311,-0.622
2026-04-03T15:02:18.615Z,107.753,pi:0,sports ball,0.8397,1145.99,366.51,1317.74,552.39,2.215,9.145
2026-04-03T15:02:18.615Z,107.753,pi:0,sports ball,0.7305,845.84,388.54,1014.85,563.64,2.351,-0.625
2026-04-03T15:02:18.658Z,107.797,pi:0,sports ball,0.8247,1146.98,367.28,1317.65,552.35,2.225,9.159
2026-04-03T15:02:18.658Z,107.797,pi:0,sports ball,0.6929,845.91,386.64,1011.91,564.17,2.319,-0.672
2026-04-03T15:02:18.709Z,107.848,pi:0,sports ball,0.8699,1146.93,366.87,1317.88,552.36,2.220,9.162
2026-04-03T15:02:18.709Z,107.848,pi:0,sports ball,0.7494,846.43,386.63,1010.92,563.65,2.326,-0.680
2026-04-03T15:02:18.748Z,107.886,pi:0,sports ball,0.8586,1146.08,367.35,1317.94,553.04,2.217,9.149
2026-04-03T15:02:18.748Z,107.886,pi:0,sports ball,0.6778,845.43,386.74,1012.05,565.00,2.310,-0.678
2026-04-03T15:02:18.796Z,107.935,pi:0,sports ball,0.8736,1146.93,366.47,1318.03,552.32,2.215,9.164
2026-04-03T15:02:18.796Z,107.935,pi:0,sports ball,0.7870,846.01,386.72,1010.92,564.03,2.322,-0.686
2026-04-03T15:02:18.846Z,107.985,pi:0,sports ball,0.8699,1146.02,366.06,1317.48,552.33,2.210,9.141
2026-04-03T15:02:18.846Z,107.985,pi:0,sports ball,0.7155,846.04,388.51,1014.88,564.16,2.344,-0.621
2026-04-03T15:02:18.886Z,108.024,pi:0,sports ball,0.8473,1145.98,366.05,1318.03,552.36,2.210,9.149
2026-04-03T15:02:18.886Z,108.024,pi:0,sports ball,0.7607,845.16,386.69,1012.81,564.04,2.321,-0.670
2026-04-03T15:02:18.927Z,108.066,pi:0,sports ball,0.8435,1146.95,366.89,1317.67,553.07,2.211,9.159
2026-04-03T15:02:18.927Z,108.066,pi:0,sports ball,0.7720,845.53,386.69,1012.78,563.91,2.323,-0.664
2026-04-03T15:02:18.967Z,108.106,pi:0,sports ball,0.8623,1146.92,366.04,1317.71,553.72,2.194,9.159
2026-04-03T15:02:18.967Z,108.106,pi:0,sports ball,0.7305,845.40,387.69,1016.69,563.85,2.337,-0.602
2026-04-03T15:02:19.039Z,108.177,pi:0,sports ball,0.8586,1146.04,367.28,1317.88,552.36,2.224,9.148
2026-04-03T15:02:19.039Z,108.177,pi:0,sports ball,0.7042,845.53,385.85,1013.73,564.18,2.309,-0.648
2026-04-03T15:02:19.075Z,108.213,pi:0,sports ball,0.8548,1146.02,366.87,1317.73,552.33,2.220,9.145
2026-04-03T15:02:19.075Z,108.213,pi:0,sports ball,0.7343,845.43,386.70,1012.77,564.04,2.322,-0.666
2026-04-03T15:02:19.108Z,108.246,pi:0,sports ball,0.8623,1146.04,366.05,1317.88,552.37,2.210,9.148
2026-04-03T15:02:19.108Z,108.246,pi:0,sports ball,0.6552,845.08,387.58,1015.74,564.93,2.322,-0.623
2026-04-03T15:02:19.141Z,108.279,pi:0,sports ball,0.8623,1146.02,366.04,1317.57,553.06,2.201,9.142
2026-04-03T15:02:19.141Z,108.279,pi:0,sports ball,0.7155,845.89,387.59,1013.87,564.84,2.323,-0.640
2026-04-03T15:02:19.192Z,108.330,pi:0,sports ball,0.8661,1145.13,366.87,1317.78,553.07,2.211,9.131
2026-04-03T15:02:19.192Z,108.330,pi:0,sports ball,0.7757,846.48,386.72,1012.79,564.03,2.322,-0.648
2026-04-03T15:02:19.260Z,108.398,pi:0,sports ball,0.8661,1146.95,366.89,1317.88,553.06,2.212,9.162
2026-04-03T15:02:19.260Z,108.398,pi:0,sports ball,0.7004,845.64,388.52,1013.08,563.87,2.348,-0.657
2026-04-03T15:02:19.307Z,108.446,pi:0,sports ball,0.8736,1146.06,366.04,1317.80,552.37,2.210,9.147
2026-04-03T15:02:19.307Z,108.446,pi:0,sports ball,0.6477,846.04,389.40,1017.48,563.97,2.358,-0.579
2026-04-03T15:02:19.337Z,108.476,pi:0,sports ball,0.8774,1146.07,366.90,1318.08,553.06,2.212,9.151
2026-04-03T15:02:19.337Z,108.476,pi:0,sports ball,0.7682,845.53,386.69,1014.65,563.92,2.323,-0.633
2026-04-03T15:02:19.413Z,108.551,pi:0,sports ball,0.8473,1146.04,367.23,1317.89,552.36,2.224,9.148
2026-04-03T15:02:19.413Z,108.551,pi:0,sports ball,0.7870,845.16,385.89,1011.86,564.31,2.308,-0.685
2026-04-03T15:02:19.469Z,108.607,pi:0,sports ball,0.8774,1146.09,366.47,1317.94,553.71,2.199,9.149
2026-04-03T15:02:19.469Z,108.607,pi:0,sports ball,0.6853,845.97,387.70,1012.07,563.96,2.336,-0.668
2026-04-03T15:02:19.503Z,108.642,pi:0,sports ball,0.8774,1146.06,366.04,1317.80,552.34,2.210,9.147
2026-04-03T15:02:19.503Z,108.642,pi:0,sports ball,0.7230,844.97,388.51,1015.78,564.16,2.344,-0.624
2026-04-03T15:02:19.568Z,108.706,pi:0,sports ball,0.8736,1146.95,366.90,1317.88,552.38,2.220,9.162
2026-04-03T15:02:19.568Z,108.706,pi:0,sports ball,0.7230,845.20,386.67,1013.74,563.65,2.326,-0.654
2026-04-03T15:02:19.628Z,108.766,pi:0,sports ball,0.8548,1146.03,367.29,1318.03,552.34,2.225,9.150
2026-04-03T15:02:19.628Z,108.766,pi:0,sports ball,0.6891,845.88,388.43,1012.97,565.07,2.331,-0.655
2026-04-03T15:02:19.680Z,108.819,pi:0,sports ball,0.8736,1145.18,366.47,1317.80,553.05,2.207,9.133
2026-04-03T15:02:19.680Z,108.819,pi:0,sports ball,0.7682,845.17,387.61,1015.62,564.99,2.321,-0.623
2026-04-03T15:02:19.709Z,108.848,pi:0,sports ball,0.8774,1146.04,366.05,1317.81,552.34,2.210,9.147
2026-04-03T15:02:19.709Z,108.848,pi:0,sports ball,0.8021,846.10,385.86,1011.87,563.79,2.314,-0.669
2026-04-03T15:02:19.761Z,108.900,pi:0,sports ball,0.8887,1146.02,366.88,1317.81,552.34,2.220,9.146
2026-04-03T15:02:19.761Z,108.900,pi:0,sports ball,0.7569,845.91,385.83,1012.82,564.17,2.309,-0.657
2026-04-03T15:02:19.828Z,108.966,pi:0,sports ball,0.8699,1145.10,367.25,1318.03,552.37,2.224,9.135
2026-04-03T15:02:19.828Z,108.966,pi:0,sports ball,0.7607,846.02,385.90,1010.94,564.40,2.307,-0.686
2026-04-03T15:02:19.882Z,109.020,pi:0,sports ball,0.8623,1146.02,366.04,1317.63,553.03,2.202,9.143
2026-04-03T15:02:19.882Z,109.020,pi:0,sports ball,0.7569,846.01,386.71,1011.87,564.05,2.322,-0.671
2026-04-03T15:02:19.916Z,109.054,pi:0,sports ball,0.8661,1145.12,366.06,1318.03,553.05,2.202,9.135
2026-04-03T15:02:19.916Z,109.054,pi:0,sports ball,0.6326,845.77,387.67,1018.33,564.16,2.333,-0.569
2026-04-03T15:02:19.965Z,109.103,pi:0,sports ball,0.8510,1146.00,366.87,1317.88,552.36,2.220,9.147
2026-04-03T15:02:19.965Z,109.103,pi:0,sports ball,0.7381,845.52,386.70,1013.71,564.17,2.320,-0.649
2026-04-03T15:02:20.023Z,109.161,pi:0,sports ball,0.8247,1146.01,366.86,1317.88,552.33,2.220,9.147
2026-04-03T15:02:20.023Z,109.161,pi:0,sports ball,0.7305,846.01,385.87,1012.79,563.91,2.313,-0.656
2026-04-03T15:02:20.079Z,109.218,pi:0,sports ball,0.8397,1146.02,366.46,1317.64,553.04,2.207,9.143
2026-04-03T15:02:20.079Z,109.218,pi:0,sports ball,0.7305,846.00,386.66,1012.79,563.91,2.323,-0.656
2026-04-03T15:02:20.106Z,109.244,pi:0,sports ball,0.8736,1145.99,366.48,1317.56,552.35,2.215,9.142
2026-04-03T15:02:20.106Z,109.244,pi:0,sports ball,0.6929,846.01,386.69,1013.72,564.04,2.321,-0.641
2026-04-03T15:02:20.166Z,109.304,pi:0,sports ball,0.8247,1146.00,367.28,1317.91,552.35,2.225,9.148
2026-04-03T15:02:20.166Z,109.304,pi:0,sports ball,0.7343,846.44,386.67,1010.93,563.92,2.323,-0.679
2026-04-03T15:02:20.208Z,109.346,pi:0,sports ball,0.8812,1146.05,366.06,1317.80,552.36,2.210,9.146
2026-04-03T15:02:20.208Z,109.346,pi:0,sports ball,0.6665,845.90,388.44,1012.02,565.17,2.330,-0.670
2026-04-03T15:02:20.249Z,109.388,pi:0,sports ball,0.8849,1146.04,366.49,1317.88,552.36,2.215,9.148
2026-04-03T15:02:20.249Z,109.388,pi:0,sports ball,0.7757,845.53,385.88,1009.95,564.05,2.311,-0.710
2026-04-03T15:02:20.289Z,109.428,pi:0,sports ball,0.8699,1146.04,366.87,1317.82,551.65,2.228,9.147
2026-04-03T15:02:20.289Z,109.428,pi:0,sports ball,0.7569,845.92,386.69,1011.88,564.04,2.321,-0.672
2026-04-03T15:02:20.353Z,109.491,pi:0,sports ball,0.8736,1146.04,366.01,1317.64,552.37,2.209,9.144
2026-04-03T15:02:20.353Z,109.491,pi:0,sports ball,0.7381,845.21,388.54,1013.05,564.58,2.339,-0.665
2026-04-03T15:02:20.392Z,109.531,pi:0,sports ball,0.8360,1146.02,366.88,1317.64,553.04,2.212,9.143
2026-04-03T15:02:20.392Z,109.531,pi:0,sports ball,0.6891,845.53,386.66,1010.90,563.63,2.327,-0.695
2026-04-03T15:02:20.429Z,109.568,pi:0,sports ball,0.8812,1146.00,365.60,1318.03,552.34,2.205,9.149
2026-04-03T15:02:20.429Z,109.568,pi:0,sports ball,0.7042,845.40,388.51,1015.78,564.47,2.340,-0.617
2026-04-03T15:02:20.487Z,109.626,pi:0,sports ball,0.8661,1146.94,366.88,1317.66,552.35,2.220,9.158
2026-04-03T15:02:20.487Z,109.626,pi:0,sports ball,0.6816,845.98,388.45,1013.93,564.57,2.338,-0.638
2026-04-03T15:02:20.551Z,109.690,pi:0,sports ball,0.8548,1146.99,366.92,1317.81,553.06,2.212,9.162
2026-04-03T15:02:20.551Z,109.690,pi:0,sports ball,0.7305,845.83,385.84,1012.79,564.04,2.310,-0.659
2026-04-03T15:02:20.603Z,109.742,pi:0,sports ball,0.8849,1146.04,366.45,1317.87,553.04,2.207,9.147
2026-04-03T15:02:20.603Z,109.742,pi:0,sports ball,0.7757,845.96,386.70,1013.75,564.17,2.320,-0.641
2026-04-03T15:02:20.656Z,109.794,pi:0,sports ball,0.8774,1146.01,366.44,1317.79,552.34,2.215,9.146
2026-04-03T15:02:20.656Z,109.794,pi:0,sports ball,0.7569,845.97,385.90,1013.76,564.31,2.308,-0.641
2026-04-03T15:02:20.700Z,109.838,pi:0,sports ball,0.8774,1146.07,366.89,1318.03,552.35,2.220,9.150
2026-04-03T15:02:20.700Z,109.838,pi:0,sports ball,0.6778,845.38,387.57,1014.90,564.94,2.321,-0.632
2026-04-03T15:02:20.739Z,109.878,pi:0,sports ball,0.8548,1146.00,366.07,1317.78,553.03,2.202,9.145
2026-04-03T15:02:20.739Z,109.878,pi:0,sports ball,0.7230,845.16,385.86,1011.85,564.04,2.311,-0.685
2026-04-03T15:02:20.794Z,109.932,pi:0,sports ball,0.8473,1145.97,366.87,1317.39,552.34,2.220,9.139
2026-04-03T15:02:20.794Z,109.932,pi:0,sports ball,0.7230,845.43,389.31,1013.89,564.58,2.349,-0.647
2026-04-03T15:02:20.837Z,109.976,pi:0,sports ball,0.8887,1146.06,366.47,1317.93,552.33,2.215,9.149
2026-04-03T15:02:20.837Z,109.976,pi:0,sports ball,0.6929,845.05,388.50,1012.95,564.14,2.344,-0.669
2026-04-03T15:02:20.877Z,110.015,pi:0,sports ball,0.8812,1146.05,366.44,1317.80,552.35,2.215,9.147
2026-04-03T15:02:20.877Z,110.015,pi:0,sports ball,0.7079,845.53,385.86,1013.71,564.75,2.301,-0.649
2026-04-03T15:02:20.933Z,110.076,pi:0,sports ball,0.8473,1146.90,366.48,1317.56,553.04,2.207,9.156
2026-04-03T15:02:20.933Z,110.076,pi:0,sports ball,0.6778,845.01,385.86,1011.92,564.16,2.309,-0.686
2026-04-03T15:02:20.984Z,110.122,pi:0,sports ball,0.8661,1146.06,366.04,1317.86,553.06,2.201,9.148
2026-04-03T15:02:20.984Z,110.122,pi:0,sports ball,0.7418,846.48,385.90,1014.64,564.54,2.305,-0.618
2026-04-03T15:02:21.028Z,110.166,pi:0,sports ball,0.8736,1146.03,366.47,1317.72,553.06,2.207,9.145
2026-04-03T15:02:21.028Z,110.166,pi:0,sports ball,0.7494,846.48,386.64,1011.86,563.91,2.323,-0.663
2026-04-03T15:02:21.068Z,110.207,pi:0,sports ball,0.8284,1145.99,366.86,1317.56,552.34,2.220,9.142
2026-04-03T15:02:21.068Z,110.207,pi:0,sports ball,0.6853,846.42,389.30,1014.89,565.07,2.342,-0.615
2026-04-03T15:02:21.108Z,110.246,pi:0,sports ball,0.8171,1145.99,366.47,1317.66,552.34,2.215,9.143
2026-04-03T15:02:21.108Z,110.246,pi:0,sports ball,0.7381,845.53,385.82,1012.81,564.31,2.307,-0.664
2026-04-03T15:02:21.141Z,110.280,pi:0,sports ball,0.8887,1146.06,366.03,1318.08,552.36,2.210,9.151
2026-04-03T15:02:21.141Z,110.280,pi:0,sports ball,0.7757,845.57,386.68,1011.88,564.86,2.311,-0.678
2026-04-03T15:02:21.180Z,110.319,pi:0,sports ball,0.8586,1146.04,366.90,1317.81,552.33,2.220,9.146
2026-04-03T15:02:21.180Z,110.319,pi:0,sports ball,0.7381,845.89,385.10,1012.80,564.04,2.301,-0.658
2026-04-03T15:02:21.241Z,110.379,pi:0,sports ball,0.8661,1146.97,366.03,1317.79,553.03,2.202,9.161
2026-04-03T15:02:21.241Z,110.379,pi:0,sports ball,0.6063,845.84,387.58,1012.98,565.32,2.316,-0.656
2026-04-03T15:02:21.298Z,110.436,pi:0,sports ball,0.8661,1146.08,366.86,1317.94,552.35,2.220,9.149
2026-04-03T15:02:21.298Z,110.436,pi:0,sports ball,0.7381,845.92,385.87,1015.54,564.85,2.300,-0.613
2026-04-03T15:02:21.339Z,110.478,pi:0,sports ball,0.8021,1146.92,366.05,1317.75,553.03,2.202,9.159
2026-04-03T15:02:21.339Z,110.478,pi:0,sports ball,0.6364,846.23,387.59,1014.86,565.33,2.316,-0.618
2026-04-03T15:02:21.363Z,110.501,pi:0,sports ball,0.8435,1145.93,366.03,1317.74,552.36,2.210,9.144
2026-04-03T15:02:21.363Z,110.501,pi:0,sports ball,0.7494,845.50,387.58,1013.82,565.00,2.321,-0.647
2026-04-03T15:02:21.425Z,110.563,pi:0,sports ball,0.8812,1146.05,366.01,1317.80,552.33,2.210,9.146
2026-04-03T15:02:21.425Z,110.563,pi:0,sports ball,0.7343,845.81,385.88,1012.81,564.31,2.307,-0.659
2026-04-03T15:02:21.477Z,110.615,pi:0,sports ball,0.8887,1146.01,365.60,1317.89,553.10,2.196,9.147
2026-04-03T15:02:21.477Z,110.615,pi:0,sports ball,0.7155,846.42,388.49,1015.83,564.18,2.344,-0.600
2026-04-03T15:02:21.532Z,110.671,pi:0,sports ball,0.8510,1146.03,366.47,1317.96,552.36,2.215,9.149
2026-04-03T15:02:21.532Z,110.671,pi:0,sports ball,0.7117,845.87,387.68,1014.94,564.19,2.333,-0.623
2026-04-03T15:02:21.578Z,110.717,pi:0,sports ball,0.8774,1146.04,366.90,1317.95,552.34,2.220,9.149
2026-04-03T15:02:21.578Z,110.717,pi:0,sports ball,0.7418,845.86,389.39,1013.03,564.08,2.357,-0.654
2026-04-03T15:02:21.619Z,110.757,pi:0,sports ball,0.8812,1146.95,366.46,1318.03,552.36,2.215,9.164
2026-04-03T15:02:21.619Z,110.757,pi:0,sports ball,0.7531,845.42,385.83,1011.90,564.29,2.307,-0.680
2026-04-03T15:02:21.663Z,110.801,pi:0,sports ball,0.8812,1146.07,366.95,1317.81,553.03,2.213,9.147
2026-04-03T15:02:21.663Z,110.801,pi:0,sports ball,0.7908,846.00,385.86,1009.97,564.31,2.307,-0.702
2026-04-03T15:02:21.703Z,110.841,pi:0,sports ball,0.8322,1146.02,366.46,1317.69,553.14,2.205,9.144
2026-04-03T15:02:21.703Z,110.841,pi:0,sports ball,0.6213,845.30,387.67,1019.15,564.31,2.331,-0.564
2026-04-03T15:02:21.753Z,110.892,pi:0,sports ball,0.8774,1146.04,366.50,1318.09,553.05,2.207,9.151
2026-04-03T15:02:21.753Z,110.892,pi:0,sports ball,0.6929,845.92,385.84,1010.94,563.91,2.312,-0.688
2026-04-03T15:02:21.796Z,110.934,pi:0,sports ball,0.8736,1145.16,366.51,1317.72,553.06,2.207,9.131
2026-04-03T15:02:21.796Z,110.934,pi:0,sports ball,0.6816,845.93,387.58,1015.73,564.78,2.323,-0.609
2026-04-03T15:02:21.857Z,110.995,pi:0,sports ball,0.8548,1145.99,366.06,1317.88,552.34,2.210,9.147
2026-04-03T15:02:21.857Z,110.995,pi:0,sports ball,0.7343,845.93,388.44,1014.79,565.07,2.331,-0.624
2026-04-03T15:02:21.911Z,111.049,pi:0,sports ball,0.8812,1146.04,366.86,1317.88,553.06,2.211,9.147
2026-04-03T15:02:21.911Z,111.049,pi:0,sports ball,0.7531,845.80,385.85,1011.88,564.54,2.304,-0.674
2026-04-03T15:02:21.944Z,111.083,pi:0,sports ball,0.8812,1145.18,366.49,1318.03,552.37,2.215,9.136
2026-04-03T15:02:21.944Z,111.083,pi:0,sports ball,0.7004,845.49,386.63,1013.73,564.17,2.319,-0.649
2026-04-03T15:02:21.971Z,111.109,pi:0,sports ball,0.8774,1145.15,366.03,1318.00,552.36,2.210,9.135
2026-04-03T15:02:21.971Z,111.109,pi:0,sports ball,0.7230,845.44,387.58,1014.86,565.45,2.315,-0.632
2026-04-03T15:02:22.013Z,111.151,pi:0,sports ball,0.8586,1146.04,366.05,1317.73,553.04,2.202,9.145
2026-04-03T15:02:22.013Z,111.151,pi:0,sports ball,0.6778,845.82,387.59,1013.90,565.29,2.317,-0.641
2026-04-03T15:02:22.053Z,111.191,pi:0,sports ball,0.8774,1145.17,366.92,1317.83,553.04,2.212,9.133
2026-04-03T15:02:22.053Z,111.191,pi:0,sports ball,0.6966,845.80,387.64,1018.21,564.16,2.332,-0.571
2026-04-03T15:02:22.109Z,111.248,pi:0,sports ball,0.8661,1145.98,366.03,1317.43,552.33,2.210,9.139
2026-04-03T15:02:22.109Z,111.248,pi:0,sports ball,0.7305,845.53,385.86,1013.72,564.18,2.309,-0.649
2026-04-03T15:02:22.152Z,111.291,pi:0,sports ball,0.8774,1146.04,366.04,1317.66,551.66,2.218,9.144
2026-04-03T15:02:22.152Z,111.291,pi:0,sports ball,0.7644,845.58,386.70,1012.79,564.16,2.320,-0.663
2026-04-03T15:02:22.195Z,111.334,pi:0,sports ball,0.8510,1146.01,366.87,1317.53,553.08,2.211,9.142
2026-04-03T15:02:22.195Z,111.334,pi:0,sports ball,0.7644,845.16,385.90,1014.61,564.29,2.308,-0.640
2026-04-03T15:02:22.257Z,111.396,pi:0,sports ball,0.8661,1146.07,366.48,1317.50,552.36,2.215,9.142
2026-04-03T15:02:22.257Z,111.396,pi:0,sports ball,0.7268,846.40,388.43,1014.80,565.23,2.329,-0.617
2026-04-03T15:02:22.303Z,111.441,pi:0,sports ball,0.8774,1146.06,366.90,1317.82,553.06,2.212,9.147
2026-04-03T15:02:22.303Z,111.441,pi:0,sports ball,0.7494,845.96,385.86,1010.95,564.19,2.309,-0.687
2026-04-03T15:02:22.364Z,111.502,pi:0,sports ball,0.8812,1146.00,366.49,1317.95,553.05,2.207,9.148
2026-04-03T15:02:22.364Z,111.502,pi:0,sports ball,0.7381,845.53,385.88,1012.82,564.31,2.307,-0.663
2026-04-03T15:02:22.407Z,111.546,pi:0,sports ball,0.8812,1146.04,366.87,1317.88,553.05,2.211,9.147
2026-04-03T15:02:22.407Z,111.546,pi:0,sports ball,0.7456,846.38,385.88,1013.71,564.29,2.308,-0.635
2026-04-03T15:02:22.438Z,111.577,pi:0,sports ball,0.8699,1145.97,366.48,1317.50,552.32,2.215,9.140
2026-04-03T15:02:22.438Z,111.577,pi:0,sports ball,0.7870,846.02,385.88,1009.94,564.16,2.309,-0.702
2026-04-03T15:02:22.502Z,111.640,pi:0,sports ball,0.8812,1146.00,366.51,1317.65,552.34,2.216,9.143
2026-04-03T15:02:22.502Z,111.640,pi:0,sports ball,0.7757,845.86,385.08,1012.79,563.79,2.304,-0.658
2026-04-03T15:02:22.559Z,111.697,pi:0,sports ball,0.8774,1146.99,366.54,1318.02,552.35,2.216,9.165
2026-04-03T15:02:22.559Z,111.697,pi:0,sports ball,0.7381,845.41,388.49,1011.02,564.14,2.344,-0.695
2026-04-03T15:02:22.607Z,111.745,pi:0,sports ball,0.8699,1146.06,366.92,1317.88,553.05,2.212,9.148
2026-04-03T15:02:22.607Z,111.745,pi:0,sports ball,0.5724,845.44,388.44,1014.88,564.92,2.333,-0.631
2026-04-03T15:02:22.654Z,111.793,pi:0,sports ball,0.8812,1146.95,366.47,1317.64,552.36,2.215,9.158
2026-04-03T15:02:22.654Z,111.793,pi:0,sports ball,0.7230,845.52,386.66,1011.86,563.77,2.325,-0.679
2026-04-03T15:02:22.706Z,111.844,pi:0,sports ball,0.8774,1146.05,366.95,1317.72,552.36,2.221,9.145
2026-04-03T15:02:22.706Z,111.844,pi:0,sports ball,0.7381,846.48,386.69,1013.68,563.90,2.323,-0.634
2026-04-03T15:02:22.766Z,111.905,pi:0,sports ball,0.8812,1145.17,366.43,1317.57,552.35,2.215,9.129
2026-04-03T15:02:22.766Z,111.905,pi:0,sports ball,0.8360,845.52,386.80,1012.73,563.90,2.325,-0.665
2026-04-03T15:02:22.812Z,111.950,pi:0,sports ball,0.8812,1146.07,366.03,1317.61,553.07,2.201,9.144
2026-04-03T15:02:22.812Z,111.950,pi:0,sports ball,0.7945,845.58,386.67,1017.25,564.17,2.319,-0.590
2026-04-03T15:02:22.866Z,112.005,pi:0,sports ball,0.8812,1145.09,366.06,1317.82,552.38,2.210,9.132
2026-04-03T15:02:22.866Z,112.005,pi:0,sports ball,0.8058,845.54,385.90,1011.85,564.59,2.304,-0.679
2026-04-03T15:02:22.909Z,112.047,pi:0,sports ball,0.8774,1146.94,366.44,1317.86,552.35,2.215,9.162
2026-04-03T15:02:22.909Z,112.047,pi:0,sports ball,0.7381,845.92,385.88,1013.73,563.91,2.313,-0.642
2026-04-03T15:02:22.973Z,112.112,pi:0,sports ball,0.8284,1145.96,366.50,1317.90,553.05,2.207,9.147
2026-04-03T15:02:22.973Z,112.112,pi:0,sports ball,0.7682,845.26,388.51,1013.96,564.28,2.342,-0.649
2026-04-03T15:02:23.013Z,112.151,pi:0,sports ball,0.8736,1145.15,366.03,1317.85,553.06,2.201,9.133
2026-04-03T15:02:23.013Z,112.151,pi:0,sports ball,0.7757,845.61,385.90,1012.80,564.17,2.310,-0.662
2026-04-03T15:02:23.067Z,112.206,pi:0,sports ball,0.8586,1146.00,366.04,1317.79,552.39,2.209,9.145
2026-04-03T15:02:23.067Z,112.206,pi:0,sports ball,0.7908,845.62,387.55,1011.86,563.91,2.335,-0.678
2026-04-03T15:02:23.110Z,112.249,pi:0,sports ball,0.8623,1145.97,366.47,1317.97,552.35,2.215,9.148
2026-04-03T15:02:23.110Z,112.249,pi:0,sports ball,0.7456,845.93,386.66,1012.77,564.17,2.319,-0.658
2026-04-03T15:02:23.149Z,112.288,pi:0,sports ball,0.8623,1146.04,366.01,1318.29,553.06,2.201,9.154
2026-04-03T15:02:23.149Z,112.288,pi:0,sports ball,0.7757,846.00,385.87,1013.71,563.65,2.316,-0.641
2026-04-03T15:02:23.193Z,112.331,pi:0,sports ball,0.8812,1146.06,366.45,1317.79,552.36,2.215,9.146
2026-04-03T15:02:23.193Z,112.331,pi:0,sports ball,0.8058,845.52,385.98,1013.67,563.89,2.314,-0.650
2026-04-03T15:02:23.233Z,112.372,pi:0,sports ball,0.8736,1146.03,366.48,1318.02,553.07,2.207,9.150
2026-04-03T15:02:23.233Z,112.372,pi:0,sports ball,0.7833,845.15,386.71,1016.42,564.17,2.320,-0.611
2026-04-03T15:02:23.277Z,112.416,pi:0,sports ball,0.8699,1145.99,366.06,1318.32,552.38,2.210,9.154
2026-04-03T15:02:23.277Z,112.416,pi:0,sports ball,0.7682,845.48,387.67,1016.66,564.29,2.331,-0.601
2026-04-03T15:02:23.321Z,112.459,pi:0,sports ball,0.8774,1146.06,366.85,1317.72,553.07,2.211,9.145
2026-04-03T15:02:23.321Z,112.459,pi:0,sports ball,0.7155,845.87,387.60,1019.07,564.66,2.325,-0.556
2026-04-03T15:02:23.366Z,112.505,pi:0,sports ball,0.8661,1146.89,366.90,1317.94,552.35,2.220,9.162
2026-04-03T15:02:23.366Z,112.505,pi:0,sports ball,0.7456,845.49,386.67,1012.77,563.62,2.327,-0.665
2026-04-03T15:02:23.455Z,112.594,pi:0,sports ball,0.8699,1146.03,366.46,1318.16,553.05,2.206,9.152
2026-04-03T15:02:23.455Z,112.594,pi:0,sports ball,0.7381,845.43,385.89,1012.83,564.18,2.309,-0.665
2026-04-03T15:02:23.515Z,112.653,pi:0,sports ball,0.8473,1146.88,366.44,1317.80,553.08,2.206,9.160
2026-04-03T15:02:23.515Z,112.653,pi:0,sports ball,0.7494,845.92,386.66,1012.82,564.18,2.319,-0.657
2026-04-03T15:02:23.555Z,112.694,pi:0,sports ball,0.8736,1146.97,366.86,1317.58,553.07,2.211,9.158
2026-04-03T15:02:23.555Z,112.694,pi:0,sports ball,0.7004,845.88,388.43,1014.77,565.08,2.331,-0.626
2026-04-03T15:02:23.597Z,112.735,pi:0,sports ball,0.8887,1146.90,366.45,1318.19,553.75,2.198,9.166
2026-04-03T15:02:23.597Z,112.735,pi:0,sports ball,0.7155,846.13,387.67,1016.70,564.52,2.328,-0.590
2026-04-03T15:02:23.660Z,112.799,pi:0,sports ball,0.8171,1146.00,366.49,1318.20,553.06,2.207,9.152
2026-04-03T15:02:23.660Z,112.799,pi:0,sports ball,0.7004,845.43,388.51,1014.80,564.06,2.345,-0.633
2026-04-03T15:02:23.728Z,112.866,pi:0,sports ball,0.8736,1145.98,366.87,1317.73,553.06,2.211,9.144
2026-04-03T15:02:23.728Z,112.866,pi:0,sports ball,0.7569,845.42,386.66,1012.79,564.43,2.316,-0.665
2026-04-03T15:02:23.749Z,112.887,pi:0,sports ball,0.8548,1146.89,366.87,1317.88,553.10,2.211,9.161
2026-04-03T15:02:23.749Z,112.887,pi:0,sports ball,0.7004,845.94,387.67,1014.87,564.18,2.333,-0.623
2026-04-03T15:02:23.807Z,112.945,pi:0,sports ball,0.8812,1146.94,366.02,1317.49,552.38,2.209,9.156
2026-04-03T15:02:23.807Z,112.945,pi:0,sports ball,0.7833,846.00,385.87,1009.95,564.17,2.309,-0.702
2026-04-03T15:02:23.842Z,112.981,pi:0,sports ball,0.8661,1145.97,366.43,1317.95,552.37,2.214,9.148
2026-04-03T15:02:23.842Z,112.981,pi:0,sports ball,0.7343,845.98,387.58,1012.92,564.33,2.329,-0.654
2026-04-03T15:02:23.886Z,113.025,pi:0,sports ball,0.8849,1146.94,366.46,1317.75,553.06,2.206,9.160
2026-04-03T15:02:23.886Z,113.025,pi:0,sports ball,0.7607,846.01,385.86,1013.72,564.40,2.306,-0.641
2026-04-03T15:02:23.928Z,113.067,pi:0,sports ball,0.8096,1145.16,366.90,1317.89,553.07,2.211,9.134
2026-04-03T15:02:23.928Z,113.067,pi:0,sports ball,0.6966,846.61,388.55,1016.61,563.77,2.350,-0.584
2026-04-03T15:02:23.969Z,113.107,pi:0,sports ball,0.8661,1146.01,366.52,1317.96,552.37,2.215,9.148
2026-04-03T15:02:23.969Z,113.107,pi:0,sports ball,0.6665,846.30,388.45,1014.82,564.93,2.333,-0.618
2026-04-03T15:02:24.015Z,113.154,pi:0,sports ball,0.8586,1146.02,366.06,1317.65,553.04,2.202,9.144
2026-04-03T15:02:24.015Z,113.154,pi:0,sports ball,0.6628,846.28,388.44,1013.92,565.08,2.331,-0.633
2026-04-03T15:02:24.072Z,113.210,pi:0,sports ball,0.8812,1145.99,366.46,1317.60,552.38,2.215,9.142
2026-04-03T15:02:24.072Z,113.210,pi:0,sports ball,0.7004,846.76,385.84,1010.93,564.20,2.308,-0.674
2026-04-03T15:02:24.101Z,113.239,pi:0,sports ball,0.8473,1146.83,366.51,1317.57,553.04,2.207,9.155
2026-04-03T15:02:24.101Z,113.239,pi:0,sports ball,0.7381,845.38,388.54,1013.98,563.97,2.347,-0.647
2026-04-03T15:02:24.148Z,113.286,pi:0,sports ball,0.8623,1146.00,366.45,1317.89,553.04,2.207,9.147
2026-04-03T15:02:24.148Z,113.286,pi:0,sports ball,0.5724,846.31,388.41,1013.96,564.85,2.333,-0.632
2026-04-03T15:02:24.192Z,113.330,pi:0,sports ball,0.8736,1145.15,366.07,1318.03,552.36,2.210,9.136
2026-04-03T15:02:24.192Z,113.330,pi:0,sports ball,0.6439,845.83,387.59,1014.86,564.93,2.322,-0.625
2026-04-03T15:02:24.235Z,113.374,pi:0,sports ball,0.8435,1146.82,366.09,1317.51,552.39,2.210,9.154
2026-04-03T15:02:24.235Z,113.374,pi:0,sports ball,0.7531,845.90,386.67,1011.87,564.17,2.320,-0.673
2026-04-03T15:02:24.277Z,113.415,pi:0,sports ball,0.8774,1146.99,366.87,1317.94,552.39,2.219,9.164
2026-04-03T15:02:24.277Z,113.415,pi:0,sports ball,0.7757,845.92,385.85,1012.81,563.91,2.312,-0.657
2026-04-03T15:02:24.328Z,113.467,pi:0,sports ball,0.8247,1146.96,366.51,1317.73,553.03,2.207,9.160
2026-04-03T15:02:24.328Z,113.467,pi:0,sports ball,0.6289,844.90,387.59,1013.01,565.17,2.318,-0.670
2026-04-03T15:02:24.378Z,113.517,pi:0,sports ball,0.8812,1146.04,366.04,1317.71,552.32,2.210,9.145
2026-04-03T15:02:24.378Z,113.517,pi:0,sports ball,0.7795,845.86,386.73,1011.95,564.17,2.320,-0.672
2026-04-03T15:02:24.436Z,113.574,pi:0,sports ball,0.8962,1146.03,366.09,1318.17,553.07,2.202,9.152
2026-04-03T15:02:24.436Z,113.574,pi:0,sports ball,0.7720,845.53,386.70,1011.86,563.91,2.323,-0.679
2026-04-03T15:02:24.465Z,113.603,pi:0,sports ball,0.8510,1146.03,366.06,1317.82,553.08,2.202,9.146
2026-04-03T15:02:24.465Z,113.603,pi:0,sports ball,0.7945,845.68,386.73,1010.91,564.03,2.322,-0.692
2026-04-03T15:02:24.504Z,113.642,pi:0,sports ball,0.8473,1146.05,366.88,1317.64,553.04,2.212,9.144
2026-04-03T15:02:24.504Z,113.642,pi:0,sports ball,0.7305,845.58,385.87,1009.95,563.91,2.312,-0.709
2026-04-03T15:02:24.564Z,113.703,pi:0,sports ball,0.8812,1146.04,366.06,1317.89,553.08,2.201,9.148
2026-04-03T15:02:24.564Z,113.703,pi:0,sports ball,0.6778,845.89,388.45,1014.80,565.01,2.332,-0.625
2026-04-03T15:02:24.613Z,113.751,pi:0,sports ball,0.8774,1145.16,366.86,1318.00,552.39,2.219,9.136
2026-04-03T15:02:24.613Z,113.751,pi:0,sports ball,0.7531,844.97,388.53,1019.13,564.38,2.341,-0.569
2026-04-03T15:02:24.643Z,113.781,pi:0,sports ball,0.8661,1146.95,366.51,1318.04,553.05,2.207,9.165
2026-04-03T15:02:24.643Z,113.781,pi:0,sports ball,0.7155,845.12,387.67,1016.60,563.86,2.337,-0.608
2026-04-03T15:02:24.674Z,113.813,pi:0,sports ball,0.8435,1146.02,366.48,1317.88,552.36,2.215,9.147
2026-04-03T15:02:24.674Z,113.813,pi:0,sports ball,0.6853,846.78,388.52,1018.35,564.07,2.345,-0.553
2026-04-03T15:02:24.721Z,113.859,pi:0,sports ball,0.8736,1146.93,366.44,1317.83,552.39,2.214,9.161
2026-04-03T15:02:24.721Z,113.859,pi:0,sports ball,0.7531,846.59,388.53,1011.13,563.97,2.347,-0.673
2026-04-03T15:02:24.786Z,113.924,pi:0,sports ball,0.8812,1146.93,366.90,1317.73,552.37,2.220,9.159
2026-04-03T15:02:24.786Z,113.924,pi:0,sports ball,0.7682,845.62,385.88,1011.84,563.92,2.313,-0.678
2026-04-03T15:02:24.842Z,113.980,pi:0,sports ball,0.8623,1145.15,366.04,1317.88,553.06,2.201,9.133
2026-04-03T15:02:24.842Z,113.980,pi:0,sports ball,0.6929,845.56,388.52,1018.36,563.87,2.348,-0.572
2026-04-03T15:02:24.899Z,114.037,pi:0,sports ball,0.8510,1146.03,366.45,1318.10,553.05,2.206,9.151
2026-04-03T15:02:24.899Z,114.037,pi:0,sports ball,0.7305,845.58,388.55,1015.68,564.16,2.344,-0.616
2026-04-03T15:02:24.939Z,114.077,pi:0,sports ball,0.8623,1146.01,366.04,1317.73,552.36,2.210,9.145
2026-04-03T15:02:24.939Z,114.077,pi:0,sports ball,0.7343,845.16,386.67,1014.61,563.92,2.323,-0.640
2026-04-03T15:02:25.007Z,114.146,pi:0,sports ball,0.8510,1146.06,366.01,1318.03,553.72,2.193,9.150
2026-04-03T15:02:25.007Z,114.146,pi:0,sports ball,0.7079,845.91,386.66,1009.97,563.77,2.325,-0.704
2026-04-03T15:02:25.044Z,114.183,pi:0,sports ball,0.8699,1146.93,366.49,1317.60,553.06,2.207,9.157
2026-04-03T15:02:25.044Z,114.183,pi:0,sports ball,0.7720,846.36,385.86,1012.82,564.17,2.309,-0.650
2026-04-03T15:02:25.096Z,114.235,pi:0,sports ball,0.8473,1146.02,365.63,1317.66,552.37,2.205,9.144
2026-04-03T15:02:25.096Z,114.235,pi:0,sports ball,0.7117,845.95,387.68,1014.87,563.96,2.336,-0.623
2026-04-03T15:02:25.139Z,114.278,pi:0,sports ball,0.8586,1146.00,366.03,1317.72,552.38,2.209,9.144
2026-04-03T15:02:25.139Z,114.278,pi:0,sports ball,0.6778,846.45,387.69,1018.28,564.08,2.334,-0.559
2026-04-03T15:02:25.203Z,114.342,pi:0,sports ball,0.8134,1146.84,366.02,1317.65,552.38,2.209,9.157
2026-04-03T15:02:25.203Z,114.342,pi:0,sports ball,0.7418,845.96,385.84,1013.75,564.04,2.310,-0.641
2026-04-03T15:02:25.248Z,114.386,pi:0,sports ball,0.8473,1145.97,366.55,1317.98,553.05,2.208,9.148
2026-04-03T15:02:25.248Z,114.386,pi:0,sports ball,0.7192,845.53,385.87,1011.90,564.43,2.306,-0.678
2026-04-03T15:02:25.303Z,114.442,pi:0,sports ball,0.8586,1145.98,366.50,1317.64,553.05,2.207,9.143
2026-04-03T15:02:25.303Z,114.442,pi:0,sports ball,0.6966,846.01,388.51,1014.77,563.86,2.348,-0.624
2026-04-03T15:02:25.349Z,114.488,pi:0,sports ball,0.8774,1146.05,367.27,1317.61,552.34,2.225,9.144
2026-04-03T15:02:25.349Z,114.488,pi:0,sports ball,0.6703,846.35,387.59,1014.80,564.79,2.324,-0.618
2026-04-03T15:02:25.393Z,114.531,pi:0,sports ball,0.8510,1146.07,366.87,1317.94,552.37,2.219,9.149
2026-04-03T15:02:25.393Z,114.531,pi:0,sports ball,0.6778,846.41,387.59,1014.80,564.79,2.324,-0.617
2026-04-03T15:02:25.431Z,114.570,pi:0,sports ball,0.8586,1146.09,366.88,1317.58,552.36,2.220,9.144
2026-04-03T15:02:25.431Z,114.570,pi:0,sports ball,0.7418,845.97,387.59,1012.96,565.23,2.318,-0.654
2026-04-03T15:02:25.473Z,114.612,pi:0,sports ball,0.8774,1145.99,366.85,1317.73,552.34,2.220,9.144
2026-04-03T15:02:25.473Z,114.612,pi:0,sports ball,0.6402,845.89,387.57,1014.85,565.08,2.319,-0.624
2026-04-03T15:02:25.518Z,114.657,pi:0,sports ball,0.8586,1145.96,366.06,1317.96,552.36,2.210,9.148
2026-04-03T15:02:25.518Z,114.657,pi:0,sports ball,0.7381,845.58,386.67,1013.71,564.43,2.316,-0.648
2026-04-03T15:02:25.580Z,114.718,pi:0,sports ball,0.8510,1146.89,366.84,1317.73,553.06,2.211,9.159
2026-04-03T15:02:25.580Z,114.718,pi:0,sports ball,0.6025,845.77,388.54,1015.82,564.51,2.340,-0.610
2026-04-03T15:02:25.617Z,114.755,pi:0,sports ball,0.7720,1145.93,367.26,1317.66,553.10,2.215,9.142
2026-04-03T15:02:25.617Z,114.755,pi:0,sports ball,0.6289,846.67,387.59,1015.81,564.66,2.325,-0.596
2026-04-03T15:02:25.647Z,114.785,pi:0,sports ball,0.8171,1146.92,366.50,1317.80,553.06,2.207,9.160
2026-04-03T15:02:25.647Z,114.785,pi:0,sports ball,0.7155,845.37,387.53,1011.91,564.44,2.327,-0.681
2026-04-03T15:02:25.749Z,114.887,pi:0,sports ball,0.8774,1146.05,366.91,1318.03,553.08,2.212,9.150
2026-04-03T15:02:25.749Z,114.887,pi:0,sports ball,0.7945,845.07,387.57,1010.94,563.65,2.338,-0.701
2026-04-03T15:02:25.795Z,114.933,pi:0,sports ball,0.8247,1145.21,366.07,1317.90,552.36,2.210,9.135
2026-04-03T15:02:25.795Z,114.933,pi:0,sports ball,0.7042,846.80,389.39,1012.05,556.80,2.459,-0.655
2026-04-03T15:02:25.843Z,114.981,pi:0,sports ball,0.8397,1146.31,367.05,1317.32,551.59,2.231,9.143
2026-04-03T15:02:25.843Z,114.981,pi:0,sports ball,0.6853,845.56,389.44,1013.12,557.20,2.454,-0.658
2026-04-03T15:02:25.884Z,115.023,pi:0,sports ball,0.8397,1145.87,366.50,1317.75,553.03,2.207,9.143
2026-04-03T15:02:25.884Z,115.023,pi:0,sports ball,0.6326,844.41,387.66,1017.83,558.78,2.406,-0.600
2026-04-03T15:02:25.932Z,115.071,pi:0,sports ball,0.8284,1146.32,366.68,1317.74,551.58,2.227,9.150
2026-04-03T15:02:25.932Z,115.071,pi:0,sports ball,0.6816,846.30,389.42,1017.53,556.30,2.467,-0.574
2026-04-03T15:02:25.965Z,115.104,pi:0,sports ball,0.8586,1145.38,366.99,1318.51,549.15,2.260,9.147
2026-04-03T15:02:25.965Z,115.104,pi:0,sports ball,0.6778,846.35,387.58,1010.07,556.88,2.432,-0.695
2026-04-03T15:02:26.012Z,115.151,pi:0,sports ball,0.8699,1144.50,367.33,1318.06,548.30,2.275,9.126
2026-04-03T15:02:26.012Z,115.151,pi:0,sports ball,0.6326,846.58,388.39,1011.10,556.42,2.450,-0.674
2026-04-03T15:02:26.062Z,115.201,pi:0,sports ball,0.8247,1145.96,366.49,1317.31,552.36,2.215,9.137
2026-04-03T15:02:26.062Z,115.201,pi:0,sports ball,0.5084,844.83,388.36,1011.08,559.46,2.406,-0.703
2026-04-03T15:02:26.112Z,115.250,pi:0,sports ball,0.8247,1146.82,365.57,1317.64,552.36,2.204,9.156
2026-04-03T15:02:26.112Z,115.250,pi:0,sports ball,0.5121,845.22,388.39,1014.97,564.67,2.336,-0.633
2026-04-03T15:02:26.159Z,115.298,pi:0,sports ball,0.8058,1146.04,366.94,1317.89,553.04,2.212,9.148
2026-04-03T15:02:26.159Z,115.298,pi:0,sports ball,0.5347,845.64,387.50,1011.12,564.94,2.320,-0.689
2026-04-03T15:02:26.193Z,115.332,pi:0,sports ball,0.8096,1146.07,366.08,1317.72,553.07,2.202,9.146
2026-04-03T15:02:26.193Z,115.332,pi:0,sports ball,0.6515,846.28,387.55,1014.90,565.15,2.318,-0.617
2026-04-03T15:02:26.229Z,115.367,pi:0,sports ball,0.8736,1146.08,366.89,1317.89,552.36,2.220,9.148
2026-04-03T15:02:26.229Z,115.367,pi:0,sports ball,0.7381,846.28,388.44,1017.36,564.93,2.333,-0.577
2026-04-03T15:02:26.278Z,115.417,pi:0,sports ball,0.8736,1145.07,366.47,1317.57,551.64,2.223,9.127
2026-04-03T15:02:26.278Z,115.417,pi:0,sports ball,0.7004,845.74,387.51,1016.64,565.23,2.317,-0.597
2026-04-03T15:02:26.327Z,115.466,pi:0,sports ball,0.8021,1148.63,366.48,1317.63,553.70,2.199,9.185
2026-04-03T15:02:26.327Z,115.466,pi:0,sports ball,0.4971,845.41,389.17,1021.39,565.21,2.339,-0.525
2026-04-03T15:02:26.371Z,115.510,pi:0,sports ball,0.8397,1145.39,367.33,1318.26,549.12,2.265,9.143
2026-04-03T15:02:26.371Z,115.510,pi:0,sports ball,0.6740,846.25,388.41,1017.38,564.45,2.339,-0.577
2026-04-03T15:02:26.431Z,115.570,pi:0,sports ball,0.8322,1148.55,366.88,1317.73,553.74,2.203,9.185
2026-04-03T15:02:26.431Z,115.570,pi:0,sports ball,0.6289,845.29,388.37,1019.85,565.04,2.330,-0.552
2026-04-03T15:02:26.487Z,115.625,pi:0,sports ball,0.8209,1149.51,366.86,1318.06,553.07,2.211,9.206
2026-04-03T15:02:26.487Z,115.625,pi:0,sports ball,0.6213,844.46,388.37,1019.03,565.19,2.328,-0.579
2026-04-03T15:02:26.522Z,115.661,pi:0,sports ball,0.8586,1145.38,367.33,1318.33,549.13,2.265,9.144
2026-04-03T15:02:26.522Z,115.661,pi:0,sports ball,0.6025,845.21,388.36,1018.31,564.70,2.335,-0.579
2026-04-03T15:02:26.554Z,115.692,pi:0,sports ball,0.8209,1149.32,366.89,1317.55,553.05,2.212,9.195
2026-04-03T15:02:26.554Z,115.692,pi:0,sports ball,0.5460,844.78,388.32,1019.86,564.24,2.340,-0.560
2026-04-03T15:02:26.609Z,115.747,pi:0,sports ball,0.8322,1147.72,366.85,1317.72,553.73,2.203,9.172
2026-04-03T15:02:26.609Z,115.747,pi:0,sports ball,0.5648,846.00,387.67,1021.99,563.95,2.336,-0.506
2026-04-03T15:02:26.661Z,115.800,pi:0,sports ball,0.8096,1147.70,366.86,1317.73,553.77,2.203,9.172
2026-04-03T15:02:26.661Z,115.800,pi:0,sports ball,0.5498,845.04,388.33,1018.38,564.65,2.335,-0.581
2026-04-03T15:02:26.704Z,115.842,pi:0,sports ball,0.8058,1149.57,366.87,1317.25,553.06,2.211,9.194
2026-04-03T15:02:26.704Z,115.842,pi:0,sports ball,0.6703,844.85,388.38,1018.24,565.36,2.326,-0.586
2026-04-03T15:02:26.731Z,115.870,pi:0,sports ball,0.8510,1148.55,367.20,1317.73,553.06,2.215,9.185
2026-04-03T15:02:26.731Z,115.870,pi:0,sports ball,0.7042,845.90,387.55,1019.82,565.18,2.318,-0.543
2026-04-03T15:02:26.784Z,115.923,pi:0,sports ball,0.7757,1147.12,366.80,1317.85,551.82,2.225,9.164
2026-04-03T15:02:26.784Z,115.923,pi:0,sports ball,0.5234,845.13,388.33,1019.09,565.04,2.330,-0.567
2026-04-03T15:02:26.825Z,115.963,pi:0,sports ball,0.8397,1146.28,368.34,1317.74,552.99,2.230,9.149
2026-04-03T15:02:26.825Z,115.963,pi:0,sports ball,0.5874,844.99,387.53,1017.46,565.12,2.318,-0.596
2026-04-03T15:02:26.870Z,116.008,pi:0,sports ball,0.7983,1149.46,367.62,1317.73,553.06,2.220,9.200
2026-04-03T15:02:26.870Z,116.008,pi:0,sports ball,0.5310,844.63,389.21,1017.46,564.96,2.343,-0.602
2026-04-03T15:02:26.934Z,116.073,pi:0,sports ball,0.8247,1146.82,366.03,1317.91,553.07,2.201,9.160
2026-04-03T15:02:26.934Z,116.073,pi:0,sports ball,0.6100,844.39,388.37,1017.46,565.47,2.325,-0.606
2026-04-03T15:02:27.001Z,116.139,pi:0,sports ball,0.7945,1147.25,367.73,1317.57,552.90,2.223,9.162
2026-04-03T15:02:27.001Z,116.139,pi:0,sports ball,0.4594,844.22,388.30,1016.68,565.22,2.327,-0.622
2026-04-03T15:02:27.039Z,116.178,pi:0,sports ball,0.8058,1148.60,366.90,1317.94,553.70,2.204,9.189
2026-04-03T15:02:27.039Z,116.178,pi:0,sports ball,0.4594,845.28,388.31,1019.90,565.06,2.329,-0.552
2026-04-03T15:02:27.072Z,116.210,pi:0,sports ball,0.7833,1148.54,366.87,1317.78,553.74,2.203,9.186
2026-04-03T15:02:27.072Z,116.210,pi:0,sports ball,0.4481,847.07,386.84,1020.01,563.84,2.326,-0.521
2026-04-03T15:02:27.116Z,116.254,pi:0,sports ball,0.8284,1146.73,366.86,1317.79,553.75,2.203,9.157
2026-04-03T15:02:27.116Z,116.254,pi:0,sports ball,0.5310,845.12,388.33,1018.31,565.23,2.328,-0.580
2026-04-03T15:02:27.154Z,116.292,pi:0,sports ball,0.7983,1147.70,367.59,1317.73,553.74,2.212,9.172
2026-04-03T15:02:27.154Z,116.292,pi:0,sports ball,0.4669,844.95,388.28,1015.76,564.71,2.334,-0.625
2026-04-03T15:02:27.201Z,116.339,pi:0,sports ball,0.8247,1148.65,366.48,1317.45,553.73,2.199,9.182
2026-04-03T15:02:27.201Z,116.339,pi:0,sports ball,0.6289,845.42,387.56,1017.44,565.04,2.320,-0.590
2026-04-03T15:02:27.237Z,116.376,pi:0,sports ball,0.8322,1148.51,366.50,1317.25,553.75,2.199,9.177
2026-04-03T15:02:27.237Z,116.376,pi:0,sports ball,0.5535,844.70,388.34,1019.07,564.61,2.336,-0.575
2026-04-03T15:02:27.280Z,116.419,pi:0,sports ball,0.8134,1149.47,367.59,1317.25,553.08,2.220,9.192
2026-04-03T15:02:27.280Z,116.419,pi:0,sports ball,0.6515,844.98,388.41,1016.55,565.28,2.328,-0.611
2026-04-03T15:02:27.325Z,116.464,pi:0,sports ball,0.7870,1147.56,366.89,1317.20,553.08,2.211,9.161
2026-04-03T15:02:27.325Z,116.464,pi:0,sports ball,0.5950,847.32,387.65,1018.86,563.94,2.336,-0.535
2026-04-03T15:02:27.373Z,116.511,pi:0,sports ball,0.7720,1148.43,367.29,1317.46,553.75,2.208,9.179
2026-04-03T15:02:27.373Z,116.511,pi:0,sports ball,0.5799,844.61,388.38,1019.06,564.70,2.335,-0.576
2026-04-03T15:02:27.437Z,116.576,pi:0,sports ball,0.8058,1147.73,367.65,1317.51,553.72,2.213,9.169
2026-04-03T15:02:27.437Z,116.576,pi:0,sports ball,0.5234,845.03,388.37,1017.49,564.71,2.335,-0.595
2026-04-03T15:02:27.468Z,116.606,pi:0,sports ball,0.8360,1147.69,366.45,1317.50,553.06,2.206,9.168
2026-04-03T15:02:27.468Z,116.606,pi:0,sports ball,0.6025,845.73,388.40,1016.60,565.13,2.330,-0.598
2026-04-03T15:02:27.501Z,116.639,pi:0,sports ball,0.7983,1148.54,366.02,1317.32,553.72,2.194,9.178
2026-04-03T15:02:27.501Z,116.639,pi:0,sports ball,0.5498,847.67,387.67,1014.68,563.94,2.336,-0.598
2026-04-03T15:02:27.553Z,116.692,pi:0,sports ball,0.8171,1147.64,366.85,1317.50,553.73,2.203,9.167
2026-04-03T15:02:27.553Z,116.692,pi:0,sports ball,0.6176,844.16,388.37,1019.06,565.13,2.329,-0.584
2026-04-03T15:02:27.625Z,116.763,pi:0,sports ball,0.7908,1148.51,367.31,1317.79,553.73,2.209,9.185
2026-04-03T15:02:27.625Z,116.763,pi:0,sports ball,0.4858,843.80,388.30,1017.52,565.42,2.324,-0.615
2026-04-03T15:02:27.663Z,116.801,pi:0,sports ball,0.8021,1149.55,366.88,1317.95,553.74,2.203,9.204
2026-04-03T15:02:27.663Z,116.801,pi:0,sports ball,0.6100,845.13,389.19,1017.48,565.03,2.341,-0.594
2026-04-03T15:02:27.699Z,116.837,pi:0,sports ball,0.8058,1148.61,367.25,1317.67,553.74,2.208,9.185
2026-04-03T15:02:27.699Z,116.837,pi:0,sports ball,0.5234,845.03,389.19,1019.90,564.65,2.346,-0.556
2026-04-03T15:02:27.748Z,116.887,pi:0,sports ball,0.8623,1147.77,367.58,1317.40,553.76,2.211,9.167
2026-04-03T15:02:27.748Z,116.887,pi:0,sports ball,0.5648,844.91,389.26,1014.80,564.77,2.346,-0.641
2026-04-03T15:02:27.815Z,116.953,pi:0,sports ball,0.8171,1147.64,367.28,1317.45,553.73,2.208,9.166
2026-04-03T15:02:27.815Z,116.953,pi:0,sports ball,0.6063,845.73,389.26,1020.53,565.13,2.341,-0.534
2026-04-03T15:02:27.868Z,117.007,pi:0,sports ball,0.8586,1147.72,366.86,1317.56,553.08,2.211,9.169
2026-04-03T15:02:27.868Z,117.007,pi:0,sports ball,0.5724,845.28,388.37,1018.26,565.12,2.329,-0.579
2026-04-03T15:02:27.920Z,117.058,pi:0,sports ball,0.8284,1147.64,366.85,1317.64,553.75,2.203,9.169
2026-04-03T15:02:27.920Z,117.058,pi:0,sports ball,0.5686,845.72,388.37,1019.03,564.59,2.336,-0.559
2026-04-03T15:02:27.963Z,117.102,pi:0,sports ball,0.7870,1148.51,366.48,1317.73,554.43,2.191,9.185
2026-04-03T15:02:27.963Z,117.102,pi:0,sports ball,0.4330,844.94,389.16,1017.55,564.86,2.343,-0.596
2026-04-03T15:02:28.005Z,117.143,pi:0,sports ball,0.8134,1148.45,366.49,1317.15,553.73,2.199,9.174
2026-04-03T15:02:28.005Z,117.143,pi:0,sports ball,0.4895,844.01,388.34,1017.57,564.71,2.334,-0.611
2026-04-03T15:02:28.042Z,117.181,pi:0,sports ball,0.8021,1144.50,367.65,1318.36,549.11,2.269,9.131
2026-04-03T15:02:28.042Z,117.181,pi:0,sports ball,0.5724,845.50,389.24,1019.90,565.39,2.337,-0.548
2026-04-03T15:02:28.086Z,117.225,pi:0,sports ball,0.7230,1147.55,367.37,1317.21,553.07,2.217,9.161
2026-04-03T15:02:28.086Z,117.225,pi:0,sports ball,0.4707,844.84,387.47,1018.31,565.32,2.315,-0.585
2026-04-03T15:02:28.132Z,117.271,pi:0,sports ball,0.7720,1144.49,367.64,1318.48,549.93,2.259,9.132
2026-04-03T15:02:28.132Z,117.271,pi:0,sports ball,0.5121,845.85,388.24,1015.86,564.73,2.333,-0.608
2026-04-03T15:02:28.197Z,117.336,pi:0,sports ball,0.7945,1147.69,367.33,1317.32,553.76,2.208,9.165
2026-04-03T15:02:28.197Z,117.336,pi:0,sports ball,0.4895,845.58,388.31,1016.66,565.13,2.328,-0.600
2026-04-03T15:02:28.261Z,117.400,pi:0,sports ball,0.7720,1147.53,366.89,1317.67,554.43,2.195,9.168
2026-04-03T15:02:28.261Z,117.400,pi:0,sports ball,0.4406,845.42,390.04,1020.01,564.66,2.358,-0.548
2026-04-03T15:02:28.302Z,117.440,pi:0,sports ball,0.8058,1146.77,367.24,1317.40,555.02,2.193,9.151
2026-04-03T15:02:28.302Z,117.440,pi:0,sports ball,0.6703,845.34,389.26,1018.25,564.80,2.345,-0.578
2026-04-03T15:02:28.334Z,117.472,pi:0,sports ball,0.7757,1147.22,367.72,1317.74,552.31,2.231,9.164
2026-04-03T15:02:28.334Z,117.472,pi:0,sports ball,0.5912,845.03,388.36,1020.53,564.95,2.331,-0.546
2026-04-03T15:02:28.372Z,117.510,pi:0,sports ball,0.7720,1147.62,366.50,1317.50,553.71,2.199,9.167
2026-04-03T15:02:28.372Z,117.510,pi:0,sports ball,0.4782,844.23,389.21,1019.18,565.31,2.338,-0.581
2026-04-03T15:02:28.411Z,117.549,pi:0,sports ball,0.7757,1148.50,366.89,1317.39,553.09,2.211,9.179
2026-04-03T15:02:28.411Z,117.549,pi:0,sports ball,0.5423,844.79,389.18,1018.31,564.95,2.342,-0.586
2026-04-03T15:02:28.440Z,117.579,pi:0,sports ball,0.8134,1148.46,366.92,1317.59,554.38,2.196,9.181
2026-04-03T15:02:28.440Z,117.579,pi:0,sports ball,0.5498,843.93,388.35,1019.85,564.80,2.333,-0.575
2026-04-03T15:02:28.480Z,117.619,pi:0,sports ball,0.8397,1148.61,366.89,1317.95,553.74,2.203,9.190
2026-04-03T15:02:28.480Z,117.619,pi:0,sports ball,0.6251,845.34,388.36,1019.07,565.54,2.324,-0.564
2026-04-03T15:02:28.531Z,117.670,pi:0,sports ball,0.8510,1147.70,367.26,1317.36,553.75,2.208,9.166
2026-04-03T15:02:28.531Z,117.670,pi:0,sports ball,0.5799,844.96,388.37,1019.10,565.12,2.329,-0.570
2026-04-03T15:02:28.574Z,117.712,pi:0,sports ball,0.7870,1146.31,367.40,1317.68,552.32,2.226,9.149
2026-04-03T15:02:28.574Z,117.712,pi:0,sports ball,0.5837,845.28,388.37,1019.79,565.05,2.330,-0.554
2026-04-03T15:02:28.614Z,117.752,pi:0,sports ball,0.8021,1148.51,366.87,1317.73,553.78,2.203,9.184
2026-04-03T15:02:28.614Z,117.752,pi:0,sports ball,0.5724,845.12,389.25,1019.87,565.20,2.340,-0.555
2026-04-03T15:02:28.660Z,117.798,pi:0,sports ball,0.7983,1149.37,367.29,1317.15,553.12,2.216,9.189
2026-04-03T15:02:28.660Z,117.798,pi:0,sports ball,0.4820,844.49,388.33,1019.15,564.77,2.333,-0.577
2026-04-03T15:02:28.717Z,117.856,pi:0,sports ball,0.8058,1147.69,367.29,1317.68,553.72,2.208,9.171
2026-04-03T15:02:28.717Z,117.856,pi:0,sports ball,0.6665,845.34,388.40,1018.20,564.61,2.336,-0.579
2026-04-03T15:02:28.776Z,117.915,pi:0,sports ball,0.8058,1148.44,367.26,1317.56,553.75,2.208,9.181
2026-04-03T15:02:28.776Z,117.915,pi:0,sports ball,0.6100,844.79,388.40,1018.24,564.96,2.332,-0.587
2026-04-03T15:02:28.807Z,117.946,pi:0,sports ball,0.8021,1148.40,366.83,1317.49,554.40,2.195,9.179
2026-04-03T15:02:28.807Z,117.946,pi:0,sports ball,0.6590,844.46,388.38,1016.62,565.04,2.331,-0.619
2026-04-03T15:02:28.855Z,117.994,pi:0,sports ball,0.8171,1147.70,366.89,1317.35,553.77,2.203,9.166
2026-04-03T15:02:28.855Z,117.994,pi:0,sports ball,0.5046,845.29,388.32,1016.61,565.06,2.330,-0.605
2026-04-03T15:02:28.932Z,118.071,pi:0,sports ball,0.8247,1149.49,366.48,1317.44,553.75,2.198,9.195
2026-04-03T15:02:28.932Z,118.071,pi:0,sports ball,0.5987,845.03,388.37,1018.30,565.04,2.330,-0.582
2026-04-03T15:02:28.987Z,118.126,pi:0,sports ball,0.8171,1149.45,366.87,1317.84,553.74,2.203,9.201
2026-04-03T15:02:28.987Z,118.126,pi:0,sports ball,0.6063,844.31,388.37,1019.09,565.04,2.330,-0.581
2026-04-03T15:02:29.009Z,118.148,pi:0,sports ball,0.8171,1147.62,366.89,1317.68,553.75,2.203,9.170
2026-04-03T15:02:29.009Z,118.148,pi:0,sports ball,0.5573,845.56,388.36,1018.29,564.97,2.331,-0.573
2026-04-03T15:02:29.054Z,118.192,pi:0,sports ball,0.8435,1147.66,366.49,1317.36,553.07,2.207,9.165
2026-04-03T15:02:29.054Z,118.192,pi:0,sports ball,0.5648,845.79,389.27,1019.03,565.12,2.341,-0.558
2026-04-03T15:02:29.123Z,118.261,pi:0,sports ball,0.8435,1147.71,366.05,1317.55,553.75,2.194,9.169
2026-04-03T15:02:29.123Z,118.261,pi:0,sports ball,0.6326,845.27,388.40,1019.78,564.44,2.339,-0.554
2026-04-03T15:02:29.176Z,118.314,pi:0,sports ball,0.8021,1144.50,367.65,1318.69,548.30,2.279,9.136
2026-04-03T15:02:29.176Z,118.314,pi:0,sports ball,0.6439,845.72,389.29,1017.42,564.97,2.344,-0.585
2026-04-03T15:02:29.215Z,118.353,pi:0,sports ball,0.8058,1148.61,366.49,1317.25,553.08,2.207,9.178
2026-04-03T15:02:29.215Z,118.353,pi:0,sports ball,0.5950,844.86,389.29,1019.82,564.79,2.346,-0.560
2026-04-03T15:02:29.269Z,118.408,pi:0,sports ball,0.8322,1147.66,367.21,1317.57,553.73,2.207,9.168
2026-04-03T15:02:29.269Z,118.408,pi:0,sports ball,0.5648,845.72,388.36,1019.82,565.04,2.330,-0.546
2026-04-03T15:02:29.314Z,118.453,pi:0,sports ball,0.8134,1149.55,366.91,1317.56,553.74,2.204,9.198
2026-04-03T15:02:29.314Z,118.453,pi:0,sports ball,0.5084,845.58,388.35,1019.90,564.96,2.331,-0.547
2026-04-03T15:02:29.369Z,118.507,pi:0,sports ball,0.7983,1148.42,367.21,1317.79,553.08,2.215,9.184
2026-04-03T15:02:29.369Z,118.507,pi:0,sports ball,0.5837,845.19,388.39,1020.56,565.20,2.329,-0.542
2026-04-03T15:02:29.419Z,118.558,pi:0,sports ball,0.8209,1147.66,367.32,1317.40,553.05,2.217,9.166
2026-04-03T15:02:29.419Z,118.558,pi:0,sports ball,0.5573,845.21,388.34,1019.09,565.21,2.328,-0.566
2026-04-03T15:02:29.465Z,118.604,pi:0,sports ball,0.7795,1146.33,367.73,1317.61,552.91,2.223,9.148
2026-04-03T15:02:29.465Z,118.604,pi:0,sports ball,0.6176,845.13,388.37,1019.81,565.21,2.328,-0.556
2026-04-03T15:02:29.508Z,118.647,pi:0,sports ball,0.7908,1147.68,367.26,1317.80,553.76,2.208,9.172
2026-04-03T15:02:29.508Z,118.647,pi:0,sports ball,0.4820,845.58,389.22,1019.85,564.56,2.348,-0.548
2026-04-03T15:02:29.550Z,118.689,pi:0,sports ball,0.7833,1147.66,367.24,1317.56,553.72,2.208,9.168
2026-04-03T15:02:29.550Z,118.689,pi:0,sports ball,0.6100,844.71,388.38,1019.04,564.55,2.337,-0.575
2026-04-03T15:02:29.594Z,118.733,pi:0,sports ball,0.7870,1148.46,366.86,1317.95,553.72,2.203,9.187
2026-04-03T15:02:29.594Z,118.733,pi:0,sports ball,0.4368,844.86,390.04,1016.66,564.76,2.356,-0.612
2026-04-03T15:02:29.648Z,118.787,pi:0,sports ball,0.7983,1147.61,366.50,1317.45,553.10,2.206,9.166
2026-04-03T15:02:29.648Z,118.787,pi:0,sports ball,0.4556,844.96,389.13,1015.80,565.13,2.339,-0.624
2026-04-03T15:02:29.713Z,118.851,pi:0,sports ball,0.7757,1148.39,366.04,1317.39,553.73,2.194,9.177
2026-04-03T15:02:29.713Z,118.851,pi:0,sports ball,0.3690,843.81,388.23,1019.16,565.13,2.327,-0.588
2026-04-03T15:02:29.763Z,118.901,pi:0,sports ball,0.8247,1148.57,366.89,1318.06,553.75,2.203,9.191
2026-04-03T15:02:29.763Z,118.901,pi:0,sports ball,0.4971,844.85,389.20,1019.90,565.30,2.338,-0.559
2026-04-03T15:02:29.784Z,118.922,pi:0,sports ball,0.7494,1147.69,367.28,1318.00,553.75,2.208,9.176
2026-04-03T15:02:29.784Z,118.922,pi:0,sports ball,0.4556,844.14,389.11,1018.37,565.14,2.339,-0.595
2026-04-03T15:02:29.816Z,118.954,pi:0,sports ball,0.8247,1149.55,366.87,1317.24,553.74,2.203,9.193
2026-04-03T15:02:29.816Z,118.954,pi:0,sports ball,0.6891,845.76,388.40,1018.25,564.69,2.335,-0.571
2026-04-03T15:02:29.880Z,119.018,pi:0,sports ball,0.7644,1145.43,367.40,1317.93,552.92,2.219,9.139
2026-04-03T15:02:29.880Z,119.018,pi:0,sports ball,0.5197,844.22,387.48,1019.78,564.96,2.320,-0.571
2026-04-03T15:02:29.920Z,119.058,pi:0,sports ball,0.8021,1148.57,366.91,1317.40,553.05,2.212,9.180
2026-04-03T15:02:29.920Z,119.058,pi:0,sports ball,0.4330,845.19,389.14,1016.72,564.64,2.346,-0.605
2026-04-03T15:02:29.977Z,119.116,pi:0,sports ball,0.8058,1147.62,366.46,1317.15,553.09,2.206,9.161
2026-04-03T15:02:29.977Z,119.116,pi:0,sports ball,0.5648,845.20,388.33,1019.10,565.36,2.326,-0.566
2026-04-03T15:02:30.029Z,119.167,pi:0,sports ball,0.7833,1148.45,366.86,1317.63,553.09,2.211,9.182
2026-04-03T15:02:30.029Z,119.167,pi:0,sports ball,0.5046,844.39,388.37,1017.49,564.86,2.333,-0.606
2026-04-03T15:02:30.090Z,119.228,pi:0,sports ball,0.8360,1146.83,366.05,1317.80,553.73,2.194,9.159
2026-04-03T15:02:30.090Z,119.228,pi:0,sports ball,0.5950,845.28,388.38,1017.48,564.65,2.336,-0.591
2026-04-03T15:02:30.116Z,119.254,pi:0,sports ball,0.7795,1149.25,367.25,1317.73,553.73,2.208,9.196
2026-04-03T15:02:30.116Z,119.254,pi:0,sports ball,0.5385,844.14,388.37,1019.86,565.55,2.324,-0.571
2026-04-03T15:02:30.157Z,119.295,pi:0,sports ball,0.7945,1149.50,366.89,1317.46,553.76,2.203,9.196
2026-04-03T15:02:30.157Z,119.295,pi:0,sports ball,0.4142,844.03,389.19,1019.90,565.12,2.340,-0.572
2026-04-03T15:02:30.247Z,119.386,pi:0,sports ball,0.8134,1149.52,366.87,1317.55,553.71,2.204,9.198
2026-04-03T15:02:30.247Z,119.386,pi:0,sports ball,0.6213,845.28,387.52,1019.88,565.36,2.315,-0.552
2026-04-03T15:02:30.292Z,119.430,pi:0,sports ball,0.8284,1147.64,367.28,1317.21,553.06,2.216,9.162
2026-04-03T15:02:30.292Z,119.430,pi:0,sports ball,0.5347,844.62,388.37,1017.44,565.12,2.329,-0.603
2026-04-03T15:02:30.331Z,119.469,pi:0,sports ball,0.7569,1150.31,366.48,1317.80,553.73,2.199,9.214
2026-04-03T15:02:30.331Z,119.469,pi:0,sports ball,0.5008,845.29,389.19,1018.32,565.22,2.339,-0.577
2026-04-03T15:02:30.374Z,119.513,pi:0,sports ball,0.7607,1150.13,367.26,1317.15,552.39,2.224,9.201
2026-04-03T15:02:30.374Z,119.513,pi:0,sports ball,0.4971,844.23,389.21,1019.13,564.95,2.343,-0.581
2026-04-03T15:02:30.422Z,119.560,pi:0,sports ball,0.8021,1148.56,366.90,1317.73,553.09,2.211,9.185
2026-04-03T15:02:30.422Z,119.560,pi:0,sports ball,0.6326,845.28,388.37,1018.31,565.04,2.330,-0.578
2026-04-03T15:02:30.478Z,119.617,pi:0,sports ball,0.7908,1148.58,367.69,1317.40,553.71,2.213,9.180
2026-04-03T15:02:30.478Z,119.617,pi:0,sports ball,0.5197,844.52,388.34,1016.63,564.98,2.331,-0.618
2026-04-03T15:02:30.539Z,119.677,pi:0,sports ball,0.8058,1148.61,367.31,1317.73,552.36,2.225,9.186
2026-04-03T15:02:30.539Z,119.677,pi:0,sports ball,0.6213,844.86,389.29,1015.68,564.55,2.349,-0.627
2026-04-03T15:02:30.591Z,119.729,pi:0,sports ball,0.8171,1148.46,366.87,1317.67,553.06,2.211,9.183
2026-04-03T15:02:30.591Z,119.729,pi:0,sports ball,0.4858,844.53,389.20,1017.48,564.80,2.345,-0.604
2026-04-03T15:02:30.613Z,119.752,pi:0,sports ball,0.7795,1147.57,366.48,1317.68,553.05,2.207,9.169
2026-04-03T15:02:30.613Z,119.752,pi:0,sports ball,0.4556,844.42,389.21,1019.85,565.05,2.341,-0.567
2026-04-03T15:02:30.649Z,119.788,pi:0,sports ball,0.8284,1147.67,366.92,1317.67,553.73,2.204,9.170
2026-04-03T15:02:30.649Z,119.788,pi:0,sports ball,0.5724,844.86,388.35,1018.31,564.86,2.333,-0.585
2026-04-03T15:02:30.702Z,119.840,pi:0,sports ball,0.8134,1146.81,367.31,1317.63,553.73,2.209,9.156
2026-04-03T15:02:30.702Z,119.840,pi:0,sports ball,0.4481,845.22,389.19,1018.36,565.24,2.339,-0.578
2026-04-03T15:02:30.774Z,119.913,pi:0,sports ball,0.7945,1147.69,367.23,1317.15,553.12,2.215,9.162
2026-04-03T15:02:30.774Z,119.913,pi:0,sports ball,0.5046,844.61,388.30,1017.46,565.13,2.328,-0.602
2026-04-03T15:02:30.805Z,119.944,pi:0,sports ball,0.7757,1149.27,367.25,1317.40,553.04,2.216,9.191
2026-04-03T15:02:30.805Z,119.944,pi:0,sports ball,0.5460,844.30,388.37,1019.06,565.29,2.327,-0.581
2026-04-03T15:02:30.844Z,119.982,pi:0,sports ball,0.7757,1147.69,366.50,1317.89,553.75,2.199,9.174
2026-04-03T15:02:30.844Z,119.982,pi:0,sports ball,0.5535,844.52,389.25,1019.83,565.12,2.341,-0.565
2026-04-03T15:02:30.904Z,120.042,pi:0,sports ball,0.8171,1148.57,367.64,1317.79,553.09,2.220,9.186
2026-04-03T15:02:30.904Z,120.042,pi:0,sports ball,0.5159,844.03,388.32,1019.86,565.04,2.330,-0.573
2026-04-03T15:02:30.955Z,120.093,pi:0,sports ball,0.8058,1146.80,366.91,1317.79,553.05,2.212,9.158
2026-04-03T15:02:30.955Z,120.093,pi:0,sports ball,0.4820,844.62,389.19,1020.57,564.60,2.347,-0.552
2026-04-03T15:02:31.004Z,120.143,pi:0,sports ball,0.8171,1147.66,367.31,1317.49,553.71,2.209,9.167
2026-04-03T15:02:31.004Z,120.143,pi:0,sports ball,0.5498,844.70,389.24,1019.85,564.65,2.347,-0.562
2026-04-03T15:02:31.066Z,120.204,pi:0,sports ball,0.7870,1146.33,367.73,1317.57,552.91,2.223,9.147
2026-04-03T15:02:31.066Z,120.204,pi:0,sports ball,0.4820,844.87,388.28,1018.30,565.14,2.328,-0.585
2026-04-03T15:02:31.103Z,120.241,pi:0,sports ball,0.8548,1147.77,367.24,1317.74,553.72,2.208,9.173
2026-04-03T15:02:31.103Z,120.241,pi:0,sports ball,0.7079,844.76,388.42,1019.81,565.18,2.329,-0.562
2026-04-03T15:02:31.126Z,120.265,pi:0,sports ball,0.8360,1148.63,367.22,1317.46,553.71,2.208,9.182
2026-04-03T15:02:31.126Z,120.265,pi:0,sports ball,0.6025,845.12,387.51,1018.31,565.03,2.319,-0.580
2026-04-03T15:02:31.166Z,120.305,pi:0,sports ball,0.8247,1147.69,367.60,1317.44,553.09,2.220,9.167
2026-04-03T15:02:31.166Z,120.305,pi:0,sports ball,0.5008,844.62,388.35,1019.85,564.69,2.335,-0.563
2026-04-03T15:02:31.232Z,120.371,pi:0,sports ball,0.7833,1147.68,366.51,1317.69,553.06,2.207,9.171
2026-04-03T15:02:31.232Z,120.371,pi:0,sports ball,0.5121,844.72,388.30,1019.12,565.22,2.327,-0.574
2026-04-03T15:02:31.289Z,120.427,pi:0,sports ball,0.8096,1148.47,366.88,1317.41,553.07,2.211,9.179
2026-04-03T15:02:31.289Z,120.427,pi:0,sports ball,0.5498,845.02,388.33,1019.04,565.30,2.327,-0.570
2026-04-03T15:02:31.329Z,120.467,pi:0,sports ball,0.8623,1148.69,367.24,1317.45,553.74,2.208,9.183
2026-04-03T15:02:31.329Z,120.467,pi:0,sports ball,0.5611,845.28,388.39,1018.36,564.96,2.332,-0.577
2026-04-03T15:02:31.372Z,120.510,pi:0,sports ball,0.7607,1149.39,367.27,1317.62,553.74,2.208,9.197
2026-04-03T15:02:31.372Z,120.510,pi:0,sports ball,0.4594,844.70,389.18,1018.29,565.30,2.338,-0.588
2026-04-03T15:02:31.420Z,120.558,pi:0,sports ball,0.8134,1148.61,367.32,1317.49,553.70,2.209,9.182
2026-04-03T15:02:31.420Z,120.558,pi:0,sports ball,0.4293,844.73,389.13,1019.98,564.78,2.344,-0.559
2026-04-03T15:02:31.463Z,120.602,pi:0,sports ball,0.8284,1147.65,366.86,1317.45,553.72,2.203,9.166
2026-04-03T15:02:31.463Z,120.602,pi:0,sports ball,0.5761,844.94,388.37,1018.29,565.37,2.326,-0.584
2026-04-03T15:02:31.509Z,120.648,pi:0,sports ball,0.7795,1147.60,366.87,1317.73,553.08,2.211,9.170
2026-04-03T15:02:31.509Z,120.648,pi:0,sports ball,0.5046,845.58,389.22,1018.37,565.13,2.341,-0.572
2026-04-03T15:02:31.551Z,120.689,pi:0,sports ball,0.7945,1148.58,366.88,1317.78,552.37,2.220,9.186
2026-04-03T15:02:31.551Z,120.689,pi:0,sports ball,0.6025,844.32,388.37,1018.26,564.71,2.335,-0.594
2026-04-03T15:02:31.614Z,120.752,pi:0,sports ball,0.7644,1148.38,366.91,1317.35,553.07,2.212,9.176
2026-04-03T15:02:31.614Z,120.752,pi:0,sports ball,0.4556,845.33,389.19,1019.16,564.66,2.346,-0.563
2026-04-03T15:02:31.653Z,120.792,pi:0,sports ball,0.7983,1149.47,366.92,1317.45,552.37,2.220,9.195
2026-04-03T15:02:31.653Z,120.792,pi:0,sports ball,0.6402,844.85,388.41,1018.25,565.04,2.331,-0.586
2026-04-03T15:02:31.690Z,120.828,pi:0,sports ball,0.7720,1149.34,366.48,1317.73,553.07,2.207,9.198
2026-04-03T15:02:31.690Z,120.828,pi:0,sports ball,0.5159,844.52,388.34,1019.07,565.11,2.329,-0.578
2026-04-03T15:02:31.760Z,120.899,pi:0,sports ball,0.8058,1148.47,367.24,1317.69,553.09,2.215,9.183
2026-04-03T15:02:31.760Z,120.899,pi:0,sports ball,0.5648,844.94,388.38,1019.91,564.70,2.335,-0.557
2026-04-03T15:02:31.830Z,120.968,pi:0,sports ball,0.8209,1148.54,366.85,1317.40,553.79,2.202,9.180
2026-04-03T15:02:31.830Z,120.968,pi:0,sports ball,0.6025,844.79,388.38,1019.06,564.64,2.336,-0.574
2026-04-03T15:02:31.889Z,121.027,pi:0,sports ball,0.8134,1147.66,366.46,1317.41,553.75,2.198,9.166
2026-04-03T15:02:31.889Z,121.027,pi:0,sports ball,0.5724,844.79,388.39,1015.73,565.49,2.325,-0.628
2026-04-03T15:02:31.910Z,121.048,pi:0,sports ball,0.7682,1148.59,366.89,1317.45,553.76,2.203,9.181
2026-04-03T15:02:31.910Z,121.048,pi:0,sports ball,0.5008,845.05,389.19,1018.32,565.32,2.338,-0.581
2026-04-03T15:02:31.955Z,121.094,pi:0,sports ball,0.8021,1147.61,366.47,1317.20,553.77,2.198,9.162
2026-04-03T15:02:31.955Z,121.094,pi:0,sports ball,0.5310,844.21,389.18,1016.70,564.66,2.346,-0.621
2026-04-03T15:02:32.007Z,121.145,pi:0,sports ball,0.7757,1149.46,366.87,1317.34,553.77,2.203,9.193
2026-04-03T15:02:32.007Z,121.145,pi:0,sports ball,0.5084,845.28,388.35,1019.10,565.40,2.325,-0.565
2026-04-03T15:02:32.056Z,121.194,pi:0,sports ball,0.8360,1144.51,367.65,1318.47,549.12,2.269,9.133
2026-04-03T15:02:32.056Z,121.194,pi:0,sports ball,0.6778,845.85,388.39,1016.61,565.35,2.327,-0.596
2026-04-03T15:02:32.095Z,121.234,pi:0,sports ball,0.8096,1144.50,367.65,1318.48,549.12,2.269,9.133
2026-04-03T15:02:32.095Z,121.234,pi:0,sports ball,0.5761,845.27,388.37,1017.44,565.14,2.329,-0.592
2026-04-03T15:02:32.160Z,121.299,pi:0,sports ball,0.7908,1149.45,366.89,1317.25,553.09,2.211,9.192
2026-04-03T15:02:32.160Z,121.299,pi:0,sports ball,0.4105,845.21,387.42,1018.37,564.65,2.323,-0.578
2026-04-03T15:02:32.196Z,121.335,pi:0,sports ball,0.8134,1147.67,366.89,1317.56,553.71,2.204,9.168
2026-04-03T15:02:32.196Z,121.335,pi:0,sports ball,0.5498,845.05,388.37,1020.52,565.23,2.328,-0.545
2026-04-03T15:02:32.250Z,121.389,pi:0,sports ball,0.7795,1147.72,366.90,1317.40,553.05,2.212,9.167
2026-04-03T15:02:32.250Z,121.389,pi:0,sports ball,0.6778,845.28,388.37,1020.54,565.54,2.324,-0.541
2026-04-03T15:02:32.306Z,121.444,pi:0,sports ball,0.7870,1146.82,366.91,1318.06,553.08,2.211,9.163
2026-04-03T15:02:32.306Z,121.444,pi:0,sports ball,0.5197,845.03,387.49,1019.90,564.97,2.320,-0.556
2026-04-03T15:02:32.365Z,121.503,pi:0,sports ball,0.8322,1148.60,366.92,1317.56,553.69,2.204,9.183
2026-04-03T15:02:32.365Z,121.503,pi:0,sports ball,0.5535,845.34,388.39,1019.79,564.55,2.337,-0.553
2026-04-03T15:02:32.404Z,121.543,pi:0,sports ball,0.8209,1146.67,366.87,1317.50,553.09,2.211,9.152
2026-04-03T15:02:32.404Z,121.543,pi:0,sports ball,0.5724,845.13,388.39,1018.23,565.21,2.328,-0.581
2026-04-03T15:02:32.451Z,121.589,pi:0,sports ball,0.8284,1147.67,367.61,1317.40,553.74,2.212,9.166
2026-04-03T15:02:32.451Z,121.589,pi:0,sports ball,0.5423,845.21,388.35,1016.59,564.71,2.335,-0.607
2026-04-03T15:02:32.496Z,121.634,pi:0,sports ball,0.8209,1147.73,367.28,1317.94,553.10,2.216,9.175
2026-04-03T15:02:32.496Z,121.634,pi:0,sports ball,0.4669,844.95,387.44,1015.82,564.71,2.323,-0.624
2026-04-03T15:02:32.544Z,121.682,pi:0,sports ball,0.7908,1148.40,367.28,1317.10,553.71,2.208,9.173
2026-04-03T15:02:32.544Z,121.682,pi:0,sports ball,0.5648,844.11,388.37,1017.52,564.60,2.336,-0.610
2026-04-03T15:02:32.590Z,121.728,pi:0,sports ball,0.8058,1146.75,366.90,1317.73,553.75,2.203,9.156
2026-04-03T15:02:32.590Z,121.728,pi:0,sports ball,0.4707,844.79,389.19,1017.52,564.60,2.347,-0.599
2026-04-03T15:02:32.645Z,121.783,pi:0,sports ball,0.7870,1147.67,367.29,1317.45,554.37,2.201,9.167
2026-04-03T15:02:32.645Z,121.783,pi:0,sports ball,0.5799,845.72,388.33,1017.51,564.61,2.336,-0.583
2026-04-03T15:02:32.700Z,121.839,pi:0,sports ball,0.8096,1147.56,366.97,1317.46,553.73,2.205,9.165
2026-04-03T15:02:32.700Z,121.839,pi:0,sports ball,0.4105,848.32,389.38,1016.49,563.95,2.358,-0.558
2026-04-03T15:02:32.745Z,121.883,pi:0,sports ball,0.8171,1148.53,366.94,1317.50,553.72,2.204,9.181
2026-04-03T15:02:32.745Z,121.883,pi:0,sports ball,0.4594,845.31,388.29,1017.55,565.59,2.322,-0.590
2026-04-03T15:02:32.796Z,121.934,pi:0,sports ball,0.7381,1148.40,366.51,1317.50,553.05,2.207,9.179
2026-04-03T15:02:32.796Z,121.934,pi:0,sports ball,0.3464,843.94,389.10,1017.56,565.23,2.338,-0.612
2026-04-03T15:02:32.838Z,121.976,pi:0,sports ball,0.7908,1148.49,367.26,1317.68,553.76,2.208,9.183
2026-04-03T15:02:32.838Z,121.976,pi:0,sports ball,0.4330,845.18,389.16,1019.88,564.77,2.345,-0.554
2026-04-03T15:02:32.882Z,122.020,pi:0,sports ball,0.8021,1148.52,366.91,1317.51,553.76,2.203,9.181
2026-04-03T15:02:32.882Z,122.020,pi:0,sports ball,0.5197,844.62,389.19,1019.13,565.02,2.341,-0.575
2026-04-03T15:02:32.968Z,122.106,pi:0,sports ball,0.8058,1147.59,366.92,1317.58,553.74,2.204,9.168
2026-04-03T15:02:32.968Z,122.106,pi:0,sports ball,0.5724,845.05,389.22,1019.06,565.04,2.342,-0.569
2026-04-03T15:02:33.026Z,122.164,pi:0,sports ball,0.8586,1147.75,366.85,1317.45,553.07,2.211,9.168
2026-04-03T15:02:33.026Z,122.164,pi:0,sports ball,0.6477,846.11,387.57,1019.01,565.28,2.317,-0.553
2026-04-03T15:02:33.077Z,122.215,pi:0,sports ball,0.8171,1149.46,367.21,1317.45,553.75,2.207,9.195
2026-04-03T15:02:33.077Z,122.215,pi:0,sports ball,0.5498,845.12,388.37,1019.02,565.12,2.329,-0.569
2026-04-03T15:02:33.115Z,122.254,pi:0,sports ball,0.8096,1146.75,366.48,1317.11,553.09,2.206,9.147
2026-04-03T15:02:33.115Z,122.254,pi:0,sports ball,0.6552,846.33,388.41,1019.84,565.55,2.324,-0.536
2026-04-03T15:02:33.139Z,122.278,pi:0,sports ball,0.8548,1144.52,367.33,1318.39,549.13,2.265,9.131
2026-04-03T15:02:33.139Z,122.278,pi:0,sports ball,0.5084,844.02,389.19,1019.78,564.77,2.345,-0.574
2026-04-03T15:02:33.205Z,122.344,pi:0,sports ball,0.8360,1144.53,367.65,1318.40,549.13,2.269,9.132
2026-04-03T15:02:33.205Z,122.344,pi:0,sports ball,0.5197,845.21,388.37,1017.56,565.14,2.329,-0.591
2026-04-03T15:02:33.246Z,122.384,pi:0,sports ball,0.8134,1148.56,366.91,1317.15,553.08,2.212,9.176
2026-04-03T15:02:33.246Z,122.384,pi:0,sports ball,0.5799,844.70,387.52,1019.83,565.12,2.318,-0.562
2026-04-03T15:02:33.286Z,122.424,pi:0,sports ball,0.8171,1147.60,367.59,1317.73,553.09,2.219,9.170
2026-04-03T15:02:33.286Z,122.424,pi:0,sports ball,0.6703,845.11,388.40,1020.56,565.29,2.328,-0.544
2026-04-03T15:02:33.329Z,122.467,pi:0,sports ball,0.8322,1148.49,366.85,1317.79,553.73,2.203,9.185
2026-04-03T15:02:33.329Z,122.467,pi:0,sports ball,0.5423,845.48,388.37,1019.82,565.30,2.327,-0.550
2026-04-03T15:02:33.371Z,122.510,pi:0,sports ball,0.8284,1145.40,367.65,1318.52,548.30,2.279,9.147
2026-04-03T15:02:33.371Z,122.510,pi:0,sports ball,0.5498,844.47,389.19,1015.78,564.80,2.345,-0.632
2026-04-03T15:02:33.442Z,122.581,pi:0,sports ball,0.8021,1148.48,367.23,1317.68,553.74,2.207,9.183
2026-04-03T15:02:33.442Z,122.581,pi:0,sports ball,0.3992,844.32,389.16,1019.18,564.86,2.343,-0.579
2026-04-03T15:02:33.489Z,122.628,pi:0,sports ball,0.8171,1149.36,367.24,1317.55,553.08,2.216,9.195
2026-04-03T15:02:33.489Z,122.628,pi:0,sports ball,0.5197,845.97,388.33,1019.86,564.60,2.336,-0.541
2026-04-03T15:02:33.521Z,122.660,pi:0,sports ball,0.8247,1148.56,367.29,1317.59,553.09,2.216,9.183
2026-04-03T15:02:33.521Z,122.660,pi:0,sports ball,0.5648,844.78,389.19,1018.30,564.95,2.343,-0.586
2026-04-03T15:02:33.552Z,122.691,pi:0,sports ball,0.8096,1146.84,366.87,1317.57,553.76,2.203,9.155
2026-04-03T15:02:33.552Z,122.691,pi:0,sports ball,0.5347,845.41,388.36,1020.60,565.05,2.330,-0.538
2026-04-03T15:02:33.598Z,122.737,pi:0,sports ball,0.8096,1145.89,366.87,1317.79,553.08,2.211,9.144
2026-04-03T15:02:33.598Z,122.737,pi:0,sports ball,0.6100,846.12,389.28,1019.07,564.97,2.343,-0.552
2026-04-03T15:02:33.655Z,122.793,pi:0,sports ball,0.8284,1146.73,367.26,1317.45,553.76,2.208,9.152
2026-04-03T15:02:33.655Z,122.793,pi:0,sports ball,0.5460,845.13,388.39,1019.82,564.97,2.332,-0.556
2026-04-03T15:02:33.699Z,122.837,pi:0,sports ball,0.7945,1148.51,367.23,1317.39,553.74,2.208,9.179
2026-04-03T15:02:33.699Z,122.837,pi:0,sports ball,0.6665,845.51,388.39,1019.81,564.51,2.338,-0.549
2026-04-03T15:02:33.748Z,122.886,pi:0,sports ball,0.7945,1148.62,366.89,1317.25,553.74,2.204,9.179
2026-04-03T15:02:33.748Z,122.886,pi:0,sports ball,0.5159,845.58,388.32,1019.90,564.61,2.336,-0.547
2026-04-03T15:02:33.803Z,122.942,pi:0,sports ball,0.8058,1147.60,366.46,1317.73,553.04,2.207,9.170
2026-04-03T15:02:33.803Z,122.942,pi:0,sports ball,0.5498,844.62,389.24,1020.53,565.32,2.338,-0.552
2026-04-03T15:02:33.871Z,123.009,pi:0,sports ball,0.8209,1148.67,366.47,1317.44,553.73,2.199,9.182
2026-04-03T15:02:33.871Z,123.009,pi:0,sports ball,0.5648,844.62,388.36,1019.79,565.21,2.328,-0.564
2026-04-03T15:02:33.907Z,123.046,pi:0,sports ball,0.8397,1147.74,366.87,1317.45,553.05,2.211,9.168
2026-04-03T15:02:33.907Z,123.046,pi:0,sports ball,0.6176,845.56,389.23,1019.14,565.29,2.339,-0.559
2026-04-03T15:02:33.948Z,123.086,pi:0,sports ball,0.7983,1144.51,367.32,1318.67,549.13,2.265,9.136
2026-04-03T15:02:33.948Z,123.086,pi:0,sports ball,0.5460,845.20,388.31,1018.26,564.88,2.332,-0.580
2026-04-03T15:02:33.996Z,123.135,pi:0,sports ball,0.8360,1147.67,366.86,1317.44,553.77,2.203,9.167
2026-04-03T15:02:33.996Z,123.135,pi:0,sports ball,0.5686,844.71,389.24,1018.28,564.95,2.343,-0.588
2026-04-03T15:02:34.051Z,123.190,pi:0,sports ball,0.8021,1148.45,366.86,1317.95,553.77,2.203,9.187
2026-04-03T15:02:34.051Z,123.190,pi:0,sports ball,0.5347,844.71,389.24,1016.64,564.70,2.346,-0.614
2026-04-03T15:02:34.105Z,123.244,pi:0,sports ball,0.8586,1148.58,366.87,1317.55,553.76,2.203,9.183
2026-04-03T15:02:34.105Z,123.244,pi:0,sports ball,0.5724,844.79,388.35,1018.28,564.69,2.335,-0.586
2026-04-03T15:02:34.180Z,123.319,pi:0,sports ball,0.8134,1148.51,367.26,1317.67,553.75,2.208,9.184
2026-04-03T15:02:34.180Z,123.319,pi:0,sports ball,0.4594,844.62,389.16,1018.38,565.04,2.341,-0.587
2026-04-03T15:02:34.245Z,123.383,pi:0,sports ball,0.8360,1149.52,367.25,1317.86,554.38,2.200,9.203
2026-04-03T15:02:34.245Z,123.383,pi:0,sports ball,0.5498,844.93,388.31,1018.38,564.93,2.331,-0.582
2026-04-03T15:02:34.288Z,123.427,pi:0,sports ball,0.8435,1147.72,367.25,1317.94,553.08,2.216,9.175
2026-04-03T15:02:34.288Z,123.427,pi:0,sports ball,0.6402,844.77,389.25,1018.28,565.43,2.337,-0.587
2026-04-03T15:02:34.332Z,123.470,pi:0,sports ball,0.7983,1148.60,367.97,1318.06,553.06,2.224,9.191
2026-04-03T15:02:34.332Z,123.470,pi:0,sports ball,0.5310,845.04,389.24,1019.06,565.12,2.341,-0.569
2026-04-03T15:02:34.388Z,123.527,pi:0,sports ball,0.7983,1149.40,367.26,1317.68,553.07,2.216,9.198
2026-04-03T15:02:34.388Z,123.527,pi:0,sports ball,0.5874,843.95,387.46,1019.90,565.12,2.317,-0.573
2026-04-03T15:02:34.452Z,123.591,pi:0,sports ball,0.7983,1149.30,366.47,1317.73,554.99,2.184,9.197
2026-04-03T15:02:34.452Z,123.591,pi:0,sports ball,0.6176,844.43,387.48,1019.85,564.90,2.321,-0.566
2026-04-03T15:02:34.517Z,123.656,pi:0,sports ball,0.8058,1148.71,367.24,1317.94,553.74,2.208,9.191
2026-04-03T15:02:34.517Z,123.656,pi:0,sports ball,0.4707,845.40,388.31,1019.05,564.94,2.331,-0.564
2026-04-03T15:02:34.556Z,123.695,pi:0,sports ball,0.8435,1148.60,367.29,1317.74,553.76,2.208,9.186
2026-04-03T15:02:34.556Z,123.695,pi:0,sports ball,0.6929,845.44,389.27,1018.22,565.41,2.337,-0.576
2026-04-03T15:02:34.595Z,123.733,pi:0,sports ball,0.8247,1148.59,366.84,1317.68,553.72,2.203,9.185
2026-04-03T15:02:34.595Z,123.733,pi:0,sports ball,0.5121,844.53,389.22,1018.29,565.38,2.337,-0.590
2026-04-03T15:02:34.642Z,123.780,pi:0,sports ball,0.7983,1149.49,367.27,1317.78,554.38,2.200,9.201
2026-04-03T15:02:34.642Z,123.780,pi:0,sports ball,0.6289,845.12,388.40,1019.79,565.20,2.329,-0.556
2026-04-03T15:02:34.688Z,123.827,pi:0,sports ball,0.8586,1147.69,366.03,1317.79,553.75,2.193,9.172
2026-04-03T15:02:34.688Z,123.827,pi:0,sports ball,0.5347,844.29,388.35,1017.53,565.13,2.329,-0.607
2026-04-03T15:02:34.737Z,123.876,pi:0,sports ball,0.8134,1148.58,366.85,1317.45,554.39,2.195,9.181
2026-04-03T15:02:34.737Z,123.876,pi:0,sports ball,0.5272,845.03,388.32,1019.82,564.56,2.336,-0.557
2026-04-03T15:02:34.788Z,123.926,pi:0,sports ball,0.7833,1149.38,366.94,1317.21,553.75,2.204,9.190
2026-04-03T15:02:34.788Z,123.926,pi:0,sports ball,0.3615,843.93,389.14,1019.11,564.39,2.349,-0.587
2026-04-03T15:02:34.894Z,124.032,pi:0,sports ball,0.7870,1147.67,366.87,1317.95,553.73,2.203,9.175
2026-04-03T15:02:34.894Z,124.032,pi:0,sports ball,0.5046,845.04,388.32,1020.57,565.57,2.323,-0.545
2026-04-03T15:02:34.954Z,124.092,pi:0,sports ball,0.7757,1147.65,367.29,1317.73,553.73,2.208,9.171
2026-04-03T15:02:34.954Z,124.092,pi:0,sports ball,0.4669,844.40,388.31,1020.59,565.05,2.330,-0.555
2026-04-03T15:02:34.999Z,124.137,pi:0,sports ball,0.8209,1148.58,366.86,1317.56,553.05,2.211,9.183
2026-04-03T15:02:34.999Z,124.137,pi:0,sports ball,0.5385,844.95,388.35,1021.27,565.05,2.330,-0.535
2026-04-03T15:02:35.039Z,124.178,pi:0,sports ball,0.8209,1148.65,366.88,1317.80,553.06,2.211,9.188
2026-04-03T15:02:35.039Z,124.178,pi:0,sports ball,0.5272,844.94,388.34,1020.60,565.21,2.328,-0.546
2026-04-03T15:02:35.077Z,124.216,pi:0,sports ball,0.8021,1145.40,367.32,1318.85,549.12,2.265,9.153
2026-04-03T15:02:35.077Z,124.216,pi:0,sports ball,0.5950,845.36,388.41,1020.53,565.13,2.330,-0.540
2026-04-03T15:02:35.125Z,124.264,pi:0,sports ball,0.8134,1148.61,366.91,1317.73,553.08,2.212,9.186
2026-04-03T15:02:35.125Z,124.264,pi:0,sports ball,0.4933,844.83,388.33,1019.06,564.87,2.332,-0.573
2026-04-03T15:02:35.190Z,124.329,pi:0,sports ball,0.8360,1144.52,367.32,1318.56,549.12,2.265,9.134
2026-04-03T15:02:35.190Z,124.329,pi:0,sports ball,0.6703,845.06,388.41,1021.17,565.37,2.327,-0.535
2026-04-03T15:02:35.243Z,124.381,pi:0,sports ball,0.8322,1148.56,367.27,1317.56,553.09,2.216,9.183
2026-04-03T15:02:35.243Z,124.381,pi:0,sports ball,0.6439,844.79,388.37,1020.53,565.22,2.328,-0.549
2026-04-03T15:02:35.285Z,124.424,pi:0,sports ball,0.7945,1147.62,366.87,1317.25,553.73,2.203,9.163
2026-04-03T15:02:35.285Z,124.424,pi:0,sports ball,0.5498,844.22,388.34,1021.26,564.88,2.332,-0.547
2026-04-03T15:02:35.327Z,124.466,pi:0,sports ball,0.8284,1147.68,367.25,1317.44,553.72,2.208,9.167
2026-04-03T15:02:35.327Z,124.466,pi:0,sports ball,0.5385,845.27,387.48,1018.38,565.36,2.315,-0.577
2026-04-03T15:02:35.404Z,124.542,pi:0,sports ball,0.8096,1146.75,366.87,1317.69,553.72,2.203,9.156
2026-04-03T15:02:35.404Z,124.542,pi:0,sports ball,0.6740,845.18,387.55,1020.58,565.11,2.319,-0.542
2026-04-03T15:02:35.451Z,124.590,pi:0,sports ball,0.8322,1144.52,367.65,1318.33,549.13,2.269,9.131
2026-04-03T15:02:35.451Z,124.590,pi:0,sports ball,0.6590,844.99,388.39,1021.27,565.11,2.330,-0.534
2026-04-03T15:02:35.487Z,124.625,pi:0,sports ball,0.8284,1147.77,366.89,1317.74,553.11,2.211,9.173
2026-04-03T15:02:35.487Z,124.625,pi:0,sports ball,0.6477,844.93,388.36,1020.56,565.12,2.329,-0.547
2026-04-03T15:02:35.546Z,124.685,pi:0,sports ball,0.8096,1148.58,366.88,1317.24,553.07,2.211,9.178
2026-04-03T15:02:35.546Z,124.685,pi:0,sports ball,0.4971,845.15,388.32,1019.90,565.13,2.329,-0.554
2026-04-03T15:02:35.610Z,124.748,pi:0,sports ball,0.8586,1148.54,366.85,1317.21,553.76,2.203,9.177
2026-04-03T15:02:35.610Z,124.748,pi:0,sports ball,0.5912,845.20,388.36,1019.12,565.22,2.328,-0.566
2026-04-03T15:02:35.650Z,124.788,pi:0,sports ball,0.8058,1147.65,367.64,1317.84,554.40,2.205,9.173
2026-04-03T15:02:35.650Z,124.788,pi:0,sports ball,0.5535,845.14,388.36,1020.53,564.97,2.331,-0.544
2026-04-03T15:02:35.690Z,124.829,pi:0,sports ball,0.8171,1148.63,367.25,1317.50,553.08,2.215,9.183
2026-04-03T15:02:35.690Z,124.829,pi:0,sports ball,0.6326,844.93,388.38,1020.56,565.36,2.326,-0.547
2026-04-03T15:02:35.750Z,124.888,pi:0,sports ball,0.8247,1149.57,366.43,1317.45,553.79,2.198,9.197
2026-04-03T15:02:35.750Z,124.888,pi:0,sports ball,0.5460,844.72,388.35,1020.64,565.12,2.329,-0.549
2026-04-03T15:02:35.802Z,124.941,pi:0,sports ball,0.8021,1148.48,366.89,1317.58,553.06,2.212,9.182
2026-04-03T15:02:35.802Z,124.941,pi:0,sports ball,0.5573,844.53,389.21,1020.55,565.55,2.335,-0.553
2026-04-03T15:02:35.842Z,124.981,pi:0,sports ball,0.8134,1149.26,366.45,1317.15,553.82,2.197,9.187
2026-04-03T15:02:35.842Z,124.981,pi:0,sports ball,0.4971,844.23,389.21,1020.57,565.32,2.338,-0.558
2026-04-03T15:02:35.897Z,125.036,pi:0,sports ball,0.8360,1146.81,367.27,1317.55,553.05,2.216,9.154
2026-04-03T15:02:35.897Z,125.036,pi:0,sports ball,0.4858,844.34,387.46,1021.31,565.30,2.315,-0.544
2026-04-03T15:02:35.944Z,125.082,pi:0,sports ball,0.8360,1148.46,366.87,1317.50,553.07,2.211,9.180
2026-04-03T15:02:35.944Z,125.082,pi:0,sports ball,0.4933,843.76,387.41,1018.29,564.86,2.320,-0.603
2026-04-03T15:02:35.986Z,125.124,pi:0,sports ball,0.8510,1147.81,366.91,1317.46,553.72,2.204,9.169
2026-04-03T15:02:35.986Z,125.124,pi:0,sports ball,0.5950,845.71,389.28,1019.07,565.43,2.337,-0.558
2026-04-03T15:02:36.026Z,125.165,pi:0,sports ball,0.8134,1148.69,366.48,1317.79,553.76,2.198,9.188
2026-04-03T15:02:36.026Z,125.165,pi:0,sports ball,0.6402,845.33,388.41,1020.57,564.94,2.332,-0.540
2026-04-03T15:02:36.070Z,125.208,pi:0,sports ball,0.8171,1148.64,366.49,1317.45,553.73,2.199,9.182
2026-04-03T15:02:36.070Z,125.208,pi:0,sports ball,0.5912,844.39,387.54,1019.84,565.29,2.316,-0.567
2026-04-03T15:02:36.111Z,125.249,pi:0,sports ball,0.8473,1147.81,366.87,1317.56,553.71,2.204,9.171
2026-04-03T15:02:36.111Z,125.249,pi:0,sports ball,0.5648,844.40,388.38,1021.92,565.36,2.326,-0.533
2026-04-03T15:02:36.177Z,125.315,pi:0,sports ball,0.8247,1148.54,366.93,1317.89,553.06,2.212,9.188
2026-04-03T15:02:36.177Z,125.315,pi:0,sports ball,0.5535,844.77,388.37,1021.27,565.36,2.326,-0.538
2026-04-03T15:02:36.224Z,125.363,pi:0,sports ball,0.8247,1147.77,366.89,1317.68,553.07,2.211,9.172
2026-04-03T15:02:36.224Z,125.363,pi:0,sports ball,0.5611,844.71,388.34,1019.83,565.37,2.326,-0.562
2026-04-03T15:02:36.271Z,125.410,pi:0,sports ball,0.7945,1148.64,367.26,1317.85,553.75,2.208,9.189
2026-04-03T15:02:36.271Z,125.410,pi:0,sports ball,0.5724,844.79,388.37,1019.91,565.30,2.327,-0.560
2026-04-03T15:02:36.315Z,125.454,pi:0,sports ball,0.8058,1147.43,366.90,1317.55,553.10,2.211,9.165
2026-04-03T15:02:36.315Z,125.454,pi:0,sports ball,0.5498,845.48,388.36,1019.88,565.14,2.329,-0.549
2026-04-03T15:02:36.387Z,125.525,pi:0,sports ball,0.7983,1148.61,366.90,1317.10,553.08,2.211,9.176
2026-04-03T15:02:36.387Z,125.525,pi:0,sports ball,0.5347,845.02,388.37,1019.83,564.96,2.332,-0.557
2026-04-03T15:02:36.433Z,125.572,pi:0,sports ball,0.8247,1148.51,366.85,1317.40,553.74,2.203,9.179
2026-04-03T15:02:36.433Z,125.572,pi:0,sports ball,0.5498,845.38,388.36,1019.90,565.22,2.328,-0.550
2026-04-03T15:02:36.471Z,125.610,pi:0,sports ball,0.8134,1147.63,366.87,1317.62,553.06,2.211,9.169
2026-04-03T15:02:36.471Z,125.610,pi:0,sports ball,0.6213,845.41,389.25,1019.08,565.36,2.338,-0.563
2026-04-03T15:02:36.514Z,125.652,pi:0,sports ball,0.8021,1148.48,366.84,1317.73,553.74,2.203,9.184
2026-04-03T15:02:36.514Z,125.652,pi:0,sports ball,0.4782,844.62,388.35,1019.18,565.48,2.324,-0.574
2026-04-03T15:02:36.561Z,125.699,pi:0,sports ball,0.8134,1147.63,366.87,1317.45,553.77,2.203,9.166
2026-04-03T15:02:36.561Z,125.699,pi:0,sports ball,0.5535,846.12,388.37,1019.11,565.29,2.327,-0.551
2026-04-03T15:02:36.599Z,125.738,pi:0,sports ball,0.7945,1147.25,368.03,1317.49,553.58,2.219,9.161
2026-04-03T15:02:36.599Z,125.738,pi:0,sports ball,0.6740,845.32,388.38,1019.05,564.81,2.334,-0.565
2026-04-03T15:02:36.659Z,125.797,pi:0,sports ball,0.8247,1148.46,366.49,1317.94,553.73,2.199,9.187
2026-04-03T15:02:36.659Z,125.797,pi:0,sports ball,0.7042,845.78,389.28,1020.57,565.12,2.341,-0.533
2026-04-03T15:02:36.700Z,125.838,pi:0,sports ball,0.8284,1148.57,366.50,1317.44,553.78,2.198,9.181
2026-04-03T15:02:36.700Z,125.838,pi:0,sports ball,0.6213,845.21,389.24,1020.51,565.05,2.342,-0.543
2026-04-03T15:02:36.734Z,125.873,pi:0,sports ball,0.8058,1147.60,366.86,1317.50,553.09,2.211,9.166
2026-04-03T15:02:36.734Z,125.873,pi:0,sports ball,0.5837,844.52,388.38,1019.01,564.88,2.333,-0.579
2026-04-03T15:02:36.798Z,125.936,pi:0,sports ball,0.8209,1148.50,366.51,1317.73,553.09,2.207,9.184
2026-04-03T15:02:36.798Z,125.936,pi:0,sports ball,0.5648,844.70,388.37,1019.06,565.21,2.328,-0.575
2026-04-03T15:02:36.844Z,125.982,pi:0,sports ball,0.8284,1148.59,366.45,1317.62,553.73,2.198,9.184
2026-04-03T15:02:36.844Z,125.982,pi:0,sports ball,0.6590,844.59,387.54,1019.80,565.04,2.320,-0.565
2026-04-03T15:02:36.894Z,126.032,pi:0,sports ball,0.7870,1150.23,367.25,1317.50,553.06,2.216,9.208
2026-04-03T15:02:36.894Z,126.032,pi:0,sports ball,0.5498,844.70,387.51,1021.95,565.37,2.315,-0.528
2026-04-03T15:02:36.941Z,126.079,pi:0,sports ball,0.8021,1149.40,367.63,1317.44,553.74,2.212,9.194
2026-04-03T15:02:36.941Z,126.079,pi:0,sports ball,0.5498,844.71,388.37,1018.35,565.13,2.329,-0.586
2026-04-03T15:02:36.977Z,126.116,pi:0,sports ball,0.8058,1147.24,367.74,1317.66,552.21,2.232,9.163
2026-04-03T15:02:36.977Z,126.116,pi:0,sports ball,0.6289,845.48,389.27,1021.24,565.05,2.342,-0.527
2026-04-03T15:02:37.019Z,126.158,pi:0,sports ball,0.7945,1148.58,366.86,1317.45,553.74,2.203,9.181
2026-04-03T15:02:37.019Z,126.158,pi:0,sports ball,0.6213,845.64,388.40,1020.56,565.05,2.331,-0.535
2026-04-03T15:02:37.061Z,126.199,pi:0,sports ball,0.8134,1147.60,366.93,1317.50,553.04,2.212,9.166
2026-04-03T15:02:37.061Z,126.199,pi:0,sports ball,0.5611,845.04,389.22,1017.45,565.14,2.340,-0.596
2026-04-03T15:02:37.108Z,126.246,pi:0,sports ball,0.8510,1146.82,366.48,1317.36,553.74,2.199,9.152
2026-04-03T15:02:37.108Z,126.246,pi:0,sports ball,0.6703,845.64,388.36,1018.24,565.04,2.330,-0.573
2026-04-03T15:02:37.153Z,126.291,pi:0,sports ball,0.8021,1146.70,366.90,1317.92,553.75,2.203,9.159
2026-04-03T15:02:37.153Z,126.291,pi:0,sports ball,0.5159,844.43,388.29,1020.57,565.13,2.328,-0.555
2026-04-03T15:02:37.192Z,126.331,pi:0,sports ball,0.7795,1151.03,367.23,1317.44,553.12,2.215,9.220
2026-04-03T15:02:37.192Z,126.331,pi:0,sports ball,0.5159,844.63,388.36,1020.60,564.85,2.333,-0.551
2026-04-03T15:02:37.243Z,126.381,pi:0,sports ball,0.8171,1149.39,366.50,1317.72,553.07,2.207,9.198
2026-04-03T15:02:37.243Z,126.381,pi:0,sports ball,0.4669,843.90,388.35,1019.90,565.13,2.329,-0.574
2026-04-03T15:02:37.299Z,126.437,pi:0,sports ball,0.8284,1147.66,366.86,1317.45,553.06,2.211,9.167
2026-04-03T15:02:37.299Z,126.437,pi:0,sports ball,0.6552,844.79,388.38,1018.28,564.86,2.333,-0.586
2026-04-03T15:02:37.344Z,126.482,pi:0,sports ball,0.8096,1147.57,366.50,1317.40,553.74,2.199,9.164
2026-04-03T15:02:37.344Z,126.482,pi:0,sports ball,0.6100,844.61,388.37,1019.11,565.36,2.326,-0.576
2026-04-03T15:02:37.378Z,126.516,pi:0,sports ball,0.8021,1147.74,366.89,1317.44,553.06,2.211,9.168
2026-04-03T15:02:37.378Z,126.516,pi:0,sports ball,0.5799,844.21,389.25,1021.24,565.21,2.340,-0.547
2026-04-03T15:02:37.424Z,126.562,pi:0,sports ball,0.7607,1149.28,367.66,1317.57,553.74,2.213,9.194
2026-04-03T15:02:37.424Z,126.562,pi:0,sports ball,0.4632,845.59,387.43,1019.91,565.67,2.310,-0.547
2026-04-03T15:02:37.467Z,126.606,pi:0,sports ball,0.8171,1148.45,366.47,1317.92,554.43,2.191,9.187
2026-04-03T15:02:37.467Z,126.606,pi:0,sports ball,0.5799,845.80,388.36,1018.34,565.31,2.327,-0.569
2026-04-03T15:02:37.506Z,126.645,pi:0,sports ball,0.8171,1148.61,366.45,1317.56,553.74,2.198,9.183
2026-04-03T15:02:37.506Z,126.645,pi:0,sports ball,0.6100,845.02,389.26,1020.54,565.12,2.341,-0.545
2026-04-03T15:02:37.551Z,126.689,pi:0,sports ball,0.8209,1145.39,367.32,1318.41,549.13,2.265,9.146
2026-04-03T15:02:37.551Z,126.689,pi:0,sports ball,0.5874,844.40,387.50,1019.85,565.30,2.316,-0.567
2026-04-03T15:02:37.593Z,126.731,pi:0,sports ball,0.8322,1147.74,366.89,1317.79,553.75,2.203,9.173
2026-04-03T15:02:37.593Z,126.731,pi:0,sports ball,0.5611,845.57,388.33,1019.09,565.13,2.329,-0.560
2026-04-03T15:02:37.655Z,126.793,pi:0,sports ball,0.7720,1150.33,366.95,1317.67,553.75,2.204,9.213
2026-04-03T15:02:37.655Z,126.793,pi:0,sports ball,0.5799,844.42,388.32,1019.83,565.48,2.324,-0.567
2026-04-03T15:02:37.725Z,126.863,pi:0,sports ball,0.8322,1148.62,366.46,1318.20,553.74,2.198,9.194
2026-04-03T15:02:37.725Z,126.863,pi:0,sports ball,0.5799,844.70,388.38,1019.10,565.22,2.328,-0.574
2026-04-03T15:02:37.760Z,126.898,pi:0,sports ball,0.7945,1149.44,366.85,1317.21,553.75,2.203,9.191
2026-04-03T15:02:37.760Z,126.898,pi:0,sports ball,0.5197,844.64,389.19,1020.62,565.37,2.337,-0.551
2026-04-03T15:02:37.791Z,126.929,pi:0,sports ball,0.8510,1148.53,367.22,1317.68,553.07,2.215,9.184
2026-04-03T15:02:37.791Z,126.929,pi:0,sports ball,0.5912,845.22,388.37,1020.57,565.29,2.327,-0.542
2026-04-03T15:02:37.825Z,126.963,pi:0,sports ball,0.7682,1149.39,366.86,1317.73,553.07,2.211,9.199
2026-04-03T15:02:37.825Z,126.963,pi:0,sports ball,0.5686,845.21,389.23,1019.86,565.13,2.341,-0.553
2026-04-03T15:02:37.891Z,127.029,pi:0,sports ball,0.8510,1148.56,366.82,1317.45,553.07,2.211,9.181
2026-04-03T15:02:37.891Z,127.029,pi:0,sports ball,0.6326,844.45,388.41,1020.56,565.28,2.328,-0.554
2026-04-03T15:02:37.956Z,127.095,pi:0,sports ball,0.7833,1149.30,367.27,1317.56,553.11,2.215,9.194
2026-04-03T15:02:37.956Z,127.095,pi:0,sports ball,0.5724,844.79,388.38,1019.85,565.14,2.329,-0.561
2026-04-03T15:02:37.993Z,127.131,pi:0,sports ball,0.8209,1149.54,366.86,1317.68,553.05,2.211,9.200
2026-04-03T15:02:37.993Z,127.131,pi:0,sports ball,0.5197,845.28,388.36,1019.04,565.04,2.330,-0.566
2026-04-03T15:02:38.049Z,127.187,pi:0,sports ball,0.7833,1147.56,366.88,1317.86,553.08,2.211,9.172
2026-04-03T15:02:38.049Z,127.187,pi:0,sports ball,0.5084,844.23,388.32,1019.90,564.94,2.331,-0.569
2026-04-03T15:02:38.096Z,127.235,pi:0,sports ball,0.8171,1147.70,366.87,1317.99,553.73,2.203,9.176
2026-04-03T15:02:38.096Z,127.235,pi:0,sports ball,0.5799,844.78,389.29,1020.54,565.11,2.342,-0.549
2026-04-03T15:02:38.165Z,127.304,pi:0,sports ball,0.8134,1148.46,366.47,1317.86,552.40,2.214,9.186
2026-04-03T15:02:38.165Z,127.304,pi:0,sports ball,0.4933,844.53,389.18,1019.89,565.30,2.338,-0.564
2026-04-03T15:02:38.208Z,127.346,pi:0,sports ball,0.8134,1148.55,366.87,1317.79,553.06,2.211,9.186
2026-04-03T15:02:38.208Z,127.346,pi:0,sports ball,0.4556,844.94,388.31,1020.58,564.81,2.333,-0.546
2026-04-03T15:02:38.250Z,127.388,pi:0,sports ball,0.7983,1144.51,367.65,1318.41,549.12,2.269,9.132
2026-04-03T15:02:38.250Z,127.388,pi:0,sports ball,0.5423,845.72,388.37,1019.91,564.96,2.332,-0.544
2026-04-03T15:02:38.294Z,127.432,pi:0,sports ball,0.8058,1150.20,366.92,1317.95,553.06,2.212,9.215
2026-04-03T15:02:38.294Z,127.432,pi:0,sports ball,0.5837,845.12,388.38,1020.54,565.29,2.327,-0.544
2026-04-03T15:02:38.333Z,127.472,pi:0,sports ball,0.8134,1149.47,367.22,1317.44,554.40,2.200,9.195
2026-04-03T15:02:38.333Z,127.472,pi:0,sports ball,0.5912,844.71,388.36,1019.84,565.54,2.324,-0.562
2026-04-03T15:02:38.383Z,127.522,pi:0,sports ball,0.8058,1149.59,367.25,1317.72,554.36,2.200,9.201
2026-04-03T15:02:38.383Z,127.522,pi:0,sports ball,0.5950,845.40,388.39,1018.24,565.21,2.328,-0.577
2026-04-03T15:02:38.422Z,127.561,pi:0,sports ball,0.8209,1148.61,367.29,1317.73,553.72,2.208,9.186
2026-04-03T15:02:38.422Z,127.561,pi:0,sports ball,0.6100,844.78,387.54,1020.65,565.12,2.318,-0.548
2026-04-03T15:02:38.477Z,127.615,pi:0,sports ball,0.8435,1149.51,366.90,1317.45,553.73,2.204,9.196
2026-04-03T15:02:38.477Z,127.615,pi:0,sports ball,0.6929,845.45,389.29,1021.28,565.11,2.342,-0.526
2026-04-03T15:02:38.526Z,127.665,pi:0,sports ball,0.8021,1149.39,366.49,1317.40,553.06,2.207,9.193
2026-04-03T15:02:38.526Z,127.665,pi:0,sports ball,0.6590,845.72,389.26,1019.76,565.12,2.341,-0.547
2026-04-03T15:02:38.553Z,127.692,pi:0,sports ball,0.8397,1149.52,366.87,1317.45,553.07,2.211,9.196
2026-04-03T15:02:38.553Z,127.692,pi:0,sports ball,0.6289,844.98,387.54,1017.43,565.04,2.320,-0.597
2026-04-03T15:02:38.616Z,127.755,pi:0,sports ball,0.8058,1147.67,366.86,1317.94,553.74,2.203,9.174
2026-04-03T15:02:38.616Z,127.755,pi:0,sports ball,0.5950,844.85,388.39,1019.02,565.12,2.330,-0.573
2026-04-03T15:02:38.674Z,127.813,pi:0,sports ball,0.8209,1147.66,367.27,1317.78,553.76,2.208,9.172
2026-04-03T15:02:38.674Z,127.813,pi:0,sports ball,0.5761,845.12,389.28,1019.79,565.35,2.338,-0.556
2026-04-03T15:02:38.729Z,127.867,pi:0,sports ball,0.8435,1146.91,366.89,1317.56,553.73,2.204,9.156
2026-04-03T15:02:38.729Z,127.867,pi:0,sports ball,0.6703,845.28,388.40,1019.84,565.44,2.326,-0.553
2026-04-03T15:02:38.767Z,127.905,pi:0,sports ball,0.8134,1150.32,366.93,1317.56,553.07,2.212,9.211
2026-04-03T15:02:38.767Z,127.905,pi:0,sports ball,0.5046,844.62,388.32,1020.59,565.22,2.327,-0.551
2026-04-03T15:02:38.817Z,127.960,pi:0,sports ball,0.8322,1148.58,366.84,1317.94,553.74,2.203,9.189
2026-04-03T15:02:38.817Z,127.960,pi:0,sports ball,0.5573,844.62,388.36,1019.10,565.05,2.330,-0.576
2026-04-03T15:02:38.883Z,128.022,pi:0,sports ball,0.8096,1145.38,367.95,1318.93,548.31,2.283,9.154
2026-04-03T15:02:38.883Z,128.022,pi:0,sports ball,0.6515,845.46,389.28,1019.04,565.49,2.336,-0.563
2026-04-03T15:02:38.942Z,128.081,pi:0,sports ball,0.8247,1147.67,366.89,1317.74,553.75,2.203,9.171
2026-04-03T15:02:38.942Z,128.081,pi:0,sports ball,0.6138,845.22,387.54,1019.03,565.27,2.316,-0.567
2026-04-03T15:02:38.983Z,128.121,pi:0,sports ball,0.8322,1144.52,367.32,1318.26,549.13,2.265,9.129
2026-04-03T15:02:38.983Z,128.121,pi:0,sports ball,0.5761,844.63,388.36,1019.85,565.12,2.329,-0.563
2026-04-03T15:02:39.028Z,128.167,pi:0,sports ball,0.8021,1148.62,366.86,1317.73,553.75,2.203,9.186
2026-04-03T15:02:39.028Z,128.167,pi:0,sports ball,0.5761,844.47,388.39,1020.54,565.37,2.326,-0.554
2026-04-03T15:02:39.092Z,128.231,pi:0,sports ball,0.8171,1148.58,366.48,1317.79,553.07,2.207,9.187
2026-04-03T15:02:39.092Z,128.231,pi:0,sports ball,0.5310,844.61,389.22,1018.36,565.13,2.340,-0.588
2026-04-03T15:02:39.137Z,128.275,pi:0,sports ball,0.8774,1144.51,367.33,1318.84,548.29,2.275,9.139
2026-04-03T15:02:39.137Z,128.275,pi:0,sports ball,0.6665,845.19,388.38,1019.06,565.36,2.326,-0.567
2026-04-03T15:02:39.177Z,128.315,pi:0,sports ball,0.8171,1144.51,367.32,1318.93,549.13,2.265,9.140
2026-04-03T15:02:39.177Z,128.315,pi:0,sports ball,0.4782,844.94,388.31,1018.34,565.13,2.328,-0.583
2026-04-03T15:02:39.232Z,128.370,pi:0,sports ball,0.8284,1144.51,367.32,1319.27,548.31,2.275,9.145
2026-04-03T15:02:39.232Z,128.370,pi:0,sports ball,0.6665,845.71,388.41,1020.51,565.22,2.329,-0.535
2026-04-03T15:02:39.299Z,128.438,pi:0,sports ball,0.8096,1145.39,367.65,1318.92,549.13,2.269,9.154
2026-04-03T15:02:39.299Z,128.438,pi:0,sports ball,0.6515,844.85,389.23,1021.25,565.03,2.342,-0.537
2026-04-03T15:02:39.359Z,128.498,pi:0,sports ball,0.8134,1150.33,367.24,1318.00,553.09,2.215,9.218
2026-04-03T15:02:39.359Z,128.498,pi:0,sports ball,0.5573,844.24,388.38,1019.06,565.05,2.330,-0.582
2026-04-03T15:02:39.416Z,128.554,pi:0,sports ball,0.7607,1147.59,367.26,1317.44,553.73,2.208,9.165
2026-04-03T15:02:39.416Z,128.554,pi:0,sports ball,0.5423,844.96,388.37,1019.87,565.12,2.329,-0.558
2026-04-03T15:02:39.447Z,128.586,pi:0,sports ball,0.8284,1144.50,366.98,1318.77,549.14,2.260,9.137
2026-04-03T15:02:39.447Z,128.586,pi:0,sports ball,0.6213,845.12,388.38,1019.79,565.19,2.329,-0.556
2026-04-03T15:02:39.500Z,128.638,pi:0,sports ball,0.7833,1148.46,366.92,1318.00,553.08,2.212,9.188
2026-04-03T15:02:39.500Z,128.638,pi:0,sports ball,0.6515,845.65,388.38,1021.32,564.97,2.331,-0.523
2026-04-03T15:02:39.539Z,128.677,pi:0,sports ball,0.8360,1147.60,366.89,1317.80,553.08,2.211,9.171
2026-04-03T15:02:39.539Z,128.677,pi:0,sports ball,0.5385,844.12,388.35,1019.89,565.37,2.326,-0.571
2026-04-03T15:02:39.607Z,128.745,pi:0,sports ball,0.8021,1148.51,367.29,1317.56,553.73,2.208,9.182
2026-04-03T15:02:39.607Z,128.745,pi:0,sports ball,0.5197,844.52,388.32,1020.61,565.37,2.325,-0.553
2026-04-03T15:02:39.650Z,128.788,pi:0,sports ball,0.8247,1148.68,366.85,1317.95,553.74,2.203,9.191
2026-04-03T15:02:39.650Z,128.788,pi:0,sports ball,0.5648,845.13,389.18,1020.57,565.29,2.338,-0.543
2026-04-03T15:02:39.694Z,128.833,pi:0,sports ball,0.8397,1148.60,367.27,1317.68,553.05,2.216,9.185
2026-04-03T15:02:39.694Z,128.833,pi:0,sports ball,0.5535,845.23,388.38,1020.53,565.21,2.328,-0.542
2026-04-03T15:02:39.732Z,128.871,pi:0,sports ball,0.8247,1147.67,366.87,1317.91,553.74,2.203,9.174
2026-04-03T15:02:39.732Z,128.871,pi:0,sports ball,0.6289,845.78,388.38,1019.88,564.82,2.334,-0.544
2026-04-03T15:02:39.790Z,128.929,pi:0,sports ball,0.8322,1148.51,366.50,1317.44,553.75,2.199,9.180
2026-04-03T15:02:39.790Z,128.929,pi:0,sports ball,0.6100,845.21,388.38,1019.77,565.29,2.327,-0.555
2026-04-03T15:02:39.838Z,128.976,pi:0,sports ball,0.8171,1148.52,366.49,1317.79,553.10,2.206,9.186
2026-04-03T15:02:39.838Z,128.976,pi:0,sports ball,0.6364,845.20,388.37,1019.82,565.37,2.326,-0.554
2026-04-03T15:02:39.874Z,129.013,pi:0,sports ball,0.8058,1147.60,366.89,1317.20,553.72,2.204,9.162
2026-04-03T15:02:39.874Z,129.013,pi:0,sports ball,0.5611,844.95,388.37,1019.79,565.31,2.327,-0.559
2026-04-03T15:02:39.917Z,129.055,pi:0,sports ball,0.7983,1150.44,367.23,1317.73,553.75,2.207,9.215
2026-04-03T15:02:39.917Z,129.055,pi:0,sports ball,0.5724,845.13,388.39,1020.56,565.04,2.331,-0.543
2026-04-03T15:02:39.960Z,129.099,pi:0,sports ball,0.8322,1148.58,366.84,1317.45,553.75,2.203,9.181
2026-04-03T15:02:39.960Z,129.099,pi:0,sports ball,0.6176,845.20,389.27,1020.53,565.13,2.341,-0.543
2026-04-03T15:02:40.002Z,129.141,pi:0,sports ball,0.8435,1145.41,367.32,1318.62,549.93,2.255,9.149
2026-04-03T15:02:40.002Z,129.141,pi:0,sports ball,0.6552,844.99,388.41,1019.77,565.54,2.324,-0.559
2026-04-03T15:02:40.052Z,129.190,pi:0,sports ball,0.8284,1146.85,366.90,1317.45,553.10,2.211,9.154
2026-04-03T15:02:40.052Z,129.190,pi:0,sports ball,0.6816,845.34,388.41,1019.79,565.28,2.328,-0.552
2026-04-03T15:02:40.112Z,129.250,pi:0,sports ball,0.8322,1147.79,366.88,1317.78,553.70,2.204,9.174
2026-04-03T15:02:40.112Z,129.250,pi:0,sports ball,0.6439,844.86,388.42,1019.84,564.64,2.336,-0.560
2026-04-03T15:02:40.151Z,129.289,pi:0,sports ball,0.8134,1150.38,367.23,1317.44,553.08,2.215,9.210
2026-04-03T15:02:40.151Z,129.289,pi:0,sports ball,0.6515,844.77,388.41,1018.22,565.21,2.329,-0.588
2026-04-03T15:02:40.174Z,129.313,pi:0,sports ball,0.8284,1148.67,366.89,1317.85,553.07,2.211,9.189
2026-04-03T15:02:40.174Z,129.313,pi:0,sports ball,0.5874,844.21,389.26,1020.56,565.31,2.339,-0.558
2026-04-03T15:02:40.216Z,129.354,pi:0,sports ball,0.8284,1148.51,366.89,1317.56,553.77,2.203,9.182
2026-04-03T15:02:40.216Z,129.354,pi:0,sports ball,0.6063,845.20,387.54,1019.05,564.95,2.321,-0.567
2026-04-03T15:02:40.286Z,129.425,pi:0,sports ball,0.8284,1148.55,366.85,1317.83,553.73,2.203,9.187
2026-04-03T15:02:40.286Z,129.425,pi:0,sports ball,0.5724,845.37,388.37,1019.87,565.36,2.326,-0.551
2026-04-03T15:02:40.343Z,129.481,pi:0,sports ball,0.8058,1147.61,366.92,1317.73,553.77,2.204,9.170
2026-04-03T15:02:40.343Z,129.481,pi:0,sports ball,0.5874,845.12,389.24,1019.10,565.12,2.341,-0.567
2026-04-03T15:02:40.378Z,129.516,pi:0,sports ball,0.8322,1147.72,366.46,1317.73,553.71,2.199,9.172
2026-04-03T15:02:40.378Z,129.516,pi:0,sports ball,0.6063,846.03,388.41,1019.10,565.13,2.330,-0.553
2026-04-03T15:02:40.436Z,129.574,pi:0,sports ball,0.8096,1148.56,367.29,1317.57,553.78,2.208,9.183
2026-04-03T15:02:40.436Z,129.574,pi:0,sports ball,0.6251,844.78,388.37,1019.82,565.04,2.331,-0.561
2026-04-03T15:02:40.473Z,129.611,pi:0,sports ball,0.8435,1148.46,366.83,1317.73,553.74,2.203,9.184
2026-04-03T15:02:40.473Z,129.611,pi:0,sports ball,0.5724,845.64,389.19,1019.10,564.96,2.342,-0.559
2026-04-03T15:02:40.514Z,129.653,pi:0,sports ball,0.8209,1149.42,366.84,1317.73,553.04,2.211,9.199
2026-04-03T15:02:40.514Z,129.653,pi:0,sports ball,0.5611,845.11,389.27,1018.32,565.05,2.342,-0.580
2026-04-03T15:02:40.555Z,129.693,pi:0,sports ball,0.8247,1145.39,367.33,1318.67,549.12,2.265,9.150
2026-04-03T15:02:40.555Z,129.693,pi:0,sports ball,0.5724,845.65,388.37,1015.72,565.05,2.330,-0.614
2026-04-03T15:02:40.624Z,129.762,pi:0,sports ball,0.8736,1144.53,367.96,1318.83,549.13,2.273,9.139
2026-04-03T15:02:40.624Z,129.762,pi:0,sports ball,0.6213,844.80,388.39,1019.03,565.04,2.331,-0.574
2026-04-03T15:02:40.660Z,129.798,pi:0,sports ball,0.8322,1147.66,367.66,1317.73,553.73,2.213,9.171
2026-04-03T15:02:40.660Z,129.798,pi:0,sports ball,0.6100,845.28,388.39,1019.83,565.29,2.327,-0.553
2026-04-03T15:02:40.716Z,129.854,pi:0,sports ball,0.8435,1148.61,367.65,1317.62,553.74,2.212,9.184
2026-04-03T15:02:40.716Z,129.854,pi:0,sports ball,0.6703,844.07,388.41,1017.49,565.03,2.331,-0.611
2026-04-03T15:02:40.764Z,129.902,pi:0,sports ball,0.8209,1148.46,366.05,1317.78,553.07,2.201,9.184
2026-04-03T15:02:40.764Z,129.902,pi:0,sports ball,0.5084,844.61,389.19,1016.67,565.22,2.339,-0.615
2026-04-03T15:02:40.834Z,129.973,pi:0,sports ball,0.8322,1148.45,366.48,1317.73,553.12,2.206,9.183
2026-04-03T15:02:40.834Z,129.973,pi:0,sports ball,0.5159,844.30,388.38,1019.06,564.88,2.333,-0.581
2026-04-03T15:02:40.868Z,130.007,pi:0,sports ball,0.8209,1148.37,366.48,1317.55,553.76,2.198,9.179
2026-04-03T15:02:40.868Z,130.007,pi:0,sports ball,0.5724,844.78,389.24,1014.83,565.39,2.337,-0.643
2026-04-03T15:02:40.923Z,130.061,pi:0,sports ball,0.8435,1149.39,366.85,1317.73,553.80,2.202,9.199
2026-04-03T15:02:40.923Z,130.061,pi:0,sports ball,0.7117,845.40,388.39,1018.21,564.87,2.333,-0.577
2026-04-03T15:02:40.957Z,130.095,pi:0,sports ball,0.8360,1148.53,367.24,1317.68,553.78,2.207,9.184
2026-04-03T15:02:40.957Z,130.095,pi:0,sports ball,0.6477,845.64,389.24,1016.61,565.39,2.337,-0.600
2026-04-03T15:02:41.021Z,130.159,pi:0,sports ball,0.8284,1148.63,366.84,1317.88,553.07,2.211,9.189
2026-04-03T15:02:41.021Z,130.159,pi:0,sports ball,0.5423,845.65,388.34,1018.31,564.97,2.331,-0.572
2026-04-03T15:02:41.069Z,130.208,pi:0,sports ball,0.8209,1148.45,366.45,1317.89,553.79,2.198,9.186
2026-04-03T15:02:41.069Z,130.208,pi:0,sports ball,0.6100,846.18,388.38,1016.57,565.12,2.329,-0.591
2026-04-03T15:02:41.133Z,130.272,pi:0,sports ball,0.8247,1145.75,367.62,1317.63,553.06,2.220,9.139
2026-04-03T15:02:41.133Z,130.272,pi:0,sports ball,0.4029,845.61,389.17,1016.71,565.04,2.341,-0.598
2026-04-03T15:02:41.182Z,130.320,pi:0,sports ball,0.8209,1144.51,367.96,1318.67,549.13,2.272,9.136
2026-04-03T15:02:41.182Z,130.320,pi:0,sports ball,0.5799,845.85,388.37,1016.58,565.12,2.329,-0.597
2026-04-03T15:02:41.258Z,130.397,pi:0,sports ball,0.8134,1149.57,367.59,1317.45,553.09,2.220,9.197
2026-04-03T15:02:41.258Z,130.397,pi:0,sports ball,0.6552,846.27,387.51,1019.06,565.04,2.319,-0.549
2026-04-03T15:02:41.297Z,130.436,pi:0,sports ball,0.8284,1144.50,367.65,1318.52,548.28,2.279,9.133
2026-04-03T15:02:41.297Z,130.436,pi:0,sports ball,0.5611,846.20,388.36,1018.33,564.66,2.335,-0.562
2026-04-03T15:02:41.332Z,130.470,pi:0,sports ball,0.8435,1147.61,367.60,1317.50,552.44,2.227,9.166
2026-04-03T15:02:41.332Z,130.470,pi:0,sports ball,0.6590,844.86,388.39,1018.28,565.20,2.329,-0.585
2026-04-03T15:02:41.384Z,130.522,pi:0,sports ball,0.8473,1147.70,366.88,1317.25,553.76,2.203,9.164
2026-04-03T15:02:41.384Z,130.522,pi:0,sports ball,0.4782,844.78,389.18,1017.47,565.22,2.339,-0.599
2026-04-03T15:02:41.423Z,130.561,pi:0,sports ball,0.8247,1147.68,366.87,1317.46,553.74,2.203,9.167
2026-04-03T15:02:41.423Z,130.561,pi:0,sports ball,0.6025,845.66,389.24,1019.79,565.29,2.339,-0.547
2026-04-03T15:02:41.480Z,130.619,pi:0,sports ball,0.7945,1148.60,366.87,1317.39,553.07,2.211,9.181
2026-04-03T15:02:41.480Z,130.619,pi:0,sports ball,0.6063,844.94,389.27,1017.44,565.29,2.339,-0.597
2026-04-03T15:02:41.536Z,130.674,pi:0,sports ball,0.7795,1148.61,366.90,1317.69,553.75,2.203,9.185
2026-04-03T15:02:41.536Z,130.674,pi:0,sports ball,0.5460,845.05,388.32,1018.30,564.94,2.331,-0.582
2026-04-03T15:02:41.604Z,130.742,pi:0,sports ball,0.8096,1148.54,367.26,1317.46,553.73,2.208,9.181
2026-04-03T15:02:41.604Z,130.742,pi:0,sports ball,0.5611,846.20,388.36,1013.95,564.87,2.333,-0.634
2026-04-03T15:02:41.656Z,130.795,pi:0,sports ball,0.7908,1149.34,367.29,1317.57,553.70,2.209,9.195
2026-04-03T15:02:41.656Z,130.795,pi:0,sports ball,0.5121,845.28,388.33,1016.60,564.70,2.334,-0.606
2026-04-03T15:02:41.700Z,130.838,pi:0,sports ball,0.7607,1146.30,367.72,1318.58,553.02,2.222,9.163
2026-04-03T15:02:41.700Z,130.838,pi:0,sports ball,0.4594,845.02,388.33,1016.63,565.13,2.329,-0.609
2026-04-03T15:02:41.736Z,130.875,pi:0,sports ball,0.8548,1147.73,366.83,1317.26,553.74,2.203,9.165
2026-04-03T15:02:41.736Z,130.875,pi:0,sports ball,0.6364,845.35,388.42,1016.59,564.65,2.336,-0.605
2026-04-03T15:02:41.805Z,130.943,pi:0,sports ball,0.8096,1147.63,367.25,1317.26,553.11,2.215,9.163
2026-04-03T15:02:41.805Z,130.943,pi:0,sports ball,0.6402,845.33,387.53,1019.83,564.46,2.327,-0.552
2026-04-03T15:02:41.862Z,131.001,pi:0,sports ball,0.8058,1147.73,366.06,1317.20,553.75,2.194,9.164
2026-04-03T15:02:41.862Z,131.001,pi:0,sports ball,0.5987,844.79,388.34,1013.94,564.49,2.337,-0.657
2026-04-03T15:02:41.912Z,131.050,pi:0,sports ball,0.8397,1147.69,366.89,1317.45,553.75,2.203,9.167
2026-04-03T15:02:41.912Z,131.050,pi:0,sports ball,0.4858,845.14,389.19,1017.53,564.50,2.349,-0.593
2026-04-03T15:02:41.959Z,131.098,pi:0,sports ball,0.8360,1146.83,366.88,1317.46,553.07,2.211,9.153
2026-04-03T15:02:41.959Z,131.098,pi:0,sports ball,0.5234,846.02,389.20,1016.61,564.86,2.344,-0.593
2026-04-03T15:02:42.028Z,131.167,pi:0,sports ball,0.7456,1146.80,366.49,1317.74,552.38,2.215,9.157
2026-04-03T15:02:42.028Z,131.167,pi:0,sports ball,0.4105,844.03,390.00,1017.54,564.88,2.354,-0.611
2026-04-03T15:02:42.075Z,131.213,pi:0,sports ball,0.8284,1146.86,367.23,1317.51,552.36,2.224,9.155
2026-04-03T15:02:42.075Z,131.213,pi:0,sports ball,0.5272,845.57,389.19,1019.88,565.28,2.338,-0.547
2026-04-03T15:02:42.114Z,131.253,pi:0,sports ball,0.8247,1147.72,366.48,1317.57,553.74,2.199,9.169
2026-04-03T15:02:42.114Z,131.253,pi:0,sports ball,0.6251,844.84,388.39,1017.50,565.29,2.327,-0.598
2026-04-03T15:02:42.149Z,131.287,pi:0,sports ball,0.8548,1147.77,366.88,1317.50,553.73,2.203,9.169
2026-04-03T15:02:42.149Z,131.287,pi:0,sports ball,0.6100,845.13,387.54,1019.06,565.04,2.320,-0.568
2026-04-03T15:02:42.219Z,131.358,pi:0,sports ball,0.7833,1149.53,366.85,1317.57,553.74,2.203,9.198
2026-04-03T15:02:42.219Z,131.358,pi:0,sports ball,0.5761,845.11,388.33,1019.83,565.05,2.330,-0.556
2026-04-03T15:02:42.267Z,131.406,pi:0,sports ball,0.8134,1149.45,366.89,1317.89,553.73,2.204,9.202
2026-04-03T15:02:42.267Z,131.406,pi:0,sports ball,0.5573,845.21,389.19,1019.09,565.05,2.341,-0.566
2026-04-03T15:02:42.316Z,131.455,pi:0,sports ball,0.8171,1148.46,367.61,1317.50,553.75,2.212,9.180
2026-04-03T15:02:42.316Z,131.455,pi:0,sports ball,0.6891,845.26,387.53,1018.22,565.03,2.320,-0.579
2026-04-03T15:02:42.358Z,131.497,pi:0,sports ball,0.8134,1147.24,367.72,1317.78,553.58,2.215,9.165
2026-04-03T15:02:42.358Z,131.497,pi:0,sports ball,0.6063,846.26,389.23,1020.56,565.48,2.336,-0.525
2026-04-03T15:02:42.420Z,131.559,pi:0,sports ball,0.8397,1149.54,366.84,1317.68,553.71,2.203,9.200
2026-04-03T15:02:42.420Z,131.559,pi:0,sports ball,0.6402,844.91,388.41,1019.83,564.88,2.333,-0.559
2026-04-03T15:02:42.462Z,131.601,pi:0,sports ball,0.8096,1147.60,367.27,1317.52,553.74,2.208,9.167
2026-04-03T15:02:42.462Z,131.601,pi:0,sports ball,0.5385,846.13,388.37,1019.11,564.70,2.335,-0.551
2026-04-03T15:02:42.503Z,131.641,pi:0,sports ball,0.8284,1148.56,366.45,1317.45,553.07,2.206,9.181
2026-04-03T15:02:42.503Z,131.641,pi:0,sports ball,0.5761,845.72,388.37,1019.81,564.95,2.332,-0.546
2026-04-03T15:02:42.561Z,131.699,pi:0,sports ball,0.8096,1148.63,367.28,1317.68,553.06,2.216,9.186
2026-04-03T15:02:42.561Z,131.699,pi:0,sports ball,0.5573,844.71,389.23,1019.08,565.03,2.342,-0.574
2026-04-03T15:02:42.635Z,131.774,pi:0,sports ball,0.7908,1147.63,367.27,1317.45,553.75,2.208,9.166
2026-04-03T15:02:42.635Z,131.774,pi:0,sports ball,0.5159,845.57,389.21,1019.81,565.13,2.340,-0.548
2026-04-03T15:02:42.683Z,131.822,pi:0,sports ball,0.8134,1148.43,366.45,1317.56,554.37,2.191,9.181
2026-04-03T15:02:42.683Z,131.822,pi:0,sports ball,0.5084,845.20,387.47,1017.52,565.22,2.316,-0.592
2026-04-03T15:02:42.712Z,131.850,pi:0,sports ball,0.7908,1148.56,366.95,1317.89,553.05,2.212,9.188
2026-04-03T15:02:42.712Z,131.850,pi:0,sports ball,0.5197,846.19,388.33,1018.38,564.61,2.336,-0.562
2026-04-03T15:02:42.761Z,131.902,pi:0,sports ball,0.7833,1147.57,366.48,1317.39,553.09,2.206,9.164
2026-04-03T15:02:42.761Z,131.902,pi:0,sports ball,0.5799,845.72,388.39,1014.80,565.05,2.331,-0.628
2026-04-03T15:02:42.835Z,131.973,pi:0,sports ball,0.7908,1148.43,367.25,1317.56,552.36,2.224,9.181
2026-04-03T15:02:42.835Z,131.973,pi:0,sports ball,0.5535,845.56,387.53,1018.32,565.22,2.317,-0.573
2026-04-03T15:02:42.889Z,132.027,pi:0,sports ball,0.8209,1147.63,366.85,1317.73,553.76,2.203,9.170
2026-04-03T15:02:42.889Z,132.027,pi:0,sports ball,0.6100,846.26,389.20,1018.27,565.36,2.337,-0.562
2026-04-03T15:02:42.921Z,132.060,pi:0,sports ball,0.8360,1146.80,366.49,1317.40,553.72,2.199,9.152
2026-04-03T15:02:42.921Z,132.060,pi:0,sports ball,0.6552,845.85,388.41,1020.54,565.03,2.331,-0.532
2026-04-03T15:02:42.957Z,132.095,pi:0,sports ball,0.8360,1148.60,366.87,1317.44,553.75,2.203,9.181
2026-04-03T15:02:42.957Z,132.095,pi:0,sports ball,0.6740,845.51,388.40,1017.47,565.19,2.329,-0.588
2026-04-03T15:02:43.020Z,132.159,pi:0,sports ball,0.8247,1148.63,367.23,1317.95,553.74,2.207,9.190
2026-04-03T15:02:43.020Z,132.159,pi:0,sports ball,0.6703,845.71,387.56,1018.26,565.26,2.317,-0.572
2026-04-03T15:02:43.074Z,132.213,pi:0,sports ball,0.8397,1144.52,367.65,1318.52,549.12,2.269,9.133
2026-04-03T15:02:43.074Z,132.213,pi:0,sports ball,0.6439,844.86,388.41,1018.21,565.35,2.327,-0.586
2026-04-03T15:02:43.132Z,132.271,pi:0,sports ball,0.7870,1148.43,366.48,1317.95,553.09,2.206,9.187
2026-04-03T15:02:43.132Z,132.271,pi:0,sports ball,0.6628,844.40,389.28,1020.58,565.36,2.338,-0.555
2026-04-03T15:02:43.175Z,132.314,pi:0,sports ball,0.7983,1149.56,367.25,1317.79,553.73,2.208,9.202
2026-04-03T15:02:43.175Z,132.314,pi:0,sports ball,0.4782,845.04,389.17,1018.29,564.64,2.346,-0.582
2026-04-03T15:02:43.244Z,132.383,pi:0,sports ball,0.8247,1145.38,366.98,1318.41,549.12,2.260,9.145
2026-04-03T15:02:43.244Z,132.383,pi:0,sports ball,0.5950,845.13,389.17,1018.31,564.71,2.346,-0.580
2026-04-03T15:02:43.282Z,132.420,pi:0,sports ball,0.8360,1148.45,366.45,1317.73,553.05,2.206,9.184
2026-04-03T15:02:43.282Z,132.420,pi:0,sports ball,0.5648,845.20,388.38,1017.44,564.65,2.336,-0.593
2026-04-03T15:02:43.331Z,132.469,pi:0,sports ball,0.8548,1149.65,366.88,1317.84,553.72,2.204,9.204
2026-04-03T15:02:43.331Z,132.469,pi:0,sports ball,0.6326,845.47,387.55,1019.06,565.04,2.320,-0.562
2026-04-03T15:02:43.374Z,132.512,pi:0,sports ball,0.7870,1147.63,367.26,1317.20,553.75,2.208,9.162
2026-04-03T15:02:43.374Z,132.512,pi:0,sports ball,0.6326,846.20,389.20,1019.06,565.04,2.341,-0.551
2026-04-03T15:02:43.439Z,132.577,pi:0,sports ball,0.8171,1148.48,366.88,1317.41,553.73,2.204,9.179
2026-04-03T15:02:43.439Z,132.577,pi:0,sports ball,0.5799,845.20,388.39,1018.25,564.80,2.334,-0.580
2026-04-03T15:02:43.481Z,132.620,pi:0,sports ball,0.8284,1147.74,366.45,1317.68,553.74,2.198,9.172
2026-04-03T15:02:43.481Z,132.620,pi:0,sports ball,0.6063,845.73,388.36,1016.64,565.05,2.330,-0.598
2026-04-03T15:02:43.551Z,132.690,pi:0,sports ball,0.8021,1148.57,366.85,1317.89,553.09,2.211,9.188
2026-04-03T15:02:43.551Z,132.690,pi:0,sports ball,0.6402,845.71,388.39,1019.06,565.12,2.330,-0.558
2026-04-03T15:02:43.619Z,132.758,pi:0,sports ball,0.8134,1147.80,367.59,1317.95,553.02,2.220,9.177
2026-04-03T15:02:43.619Z,132.758,pi:0,sports ball,0.5535,846.39,387.51,1015.75,565.11,2.318,-0.601
2026-04-03T15:02:43.670Z,132.809,pi:0,sports ball,0.8247,1148.68,367.25,1317.78,553.72,2.208,9.188
2026-04-03T15:02:43.670Z,132.809,pi:0,sports ball,0.5535,845.87,388.37,1015.72,565.39,2.326,-0.610
2026-04-03T15:02:43.704Z,132.842,pi:0,sports ball,0.8322,1147.73,367.21,1317.58,553.05,2.215,9.170
2026-04-03T15:02:43.704Z,132.842,pi:0,sports ball,0.5046,845.20,388.31,1016.62,564.53,2.336,-0.607
2026-04-03T15:02:43.758Z,132.897,pi:0,sports ball,0.8209,1148.69,367.21,1317.41,553.73,2.207,9.182
2026-04-03T15:02:43.758Z,132.897,pi:0,sports ball,0.5987,844.39,388.38,1018.28,564.85,2.333,-0.593
2026-04-03T15:02:43.824Z,132.963,pi:0,sports ball,0.7983,1147.78,367.23,1317.21,553.71,2.208,9.165
2026-04-03T15:02:43.824Z,132.963,pi:0,sports ball,0.6289,844.93,389.26,1018.24,565.13,2.341,-0.585
2026-04-03T15:02:43.901Z,133.039,pi:0,sports ball,0.8209,1144.52,367.95,1318.00,549.13,2.272,9.125
2026-04-03T15:02:43.901Z,133.039,pi:0,sports ball,0.7004,844.93,388.40,1014.82,564.84,2.333,-0.640
2026-04-03T15:02:43.930Z,133.068,pi:0,sports ball,0.8134,1148.62,366.87,1317.45,553.07,2.211,9.182
2026-04-03T15:02:43.930Z,133.068,pi:0,sports ball,0.6929,846.90,388.42,1014.75,564.87,2.333,-0.609
2026-04-03T15:02:44.003Z,133.142,pi:0,sports ball,0.8209,1147.75,366.45,1317.46,553.74,2.198,9.168
2026-04-03T15:02:44.003Z,133.142,pi:0,sports ball,0.5686,845.48,388.35,1019.06,564.70,2.335,-0.562
2026-04-03T15:02:44.092Z,133.231,pi:0,sports ball,0.8096,1148.57,367.24,1317.39,553.75,2.207,9.180
2026-04-03T15:02:44.092Z,133.231,pi:0,sports ball,0.5987,843.95,387.51,1019.86,565.13,2.318,-0.574
2026-04-03T15:02:44.195Z,133.334,pi:0,sports ball,0.8021,1148.66,366.88,1317.68,552.34,2.220,9.186
2026-04-03T15:02:44.195Z,133.334,pi:0,sports ball,0.6025,844.92,388.41,1020.59,565.29,2.328,-0.546
2026-04-03T15:02:44.245Z,133.383,pi:0,sports ball,0.8209,1147.69,366.50,1317.68,553.75,2.199,9.171
2026-04-03T15:02:44.245Z,133.383,pi:0,sports ball,0.5987,845.22,389.27,1019.01,565.12,2.341,-0.567
2026-04-03T15:02:44.294Z,133.432,pi:0,sports ball,0.8096,1148.59,366.87,1317.68,553.73,2.203,9.185
2026-04-03T15:02:44.294Z,133.432,pi:0,sports ball,0.5573,844.87,388.39,1019.82,565.04,2.331,-0.560
2026-04-03T15:02:44.354Z,133.493,pi:0,sports ball,0.7531,1149.46,366.88,1317.89,553.04,2.212,9.202
2026-04-03T15:02:44.354Z,133.493,pi:0,sports ball,0.4933,844.85,388.35,1017.48,564.71,2.335,-0.598
2026-04-03T15:02:44.417Z,133.556,pi:0,sports ball,0.8134,1148.68,366.87,1317.95,552.36,2.220,9.191
2026-04-03T15:02:44.417Z,133.556,pi:0,sports ball,0.5310,844.52,388.31,1019.07,565.02,2.330,-0.578
2026-04-03T15:02:44.457Z,133.596,pi:0,sports ball,0.7983,1149.53,366.89,1317.40,553.07,2.211,9.195
2026-04-03T15:02:44.457Z,133.596,pi:0,sports ball,0.6100,844.46,389.26,1017.41,565.43,2.337,-0.606
2026-04-03T15:02:44.489Z,133.628,pi:0,sports ball,0.8209,1148.58,366.82,1317.73,553.09,2.210,9.186
2026-04-03T15:02:44.489Z,133.628,pi:0,sports ball,0.6025,844.78,389.21,1017.42,565.11,2.341,-0.601
2026-04-03T15:02:44.564Z,133.703,pi:0,sports ball,0.8096,1149.59,366.84,1317.73,552.36,2.219,9.202
2026-04-03T15:02:44.564Z,133.703,pi:0,sports ball,0.5837,845.28,389.25,1019.79,565.37,2.338,-0.554
2026-04-03T15:02:44.604Z,133.742,pi:0,sports ball,0.8134,1148.54,367.25,1317.84,553.05,2.216,9.187
2026-04-03T15:02:44.604Z,133.742,pi:0,sports ball,0.5460,844.71,388.37,1018.31,564.69,2.335,-0.587
2026-04-03T15:02:44.646Z,133.785,pi:0,sports ball,0.8171,1148.52,366.89,1317.79,552.34,2.220,9.186
2026-04-03T15:02:44.646Z,133.785,pi:0,sports ball,0.6025,844.02,388.33,1019.07,565.30,2.327,-0.586
2026-04-03T15:02:44.689Z,133.827,pi:0,sports ball,0.8021,1148.58,366.89,1317.45,553.09,2.211,9.181
2026-04-03T15:02:44.689Z,133.827,pi:0,sports ball,0.6515,844.85,388.40,1016.53,565.12,2.330,-0.614
2026-04-03T15:02:44.757Z,133.896,pi:0,sports ball,0.8134,1149.39,367.94,1317.63,553.08,2.224,9.197
2026-04-03T15:02:44.757Z,133.896,pi:0,sports ball,0.5987,845.12,387.53,1018.28,565.03,2.320,-0.581
2026-04-03T15:02:44.797Z,133.936,pi:0,sports ball,0.8284,1144.50,367.65,1318.26,548.30,2.279,9.129
2026-04-03T15:02:44.797Z,133.936,pi:0,sports ball,0.5724,845.73,387.53,1016.57,565.36,2.315,-0.599
2026-04-03T15:02:44.840Z,133.979,pi:0,sports ball,0.7945,1148.59,367.94,1317.40,553.77,2.216,9.180
2026-04-03T15:02:44.840Z,133.979,pi:0,sports ball,0.6477,845.41,389.26,1016.58,565.13,2.341,-0.604
2026-04-03T15:02:44.890Z,134.029,pi:0,sports ball,0.8096,1147.62,367.28,1317.68,553.76,2.208,9.170
2026-04-03T15:02:44.890Z,134.029,pi:0,sports ball,0.5498,846.27,389.22,1015.77,565.02,2.342,-0.603
2026-04-03T15:02:44.963Z,134.101,pi:0,sports ball,0.8171,1148.60,366.86,1317.68,553.10,2.211,9.185
2026-04-03T15:02:44.963Z,134.101,pi:0,sports ball,0.5460,845.20,388.33,1020.61,565.12,2.329,-0.541
2026-04-03T15:02:44.997Z,134.136,pi:0,sports ball,0.8096,1146.29,368.34,1317.51,553.02,2.229,9.146
2026-04-03T15:02:44.997Z,134.136,pi:0,sports ball,0.5950,845.74,388.38,1015.66,564.88,2.333,-0.614
2026-04-03T15:02:45.040Z,134.178,pi:0,sports ball,0.8397,1148.73,366.43,1317.51,552.35,2.215,9.184
2026-04-03T15:02:45.040Z,134.178,pi:0,sports ball,0.6326,846.26,389.22,1016.64,565.47,2.336,-0.589
2026-04-03T15:02:45.084Z,134.222,pi:0,sports ball,0.8134,1148.61,366.88,1317.68,553.74,2.203,9.185
2026-04-03T15:02:45.084Z,134.222,pi:0,sports ball,0.5535,844.39,389.24,1016.58,565.39,2.337,-0.620
2026-04-03T15:02:45.145Z,134.283,pi:0,sports ball,0.8058,1147.66,366.92,1317.39,553.73,2.204,9.166
2026-04-03T15:02:45.145Z,134.283,pi:0,sports ball,0.6590,845.34,388.41,1015.71,565.03,2.331,-0.619
2026-04-03T15:02:45.203Z,134.342,pi:0,sports ball,0.8360,1147.77,367.28,1317.20,553.72,2.208,9.164
2026-04-03T15:02:45.203Z,134.342,pi:0,sports ball,0.6552,845.85,389.29,1019.78,565.12,2.342,-0.544
2026-04-03T15:02:45.239Z,134.378,pi:0,sports ball,0.7983,1148.61,367.24,1317.63,553.08,2.215,9.185
2026-04-03T15:02:45.239Z,134.378,pi:0,sports ball,0.6251,845.53,388.38,1017.42,565.20,2.328,-0.588
2026-04-03T15:02:45.285Z,134.423,pi:0,sports ball,0.8322,1145.96,366.83,1317.73,553.69,2.203,9.144
2026-04-03T15:02:45.285Z,134.423,pi:0,sports ball,0.6402,844.93,387.55,1014.82,565.03,2.320,-0.640
2026-04-03T15:02:45.343Z,134.481,pi:0,sports ball,0.8209,1146.82,367.58,1318.21,553.73,2.212,9.165
2026-04-03T15:02:45.343Z,134.481,pi:0,sports ball,0.6816,846.22,388.41,1017.35,565.17,2.329,-0.578
2026-04-03T15:02:45.375Z,134.513,pi:0,sports ball,0.8209,1147.69,366.45,1317.58,552.36,2.215,9.169
2026-04-03T15:02:45.375Z,134.513,pi:0,sports ball,0.5498,844.71,389.24,1016.59,565.13,2.341,-0.615
2026-04-03T15:02:45.445Z,134.583,pi:0,sports ball,0.8209,1147.78,366.85,1317.16,553.75,2.203,9.164
2026-04-03T15:02:45.445Z,134.583,pi:0,sports ball,0.6063,844.99,388.33,1016.65,564.81,2.333,-0.610
2026-04-03T15:02:45.509Z,134.648,pi:0,sports ball,0.7720,1148.68,366.91,1317.41,553.73,2.204,9.182
2026-04-03T15:02:45.509Z,134.648,pi:0,sports ball,0.5686,845.73,387.50,1019.11,565.04,2.319,-0.557
2026-04-03T15:02:45.538Z,134.677,pi:0,sports ball,0.8058,1148.55,366.85,1317.68,553.05,2.211,9.184
2026-04-03T15:02:45.538Z,134.677,pi:0,sports ball,0.6665,846.43,388.39,1020.51,565.36,2.327,-0.523
2026-04-03T15:02:45.573Z,134.711,pi:0,sports ball,0.8058,1148.67,367.91,1317.93,553.03,2.224,9.190
2026-04-03T15:02:45.573Z,134.711,pi:0,sports ball,0.6816,845.38,387.54,1020.54,565.18,2.318,-0.540
2026-04-03T15:02:45.632Z,134.771,pi:0,sports ball,0.8209,1148.63,366.44,1317.74,553.73,2.198,9.187
2026-04-03T15:02:45.632Z,134.771,pi:0,sports ball,0.6778,845.89,388.40,1018.16,565.18,2.329,-0.570
2026-04-03T15:02:45.682Z,134.820,pi:0,sports ball,0.8096,1147.67,367.27,1317.73,553.05,2.216,9.171
2026-04-03T15:02:45.682Z,134.820,pi:0,sports ball,0.6929,845.52,388.41,1015.70,565.28,2.328,-0.616
2026-04-03T15:02:45.757Z,134.895,pi:0,sports ball,0.7945,1146.34,368.03,1317.33,552.20,2.236,9.144
2026-04-03T15:02:45.757Z,134.895,pi:0,sports ball,0.6364,845.30,388.39,1014.83,565.19,2.329,-0.634
2026-04-03T15:02:45.807Z,134.946,pi:0,sports ball,0.8322,1148.62,366.87,1317.62,553.02,2.212,9.185
2026-04-03T15:02:45.807Z,134.946,pi:0,sports ball,0.6778,845.40,388.41,1019.01,565.35,2.327,-0.564
2026-04-03T15:02:45.852Z,134.990,pi:0,sports ball,0.8171,1147.78,366.87,1317.56,553.74,2.203,9.170
2026-04-03T15:02:45.852Z,134.990,pi:0,sports ball,0.5611,844.85,388.33,1017.41,565.05,2.330,-0.599
2026-04-03T15:02:45.891Z,135.030,pi:0,sports ball,0.7983,1149.50,366.44,1317.68,553.73,2.198,9.200
2026-04-03T15:02:45.891Z,135.030,pi:0,sports ball,0.6703,845.27,388.38,1021.88,565.12,2.330,-0.520
2026-04-03T15:02:45.950Z,135.089,pi:0,sports ball,0.8209,1147.63,366.88,1317.20,553.75,2.203,9.162
2026-04-03T15:02:45.950Z,135.089,pi:0,sports ball,0.5912,844.87,387.51,1016.62,565.14,2.318,-0.612
2026-04-03T15:02:46.018Z,135.156,pi:0,sports ball,0.8247,1148.67,367.61,1317.68,553.70,2.212,9.186
2026-04-03T15:02:46.018Z,135.156,pi:0,sports ball,0.5837,845.28,388.34,1019.06,565.14,2.329,-0.565
2026-04-03T15:02:46.073Z,135.211,pi:0,sports ball,0.8021,1146.75,366.46,1317.68,553.71,2.199,9.156
2026-04-03T15:02:46.073Z,135.211,pi:0,sports ball,0.5799,845.27,387.51,1017.44,565.36,2.315,-0.592
2026-04-03T15:02:46.107Z,135.245,pi:0,sports ball,0.8247,1148.70,367.25,1317.84,553.70,2.208,9.189
2026-04-03T15:02:46.107Z,135.245,pi:0,sports ball,0.6025,845.65,388.36,1020.54,565.29,2.327,-0.535
2026-04-03T15:02:46.159Z,135.298,pi:0,sports ball,0.8209,1148.49,366.87,1317.50,553.11,2.211,9.180
2026-04-03T15:02:46.159Z,135.298,pi:0,sports ball,0.5310,844.54,389.19,1019.11,564.95,2.343,-0.577
2026-04-03T15:02:46.256Z,135.395,pi:0,sports ball,0.8096,1147.61,366.89,1317.89,553.03,2.212,9.173
2026-04-03T15:02:46.256Z,135.395,pi:0,sports ball,0.5460,844.84,389.22,1019.07,564.71,2.346,-0.572
2026-04-03T15:02:46.302Z,135.441,pi:0,sports ball,0.8397,1145.91,366.88,1317.19,553.04,2.212,9.135
2026-04-03T15:02:46.302Z,135.441,pi:0,sports ball,0.6891,845.90,388.40,1018.19,564.87,2.333,-0.569
2026-04-03T15:02:46.347Z,135.486,pi:0,sports ball,0.8209,1144.53,367.33,1318.32,548.28,2.275,9.131
2026-04-03T15:02:46.347Z,135.486,pi:0,sports ball,0.6853,844.98,387.53,1015.67,564.79,2.323,-0.626
2026-04-03T15:02:46.401Z,135.539,pi:0,sports ball,0.8360,1148.53,366.83,1317.73,552.39,2.219,9.185
2026-04-03T15:02:46.401Z,135.539,pi:0,sports ball,0.6251,844.52,389.24,1018.24,565.29,2.339,-0.591
2026-04-03T15:02:46.449Z,135.587,pi:0,sports ball,0.8397,1148.65,366.83,1317.73,553.06,2.211,9.187
2026-04-03T15:02:46.449Z,135.587,pi:0,sports ball,0.6025,846.85,386.82,1017.30,563.85,2.326,-0.568
2026-04-03T15:02:46.483Z,135.621,pi:0,sports ball,0.8322,1149.46,366.83,1317.78,553.74,2.203,9.200
2026-04-03T15:02:46.483Z,135.621,pi:0,sports ball,0.4707,844.81,389.16,1017.55,564.65,2.346,-0.598
2026-04-03T15:02:46.518Z,135.657,pi:0,sports ball,0.8134,1144.51,367.65,1318.33,549.13,2.269,9.130
2026-04-03T15:02:46.518Z,135.657,pi:0,sports ball,0.5874,844.86,388.37,1019.79,564.95,2.332,-0.560
2026-04-03T15:02:46.571Z,135.709,pi:0,sports ball,0.7833,1148.54,367.62,1317.94,553.07,2.220,9.188
2026-04-03T15:02:46.571Z,135.709,pi:0,sports ball,0.5310,844.39,388.34,1019.04,565.04,2.330,-0.580
2026-04-03T15:02:46.641Z,135.779,pi:0,sports ball,0.8473,1147.76,366.89,1317.79,553.74,2.204,9.174
2026-04-03T15:02:46.641Z,135.779,pi:0,sports ball,0.6402,844.78,388.39,1018.25,565.47,2.325,-0.587
2026-04-03T15:02:46.701Z,135.840,pi:0,sports ball,0.8058,1150.44,367.60,1318.09,553.77,2.212,9.221
2026-04-03T15:02:46.701Z,135.840,pi:0,sports ball,0.6025,844.92,389.29,1018.32,565.36,2.338,-0.583
2026-04-03T15:02:46.728Z,135.866,pi:0,sports ball,0.8435,1146.86,366.87,1317.62,553.11,2.211,9.156
2026-04-03T15:02:46.728Z,135.866,pi:0,sports ball,0.5347,844.95,388.31,1016.64,565.03,2.330,-0.610
2026-04-03T15:02:46.774Z,135.913,pi:0,sports ball,0.7682,1147.52,367.27,1317.51,553.72,2.208,9.165
2026-04-03T15:02:46.774Z,135.913,pi:0,sports ball,0.5573,845.13,388.37,1016.58,564.71,2.335,-0.608
2026-04-03T15:02:46.830Z,135.968,pi:0,sports ball,0.8209,1147.47,367.26,1317.79,553.75,2.208,9.169
2026-04-03T15:02:46.830Z,135.968,pi:0,sports ball,0.5724,845.12,389.23,1015.77,565.30,2.338,-0.622
2026-04-03T15:02:46.873Z,136.011,pi:0,sports ball,0.7983,1148.48,367.24,1317.62,553.77,2.207,9.182
2026-04-03T15:02:46.873Z,136.011,pi:0,sports ball,0.5498,845.79,388.31,1019.81,564.80,2.333,-0.545
2026-04-03T15:02:46.946Z,136.084,pi:0,sports ball,0.8322,1148.50,366.87,1317.73,553.74,2.203,9.184
2026-04-03T15:02:46.946Z,136.084,pi:0,sports ball,0.6477,845.34,387.55,1016.58,565.48,2.314,-0.605
2026-04-03T15:02:46.987Z,136.126,pi:0,sports ball,0.8284,1148.56,367.26,1317.67,553.75,2.208,9.184
2026-04-03T15:02:46.987Z,136.126,pi:0,sports ball,0.5535,844.85,388.37,1018.26,565.05,2.330,-0.585
2026-04-03T15:02:47.060Z,136.199,pi:0,sports ball,0.8058,1146.76,367.28,1317.57,553.74,2.208,9.154
2026-04-03T15:02:47.060Z,136.199,pi:0,sports ball,0.4782,845.48,389.16,1019.89,565.14,2.340,-0.549
2026-04-03T15:02:47.111Z,136.249,pi:0,sports ball,0.8284,1148.60,366.94,1317.84,553.73,2.204,9.188
2026-04-03T15:02:47.111Z,136.249,pi:0,sports ball,0.5799,845.41,387.51,1019.06,565.13,2.318,-0.563
2026-04-03T15:02:47.142Z,136.281,pi:0,sports ball,0.8021,1148.52,367.27,1317.67,553.05,2.216,9.184
2026-04-03T15:02:47.142Z,136.281,pi:0,sports ball,0.7004,845.41,388.37,1018.23,564.96,2.332,-0.577
2026-04-03T15:02:47.191Z,136.329,pi:0,sports ball,0.8209,1145.39,367.32,1318.06,549.12,2.265,9.140
2026-04-03T15:02:47.191Z,136.329,pi:0,sports ball,0.5912,845.19,387.50,1015.74,564.96,2.320,-0.621
2026-04-03T15:02:47.254Z,136.392,pi:0,sports ball,0.8284,1148.54,366.85,1317.25,553.74,2.203,9.177
2026-04-03T15:02:47.254Z,136.392,pi:0,sports ball,0.5385,845.11,389.22,1019.93,565.13,2.341,-0.554
2026-04-03T15:02:47.309Z,136.447,pi:0,sports ball,0.7720,1149.37,366.92,1317.40,553.73,2.204,9.193
2026-04-03T15:02:47.309Z,136.447,pi:0,sports ball,0.5611,844.71,388.37,1017.47,565.05,2.330,-0.601
2026-04-03T15:02:47.346Z,136.484,pi:0,sports ball,0.8322,1148.58,366.86,1317.40,553.05,2.211,9.180
2026-04-03T15:02:47.346Z,136.484,pi:0,sports ball,0.5573,845.12,387.51,1019.84,565.12,2.318,-0.555
2026-04-03T15:02:47.399Z,136.537,pi:0,sports ball,0.8209,1147.67,366.91,1317.25,553.74,2.204,9.163
2026-04-03T15:02:47.399Z,136.537,pi:0,sports ball,0.5385,845.21,389.21,1015.76,564.66,2.347,-0.620
2026-04-03T15:02:47.456Z,136.594,pi:0,sports ball,0.8171,1148.55,366.90,1317.80,553.72,2.204,9.186
2026-04-03T15:02:47.456Z,136.594,pi:0,sports ball,0.4745,845.13,388.33,1015.77,564.76,2.334,-0.622
2026-04-03T15:02:47.513Z,136.652,pi:0,sports ball,0.8397,1147.70,367.22,1317.20,553.72,2.208,9.163
2026-04-03T15:02:47.513Z,136.652,pi:0,sports ball,0.5686,845.66,389.24,1015.67,564.42,2.350,-0.615
2026-04-03T15:02:47.549Z,136.688,pi:0,sports ball,0.8247,1147.66,366.47,1317.20,553.72,2.199,9.163
2026-04-03T15:02:47.549Z,136.688,pi:0,sports ball,0.5084,844.95,388.31,1018.30,565.13,2.328,-0.583
2026-04-03T15:02:47.591Z,136.729,pi:0,sports ball,0.8058,1147.57,366.48,1317.36,553.73,2.199,9.164
2026-04-03T15:02:47.591Z,136.729,pi:0,sports ball,0.4782,844.33,388.34,1015.77,564.65,2.335,-0.635
2026-04-03T15:02:47.650Z,136.788,pi:0,sports ball,0.8247,1148.44,366.84,1317.46,553.73,2.203,9.179
2026-04-03T15:02:47.650Z,136.788,pi:0,sports ball,0.6100,846.19,389.22,1018.35,565.05,2.342,-0.562
2026-04-03T15:02:47.706Z,136.845,pi:0,sports ball,0.7682,1144.49,367.32,1318.48,549.91,2.255,9.133
2026-04-03T15:02:47.706Z,136.845,pi:0,sports ball,0.3615,844.76,388.22,1015.78,564.40,2.337,-0.628
2026-04-03T15:02:47.777Z,136.915,pi:0,sports ball,0.8058,1148.46,366.46,1317.56,553.07,2.206,9.181
2026-04-03T15:02:47.777Z,136.915,pi:0,sports ball,0.5272,845.05,389.19,1019.05,564.97,2.342,-0.569
2026-04-03T15:02:47.815Z,136.953,pi:0,sports ball,0.7908,1147.65,367.65,1317.95,553.06,2.221,9.174
2026-04-03T15:02:47.815Z,136.953,pi:0,sports ball,0.4293,845.43,389.14,1017.65,565.14,2.339,-0.586
2026-04-03T15:02:47.880Z,137.019,pi:0,sports ball,0.7456,1148.39,367.27,1317.50,553.04,2.216,9.179
2026-04-03T15:02:47.880Z,137.019,pi:0,sports ball,0.4895,844.63,388.32,1018.29,565.40,2.325,-0.589
2026-04-03T15:02:47.926Z,137.064,pi:0,sports ball,0.7945,1147.58,366.86,1317.58,553.76,2.203,9.167
2026-04-03T15:02:47.926Z,137.064,pi:0,sports ball,0.5008,845.41,389.14,1016.66,565.13,2.340,-0.603
2026-04-03T15:02:47.976Z,137.114,pi:0,sports ball,0.8171,1147.63,366.47,1317.68,553.73,2.199,9.170
2026-04-03T15:02:47.976Z,137.114,pi:0,sports ball,0.4481,845.50,389.19,1016.71,565.14,2.340,-0.600
2026-04-03T15:02:48.024Z,137.163,pi:0,sports ball,0.7795,1148.46,366.87,1317.09,553.74,2.203,9.174
2026-04-03T15:02:48.024Z,137.163,pi:0,sports ball,0.5310,845.04,388.36,1018.31,564.60,2.336,-0.582
2026-04-03T15:02:48.085Z,137.223,pi:0,sports ball,0.7456,1147.62,366.50,1317.40,553.74,2.199,9.165
2026-04-03T15:02:48.085Z,137.223,pi:0,sports ball,0.5234,844.79,389.24,1018.31,565.22,2.340,-0.586
2026-04-03T15:02:48.140Z,137.279,pi:0,sports ball,0.7720,1147.24,368.04,1317.57,552.91,2.227,9.162
2026-04-03T15:02:48.140Z,137.279,pi:0,sports ball,0.3992,844.71,388.23,1014.83,565.14,2.327,-0.644
2026-04-03T15:02:48.211Z,137.350,pi:0,sports ball,0.8058,1147.57,366.89,1317.68,553.06,2.211,9.169
2026-04-03T15:02:48.211Z,137.350,pi:0,sports ball,0.5912,844.85,389.26,1017.44,565.29,2.339,-0.599
2026-04-03T15:02:48.278Z,137.417,pi:0,sports ball,0.8209,1148.66,367.25,1317.68,553.07,2.216,9.186
2026-04-03T15:02:48.278Z,137.417,pi:0,sports ball,0.5385,845.42,389.23,1018.31,565.05,2.342,-0.575
2026-04-03T15:02:48.333Z,137.471,pi:0,sports ball,0.8058,1147.57,366.86,1317.51,553.06,2.211,9.166
2026-04-03T15:02:48.333Z,137.471,pi:0,sports ball,0.5648,845.47,389.26,1016.60,564.61,2.348,-0.602
2026-04-03T15:02:48.368Z,137.506,pi:0,sports ball,0.8096,1150.23,367.24,1317.35,553.74,2.208,9.206
2026-04-03T15:02:48.368Z,137.506,pi:0,sports ball,0.5724,844.71,389.24,1019.76,565.21,2.340,-0.563
2026-04-03T15:02:48.403Z,137.541,pi:0,sports ball,0.8021,1147.55,366.50,1317.45,553.08,2.207,9.165
2026-04-03T15:02:48.403Z,137.541,pi:0,sports ball,0.5799,845.27,389.25,1018.25,564.85,2.345,-0.579
2026-04-03T15:02:48.438Z,137.577,pi:0,sports ball,0.8134,1148.57,366.87,1317.16,553.09,2.211,9.176
2026-04-03T15:02:48.438Z,137.577,pi:0,sports ball,0.5648,845.57,388.37,1016.58,564.46,2.338,-0.601
2026-04-03T15:02:48.463Z,137.601,pi:0,sports ball,0.8247,1144.52,367.32,1318.39,549.13,2.265,9.132
2026-04-03T15:02:48.463Z,137.601,pi:0,sports ball,0.6816,844.91,388.42,1014.81,564.51,2.338,-0.641
2026-04-03T15:02:48.504Z,137.642,pi:0,sports ball,0.8247,1146.67,366.89,1317.21,553.71,2.204,9.147
2026-04-03T15:02:48.504Z,137.642,pi:0,sports ball,0.5837,844.79,389.26,1018.31,564.97,2.343,-0.586
2026-04-03T15:02:48.565Z,137.703,pi:0,sports ball,0.8171,1146.76,366.47,1317.20,553.05,2.207,9.148
2026-04-03T15:02:48.565Z,137.703,pi:0,sports ball,0.5084,844.31,388.33,1017.46,564.88,2.332,-0.607
2026-04-03T15:02:48.628Z,137.766,pi:0,sports ball,0.8322,1147.74,366.88,1317.16,553.76,2.203,9.163
2026-04-03T15:02:48.628Z,137.766,pi:0,sports ball,0.5724,845.14,389.22,1016.68,565.14,2.340,-0.607
2026-04-03T15:02:48.670Z,137.808,pi:0,sports ball,0.8397,1147.63,366.88,1317.36,553.73,2.204,9.165
2026-04-03T15:02:48.670Z,137.808,pi:0,sports ball,0.5611,845.65,388.35,1019.85,565.05,2.330,-0.547
2026-04-03T15:02:48.705Z,137.843,pi:0,sports ball,0.7833,1146.32,367.73,1317.34,552.91,2.223,9.143
2026-04-03T15:02:48.705Z,137.843,pi:0,sports ball,0.4556,845.95,389.17,1019.14,565.23,2.338,-0.553
2026-04-03T15:02:48.760Z,137.898,pi:0,sports ball,0.7870,1147.59,367.27,1317.51,553.08,2.216,9.166
2026-04-03T15:02:48.760Z,137.898,pi:0,sports ball,0.5573,845.28,388.39,1015.74,564.86,2.333,-0.620
2026-04-03T15:02:48.824Z,137.962,pi:0,sports ball,0.7870,1146.33,368.04,1317.66,552.91,2.227,9.149
2026-04-03T15:02:48.824Z,137.962,pi:0,sports ball,0.6025,845.01,388.33,1017.42,564.89,2.332,-0.597
2026-04-03T15:02:48.861Z,137.999,pi:0,sports ball,0.8284,1149.49,367.21,1317.58,553.07,2.215,9.198
2026-04-03T15:02:48.861Z,137.999,pi:0,sports ball,0.5987,845.26,388.36,1019.83,564.89,2.332,-0.553
2026-04-03T15:02:48.917Z,138.056,pi:0,sports ball,0.8322,1147.72,366.85,1317.51,553.73,2.203,9.168
2026-04-03T15:02:48.917Z,138.056,pi:0,sports ball,0.5008,844.31,388.33,1018.31,564.87,2.332,-0.593
2026-04-03T15:02:48.973Z,138.111,pi:0,sports ball,0.8134,1147.59,366.89,1317.20,553.76,2.203,9.161
2026-04-03T15:02:48.973Z,138.111,pi:0,sports ball,0.5874,846.70,388.39,1019.79,564.89,2.333,-0.530
2026-04-03T15:02:49.021Z,138.160,pi:0,sports ball,0.7757,1150.07,367.65,1317.58,553.75,2.212,9.207
2026-04-03T15:02:49.021Z,138.160,pi:0,sports ball,0.5912,845.71,388.38,1019.08,565.04,2.331,-0.558
2026-04-03T15:02:49.051Z,138.189,pi:0,sports ball,0.8473,1147.74,366.89,1317.68,553.74,2.204,9.171
2026-04-03T15:02:49.051Z,138.189,pi:0,sports ball,0.6063,845.35,388.37,1018.31,564.80,2.334,-0.577
2026-04-03T15:02:49.116Z,138.254,pi:0,sports ball,0.7682,1146.67,367.30,1317.46,553.77,2.208,9.151
2026-04-03T15:02:49.116Z,138.254,pi:0,sports ball,0.5724,845.11,387.48,1015.70,565.13,2.318,-0.623
2026-04-03T15:02:49.171Z,138.310,pi:0,sports ball,0.8021,1149.53,366.87,1317.41,553.11,2.211,9.196
2026-04-03T15:02:49.171Z,138.310,pi:0,sports ball,0.5272,844.42,389.22,1015.75,564.71,2.346,-0.633
2026-04-03T15:02:49.216Z,138.354,pi:0,sports ball,0.7945,1148.37,367.24,1317.50,553.78,2.207,9.179
2026-04-03T15:02:49.216Z,138.354,pi:0,sports ball,0.4443,845.60,389.13,1018.30,565.14,2.339,-0.573
2026-04-03T15:02:49.252Z,138.391,pi:0,sports ball,0.7945,1146.86,366.85,1317.40,553.75,2.203,9.153
2026-04-03T15:02:49.252Z,138.391,pi:0,sports ball,0.5912,845.80,387.53,1014.85,564.97,2.320,-0.626
2026-04-03T15:02:49.320Z,138.458,pi:0,sports ball,0.8058,1148.67,367.27,1317.69,552.33,2.225,9.186
2026-04-03T15:02:49.320Z,138.458,pi:0,sports ball,0.5197,845.20,388.30,1016.67,565.40,2.325,-0.606
2026-04-03T15:02:49.378Z,138.517,pi:0,sports ball,0.7795,1148.48,366.90,1317.51,553.75,2.203,9.181
2026-04-03T15:02:49.378Z,138.517,pi:0,sports ball,0.5008,845.66,388.35,1014.87,564.61,2.336,-0.628
2026-04-03T15:02:49.448Z,138.587,pi:0,sports ball,0.8209,1147.71,367.27,1317.63,553.06,2.216,9.170
2026-04-03T15:02:49.448Z,138.587,pi:0,sports ball,0.6176,845.41,389.25,1014.84,564.60,2.348,-0.632
2026-04-03T15:02:49.481Z,138.620,pi:0,sports ball,0.7795,1149.33,367.66,1317.68,553.79,2.212,9.197
2026-04-03T15:02:49.481Z,138.620,pi:0,sports ball,0.4820,845.28,388.37,1014.87,564.88,2.333,-0.634
2026-04-03T15:02:49.515Z,138.653,pi:0,sports ball,0.8397,1147.72,366.89,1317.40,552.36,2.220,9.167
2026-04-03T15:02:49.515Z,138.653,pi:0,sports ball,0.4933,844.72,389.19,1017.53,565.05,2.341,-0.600
2026-04-03T15:02:49.573Z,138.712,pi:0,sports ball,0.8435,1148.58,367.23,1317.40,553.72,2.208,9.180
2026-04-03T15:02:49.573Z,138.712,pi:0,sports ball,0.6515,845.42,388.41,1017.43,564.95,2.332,-0.590
2026-04-03T15:02:49.626Z,138.765,pi:0,sports ball,0.7870,1147.78,366.90,1317.51,553.07,2.212,9.169
2026-04-03T15:02:49.626Z,138.765,pi:0,sports ball,0.5046,844.79,388.35,1018.29,564.94,2.331,-0.586
2026-04-03T15:02:49.672Z,138.810,pi:0,sports ball,0.7607,1148.42,367.29,1317.21,553.69,2.209,9.175
2026-04-03T15:02:49.672Z,138.810,pi:0,sports ball,0.3163,845.82,389.14,1017.58,564.79,2.344,-0.581
2026-04-03T15:02:49.711Z,138.849,pi:0,sports ball,0.7833,1148.39,367.26,1317.45,553.08,2.216,9.178
2026-04-03T15:02:49.711Z,138.849,pi:0,sports ball,0.4971,844.63,388.34,1019.90,565.29,2.327,-0.562
2026-04-03T15:02:49.749Z,138.887,pi:0,sports ball,0.8209,1147.68,367.27,1317.62,553.75,2.208,9.170
2026-04-03T15:02:49.749Z,138.887,pi:0,sports ball,0.5310,845.12,388.30,1018.27,564.96,2.330,-0.581
2026-04-03T15:02:49.792Z,138.930,pi:0,sports ball,0.8247,1147.62,366.85,1317.39,553.75,2.203,9.165
2026-04-03T15:02:49.792Z,138.930,pi:0,sports ball,0.5987,845.49,388.37,1019.81,565.04,2.330,-0.550
2026-04-03T15:02:49.854Z,138.992,pi:0,sports ball,0.7757,1146.33,367.41,1317.78,552.91,2.219,9.151
2026-04-03T15:02:49.854Z,138.992,pi:0,sports ball,0.5423,845.65,389.24,1016.63,564.96,2.343,-0.599
2026-04-03T15:02:49.920Z,139.058,pi:0,sports ball,0.8096,1147.75,366.91,1317.45,553.09,2.211,9.168
2026-04-03T15:02:49.920Z,139.058,pi:0,sports ball,0.5535,845.12,388.36,1013.89,564.47,2.338,-0.652
2026-04-03T15:02:49.947Z,139.085,pi:0,sports ball,0.7908,1148.57,366.86,1317.51,553.09,2.211,9.182
2026-04-03T15:02:49.947Z,139.085,pi:0,sports ball,0.6176,846.26,388.36,1015.77,565.04,2.330,-0.603
2026-04-03T15:02:49.975Z,139.113,pi:0,sports ball,0.8134,1147.64,366.86,1317.56,553.75,2.203,9.168
2026-04-03T15:02:49.975Z,139.113,pi:0,sports ball,0.4895,844.22,388.34,1017.46,565.11,2.329,-0.609
2026-04-03T15:02:50.028Z,139.166,pi:0,sports ball,0.7494,1148.40,366.49,1317.69,553.05,2.207,9.182
2026-04-03T15:02:50.028Z,139.166,pi:0,sports ball,0.5535,845.95,389.19,1017.46,564.97,2.342,-0.581
2026-04-03T15:02:50.064Z,139.202,pi:0,sports ball,0.7117,1149.46,366.96,1317.20,553.09,2.212,9.191
2026-04-03T15:02:50.064Z,139.202,pi:0,sports ball,0.5987,845.36,388.39,1018.21,564.89,2.333,-0.578
2026-04-03T15:02:50.112Z,139.251,pi:0,sports ball,0.7908,1147.52,367.22,1317.40,553.74,2.207,9.163
2026-04-03T15:02:50.112Z,139.251,pi:0,sports ball,0.6853,845.96,388.42,1016.58,564.88,2.333,-0.595
2026-04-03T15:02:50.153Z,139.292,pi:0,sports ball,0.8096,1147.67,367.26,1317.20,553.06,2.216,9.163
2026-04-03T15:02:50.153Z,139.292,pi:0,sports ball,0.5347,844.87,389.21,1017.47,565.12,2.341,-0.598
2026-04-03T15:02:50.195Z,139.334,pi:0,sports ball,0.7418,1146.33,367.40,1317.09,552.91,2.219,9.139
2026-04-03T15:02:50.195Z,139.334,pi:0,sports ball,0.5008,846.54,388.37,1017.52,564.57,2.337,-0.570
2026-04-03T15:02:50.241Z,139.380,pi:0,sports ball,0.7870,1147.22,368.34,1317.07,552.94,2.230,9.153
2026-04-03T15:02:50.241Z,139.380,pi:0,sports ball,0.4632,844.63,388.33,1019.09,564.78,2.333,-0.575
2026-04-03T15:02:50.293Z,139.432,pi:0,sports ball,0.7870,1147.66,367.28,1317.51,553.10,2.216,9.167
2026-04-03T15:02:50.293Z,139.432,pi:0,sports ball,0.5837,845.01,388.37,1018.25,565.05,2.330,-0.583
2026-04-03T15:02:50.339Z,139.477,pi:0,sports ball,0.7833,1144.52,366.98,1318.21,548.30,2.271,9.129
2026-04-03T15:02:50.339Z,139.477,pi:0,sports ball,0.5799,844.86,388.33,1017.53,564.56,2.336,-0.597
2026-04-03T15:02:50.399Z,139.537,pi:0,sports ball,0.8209,1147.68,367.66,1317.40,553.05,2.221,9.166
2026-04-03T15:02:50.399Z,139.537,pi:0,sports ball,0.5874,845.29,388.36,1016.61,565.14,2.329,-0.605
2026-04-03T15:02:50.449Z,139.588,pi:0,sports ball,0.7908,1147.68,367.64,1317.41,554.39,2.205,9.166
2026-04-03T15:02:50.449Z,139.588,pi:0,sports ball,0.5573,845.37,388.37,1016.60,564.66,2.335,-0.604
2026-04-03T15:02:50.488Z,139.626,pi:0,sports ball,0.7795,1146.33,368.32,1317.26,552.91,2.230,9.142
2026-04-03T15:02:50.488Z,139.626,pi:0,sports ball,0.5724,845.47,388.40,1019.06,564.78,2.334,-0.562
2026-04-03T15:02:50.516Z,139.654,pi:0,sports ball,0.7908,1149.47,366.89,1317.89,553.05,2.212,9.202
2026-04-03T15:02:50.516Z,139.654,pi:0,sports ball,0.4632,846.15,389.16,1016.65,565.31,2.337,-0.590
2026-04-03T15:02:50.554Z,139.692,pi:0,sports ball,0.7833,1146.33,367.72,1317.49,552.20,2.232,9.146
2026-04-03T15:02:50.554Z,139.692,pi:0,sports ball,0.5686,844.94,388.39,1013.92,565.13,2.329,-0.655
2026-04-03T15:02:50.595Z,139.734,pi:0,sports ball,0.7795,1148.57,367.27,1317.20,553.71,2.208,9.177
2026-04-03T15:02:50.595Z,139.734,pi:0,sports ball,0.4971,844.79,387.49,1018.30,564.61,2.325,-0.586
2026-04-03T15:02:50.639Z,139.778,pi:0,sports ball,0.7757,1146.33,368.04,1317.30,553.59,2.219,9.143
2026-04-03T15:02:50.639Z,139.778,pi:0,sports ball,0.4669,845.99,389.16,1019.88,564.61,2.347,-0.540
2026-04-03T15:02:50.684Z,139.823,pi:0,sports ball,0.8096,1147.54,366.86,1317.40,554.41,2.195,9.164
2026-04-03T15:02:50.684Z,139.823,pi:0,sports ball,0.5121,845.20,388.33,1018.31,565.37,2.326,-0.579
2026-04-03T15:02:50.728Z,139.867,pi:0,sports ball,0.7983,1147.66,367.24,1317.40,553.73,2.208,9.166
2026-04-03T15:02:50.728Z,139.867,pi:0,sports ball,0.5724,845.15,389.25,1018.26,565.04,2.342,-0.581
2026-04-03T15:02:50.830Z,139.968,pi:0,sports ball,0.8510,1146.73,366.50,1317.40,553.75,2.199,9.151
2026-04-03T15:02:50.830Z,139.968,pi:0,sports ball,0.5648,845.72,388.38,1018.25,564.88,2.333,-0.572
2026-04-03T15:02:50.886Z,140.025,pi:0,sports ball,0.7983,1149.28,366.86,1317.15,553.06,2.211,9.188
2026-04-03T15:02:50.886Z,140.025,pi:0,sports ball,0.4971,844.63,389.19,1017.52,564.86,2.344,-0.601
2026-04-03T15:02:50.921Z,140.060,pi:0,sports ball,0.8171,1148.50,367.60,1317.68,553.72,2.212,9.183
2026-04-03T15:02:50.921Z,140.060,pi:0,sports ball,0.4895,845.13,389.15,1018.32,565.04,2.341,-0.580
2026-04-03T15:02:50.989Z,140.128,pi:0,sports ball,0.7908,1147.67,367.26,1317.50,553.10,2.215,9.167
2026-04-03T15:02:50.989Z,140.128,pi:0,sports ball,0.5535,845.21,388.39,1015.72,565.12,2.330,-0.621
2026-04-03T15:02:51.034Z,140.173,pi:0,sports ball,0.7795,1147.61,366.43,1317.51,553.75,2.198,9.167
2026-04-03T15:02:51.034Z,140.173,pi:0,sports ball,0.4971,844.22,389.21,1016.68,564.55,2.348,-0.622
2026-04-03T15:02:51.060Z,140.199,pi:0,sports ball,0.7908,1144.52,367.33,1318.33,548.29,2.275,9.131
2026-04-03T15:02:51.060Z,140.199,pi:0,sports ball,0.5535,845.47,389.23,1018.24,564.65,2.347,-0.576
2026-04-03T15:02:51.169Z,140.307,pi:0,sports ball,0.8134,1148.53,367.22,1317.50,553.07,2.215,9.181
2026-04-03T15:02:51.169Z,140.307,pi:0,sports ball,0.4594,845.57,388.28,1016.71,564.70,2.334,-0.599
2026-04-03T15:02:51.212Z,140.350,pi:0,sports ball,0.8397,1144.52,367.95,1318.52,549.13,2.272,9.133
2026-04-03T15:02:51.212Z,140.350,pi:0,sports ball,0.5310,845.29,389.27,1018.32,565.12,2.341,-0.577
2026-04-03T15:02:51.253Z,140.392,pi:0,sports ball,0.8284,1147.71,366.86,1317.50,553.74,2.203,9.168
2026-04-03T15:02:51.253Z,140.392,pi:0,sports ball,0.6552,844.93,388.39,1019.78,565.18,2.329,-0.559
2026-04-03T15:02:51.295Z,140.433,pi:0,sports ball,0.8209,1148.52,367.21,1317.68,553.07,2.215,9.184
2026-04-03T15:02:51.295Z,140.433,pi:0,sports ball,0.5535,845.73,388.31,1019.85,564.86,2.332,-0.545
2026-04-03T15:02:51.338Z,140.476,pi:0,sports ball,0.7983,1147.59,367.25,1317.80,553.06,2.216,9.171
2026-04-03T15:02:51.338Z,140.476,pi:0,sports ball,0.5648,844.80,388.37,1015.77,565.05,2.330,-0.627
2026-04-03T15:02:51.379Z,140.518,pi:0,sports ball,0.8021,1147.71,367.28,1317.15,553.08,2.216,9.162
2026-04-03T15:02:51.379Z,140.518,pi:0,sports ball,0.6176,845.20,388.38,1016.57,565.40,2.326,-0.607
2026-04-03T15:02:51.423Z,140.561,pi:0,sports ball,0.8021,1147.55,367.26,1317.50,554.41,2.200,9.165
2026-04-03T15:02:51.423Z,140.561,pi:0,sports ball,0.5611,845.04,387.50,1016.67,564.96,2.320,-0.608
2026-04-03T15:02:51.469Z,140.608,pi:0,sports ball,0.8058,1148.50,367.23,1317.62,553.72,2.208,9.183
2026-04-03T15:02:51.469Z,140.608,pi:0,sports ball,0.5573,844.30,388.37,1019.07,564.96,2.332,-0.581
2026-04-03T15:02:51.513Z,140.651,pi:0,sports ball,0.8058,1149.39,366.03,1317.40,553.74,2.193,9.193
2026-04-03T15:02:51.513Z,140.651,pi:0,sports ball,0.4782,844.24,387.47,1014.92,565.14,2.317,-0.650
2026-04-03T15:02:51.557Z,140.695,pi:0,sports ball,0.7682,1146.32,367.74,1317.71,553.58,2.215,9.149
2026-04-03T15:02:51.557Z,140.695,pi:0,sports ball,0.4933,847.26,387.65,1018.12,564.12,2.333,-0.548
2026-04-03T15:02:51.601Z,140.739,pi:0,sports ball,0.8171,1148.49,366.86,1317.73,553.75,2.203,9.184
2026-04-03T15:02:51.601Z,140.739,pi:0,sports ball,0.5686,845.28,389.19,1017.43,564.75,2.345,-0.592
2026-04-03T15:02:51.641Z,140.780,pi:0,sports ball,0.8247,1149.36,366.96,1317.40,553.72,2.205,9.193
2026-04-03T15:02:51.641Z,140.780,pi:0,sports ball,0.5347,844.94,389.19,1015.73,564.87,2.344,-0.625
2026-04-03T15:02:51.686Z,140.824,pi:0,sports ball,0.7795,1147.59,367.60,1317.15,553.06,2.220,9.161
2026-04-03T15:02:51.686Z,140.824,pi:0,sports ball,0.5498,844.77,388.37,1017.45,564.66,2.335,-0.600
2026-04-03T15:02:51.743Z,140.881,pi:0,sports ball,0.8134,1147.68,366.91,1317.41,553.02,2.212,9.166
2026-04-03T15:02:51.743Z,140.881,pi:0,sports ball,0.3351,844.45,388.25,1017.51,565.04,2.329,-0.604
2026-04-03T15:02:51.800Z,140.939,pi:0,sports ball,0.8021,1148.58,366.87,1317.80,553.75,2.203,9.187
2026-04-03T15:02:51.800Z,140.939,pi:0,sports ball,0.5197,845.27,389.19,1020.57,564.80,2.344,-0.541
2026-04-03T15:02:51.844Z,140.982,pi:0,sports ball,0.8058,1148.50,367.23,1317.46,553.07,2.215,9.180
2026-04-03T15:02:51.844Z,140.982,pi:0,sports ball,0.5573,844.78,387.51,1017.47,564.76,2.323,-0.600
2026-04-03T15:02:51.873Z,141.012,pi:0,sports ball,0.7908,1148.47,366.86,1317.40,553.08,2.211,9.179
2026-04-03T15:02:51.873Z,141.012,pi:0,sports ball,0.5498,845.74,389.19,1019.07,565.12,2.340,-0.558
2026-04-03T15:02:51.917Z,141.055,pi:0,sports ball,0.7945,1147.61,366.04,1317.67,553.78,2.193,9.169
2026-04-03T15:02:51.917Z,141.055,pi:0,sports ball,0.3238,844.46,388.25,1015.74,564.47,2.336,-0.633
2026-04-03T15:02:51.975Z,141.113,pi:0,sports ball,0.7531,1148.51,366.90,1317.63,553.72,2.204,9.183
2026-04-03T15:02:51.975Z,141.113,pi:0,sports ball,0.4255,844.65,389.14,1016.71,565.31,2.337,-0.614
2026-04-03T15:02:52.012Z,141.151,pi:0,sports ball,0.7983,1149.38,366.88,1317.51,553.08,2.211,9.195
2026-04-03T15:02:52.012Z,141.151,pi:0,sports ball,0.4858,844.71,388.31,1019.81,565.22,2.327,-0.563
2026-04-03T15:02:52.073Z,141.211,pi:0,sports ball,0.8209,1148.58,366.89,1317.85,553.74,2.204,9.188
2026-04-03T15:02:52.073Z,141.211,pi:0,sports ball,0.4895,845.40,388.31,1016.62,564.60,2.336,-0.603
2026-04-03T15:02:52.113Z,141.251,pi:0,sports ball,0.7381,1148.44,367.29,1317.11,553.76,2.208,9.174
2026-04-03T15:02:52.113Z,141.251,pi:0,sports ball,0.4594,845.05,388.30,1018.42,564.66,2.335,-0.580
2026-04-03T15:02:52.148Z,141.286,pi:0,sports ball,0.8021,1148.44,366.87,1316.79,553.73,2.203,9.168
2026-04-03T15:02:52.148Z,141.286,pi:0,sports ball,0.5498,845.20,388.35,1015.79,565.13,2.329,-0.620
2026-04-03T15:02:52.263Z,141.402,pi:0,sports ball,0.7983,1144.51,366.97,1318.67,549.93,2.250,9.136
2026-04-03T15:02:52.263Z,141.402,pi:0,sports ball,0.5573,844.71,387.48,1018.31,564.95,2.320,-0.587
2026-04-03T15:02:52.291Z,141.430,pi:0,sports ball,0.7870,1147.70,366.46,1317.41,553.74,2.198,9.167
2026-04-03T15:02:52.291Z,141.430,pi:0,sports ball,0.5423,845.04,388.35,1018.26,565.21,2.328,-0.582
2026-04-03T15:02:52.334Z,141.472,pi:0,sports ball,0.7945,1144.52,367.32,1317.85,549.11,2.265,9.123
2026-04-03T15:02:52.334Z,141.472,pi:0,sports ball,0.6025,844.47,388.34,1018.31,564.70,2.335,-0.591
2026-04-03T15:02:52.409Z,141.548,pi:0,sports ball,0.8360,1147.67,366.86,1317.80,553.06,2.211,9.172
2026-04-03T15:02:52.409Z,141.548,pi:0,sports ball,0.5159,845.38,389.24,1019.88,565.04,2.342,-0.550
2026-04-03T15:02:52.455Z,141.593,pi:0,sports ball,0.7908,1149.53,367.64,1317.51,553.03,2.221,9.197
2026-04-03T15:02:52.455Z,141.593,pi:0,sports ball,0.5084,843.86,389.19,1014.84,564.60,2.347,-0.658
2026-04-03T15:02:52.503Z,141.641,pi:0,sports ball,0.8171,1148.58,366.92,1317.40,553.75,2.204,9.180
2026-04-03T15:02:52.503Z,141.641,pi:0,sports ball,0.6176,844.60,389.23,1018.35,565.29,2.338,-0.588
2026-04-03T15:02:52.540Z,141.679,pi:0,sports ball,0.8134,1148.59,366.86,1317.64,553.09,2.211,9.184
2026-04-03T15:02:52.540Z,141.679,pi:0,sports ball,0.5648,845.29,389.21,1018.30,564.87,2.344,-0.578
2026-04-03T15:02:52.591Z,141.730,pi:0,sports ball,0.8134,1148.51,366.91,1317.94,553.72,2.204,9.188
2026-04-03T15:02:52.591Z,141.730,pi:0,sports ball,0.5724,846.29,387.65,1017.27,564.03,2.334,-0.578
2026-04-03T15:02:52.631Z,141.769,pi:0,sports ball,0.7983,1144.51,367.32,1318.59,549.13,2.265,9.135
2026-04-03T15:02:52.631Z,141.769,pi:0,sports ball,0.5197,844.79,388.37,1019.09,565.05,2.330,-0.573
2026-04-03T15:02:52.675Z,141.813,pi:0,sports ball,0.7983,1147.24,368.33,1317.34,553.58,2.222,9.158
2026-04-03T15:02:52.675Z,141.813,pi:0,sports ball,0.5008,843.91,389.19,1015.79,564.96,2.342,-0.641
2026-04-03T15:02:52.718Z,141.857,pi:0,sports ball,0.7945,1148.64,366.85,1318.15,553.75,2.203,9.193
2026-04-03T15:02:52.718Z,141.857,pi:0,sports ball,0.5498,845.20,389.25,1018.28,565.20,2.340,-0.579
2026-04-03T15:02:52.761Z,141.900,pi:0,sports ball,0.8096,1146.71,366.86,1317.94,553.75,2.203,9.159
2026-04-03T15:02:52.761Z,141.900,pi:0,sports ball,0.5573,844.53,388.34,1017.53,564.90,2.332,-0.603
2026-04-03T15:02:52.803Z,141.941,pi:0,sports ball,0.8322,1148.64,366.83,1317.35,553.09,2.211,9.181
2026-04-03T15:02:52.803Z,141.941,pi:0,sports ball,0.5121,844.13,388.31,1017.53,565.14,2.328,-0.609
2026-04-03T15:02:52.855Z,141.994,pi:0,sports ball,0.7945,1147.70,367.28,1317.94,554.40,2.200,9.175
2026-04-03T15:02:52.855Z,141.994,pi:0,sports ball,0.4594,844.42,388.25,1018.37,565.04,2.329,-0.591
2026-04-03T15:02:52.919Z,142.057,pi:0,sports ball,0.8510,1146.73,367.26,1317.73,553.08,2.216,9.156
2026-04-03T15:02:52.919Z,142.057,pi:0,sports ball,0.6025,845.66,388.40,1019.15,564.95,2.332,-0.558
2026-04-03T15:02:52.969Z,142.108,pi:0,sports ball,0.7607,1147.24,367.41,1317.83,552.91,2.219,9.166
2026-04-03T15:02:52.969Z,142.108,pi:0,sports ball,0.5874,845.57,387.51,1019.17,565.03,2.319,-0.559
2026-04-03T15:02:53.010Z,142.149,pi:0,sports ball,0.7795,1148.49,367.24,1317.79,553.75,2.208,9.185
2026-04-03T15:02:53.010Z,142.149,pi:0,sports ball,0.5648,845.20,389.19,1017.53,565.06,2.341,-0.592
2026-04-03T15:02:53.036Z,142.175,pi:0,sports ball,0.8209,1147.54,367.60,1317.95,553.72,2.212,9.172
2026-04-03T15:02:53.036Z,142.175,pi:0,sports ball,0.4858,844.71,388.29,1020.60,565.31,2.326,-0.550
2026-04-03T15:02:53.065Z,142.203,pi:0,sports ball,0.7381,1142.79,368.38,1317.04,552.23,2.239,9.082
2026-04-03T15:02:53.065Z,142.203,pi:0,sports ball,0.3502,843.69,387.42,1019.98,564.84,2.321,-0.576
2026-04-03T15:02:53.113Z,142.251,pi:0,sports ball,0.7945,1147.58,366.92,1317.40,553.08,2.212,9.164
2026-04-03T15:02:53.113Z,142.251,pi:0,sports ball,0.4443,843.43,389.16,1016.69,564.84,2.344,-0.634
2026-04-03T15:02:53.155Z,142.293,pi:0,sports ball,0.8360,1148.60,366.85,1317.95,553.76,2.203,9.189
2026-04-03T15:02:53.155Z,142.293,pi:0,sports ball,0.5912,845.20,388.40,1019.09,565.05,2.331,-0.566
2026-04-03T15:02:53.204Z,142.342,pi:0,sports ball,0.7945,1148.54,366.44,1317.89,553.75,2.198,9.188
2026-04-03T15:02:53.204Z,142.342,pi:0,sports ball,0.5234,844.31,388.32,1019.77,565.13,2.329,-0.570
2026-04-03T15:02:53.246Z,142.385,pi:0,sports ball,0.7983,1147.67,366.51,1317.51,553.74,2.199,9.168
2026-04-03T15:02:53.246Z,142.385,pi:0,sports ball,0.6176,845.28,389.26,1019.07,564.97,2.343,-0.565
2026-04-03T15:02:53.296Z,142.434,pi:0,sports ball,0.8548,1147.65,366.44,1317.50,553.09,2.206,9.167
2026-04-03T15:02:53.296Z,142.434,pi:0,sports ball,0.6552,845.79,388.39,1019.10,565.29,2.327,-0.557
2026-04-03T15:02:53.366Z,142.504,pi:0,sports ball,0.8473,1147.70,366.89,1317.73,553.74,2.203,9.172
2026-04-03T15:02:53.366Z,142.504,pi:0,sports ball,0.5385,845.48,389.19,1018.34,565.29,2.338,-0.574
2026-04-03T15:02:53.415Z,142.553,pi:0,sports ball,0.8096,1148.56,367.63,1317.79,553.72,2.212,9.186
2026-04-03T15:02:53.415Z,142.553,pi:0,sports ball,0.3879,844.54,389.13,1017.65,565.60,2.333,-0.600
2026-04-03T15:02:53.456Z,142.595,pi:0,sports ball,0.7870,1149.33,367.24,1317.39,553.06,2.216,9.192
2026-04-03T15:02:53.456Z,142.595,pi:0,sports ball,0.6025,844.79,389.25,1019.14,564.71,2.346,-0.572
2026-04-03T15:02:53.487Z,142.625,pi:0,sports ball,0.7983,1147.57,366.49,1317.68,553.74,2.199,9.169
2026-04-03T15:02:53.487Z,142.625,pi:0,sports ball,0.5950,844.86,389.24,1019.81,565.04,2.342,-0.560
2026-04-03T15:02:53.524Z,142.662,pi:0,sports ball,0.8096,1147.65,367.97,1317.68,553.08,2.224,9.170
2026-04-03T15:02:53.524Z,142.662,pi:0,sports ball,0.5197,845.49,388.36,1016.72,564.80,2.333,-0.600
2026-04-03T15:02:53.595Z,142.734,pi:0,sports ball,0.7456,1148.50,366.91,1317.51,553.06,2.212,9.181
2026-04-03T15:02:53.595Z,142.734,pi:0,sports ball,0.4745,844.63,389.17,1016.68,565.32,2.337,-0.615
2026-04-03T15:02:53.620Z,142.759,pi:0,sports ball,0.8171,1148.52,366.87,1317.64,553.06,2.211,9.183
2026-04-03T15:02:53.620Z,142.759,pi:0,sports ball,0.4820,847.17,387.66,1018.15,564.13,2.333,-0.549
2026-04-03T15:02:53.652Z,142.791,pi:0,sports ball,0.7607,1147.60,367.28,1317.62,553.71,2.208,9.168
2026-04-03T15:02:53.652Z,142.791,pi:0,sports ball,0.5121,844.80,388.35,1019.79,565.29,2.327,-0.561
2026-04-03T15:02:53.704Z,142.843,pi:0,sports ball,0.7945,1148.56,366.89,1317.89,553.72,2.204,9.188
2026-04-03T15:02:53.704Z,142.843,pi:0,sports ball,0.5385,846.06,388.37,1018.31,564.70,2.335,-0.565
2026-04-03T15:02:53.745Z,142.883,pi:0,sports ball,0.8058,1147.63,366.91,1317.79,553.75,2.204,9.171
2026-04-03T15:02:53.745Z,142.883,pi:0,sports ball,0.5008,844.62,389.18,1019.13,564.79,2.344,-0.575
2026-04-03T15:02:53.797Z,142.936,pi:0,sports ball,0.8209,1147.66,367.25,1317.67,553.71,2.208,9.170
2026-04-03T15:02:53.797Z,142.936,pi:0,sports ball,0.5611,845.57,389.22,1019.11,564.79,2.345,-0.560
2026-04-03T15:02:53.855Z,142.993,pi:0,sports ball,0.7983,1145.36,367.65,1318.59,549.13,2.269,9.148
2026-04-03T15:02:53.855Z,142.993,pi:0,sports ball,0.4519,845.50,388.31,1015.80,564.50,2.337,-0.615
2026-04-03T15:02:53.912Z,143.050,pi:0,sports ball,0.8096,1147.60,366.88,1317.45,553.76,2.203,9.166
2026-04-03T15:02:53.912Z,143.050,pi:0,sports ball,0.5686,844.46,388.37,1017.44,565.30,2.327,-0.605
2026-04-03T15:02:53.955Z,143.094,pi:0,sports ball,0.7607,1148.44,366.48,1317.73,553.07,2.207,9.183
2026-04-03T15:02:53.955Z,143.094,pi:0,sports ball,0.4933,845.03,388.32,1017.40,565.12,2.329,-0.597
2026-04-03T15:02:54.021Z,143.159,pi:0,sports ball,0.8284,1146.82,367.31,1317.50,553.73,2.208,9.154
2026-04-03T15:02:54.021Z,143.159,pi:0,sports ball,0.5724,845.21,388.38,1017.46,564.64,2.336,-0.593
2026-04-03T15:02:54.063Z,143.201,pi:0,sports ball,0.7757,1148.51,366.94,1317.73,553.06,2.212,9.185
2026-04-03T15:02:54.063Z,143.201,pi:0,sports ball,0.4669,844.86,389.18,1019.19,565.05,2.341,-0.570
2026-04-03T15:02:54.115Z,143.253,pi:0,sports ball,0.8247,1148.65,366.87,1317.51,553.76,2.203,9.183
2026-04-03T15:02:54.115Z,143.253,pi:0,sports ball,0.5799,845.21,388.39,1019.10,565.29,2.327,-0.566
2026-04-03T15:02:54.153Z,143.291,pi:0,sports ball,0.8247,1147.71,367.27,1317.68,553.05,2.216,9.171
2026-04-03T15:02:54.153Z,143.291,pi:0,sports ball,0.5385,844.32,388.33,1018.30,564.85,2.332,-0.594
2026-04-03T15:02:54.223Z,143.362,pi:0,sports ball,0.7945,1148.45,366.87,1317.15,553.09,2.211,9.174
2026-04-03T15:02:54.223Z,143.362,pi:0,sports ball,0.5272,845.58,388.37,1019.85,564.96,2.332,-0.548
2026-04-03T15:02:54.264Z,143.403,pi:0,sports ball,0.7870,1148.64,366.89,1317.50,553.08,2.211,9.183
2026-04-03T15:02:54.264Z,143.403,pi:0,sports ball,0.6138,845.20,388.39,1018.28,565.20,2.329,-0.580
2026-04-03T15:02:54.299Z,143.438,pi:0,sports ball,0.7531,1148.50,367.62,1317.51,553.77,2.212,9.181
2026-04-03T15:02:54.299Z,143.438,pi:0,sports ball,0.4029,844.87,389.19,1016.65,564.84,2.344,-0.611
2026-04-03T15:02:54.345Z,143.483,pi:0,sports ball,0.7795,1147.67,366.89,1317.41,553.04,2.212,9.166
2026-04-03T15:02:54.345Z,143.483,pi:0,sports ball,0.5837,844.22,388.37,1018.31,565.12,2.329,-0.595
2026-04-03T15:02:54.412Z,143.550,pi:0,sports ball,0.7983,1147.72,367.23,1317.73,553.05,2.216,9.172
2026-04-03T15:02:54.412Z,143.550,pi:0,sports ball,0.5611,845.56,388.38,1017.41,565.02,2.331,-0.588
2026-04-03T15:02:54.460Z,143.599,pi:0,sports ball,0.7908,1148.54,366.86,1317.78,553.73,2.203,9.186
2026-04-03T15:02:54.460Z,143.599,pi:0,sports ball,0.6176,845.33,388.37,1017.47,565.04,2.330,-0.591
2026-04-03T15:02:54.513Z,143.651,pi:0,sports ball,0.8247,1148.52,366.85,1317.74,553.73,2.203,9.185
2026-04-03T15:02:54.513Z,143.651,pi:0,sports ball,0.5498,844.61,389.19,1018.32,565.06,2.341,-0.588
2026-04-03T15:02:54.557Z,143.695,pi:0,sports ball,0.8209,1147.72,367.31,1317.37,553.71,2.209,9.166
2026-04-03T15:02:54.557Z,143.695,pi:0,sports ball,0.5573,845.04,388.34,1019.82,565.29,2.327,-0.557
2026-04-03T15:02:54.602Z,143.740,pi:0,sports ball,0.7833,1148.51,366.52,1317.39,553.74,2.199,9.179
2026-04-03T15:02:54.602Z,143.740,pi:0,sports ball,0.5272,845.20,388.35,1019.82,565.04,2.330,-0.554
2026-04-03T15:02:54.647Z,143.785,pi:0,sports ball,0.8171,1147.61,366.94,1317.68,553.74,2.204,9.169
2026-04-03T15:02:54.647Z,143.785,pi:0,sports ball,0.5084,845.11,389.17,1019.18,565.03,2.341,-0.566
2026-04-03T15:02:54.689Z,143.827,pi:0,sports ball,0.7833,1148.42,367.28,1317.20,553.75,2.208,9.175
2026-04-03T15:02:54.689Z,143.827,pi:0,sports ball,0.5912,845.78,389.24,1020.61,564.89,2.344,-0.532
2026-04-03T15:02:54.745Z,143.884,pi:0,sports ball,0.7795,1146.33,368.59,1317.78,552.90,2.234,9.151
2026-04-03T15:02:54.745Z,143.884,pi:0,sports ball,0.5159,844.64,388.34,1019.86,564.96,2.331,-0.563
2026-04-03T15:02:54.777Z,143.915,pi:0,sports ball,0.7908,1147.55,366.89,1317.40,553.09,2.211,9.164
2026-04-03T15:02:54.777Z,143.915,pi:0,sports ball,0.5799,844.61,388.39,1019.05,564.71,2.335,-0.577
2026-04-03T15:02:54.826Z,143.965,pi:0,sports ball,0.8134,1149.47,366.50,1317.46,553.71,2.199,9.195
2026-04-03T15:02:54.826Z,143.965,pi:0,sports ball,0.5987,844.85,389.19,1019.11,565.29,2.338,-0.572
2026-04-03T15:02:54.875Z,144.013,pi:0,sports ball,0.8021,1148.56,366.96,1317.41,553.74,2.204,9.180
2026-04-03T15:02:54.875Z,144.013,pi:0,sports ball,0.5084,845.58,388.35,1018.31,564.61,2.336,-0.573
2026-04-03T15:02:54.910Z,144.049,pi:0,sports ball,0.7795,1148.51,367.33,1317.51,553.72,2.209,9.181
2026-04-03T15:02:54.910Z,144.049,pi:0,sports ball,0.5573,844.93,389.23,1019.85,565.04,2.342,-0.558
2026-04-03T15:02:54.955Z,144.094,pi:0,sports ball,0.8284,1148.50,366.84,1317.89,553.06,2.211,9.187
2026-04-03T15:02:54.955Z,144.094,pi:0,sports ball,0.4745,844.95,389.19,1018.34,565.22,2.339,-0.583
2026-04-03T15:02:54.998Z,144.136,pi:0,sports ball,0.8209,1146.77,366.92,1317.45,553.75,2.204,9.152
2026-04-03T15:02:54.998Z,144.136,pi:0,sports ball,0.5347,844.43,388.33,1016.59,564.80,2.333,-0.620
2026-04-03T15:02:55.040Z,144.179,pi:0,sports ball,0.7908,1148.57,366.84,1317.51,553.71,2.203,9.182
2026-04-03T15:02:55.040Z,144.179,pi:0,sports ball,0.5272,845.21,388.35,1019.05,565.04,2.330,-0.567
2026-04-03T15:02:55.092Z,144.230,pi:0,sports ball,0.8021,1147.61,366.90,1317.52,553.74,2.204,9.167
2026-04-03T15:02:55.092Z,144.230,pi:0,sports ball,0.4858,845.04,388.29,1019.13,565.22,2.327,-0.568
2026-04-03T15:02:55.161Z,144.299,pi:0,sports ball,0.8284,1147.72,366.89,1317.58,553.74,2.203,9.169
2026-04-03T15:02:55.161Z,144.299,pi:0,sports ball,0.5837,845.74,388.36,1016.61,564.74,2.334,-0.598
2026-04-03T15:02:55.201Z,144.339,pi:0,sports ball,0.7757,1149.37,367.25,1317.95,553.73,2.208,9.202
2026-04-03T15:02:55.201Z,144.339,pi:0,sports ball,0.4594,845.13,389.16,1018.37,565.14,2.340,-0.579
2026-04-03T15:02:55.229Z,144.367,pi:0,sports ball,0.7607,1148.66,367.66,1317.73,553.07,2.221,9.187
2026-04-03T15:02:55.229Z,144.367,pi:0,sports ball,0.5159,845.21,388.31,1018.31,564.87,2.332,-0.579
2026-04-03T15:02:55.254Z,144.392,pi:0,sports ball,0.8134,1147.63,367.26,1317.36,553.72,2.208,9.164
2026-04-03T15:02:55.254Z,144.392,pi:0,sports ball,0.5084,846.56,388.27,1013.92,564.54,2.336,-0.628
2026-04-03T15:02:55.319Z,144.457,pi:0,sports ball,0.8284,1147.65,367.22,1317.80,553.07,2.215,9.172
2026-04-03T15:02:55.319Z,144.457,pi:0,sports ball,0.5460,845.48,389.22,1019.87,565.21,2.339,-0.549
2026-04-03T15:02:55.384Z,144.522,pi:0,sports ball,0.7607,1149.37,366.05,1317.68,553.71,2.194,9.197
2026-04-03T15:02:55.384Z,144.522,pi:0,sports ball,0.4481,845.98,388.28,1016.67,565.12,2.328,-0.593
2026-04-03T15:02:55.413Z,144.552,pi:0,sports ball,0.8322,1144.50,367.32,1318.57,549.13,2.265,9.134
2026-04-03T15:02:55.413Z,144.552,pi:0,sports ball,0.5761,845.10,388.39,1019.88,564.66,2.336,-0.555
2026-04-03T15:02:55.450Z,144.588,pi:0,sports ball,0.7381,1148.56,367.26,1317.50,553.72,2.208,9.182
2026-04-03T15:02:55.450Z,144.588,pi:0,sports ball,0.4820,844.54,389.19,1019.92,565.21,2.339,-0.564
2026-04-03T15:02:55.515Z,144.654,pi:0,sports ball,0.7456,1147.70,366.98,1317.45,553.03,2.213,9.167
2026-04-03T15:02:55.515Z,144.654,pi:0,sports ball,0.4218,844.48,389.14,1019.15,564.78,2.344,-0.577
2026-04-03T15:02:55.577Z,144.716,pi:0,sports ball,0.7569,1147.72,366.86,1317.78,553.74,2.203,9.173
2026-04-03T15:02:55.577Z,144.716,pi:0,sports ball,0.4142,844.76,389.12,1016.64,564.95,2.342,-0.613
2026-04-03T15:02:55.606Z,144.744,pi:0,sports ball,0.7720,1147.68,366.87,1317.72,553.73,2.203,9.171
2026-04-03T15:02:55.606Z,144.744,pi:0,sports ball,0.5686,844.32,388.33,1019.17,564.77,2.334,-0.579
2026-04-03T15:02:55.666Z,144.805,pi:0,sports ball,0.8058,1146.79,366.48,1317.58,553.06,2.207,9.155
2026-04-03T15:02:55.666Z,144.805,pi:0,sports ball,0.4519,845.40,388.30,1017.50,564.66,2.335,-0.589
2026-04-03T15:02:55.708Z,144.846,pi:0,sports ball,0.7720,1147.64,367.28,1318.00,553.75,2.208,9.175
2026-04-03T15:02:55.708Z,144.846,pi:0,sports ball,0.4330,844.85,388.31,1019.90,565.05,2.330,-0.559
2026-04-03T15:02:55.752Z,144.891,pi:0,sports ball,0.7833,1147.64,367.25,1317.73,552.38,2.224,9.171
2026-04-03T15:02:55.752Z,144.891,pi:0,sports ball,0.5310,845.03,389.14,1018.35,565.31,2.337,-0.581
2026-04-03T15:02:55.795Z,144.934,pi:0,sports ball,0.7795,1144.51,367.64,1318.41,549.92,2.259,9.132
2026-04-03T15:02:55.795Z,144.934,pi:0,sports ball,0.5799,844.71,389.24,1019.79,565.35,2.338,-0.563
2026-04-03T15:02:55.836Z,144.974,pi:0,sports ball,0.7908,1146.77,367.31,1317.79,553.03,2.217,9.158
2026-04-03T15:02:55.836Z,144.974,pi:0,sports ball,0.5498,845.97,388.32,1019.86,565.57,2.323,-0.541
2026-04-03T15:02:55.898Z,145.037,pi:0,sports ball,0.8397,1147.77,366.48,1317.20,553.07,2.206,9.164
2026-04-03T15:02:55.898Z,145.037,pi:0,sports ball,0.5573,846.21,388.39,1017.43,565.04,2.331,-0.577
2026-04-03T15:02:55.971Z,145.109,pi:0,sports ball,0.7983,1147.64,366.89,1317.68,553.05,2.212,9.170
2026-04-03T15:02:55.971Z,145.109,pi:0,sports ball,0.5535,845.14,387.51,1018.31,565.12,2.318,-0.580
2026-04-03T15:02:56.006Z,145.144,pi:0,sports ball,0.8247,1147.70,366.91,1317.36,553.07,2.212,9.166
2026-04-03T15:02:56.006Z,145.144,pi:0,sports ball,0.4632,844.02,388.29,1017.49,565.60,2.322,-0.612
2026-04-03T15:02:56.041Z,145.179,pi:0,sports ball,0.7607,1147.66,367.33,1317.51,553.04,2.217,9.167
2026-04-03T15:02:56.041Z,145.179,pi:0,sports ball,0.5046,844.71,389.23,1019.15,565.49,2.336,-0.573
2026-04-03T15:02:56.084Z,145.222,pi:0,sports ball,0.7682,1148.45,367.67,1317.67,553.06,2.221,9.183
2026-04-03T15:02:56.084Z,145.222,pi:0,sports ball,0.5197,845.48,388.34,1018.41,565.04,2.330,-0.573
2026-04-03T15:02:56.136Z,145.274,pi:0,sports ball,0.7531,1147.61,367.31,1317.56,554.38,2.201,9.167
2026-04-03T15:02:56.136Z,145.274,pi:0,sports ball,0.5046,844.53,389.22,1017.52,565.29,2.338,-0.603
2026-04-03T15:02:56.180Z,145.318,pi:0,sports ball,0.7644,1148.61,366.88,1317.51,553.73,2.204,9.183
2026-04-03T15:02:56.180Z,145.318,pi:0,sports ball,0.5121,844.32,389.21,1015.81,565.38,2.337,-0.634
2026-04-03T15:02:56.251Z,145.389,pi:0,sports ball,0.7117,1147.23,368.06,1317.41,552.33,2.234,9.159
2026-04-03T15:02:56.251Z,145.389,pi:0,sports ball,0.3916,845.89,388.25,1019.12,565.24,2.326,-0.555
2026-04-03T15:02:56.292Z,145.430,pi:0,sports ball,0.7682,1148.62,366.88,1317.51,553.74,2.203,9.183
2026-04-03T15:02:56.292Z,145.430,pi:0,sports ball,0.4895,844.71,389.19,1017.50,565.37,2.337,-0.600
2026-04-03T15:02:56.333Z,145.472,pi:0,sports ball,0.7795,1150.25,366.89,1317.68,553.09,2.211,9.211
2026-04-03T15:02:56.333Z,145.472,pi:0,sports ball,0.5046,844.62,389.22,1017.45,565.22,2.339,-0.602
2026-04-03T15:02:56.376Z,145.515,pi:0,sports ball,0.7795,1147.64,367.23,1317.41,553.74,2.208,9.166
2026-04-03T15:02:56.376Z,145.515,pi:0,sports ball,0.4519,845.14,388.29,1019.12,565.48,2.324,-0.567
2026-04-03T15:02:56.419Z,145.557,pi:0,sports ball,0.8284,1148.69,366.86,1317.68,553.74,2.203,9.187
2026-04-03T15:02:56.419Z,145.557,pi:0,sports ball,0.5874,844.71,388.37,1017.44,564.96,2.331,-0.601
2026-04-03T15:02:56.462Z,145.600,pi:0,sports ball,0.8171,1146.79,366.54,1317.51,553.74,2.199,9.154
2026-04-03T15:02:56.462Z,145.600,pi:0,sports ball,0.5498,844.32,389.18,1016.63,565.55,2.334,-0.621
2026-04-03T15:02:56.501Z,145.640,pi:0,sports ball,0.8397,1144.51,367.33,1318.59,549.14,2.265,9.134
2026-04-03T15:02:56.501Z,145.640,pi:0,sports ball,0.4895,844.80,389.19,1017.48,564.90,2.343,-0.599
2026-04-03T15:02:56.548Z,145.686,pi:0,sports ball,0.8134,1144.52,367.65,1318.06,549.13,2.269,9.126
2026-04-03T15:02:56.548Z,145.686,pi:0,sports ball,0.5874,846.26,387.54,1017.52,565.04,2.319,-0.574
2026-04-03T15:02:56.612Z,145.751,pi:0,sports ball,0.8134,1146.74,366.89,1317.51,553.75,2.203,9.153
2026-04-03T15:02:56.612Z,145.751,pi:0,sports ball,0.5498,845.29,388.36,1016.61,565.12,2.329,-0.605
2026-04-03T15:02:56.653Z,145.792,pi:0,sports ball,0.8322,1144.52,367.65,1318.06,549.14,2.269,9.126
2026-04-03T15:02:56.653Z,145.792,pi:0,sports ball,0.5874,844.54,389.28,1016.56,565.22,2.340,-0.618
2026-04-03T15:02:56.696Z,145.834,pi:0,sports ball,0.7644,1148.52,367.23,1317.62,553.76,2.207,9.183
2026-04-03T15:02:56.696Z,145.834,pi:0,sports ball,0.3916,844.86,388.30,1018.42,565.05,2.329,-0.583
2026-04-03T15:02:56.736Z,145.875,pi:0,sports ball,0.7870,1147.24,367.72,1317.09,552.92,2.223,9.154
2026-04-03T15:02:56.736Z,145.875,pi:0,sports ball,0.5084,844.13,388.29,1017.53,565.32,2.326,-0.609
2026-04-03T15:02:56.780Z,145.919,pi:0,sports ball,0.7757,1148.37,366.50,1317.35,554.36,2.192,9.176
2026-04-03T15:02:56.780Z,145.919,pi:0,sports ball,0.4858,844.94,387.45,1020.59,565.05,2.318,-0.546
2026-04-03T15:02:56.854Z,145.992,pi:0,sports ball,0.7908,1148.57,366.90,1317.79,553.75,2.204,9.186
2026-04-03T15:02:56.854Z,145.992,pi:0,sports ball,0.4406,845.51,389.19,1016.66,564.62,2.347,-0.601
2026-04-03T15:02:56.893Z,146.031,pi:0,sports ball,0.8058,1147.66,366.87,1317.45,553.74,2.203,9.166
2026-04-03T15:02:56.893Z,146.031,pi:0,sports ball,0.5423,845.03,387.51,1019.10,564.81,2.322,-0.569
2026-04-03T15:02:56.932Z,146.070,pi:0,sports ball,0.8058,1148.38,367.28,1317.73,554.37,2.201,9.182
2026-04-03T15:02:56.932Z,146.070,pi:0,sports ball,0.4293,844.98,389.16,1015.83,564.95,2.342,-0.623
2026-04-03T15:02:56.984Z,146.122,pi:0,sports ball,0.7908,1149.29,366.46,1317.79,553.74,2.199,9.198
2026-04-03T15:02:56.984Z,146.122,pi:0,sports ball,0.5912,844.01,389.23,1018.25,565.13,2.341,-0.599
2026-04-03T15:02:57.016Z,146.155,pi:0,sports ball,0.8284,1149.58,366.88,1317.45,553.74,2.203,9.197
2026-04-03T15:02:57.016Z,146.155,pi:0,sports ball,0.5837,844.93,388.37,1017.40,564.76,2.334,-0.598
2026-04-03T15:02:57.063Z,146.202,pi:0,sports ball,0.8209,1149.53,366.87,1317.73,553.75,2.203,9.201
2026-04-03T15:02:57.063Z,146.202,pi:0,sports ball,0.4895,844.70,389.17,1017.52,565.38,2.337,-0.600
2026-04-03T15:02:57.102Z,146.240,pi:0,sports ball,0.8284,1148.66,366.47,1317.80,553.71,2.199,9.188
2026-04-03T15:02:57.102Z,146.240,pi:0,sports ball,0.4971,844.23,389.19,1016.63,565.60,2.334,-0.622
2026-04-03T15:02:57.142Z,146.281,pi:0,sports ball,0.8247,1148.59,367.21,1317.56,553.08,2.215,9.183
2026-04-03T15:02:57.142Z,146.281,pi:0,sports ball,0.6251,846.11,387.54,1015.69,564.70,2.324,-0.607
2026-04-03T15:02:57.193Z,146.331,pi:0,sports ball,0.7682,1148.42,366.88,1317.45,553.73,2.203,9.179
2026-04-03T15:02:57.193Z,146.331,pi:0,sports ball,0.5535,845.12,387.51,1016.61,564.61,2.325,-0.608
2026-04-03T15:02:57.234Z,146.372,pi:0,sports ball,0.8096,1149.48,367.95,1317.79,553.77,2.216,9.201
2026-04-03T15:02:57.234Z,146.372,pi:0,sports ball,0.4820,845.14,389.17,1015.76,564.39,2.350,-0.622
2026-04-03T15:02:57.279Z,146.417,pi:0,sports ball,0.7945,1148.55,366.86,1317.73,553.09,2.211,9.185
2026-04-03T15:02:57.279Z,146.417,pi:0,sports ball,0.5573,844.95,389.19,1018.31,564.96,2.342,-0.583
2026-04-03T15:02:57.323Z,146.462,pi:0,sports ball,0.8171,1148.65,367.30,1317.57,553.06,2.216,9.184
2026-04-03T15:02:57.323Z,146.462,pi:0,sports ball,0.6176,844.60,388.40,1019.02,565.05,2.331,-0.577
2026-04-03T15:02:57.368Z,146.507,pi:0,sports ball,0.8134,1149.57,367.26,1317.73,553.73,2.208,9.201
2026-04-03T15:02:57.368Z,146.507,pi:0,sports ball,0.5385,845.15,389.26,1017.48,564.77,2.346,-0.593
2026-04-03T15:02:57.416Z,146.555,pi:0,sports ball,0.8021,1147.72,367.30,1317.56,553.75,2.208,9.169
2026-04-03T15:02:57.416Z,146.555,pi:0,sports ball,0.4971,844.87,389.19,1019.06,565.51,2.335,-0.572
2026-04-03T15:02:57.464Z,146.602,pi:0,sports ball,0.8284,1148.55,367.66,1318.14,553.06,2.221,9.192
2026-04-03T15:02:57.464Z,146.602,pi:0,sports ball,0.4556,844.71,388.29,1019.18,564.76,2.333,-0.573
2026-04-03T15:02:57.502Z,146.640,pi:0,sports ball,0.7870,1147.59,366.46,1317.80,553.75,2.198,9.171
2026-04-03T15:02:57.502Z,146.640,pi:0,sports ball,0.4745,845.23,389.19,1018.30,565.14,2.340,-0.579
2026-04-03T15:02:57.535Z,146.673,pi:0,sports ball,0.7757,1147.71,366.89,1317.57,553.74,2.203,9.169
2026-04-03T15:02:57.535Z,146.673,pi:0,sports ball,0.5197,845.78,389.19,1015.76,565.33,2.337,-0.611
2026-04-03T15:02:57.582Z,146.721,pi:0,sports ball,0.8360,1146.82,366.86,1317.73,553.73,2.203,9.158
2026-04-03T15:02:57.582Z,146.721,pi:0,sports ball,0.5046,843.87,388.31,1019.86,564.94,2.331,-0.575
2026-04-03T15:02:57.629Z,146.768,pi:0,sports ball,0.8058,1147.64,367.24,1317.67,553.10,2.215,9.170
2026-04-03T15:02:57.629Z,146.768,pi:0,sports ball,0.5799,845.12,387.53,1019.11,565.05,2.319,-0.567
2026-04-03T15:02:57.671Z,146.809,pi:0,sports ball,0.8134,1147.73,366.51,1317.80,553.04,2.207,9.173
2026-04-03T15:02:57.671Z,146.809,pi:0,sports ball,0.4895,844.13,389.19,1017.51,564.86,2.344,-0.609
2026-04-03T15:02:57.713Z,146.852,pi:0,sports ball,0.8397,1147.74,366.84,1317.86,553.71,2.203,9.174
2026-04-03T15:02:57.713Z,146.852,pi:0,sports ball,0.5272,844.93,389.21,1019.08,565.06,2.341,-0.571
2026-04-03T15:02:57.757Z,146.896,pi:0,sports ball,0.8096,1149.49,367.22,1317.68,553.08,2.215,9.199
2026-04-03T15:02:57.757Z,146.896,pi:0,sports ball,0.5046,844.71,390.09,1019.86,565.13,2.352,-0.562
2026-04-03T15:02:57.817Z,146.956,pi:0,sports ball,0.8134,1146.71,367.24,1317.62,553.75,2.207,9.154
2026-04-03T15:02:57.817Z,146.956,pi:0,sports ball,0.6138,846.05,390.17,1019.80,565.13,2.353,-0.541
2026-04-03T15:02:57.853Z,146.992,pi:0,sports ball,0.8322,1147.60,366.46,1317.73,553.73,2.198,9.170
2026-04-03T15:02:57.853Z,146.992,pi:0,sports ball,0.5347,844.71,388.32,1019.14,565.37,2.325,-0.574
2026-04-03T15:02:57.892Z,147.031,pi:0,sports ball,0.7983,1146.87,367.30,1317.46,553.72,2.209,9.154
2026-04-03T15:02:57.892Z,147.031,pi:0,sports ball,0.6138,844.99,389.28,1017.48,565.21,2.340,-0.596
2026-04-03T15:02:57.949Z,147.087,pi:0,sports ball,0.8548,1144.51,367.33,1318.40,549.12,2.265,9.132
2026-04-03T15:02:57.949Z,147.087,pi:0,sports ball,0.6477,844.84,389.27,1015.69,564.96,2.343,-0.628
2026-04-03T15:02:57.987Z,147.126,pi:0,sports ball,0.8322,1147.78,366.89,1317.16,553.75,2.203,9.164
2026-04-03T15:02:57.987Z,147.126,pi:0,sports ball,0.5874,845.65,389.24,1018.31,564.88,2.344,-0.572
2026-04-03T15:02:58.029Z,147.168,pi:0,sports ball,0.8661,1146.84,367.28,1317.20,554.37,2.201,9.149
2026-04-03T15:02:58.029Z,147.168,pi:0,sports ball,0.6063,845.36,388.37,1018.27,564.89,2.333,-0.577
2026-04-03T15:02:58.068Z,147.207,pi:0,sports ball,0.8096,1146.79,366.88,1317.58,553.08,2.211,9.155
2026-04-03T15:02:58.068Z,147.207,pi:0,sports ball,0.6703,846.32,387.56,1019.80,564.97,2.321,-0.536
2026-04-03T15:02:58.113Z,147.251,pi:0,sports ball,0.8096,1147.57,366.86,1317.46,553.06,2.211,9.165
2026-04-03T15:02:58.113Z,147.251,pi:0,sports ball,0.5987,845.30,389.22,1020.53,565.37,2.337,-0.541
2026-04-03T15:02:58.162Z,147.300,pi:0,sports ball,0.8209,1147.75,366.87,1317.45,553.07,2.211,9.168
2026-04-03T15:02:58.162Z,147.300,pi:0,sports ball,0.5724,844.86,388.34,1019.05,565.11,2.329,-0.572
2026-04-03T15:02:58.217Z,147.356,pi:0,sports ball,0.8284,1147.76,366.86,1317.40,554.38,2.196,9.167
2026-04-03T15:02:58.217Z,147.356,pi:0,sports ball,0.5347,844.31,389.20,1021.26,565.45,2.336,-0.545
2026-04-03T15:02:58.270Z,147.409,pi:0,sports ball,0.8284,1143.67,367.65,1317.84,548.28,2.279,9.109
2026-04-03T15:02:58.270Z,147.409,pi:0,sports ball,0.5799,845.20,389.23,1019.11,564.97,2.343,-0.566
2026-04-03T15:02:58.304Z,147.442,pi:0,sports ball,0.8058,1146.88,367.28,1317.50,553.73,2.208,9.155
2026-04-03T15:02:58.304Z,147.442,pi:0,sports ball,0.5159,844.79,388.33,1017.53,565.30,2.327,-0.598
2026-04-03T15:02:58.332Z,147.471,pi:0,sports ball,0.8021,1148.61,367.26,1317.51,553.76,2.208,9.183
2026-04-03T15:02:58.332Z,147.471,pi:0,sports ball,0.5874,845.19,387.45,1018.29,565.05,2.318,-0.580
2026-04-03T15:02:58.426Z,147.564,pi:0,sports ball,0.8435,1147.80,366.87,1317.51,553.76,2.203,9.170
2026-04-03T15:02:58.426Z,147.564,pi:0,sports ball,0.6590,845.28,388.42,1020.50,564.79,2.334,-0.542
2026-04-03T15:02:58.475Z,147.613,pi:0,sports ball,0.8247,1147.65,366.91,1317.86,553.07,2.212,9.173
2026-04-03T15:02:58.475Z,147.613,pi:0,sports ball,0.5046,844.32,387.51,1019.06,565.04,2.319,-0.581
2026-04-03T15:02:58.516Z,147.654,pi:0,sports ball,0.8435,1146.87,366.45,1317.27,553.78,2.198,9.151
2026-04-03T15:02:58.516Z,147.654,pi:0,sports ball,0.5686,845.15,388.33,1018.29,565.30,2.327,-0.580
2026-04-03T15:02:58.567Z,147.706,pi:0,sports ball,0.8209,1148.63,367.23,1317.73,553.72,2.208,9.186
2026-04-03T15:02:58.567Z,147.706,pi:0,sports ball,0.4406,846.22,386.83,1020.77,564.04,2.323,-0.522
2026-04-03T15:02:58.609Z,147.748,pi:0,sports ball,0.8397,1148.63,367.26,1317.68,553.71,2.208,9.186
2026-04-03T15:02:58.609Z,147.748,pi:0,sports ball,0.5724,845.20,388.36,1019.06,564.92,2.332,-0.567
2026-04-03T15:02:58.653Z,147.791,pi:0,sports ball,0.7983,1149.52,367.24,1317.40,553.07,2.216,9.195
2026-04-03T15:02:58.653Z,147.791,pi:0,sports ball,0.5385,844.82,388.35,1018.38,564.81,2.333,-0.584
2026-04-03T15:02:58.697Z,147.835,pi:0,sports ball,0.8058,1147.68,366.88,1317.16,553.09,2.211,9.162
2026-04-03T15:02:58.697Z,147.835,pi:0,sports ball,0.4669,845.12,388.31,1018.31,564.61,2.335,-0.580
2026-04-03T15:02:58.766Z,147.905,pi:0,sports ball,0.8134,1147.78,366.47,1317.40,553.06,2.207,9.168
2026-04-03T15:02:58.766Z,147.905,pi:0,sports ball,0.4895,843.87,388.31,1015.77,565.03,2.330,-0.642
2026-04-03T15:02:58.807Z,147.946,pi:0,sports ball,0.8021,1147.24,367.40,1317.88,552.91,2.219,9.167
2026-04-03T15:02:58.807Z,147.946,pi:0,sports ball,0.5950,844.31,387.51,1017.40,565.22,2.317,-0.608
2026-04-03T15:02:58.846Z,147.985,pi:0,sports ball,0.8171,1147.75,366.86,1317.68,553.74,2.203,9.172
2026-04-03T15:02:58.846Z,147.985,pi:0,sports ball,0.6025,844.47,388.41,1018.22,565.43,2.326,-0.592
2026-04-03T15:02:58.871Z,148.010,pi:0,sports ball,0.7945,1148.61,367.30,1317.57,553.09,2.216,9.184
2026-04-03T15:02:58.871Z,148.010,pi:0,sports ball,0.5310,845.39,389.18,1019.12,564.96,2.342,-0.563
2026-04-03T15:02:58.929Z,148.067,pi:0,sports ball,0.8171,1144.54,367.95,1318.12,549.11,2.273,9.127
2026-04-03T15:02:58.929Z,148.067,pi:0,sports ball,0.5799,845.00,388.37,1017.48,565.04,2.331,-0.596
2026-04-03T15:02:58.968Z,148.106,pi:0,sports ball,0.8171,1148.62,367.22,1317.68,553.71,2.208,9.185
2026-04-03T15:02:58.968Z,148.106,pi:0,sports ball,0.5648,844.87,387.55,1019.03,565.21,2.317,-0.573
2026-04-03T15:02:59.016Z,148.155,pi:0,sports ball,0.8096,1149.45,367.20,1317.68,553.11,2.215,9.199
2026-04-03T15:02:59.016Z,148.155,pi:0,sports ball,0.6213,845.20,388.37,1019.05,565.21,2.328,-0.567
2026-04-03T15:02:59.087Z,148.225,pi:0,sports ball,0.7833,1148.55,366.87,1317.78,553.72,2.203,9.186
2026-04-03T15:02:59.087Z,148.225,pi:0,sports ball,0.6025,845.03,388.37,1019.83,565.22,2.328,-0.557
2026-04-03T15:02:59.151Z,148.289,pi:0,sports ball,0.7983,1147.60,366.08,1317.69,553.10,2.201,9.169
2026-04-03T15:02:59.151Z,148.289,pi:0,sports ball,0.4820,844.62,389.17,1016.64,564.93,2.342,-0.616
2026-04-03T15:02:59.213Z,148.351,pi:0,sports ball,0.8134,1147.75,367.27,1317.68,553.07,2.216,9.172
2026-04-03T15:02:59.213Z,148.351,pi:0,sports ball,0.6251,845.35,388.38,1018.25,565.12,2.330,-0.577
2026-04-03T15:02:59.238Z,148.376,pi:0,sports ball,0.8021,1148.54,366.88,1317.79,553.06,2.211,9.186
2026-04-03T15:02:59.238Z,148.376,pi:0,sports ball,0.5648,845.63,388.37,1017.40,564.96,2.332,-0.587
2026-04-03T15:02:59.292Z,148.430,pi:0,sports ball,0.8510,1144.52,367.65,1318.26,549.12,2.269,9.129
2026-04-03T15:02:59.292Z,148.430,pi:0,sports ball,0.6515,844.99,388.37,1019.06,565.12,2.329,-0.570
2026-04-03T15:02:59.333Z,148.472,pi:0,sports ball,0.7870,1146.82,366.47,1317.79,553.09,2.206,9.159
2026-04-03T15:02:59.333Z,148.472,pi:0,sports ball,0.6628,845.71,388.40,1018.24,565.81,2.321,-0.572
2026-04-03T15:02:59.375Z,148.513,pi:0,sports ball,0.8322,1147.68,367.24,1317.87,553.73,2.208,9.173
2026-04-03T15:02:59.375Z,148.513,pi:0,sports ball,0.5347,844.71,387.51,1018.29,565.30,2.316,-0.587
2026-04-03T15:02:59.419Z,148.558,pi:0,sports ball,0.8360,1144.52,367.65,1318.52,549.11,2.269,9.134
2026-04-03T15:02:59.419Z,148.558,pi:0,sports ball,0.7042,845.83,387.56,1018.96,564.47,2.327,-0.558
2026-04-03T15:02:59.489Z,148.628,pi:0,sports ball,0.8284,1148.68,366.85,1317.95,553.72,2.203,9.191
2026-04-03T15:02:59.489Z,148.628,pi:0,sports ball,0.6251,845.34,388.41,1019.05,565.04,2.331,-0.565
2026-04-03T15:02:59.523Z,148.662,pi:0,sports ball,0.8284,1146.85,366.83,1317.86,553.09,2.211,9.160
2026-04-03T15:02:59.523Z,148.662,pi:0,sports ball,0.5874,845.20,388.38,1019.79,565.12,2.330,-0.555
2026-04-03T15:02:59.566Z,148.705,pi:0,sports ball,0.8209,1145.36,367.15,1318.20,553.08,2.214,9.142
2026-04-03T15:02:59.566Z,148.705,pi:0,sports ball,0.6138,845.19,387.51,1017.47,564.96,2.320,-0.593
2026-04-03T15:02:59.620Z,148.758,pi:0,sports ball,0.8021,1147.78,366.82,1317.64,553.77,2.202,9.171
2026-04-03T15:02:59.620Z,148.758,pi:0,sports ball,0.5724,844.69,388.37,1019.06,564.80,2.334,-0.575
2026-04-03T15:02:59.667Z,148.806,pi:0,sports ball,0.8209,1144.53,367.33,1318.28,549.12,2.265,9.130
2026-04-03T15:02:59.667Z,148.806,pi:0,sports ball,0.5159,844.74,388.36,1018.35,565.12,2.329,-0.586
2026-04-03T15:02:59.708Z,148.846,pi:0,sports ball,0.8171,1145.43,367.73,1317.76,551.56,2.240,9.136
2026-04-03T15:02:59.708Z,148.846,pi:0,sports ball,0.5648,845.21,388.37,1015.70,564.60,2.336,-0.622
2026-04-03T15:02:59.775Z,148.914,pi:0,sports ball,0.8510,1144.53,367.65,1317.93,549.93,2.259,9.124
2026-04-03T15:02:59.775Z,148.914,pi:0,sports ball,0.5648,845.21,389.26,1017.44,564.70,2.347,-0.593
2026-04-03T15:02:59.836Z,148.975,pi:0,sports ball,0.8134,1146.33,367.39,1318.16,552.29,2.227,9.157
2026-04-03T15:02:59.836Z,148.975,pi:0,sports ball,0.5234,845.80,389.25,1015.65,563.85,2.358,-0.613
2026-04-03T15:02:59.907Z,149.045,pi:0,sports ball,0.8171,1145.40,367.33,1318.26,549.13,2.265,9.143
2026-04-03T15:02:59.907Z,149.045,pi:0,sports ball,0.6063,845.86,387.55,1019.02,565.36,2.315,-0.556
2026-04-03T15:02:59.942Z,149.081,pi:0,sports ball,0.8058,1144.52,367.33,1318.28,550.72,2.245,9.130
2026-04-03T15:02:59.942Z,149.081,pi:0,sports ball,0.5385,845.49,388.37,1015.77,565.06,2.330,-0.616
2026-04-03T15:02:59.973Z,149.111,pi:0,sports ball,0.7870,1145.41,367.32,1317.91,549.11,2.265,9.138
2026-04-03T15:02:59.973Z,149.111,pi:0,sports ball,0.5347,845.36,388.36,1016.57,565.31,2.327,-0.605
2026-04-03T15:03:00.036Z,149.174,pi:0,sports ball,0.8435,1144.51,367.33,1318.33,549.12,2.265,9.130
2026-04-03T15:03:00.036Z,149.174,pi:0,sports ball,0.6515,845.27,388.39,1015.69,565.04,2.331,-0.621
2026-04-03T15:03:00.092Z,149.230,pi:0,sports ball,0.8397,1144.51,367.96,1318.20,549.91,2.263,9.128
2026-04-03T15:03:00.092Z,149.230,pi:0,sports ball,0.6025,845.35,388.37,1014.81,564.60,2.336,-0.634
2026-04-03T15:03:00.148Z,149.286,pi:0,sports ball,0.8397,1144.52,367.33,1318.06,549.13,2.265,9.126
2026-04-03T15:03:00.148Z,149.286,pi:0,sports ball,0.6326,845.40,389.26,1015.72,565.13,2.341,-0.618
2026-04-03T15:03:00.195Z,149.333,pi:0,sports ball,0.8360,1144.52,367.33,1318.59,548.31,2.275,9.135
2026-04-03T15:03:00.195Z,149.333,pi:0,sports ball,0.5912,845.04,388.33,1016.61,564.80,2.333,-0.609
2026-04-03T15:03:00.254Z,149.393,pi:0,sports ball,0.8247,1144.52,367.65,1318.06,549.94,2.259,9.126
2026-04-03T15:03:00.254Z,149.393,pi:0,sports ball,0.5535,844.80,388.40,1013.91,565.14,2.330,-0.657
2026-04-03T15:03:00.326Z,149.465,pi:0,sports ball,0.8247,1145.40,367.33,1318.39,549.10,2.265,9.146
2026-04-03T15:03:00.326Z,149.465,pi:0,sports ball,0.5799,845.73,387.52,1019.09,564.93,2.321,-0.558
2026-04-03T15:03:00.357Z,149.495,pi:0,sports ball,0.8096,1144.52,367.65,1318.06,549.12,2.269,9.126
2026-04-03T15:03:00.357Z,149.495,pi:0,sports ball,0.5310,845.20,388.32,1014.86,565.22,2.327,-0.635
2026-04-03T15:03:00.395Z,149.534,pi:0,sports ball,0.8360,1145.39,367.33,1318.20,549.93,2.255,9.142
2026-04-03T15:03:00.395Z,149.534,pi:0,sports ball,0.6251,845.84,388.41,1013.88,565.31,2.327,-0.641
2026-04-03T15:03:00.435Z,149.574,pi:0,sports ball,0.8058,1145.96,367.17,1317.00,553.07,2.215,9.132
2026-04-03T15:03:00.435Z,149.574,pi:0,sports ball,0.5272,844.40,389.19,1014.84,565.14,2.340,-0.649
2026-04-03T15:03:00.478Z,149.616,pi:0,sports ball,0.8322,1146.34,367.71,1317.25,552.90,2.223,9.142
2026-04-03T15:03:00.478Z,149.616,pi:0,sports ball,0.6025,845.73,388.37,1017.48,564.80,2.334,-0.584
2026-04-03T15:03:00.518Z,149.657,pi:0,sports ball,0.8397,1146.00,367.16,1316.71,553.71,2.207,9.128
2026-04-03T15:03:00.518Z,149.657,pi:0,sports ball,0.4858,844.47,389.22,1016.63,564.87,2.344,-0.618
2026-04-03T15:03:00.561Z,149.700,pi:0,sports ball,0.8397,1145.09,366.77,1317.36,553.71,2.202,9.124
2026-04-03T15:03:00.561Z,149.700,pi:0,sports ball,0.5008,844.38,388.37,1013.96,563.96,2.345,-0.663
2026-04-03T15:03:00.611Z,149.749,pi:0,sports ball,0.8284,1144.51,367.33,1318.06,549.14,2.265,9.126
2026-04-03T15:03:00.611Z,149.749,pi:0,sports ball,0.6552,844.65,388.41,1017.43,564.65,2.336,-0.602
2026-04-03T15:03:00.649Z,149.788,pi:0,sports ball,0.8134,1146.34,368.02,1317.29,552.21,2.235,9.143
2026-04-03T15:03:00.649Z,149.788,pi:0,sports ball,0.5611,844.53,387.51,1018.26,565.13,2.318,-0.591
2026-04-03T15:03:00.700Z,149.839,pi:0,sports ball,0.8171,1145.37,367.17,1317.11,551.62,2.232,9.125
2026-04-03T15:03:00.700Z,149.839,pi:0,sports ball,0.6176,844.93,388.40,1019.06,564.96,2.332,-0.571
2026-04-03T15:03:00.745Z,149.883,pi:0,sports ball,0.8209,1144.51,367.65,1318.40,549.14,2.269,9.132
2026-04-03T15:03:00.745Z,149.883,pi:0,sports ball,0.6176,844.61,388.41,1018.21,564.55,2.337,-0.590
2026-04-03T15:03:00.784Z,149.923,pi:0,sports ball,0.8623,1144.51,367.33,1318.40,549.12,2.265,9.131
2026-04-03T15:03:00.784Z,149.923,pi:0,sports ball,0.4820,843.94,387.52,1017.43,564.61,2.325,-0.614
2026-04-03T15:03:00.825Z,149.964,pi:0,sports ball,0.8397,1145.39,367.96,1318.13,549.14,2.272,9.141
2026-04-03T15:03:00.825Z,149.964,pi:0,sports ball,0.5837,844.99,388.42,1018.25,564.82,2.334,-0.583
2026-04-03T15:03:00.868Z,150.007,pi:0,sports ball,0.8510,1145.01,367.16,1317.53,554.38,2.199,9.125
2026-04-03T15:03:00.868Z,150.007,pi:0,sports ball,0.4820,844.85,388.31,1017.52,564.77,2.333,-0.598
2026-04-03T15:03:00.920Z,150.058,pi:0,sports ball,0.8435,1144.50,367.33,1317.84,549.12,2.265,9.122
2026-04-03T15:03:00.920Z,150.058,pi:0,sports ball,0.5234,845.21,387.56,1019.06,565.14,2.319,-0.567
2026-04-03T15:03:00.976Z,150.115,pi:0,sports ball,0.8623,1144.51,366.98,1318.33,549.94,2.250,9.130
2026-04-03T15:03:00.976Z,150.115,pi:0,sports ball,0.5535,845.28,387.53,1017.44,565.22,2.317,-0.592
2026-04-03T15:03:01.028Z,150.166,pi:0,sports ball,0.8360,1145.12,367.19,1316.85,553.71,2.207,9.117
2026-04-03T15:03:01.028Z,150.166,pi:0,sports ball,0.4858,845.96,389.20,1016.59,564.97,2.342,-0.595
2026-04-03T15:03:01.063Z,150.202,pi:0,sports ball,0.8322,1144.52,367.33,1317.72,549.94,2.255,9.121
2026-04-03T15:03:01.063Z,150.202,pi:0,sports ball,0.5686,845.28,388.37,1016.53,565.04,2.330,-0.607
2026-04-03T15:03:01.096Z,150.234,pi:0,sports ball,0.8510,1144.52,367.33,1318.33,549.13,2.265,9.131
2026-04-03T15:03:01.096Z,150.234,pi:0,sports ball,0.5686,845.14,389.23,1015.70,564.71,2.346,-0.623
2026-04-03T15:03:01.138Z,150.277,pi:0,sports ball,0.8134,1146.88,366.79,1316.78,553.05,2.211,9.143
2026-04-03T15:03:01.138Z,150.277,pi:0,sports ball,0.4820,844.63,389.19,1019.12,564.72,2.346,-0.575
2026-04-03T15:03:01.184Z,150.322,pi:0,sports ball,0.8360,1145.99,367.51,1316.94,554.34,2.204,9.132
2026-04-03T15:03:01.184Z,150.322,pi:0,sports ball,0.5573,845.43,387.55,1017.39,565.04,2.320,-0.590
2026-04-03T15:03:01.220Z,150.359,pi:0,sports ball,0.8284,1145.08,366.79,1317.09,553.74,2.202,9.120
2026-04-03T15:03:01.220Z,150.359,pi:0,sports ball,0.6213,845.21,389.25,1016.57,564.71,2.347,-0.607
2026-04-03T15:03:01.271Z,150.409,pi:0,sports ball,0.8548,1145.39,367.33,1318.06,549.11,2.265,9.140
2026-04-03T15:03:01.271Z,150.409,pi:0,sports ball,0.6439,845.56,389.40,1017.50,563.80,2.361,-0.586
2026-04-03T15:03:01.315Z,150.454,pi:0,sports ball,0.8397,1144.52,367.66,1318.40,549.93,2.259,9.132
2026-04-03T15:03:01.315Z,150.454,pi:0,sports ball,0.6703,846.34,388.43,1016.58,565.04,2.331,-0.589
2026-04-03T15:03:01.349Z,150.487,pi:0,sports ball,0.8435,1145.35,366.38,1318.08,552.36,2.214,9.140
2026-04-03T15:03:01.349Z,150.487,pi:0,sports ball,0.6966,845.79,388.40,1013.90,565.12,2.330,-0.641
2026-04-03T15:03:01.397Z,150.536,pi:0,sports ball,0.8510,1145.94,366.40,1317.00,553.69,2.198,9.132
2026-04-03T15:03:01.397Z,150.536,pi:0,sports ball,0.6515,844.93,389.27,1018.22,565.37,2.338,-0.585
2026-04-03T15:03:01.445Z,150.584,pi:0,sports ball,0.8284,1145.12,366.40,1316.99,553.68,2.198,9.119
2026-04-03T15:03:01.445Z,150.584,pi:0,sports ball,0.5197,845.15,388.34,1015.72,564.97,2.331,-0.622
2026-04-03T15:03:01.479Z,150.618,pi:0,sports ball,0.8021,1145.34,367.20,1318.00,551.67,2.232,9.138
2026-04-03T15:03:01.479Z,150.618,pi:0,sports ball,0.6063,844.93,388.37,1015.75,565.29,2.327,-0.625
2026-04-03T15:03:01.530Z,150.669,pi:0,sports ball,0.8510,1145.39,367.65,1318.20,549.93,2.259,9.142
2026-04-03T15:03:01.530Z,150.669,pi:0,sports ball,0.6176,846.20,389.28,1016.62,564.96,2.344,-0.590
2026-04-03T15:03:01.574Z,150.713,pi:0,sports ball,0.8586,1145.39,367.33,1318.51,549.11,2.265,9.147
2026-04-03T15:03:01.574Z,150.713,pi:0,sports ball,0.5987,845.81,388.37,1019.06,565.36,2.326,-0.557
2026-04-03T15:03:01.617Z,150.755,pi:0,sports ball,0.8435,1145.40,367.33,1318.51,549.94,2.255,9.147
2026-04-03T15:03:01.617Z,150.755,pi:0,sports ball,0.6364,844.86,387.55,1018.25,565.13,2.318,-0.586
2026-04-03T15:03:01.682Z,150.821,pi:0,sports ball,0.8699,1144.52,367.65,1318.51,549.13,2.269,9.133
2026-04-03T15:03:01.682Z,150.821,pi:0,sports ball,0.4895,846.04,389.19,1019.90,564.90,2.343,-0.539
2026-04-03T15:03:01.731Z,150.870,pi:0,sports ball,0.8548,1145.92,367.15,1316.99,553.69,2.207,9.132
2026-04-03T15:03:01.731Z,150.870,pi:0,sports ball,0.5385,845.30,388.31,1017.48,565.05,2.330,-0.591
2026-04-03T15:03:01.769Z,150.908,pi:0,sports ball,0.8623,1144.52,366.98,1318.52,549.93,2.250,9.133
2026-04-03T15:03:01.769Z,150.908,pi:0,sports ball,0.5799,845.14,388.39,1018.23,565.21,2.328,-0.581
2026-04-03T15:03:01.804Z,150.943,pi:0,sports ball,0.8661,1146.02,366.39,1317.15,553.04,2.206,9.136
2026-04-03T15:03:01.804Z,150.943,pi:0,sports ball,0.6439,845.05,388.39,1017.45,565.30,2.327,-0.596
2026-04-03T15:03:01.847Z,150.985,pi:0,sports ball,0.8473,1145.40,367.65,1317.61,549.13,2.269,9.133
2026-04-03T15:03:01.847Z,150.985,pi:0,sports ball,0.5950,846.38,387.48,1012.06,564.83,2.322,-0.662
2026-04-03T15:03:01.891Z,151.029,pi:0,sports ball,0.8736,1145.11,366.81,1317.01,553.71,2.203,9.119
2026-04-03T15:03:01.891Z,151.029,pi:0,sports ball,0.5799,845.28,387.50,1019.15,565.21,2.317,-0.564
2026-04-03T15:03:01.942Z,151.081,pi:0,sports ball,0.8247,1144.50,367.65,1319.01,549.96,2.258,9.141
2026-04-03T15:03:01.942Z,151.081,pi:0,sports ball,0.5272,844.27,389.40,1021.28,563.44,2.366,-0.546
2026-04-03T15:03:02.007Z,151.146,pi:0,sports ball,0.8699,1145.38,367.33,1318.48,549.15,2.264,9.147
2026-04-03T15:03:02.007Z,151.146,pi:0,sports ball,0.6289,845.65,388.40,1021.20,565.13,2.330,-0.524
2026-04-03T15:03:02.049Z,151.187,pi:0,sports ball,0.8284,1145.39,367.33,1318.20,549.13,2.265,9.142
2026-04-03T15:03:02.049Z,151.187,pi:0,sports ball,0.6929,844.84,389.39,1014.81,563.41,2.366,-0.642
2026-04-03T15:03:02.082Z,151.220,pi:0,sports ball,0.8322,1145.11,367.17,1317.28,554.32,2.200,9.123
2026-04-03T15:03:02.082Z,151.220,pi:0,sports ball,0.6515,844.98,388.37,1015.69,564.65,2.336,-0.626
2026-04-03T15:03:02.105Z,151.244,pi:0,sports ball,0.8510,1145.38,367.33,1318.06,549.94,2.255,9.140
2026-04-03T15:03:02.105Z,151.244,pi:0,sports ball,0.6100,845.57,389.25,1016.56,564.81,2.345,-0.602
2026-04-03T15:03:02.143Z,151.282,pi:0,sports ball,0.8435,1144.51,367.33,1318.20,549.12,2.265,9.128
2026-04-03T15:03:02.143Z,151.282,pi:0,sports ball,0.5498,845.04,388.31,1017.49,565.15,2.328,-0.595
2026-04-03T15:03:02.199Z,151.337,pi:0,sports ball,0.8096,1144.52,367.65,1318.20,549.12,2.269,9.128
2026-04-03T15:03:02.199Z,151.337,pi:0,sports ball,0.6816,845.83,387.55,1020.54,564.80,2.323,-0.532
2026-04-03T15:03:02.242Z,151.380,pi:0,sports ball,0.8397,1145.39,367.66,1318.13,549.12,2.269,9.141
2026-04-03T15:03:02.242Z,151.380,pi:0,sports ball,0.7192,845.38,388.43,1015.62,564.43,2.339,-0.620
2026-04-03T15:03:02.285Z,151.424,pi:0,sports ball,0.8473,1144.51,367.66,1318.52,549.14,2.269,9.133
2026-04-03T15:03:02.285Z,151.424,pi:0,sports ball,0.6966,845.78,388.39,1014.74,564.74,2.335,-0.628
2026-04-03T15:03:02.327Z,151.466,pi:0,sports ball,0.8699,1144.51,367.33,1318.06,549.93,2.255,9.126
2026-04-03T15:03:02.327Z,151.466,pi:0,sports ball,0.6138,846.28,387.54,1016.57,564.73,2.324,-0.590
2026-04-03T15:03:02.388Z,151.526,pi:0,sports ball,0.8360,1144.50,367.33,1318.32,549.94,2.255,9.130
2026-04-03T15:03:02.388Z,151.526,pi:0,sports ball,0.5987,845.73,388.39,1013.88,564.60,2.337,-0.643
2026-04-03T15:03:02.423Z,151.561,pi:0,sports ball,0.8284,1145.40,367.96,1318.06,548.28,2.283,9.140
2026-04-03T15:03:02.423Z,151.561,pi:0,sports ball,0.6703,844.46,388.41,1010.06,564.51,2.338,-0.726
2026-04-03T15:03:02.487Z,151.626,pi:0,sports ball,0.8699,1144.52,367.34,1318.39,549.12,2.265,9.131
2026-04-03T15:03:02.487Z,151.626,pi:0,sports ball,0.7305,846.35,388.43,1011.98,564.59,2.337,-0.664
2026-04-03T15:03:02.529Z,151.667,pi:0,sports ball,0.8623,1144.53,367.33,1318.33,549.11,2.265,9.131
2026-04-03T15:03:02.529Z,151.667,pi:0,sports ball,0.5799,845.27,388.38,1019.03,565.30,2.327,-0.566
2026-04-03T15:03:02.600Z,151.738,pi:0,sports ball,0.8209,1144.50,367.32,1318.77,548.31,2.275,9.137
2026-04-03T15:03:02.600Z,151.738,pi:0,sports ball,0.6176,846.23,386.82,1015.58,564.03,2.323,-0.607
2026-04-03T15:03:02.633Z,151.772,pi:0,sports ball,0.8247,1146.03,367.16,1317.03,553.09,2.214,9.134
2026-04-03T15:03:02.633Z,151.772,pi:0,sports ball,0.5272,845.39,387.50,1013.92,565.13,2.318,-0.648
2026-04-03T15:03:02.683Z,151.821,pi:0,sports ball,0.8774,1144.53,367.66,1318.00,548.29,2.279,9.125
2026-04-03T15:03:02.683Z,151.821,pi:0,sports ball,0.7079,845.95,388.42,1013.87,564.59,2.337,-0.639
2026-04-03T15:03:02.731Z,151.870,pi:0,sports ball,0.8510,1145.39,367.33,1318.06,549.93,2.255,9.140
2026-04-03T15:03:02.731Z,151.870,pi:0,sports ball,0.7531,845.66,385.99,1013.64,562.80,2.329,-0.648
2026-04-03T15:03:02.769Z,151.907,pi:0,sports ball,0.8736,1144.51,367.33,1318.40,549.93,2.255,9.132
2026-04-03T15:03:02.769Z,151.907,pi:0,sports ball,0.6778,845.34,387.53,1015.65,565.11,2.319,-0.620
2026-04-03T15:03:02.807Z,151.946,pi:0,sports ball,0.8510,1145.13,366.78,1316.98,553.71,2.203,9.119
2026-04-03T15:03:02.807Z,151.946,pi:0,sports ball,0.6251,844.54,388.39,1015.75,565.13,2.329,-0.632
2026-04-03T15:03:02.860Z,151.999,pi:0,sports ball,0.8736,1144.52,367.66,1318.39,549.13,2.269,9.132
2026-04-03T15:03:02.860Z,151.999,pi:0,sports ball,0.6740,846.25,387.56,1016.54,565.03,2.320,-0.591
2026-04-03T15:03:02.891Z,152.030,pi:0,sports ball,0.8736,1144.49,366.99,1318.13,549.95,2.250,9.127
2026-04-03T15:03:02.891Z,152.030,pi:0,sports ball,0.7042,844.85,388.39,1016.55,564.75,2.335,-0.613
2026-04-03T15:03:02.934Z,152.072,pi:0,sports ball,0.8736,1144.51,366.99,1318.40,549.15,2.260,9.131
2026-04-03T15:03:02.934Z,152.072,pi:0,sports ball,0.7343,845.49,388.45,1018.15,564.79,2.335,-0.577
2026-04-03T15:03:03.015Z,152.154,pi:0,sports ball,0.8774,1144.53,367.66,1318.59,549.14,2.269,9.135
2026-04-03T15:03:03.015Z,152.154,pi:0,sports ball,0.7607,845.75,387.58,1017.35,565.02,2.320,-0.586
2026-04-03T15:03:03.078Z,152.216,pi:0,sports ball,0.8887,1144.52,367.33,1318.27,549.94,2.255,9.130
2026-04-03T15:03:03.078Z,152.216,pi:0,sports ball,0.8058,845.54,387.60,1012.83,564.86,2.323,-0.663
2026-04-03T15:03:03.134Z,152.272,pi:0,sports ball,0.8962,1145.39,367.66,1318.56,549.93,2.259,9.148
2026-04-03T15:03:03.134Z,152.272,pi:0,sports ball,0.8510,844.17,388.51,1009.36,564.19,2.344,-0.742
2026-04-03T15:03:03.171Z,152.310,pi:0,sports ball,0.8962,1145.39,367.34,1318.32,549.94,2.255,9.144
2026-04-03T15:03:03.171Z,152.310,pi:0,sports ball,0.8247,845.27,387.66,1011.14,563.63,2.340,-0.695
2026-04-03T15:03:03.223Z,152.361,pi:0,sports ball,0.8962,1145.40,366.99,1318.55,549.94,2.250,9.148
2026-04-03T15:03:03.223Z,152.361,pi:0,sports ball,0.5159,844.33,388.34,1006.24,564.01,2.344,-0.790
2026-04-03T15:03:03.286Z,152.424,pi:0,sports ball,0.9000,1148.18,367.72,1318.75,551.49,2.240,9.195
2026-04-03T15:03:03.286Z,152.424,pi:0,sports ball,0.6590,845.87,388.37,1015.96,558.30,2.423,-0.606
2026-04-03T15:03:03.328Z,152.466,pi:0,sports ball,0.9038,1147.25,367.39,1307.48,552.93,2.219,9.001
2026-04-03T15:03:03.328Z,152.466,pi:0,sports ball,0.7833,856.87,386.70,1011.27,549.59,2.528,-0.503
2026-04-03T15:03:03.365Z,152.503,pi:0,sports ball,0.8021,1147.17,367.46,1291.27,550.77,2.246,8.741
2026-04-03T15:03:03.365Z,152.503,pi:0,sports ball,0.3992,852.68,388.85,1007.03,548.20,2.584,-0.641
2026-04-03T15:03:03.433Z,152.572,pi:0,sports ball,0.7456,845.27,387.63,1011.30,564.53,2.327,-0.692
2026-04-03T15:03:03.499Z,152.638,pi:0,sports ball,0.8548,845.18,387.65,1007.93,559.07,2.402,-0.749
2026-04-03T15:03:03.715Z,152.853,pi:0,sports ball,0.2742,844.05,425.28,1007.34,563.86,2.971,-0.777
