timestamp_utc,elapsed_s,camera,label,confidence,bbox_x1,bbox_y1,bbox_x2,bbox_y2,distance_m,angle_deg
2026-04-03T12:52:33.692Z,1.520,pi:0,bottle,0.7768,259.00,119.00,766.00,806.00,0.646,-13.988
2026-04-03T12:52:33.718Z,1.545,pi:0,bottle,0.7082,266.00,114.00,764.00,819.00,0.630,-13.911
2026-04-03T12:52:33.765Z,1.593,pi:0,bottle,0.8034,277.00,109.00,779.00,858.00,0.593,-13.510
2026-04-03T12:52:33.804Z,1.632,pi:0,bottle,0.5331,275.00,102.00,786.00,888.00,0.565,-13.433
2026-04-03T12:52:33.867Z,1.695,pi:0,bottle,0.6778,289.00,89.00,816.00,798.00,0.626,-12.751
2026-04-03T12:52:33.926Z,1.754,pi:0,bottle,0.8377,324.00,51.00,827.00,893.00,0.527,-12.035
2026-04-03T12:52:33.968Z,1.795,pi:0,bottle,0.8682,387.00,20.00,814.00,883.00,0.515,-11.251
2026-04-03T12:52:34.000Z,1.828,pi:0,bottle,0.7121,421.00,21.00,824.00,857.00,0.531,-10.559
2026-04-03T12:52:34.058Z,1.886,pi:0,bottle,0.2551,450.00,27.00,834.00,719.00,0.642,-9.942
2026-04-03T12:52:34.102Z,1.930,pi:0,bottle,0.2580,473.00,23.00,833.00,607.00,0.760,-9.593
2026-04-03T12:52:34.163Z,1.991,pi:0,bottle,0.5268,499.00,51.00,845.00,584.00,0.833,-8.988
2026-04-03T12:52:34.240Z,2.068,pi:0,bottle,0.6104,521.00,62.00,867.00,599.00,0.827,-8.286
2026-04-03T12:52:34.370Z,2.198,pi:0,bottle,0.2580,660.00,163.00,995.00,603.00,1.009,-3.978
2026-04-03T12:52:34.417Z,2.245,pi:0,bottle,0.6940,692.00,159.00,969.00,597.00,1.014,-3.880
2026-04-03T12:52:34.465Z,2.293,pi:0,bottle,0.4178,711.00,164.00,999.00,582.00,1.062,-3.083
2026-04-03T12:52:34.508Z,2.336,pi:0,bottle,0.5486,762.00,162.00,1000.00,589.00,1.040,-2.236
2026-04-03T12:52:34.508Z,2.336,pi:0,bottle,0.3306,762.00,167.00,925.00,579.00,1.078,-3.457
2026-04-03T12:52:34.561Z,2.388,pi:0,bottle,0.5450,776.00,172.00,1004.00,830.00,0.675,-1.942
2026-04-03T12:52:34.561Z,2.388,pi:0,bottle,0.4651,778.00,184.00,1008.00,589.00,1.096,-1.844
2026-04-03T12:52:34.561Z,2.388,pi:0,bottle,0.4569,777.00,183.00,1069.00,931.00,0.594,-0.865
2026-04-03T12:52:34.603Z,2.430,pi:0,bottle,0.6540,781.00,180.00,1006.00,571.00,1.136,-1.828
2026-04-03T12:52:34.603Z,2.430,pi:0,bottle,0.3960,785.00,187.00,1020.00,917.00,0.608,-1.534
2026-04-03T12:52:34.649Z,2.476,pi:0,bottle,0.7267,807.00,179.00,1006.00,569.00,1.139,-1.404
2026-04-03T12:52:34.693Z,2.520,pi:0,bottle,0.7703,812.00,189.00,1002.00,569.00,1.168,-1.387
2026-04-03T12:52:34.728Z,2.555,pi:0,bottle,0.8030,813.00,211.00,985.00,585.00,1.187,-1.648
2026-04-03T12:52:34.798Z,2.626,pi:0,bottle,0.8066,814.00,223.00,980.00,597.00,1.187,-1.714
2026-04-03T12:52:34.864Z,2.692,pi:0,bottle,0.6395,814.00,232.00,974.00,627.00,1.124,-1.812
2026-04-03T12:52:34.917Z,2.745,pi:0,bottle,0.7885,807.00,248.00,966.00,771.00,0.849,-2.056
2026-04-03T12:52:34.961Z,2.789,pi:0,bottle,0.6322,806.00,249.00,963.00,770.00,0.852,-2.121
2026-04-03T12:52:35.045Z,2.877,pi:0,bottle,0.8938,804.00,246.00,963.00,770.00,0.847,-2.154
2026-04-03T12:52:35.101Z,2.929,pi:0,bottle,0.8539,804.00,241.00,960.00,770.00,0.839,-2.203
2026-04-03T12:52:35.147Z,2.975,pi:0,bottle,0.8139,810.00,228.00,966.00,765.00,0.827,-2.007
2026-04-03T12:52:35.221Z,3.049,pi:0,bottle,0.7994,811.00,226.00,965.00,763.00,0.827,-2.007
2026-04-03T12:52:35.301Z,3.129,pi:0,bottle,0.8648,810.00,220.00,963.00,758.00,0.825,-2.056
2026-04-03T12:52:35.348Z,3.176,pi:0,bottle,0.7158,805.00,214.00,958.00,746.00,0.835,-2.219
2026-04-03T12:52:35.408Z,3.236,pi:0,bottle,0.7340,799.00,208.00,954.00,749.00,0.821,-2.382
2026-04-03T12:52:35.408Z,3.236,pi:0,bottle,0.2818,798.00,214.00,970.00,915.00,0.633,-2.138
2026-04-03T12:52:35.408Z,3.236,pi:0,bottle,0.2725,802.00,216.00,953.00,601.00,1.153,-2.350
2026-04-03T12:52:35.475Z,3.303,pi:0,bottle,0.8284,797.00,209.00,955.00,748.00,0.824,-2.399
2026-04-03T12:52:35.475Z,3.303,pi:0,bottle,0.2551,797.00,214.00,966.00,926.00,0.624,-2.219
2026-04-03T12:52:35.475Z,3.303,pi:0,bottle,0.2507,798.00,217.00,951.00,601.00,1.156,-2.448
2026-04-03T12:52:35.516Z,3.344,pi:0,bottle,0.7848,797.00,214.00,952.00,748.00,0.832,-2.448
2026-04-03T12:52:35.579Z,3.407,pi:0,bottle,0.8139,797.00,216.00,953.00,746.00,0.838,-2.431
2026-04-03T12:52:35.636Z,3.464,pi:0,bottle,0.7739,795.00,218.00,949.00,745.00,0.843,-2.529
2026-04-03T12:52:35.705Z,3.532,pi:0,bottle,0.8575,792.00,219.00,946.00,741.00,0.851,-2.627
2026-04-03T12:52:35.755Z,3.582,pi:0,bottle,0.6685,790.00,216.00,943.00,741.00,0.846,-2.708
2026-04-03T12:52:35.755Z,3.582,pi:0,bottle,0.4433,789.00,219.00,912.00,611.00,1.133,-3.229
2026-04-03T12:52:35.821Z,3.649,pi:0,bottle,0.8066,790.00,212.00,942.00,743.00,0.836,-2.725
2026-04-03T12:52:35.864Z,3.692,pi:0,bottle,0.8212,789.00,212.00,941.00,741.00,0.839,-2.757
2026-04-03T12:52:35.915Z,3.743,pi:0,bottle,0.8575,785.00,217.00,938.00,738.00,0.852,-2.871
2026-04-03T12:52:35.958Z,3.786,pi:0,bottle,0.7921,782.00,225.00,936.00,745.00,0.854,-2.953
2026-04-03T12:52:35.958Z,3.786,pi:0,bottle,0.3306,784.00,227.00,930.00,606.00,1.172,-3.018
2026-04-03T12:52:35.988Z,3.816,pi:0,bottle,0.8829,781.00,230.00,933.00,748.00,0.857,-3.018
2026-04-03T12:52:36.027Z,3.855,pi:0,bottle,0.8575,780.00,233.00,930.00,746.00,0.866,-3.083
2026-04-03T12:52:36.067Z,3.895,pi:0,bottle,0.8902,781.00,234.00,930.00,751.00,0.859,-3.067
2026-04-03T12:52:36.130Z,3.958,pi:0,bottle,0.8938,781.00,236.00,929.00,754.00,0.857,-3.083
2026-04-03T12:52:36.181Z,4.009,pi:0,bottle,0.8793,777.00,239.00,926.00,750.00,0.869,-3.197
2026-04-03T12:52:36.265Z,4.093,pi:0,bottle,0.8829,778.00,240.00,928.00,757.00,0.859,-3.148
2026-04-03T12:52:36.344Z,4.172,pi:0,bottle,0.8357,777.00,239.00,925.00,761.00,0.851,-3.213
2026-04-03T12:52:36.344Z,4.172,pi:0,bottle,0.2798,773.00,243.00,920.00,621.00,1.175,-3.360
2026-04-03T12:52:36.420Z,4.248,pi:0,bottle,0.8975,775.00,242.00,925.00,762.00,0.854,-3.246
2026-04-03T12:52:36.504Z,4.331,pi:0,bottle,0.9047,774.00,244.00,924.00,764.00,0.854,-3.278
2026-04-03T12:52:36.550Z,4.378,pi:0,bottle,0.8866,774.00,244.00,925.00,767.00,0.849,-3.262
2026-04-03T12:52:36.601Z,4.429,pi:0,bottle,0.8793,771.00,245.00,921.00,768.00,0.849,-3.376
2026-04-03T12:52:36.632Z,4.460,pi:0,bottle,0.8829,773.00,247.00,923.00,768.00,0.852,-3.311
2026-04-03T12:52:36.696Z,4.524,pi:0,bottle,0.8829,774.00,249.00,922.00,766.00,0.859,-3.311
2026-04-03T12:52:36.758Z,4.586,pi:0,bottle,0.8757,776.00,249.00,926.00,768.00,0.856,-3.213
2026-04-03T12:52:36.798Z,4.626,pi:0,bottle,0.8866,776.00,249.00,925.00,765.00,0.861,-3.229
2026-04-03T12:52:36.838Z,4.666,pi:0,bottle,0.8902,777.00,249.00,926.00,767.00,0.857,-3.197
2026-04-03T12:52:36.878Z,4.706,pi:0,bottle,0.8829,777.00,250.00,926.00,765.00,0.862,-3.197
2026-04-03T12:52:36.922Z,4.750,pi:0,bottle,0.8793,777.00,249.00,925.00,768.00,0.856,-3.213
2026-04-03T12:52:36.958Z,4.786,pi:0,bottle,0.8938,777.00,250.00,928.00,768.00,0.857,-3.164
2026-04-03T12:52:37.014Z,4.841,pi:0,bottle,0.8793,777.00,250.00,925.00,769.00,0.856,-3.213
2026-04-03T12:52:37.078Z,4.906,pi:0,bottle,0.8829,777.00,250.00,926.00,769.00,0.856,-3.197
2026-04-03T12:52:37.116Z,4.943,pi:0,bottle,0.8466,775.00,250.00,924.00,769.00,0.856,-3.262
2026-04-03T12:52:37.148Z,4.976,pi:0,bottle,0.8793,775.00,250.00,925.00,768.00,0.857,-3.246
2026-04-03T12:52:37.219Z,5.047,pi:0,bottle,0.8793,773.00,252.00,924.00,767.00,0.862,-3.295
2026-04-03T12:52:37.275Z,5.103,pi:0,bottle,0.8611,772.00,251.00,922.00,767.00,0.861,-3.343
2026-04-03T12:52:37.320Z,5.148,pi:0,bottle,0.8720,773.00,248.00,920.00,758.00,0.871,-3.360
2026-04-03T12:52:37.359Z,5.187,pi:0,bottle,0.8430,773.00,247.00,919.00,751.00,0.881,-3.376
2026-04-03T12:52:37.409Z,5.245,pi:0,bottle,0.8539,772.00,248.00,919.00,750.00,0.885,-3.392
2026-04-03T12:52:37.479Z,5.307,pi:0,bottle,0.8648,773.00,248.00,918.00,756.00,0.874,-3.392
2026-04-03T12:52:37.519Z,5.347,pi:0,bottle,0.8684,776.00,247.00,922.00,750.00,0.883,-3.278
2026-04-03T12:52:37.557Z,5.384,pi:0,bottle,0.8720,776.00,247.00,922.00,749.00,0.885,-3.278
2026-04-03T12:52:37.604Z,5.432,pi:0,bottle,0.8793,777.00,248.00,923.00,748.00,0.888,-3.246
2026-04-03T12:52:37.677Z,5.504,pi:0,bottle,0.8866,777.00,247.00,923.00,749.00,0.885,-3.246
2026-04-03T12:52:37.725Z,5.553,pi:0,bottle,0.8938,777.00,246.00,922.00,748.00,0.885,-3.262
2026-04-03T12:52:37.769Z,5.596,pi:0,bottle,0.8938,780.00,247.00,925.00,752.00,0.879,-3.164
2026-04-03T12:52:37.821Z,5.649,pi:0,bottle,0.8938,778.00,247.00,922.00,749.00,0.885,-3.246
2026-04-03T12:52:37.898Z,5.726,pi:0,bottle,0.8866,777.00,246.00,923.00,749.00,0.883,-3.246
2026-04-03T12:52:37.941Z,5.769,pi:0,bottle,0.8829,777.00,248.00,922.00,748.00,0.888,-3.262
2026-04-03T12:52:37.982Z,5.810,pi:0,bottle,0.8866,777.00,247.00,922.00,750.00,0.883,-3.262
2026-04-03T12:52:38.035Z,5.863,pi:0,bottle,0.8793,778.00,248.00,922.00,749.00,0.886,-3.246
2026-04-03T12:52:38.101Z,5.929,pi:0,bottle,0.8866,777.00,247.00,923.00,749.00,0.885,-3.246
2026-04-03T12:52:38.142Z,5.970,pi:0,bottle,0.8975,778.00,247.00,923.00,748.00,0.886,-3.229
2026-04-03T12:52:38.177Z,6.005,pi:0,bottle,0.9120,778.00,247.00,923.00,748.00,0.886,-3.229
2026-04-03T12:52:38.229Z,6.057,pi:0,bottle,0.8975,781.00,247.00,925.00,750.00,0.883,-3.148
2026-04-03T12:52:38.299Z,6.127,pi:0,bottle,0.9011,778.00,246.00,923.00,749.00,0.883,-3.229
2026-04-03T12:52:38.345Z,6.172,pi:0,bottle,0.9011,778.00,247.00,923.00,748.00,0.886,-3.229
2026-04-03T12:52:38.382Z,6.210,pi:0,bottle,0.8975,779.00,247.00,923.00,749.00,0.885,-3.213
2026-04-03T12:52:38.435Z,6.263,pi:0,bottle,0.8938,779.00,249.00,923.00,749.00,0.888,-3.213
2026-04-03T12:52:38.503Z,6.331,pi:0,bottle,0.8975,780.00,248.00,926.00,750.00,0.885,-3.148
2026-04-03T12:52:38.545Z,6.373,pi:0,bottle,0.9011,778.00,249.00,922.00,750.00,0.886,-3.246
2026-04-03T12:52:38.582Z,6.410,pi:0,bottle,0.8938,778.00,249.00,923.00,748.00,0.890,-3.229
2026-04-03T12:52:38.639Z,6.466,pi:0,bottle,0.8866,779.00,250.00,922.00,748.00,0.892,-3.229
2026-04-03T12:52:38.705Z,6.532,pi:0,bottle,0.8502,776.00,252.00,922.00,757.00,0.879,-3.278
2026-04-03T12:52:38.748Z,6.576,pi:0,bottle,0.8611,772.00,267.00,914.00,769.00,0.885,-3.474
2026-04-03T12:52:38.789Z,6.617,pi:0,bottle,0.8757,770.00,271.00,913.00,769.00,0.892,-3.522
2026-04-03T12:52:38.837Z,6.664,pi:0,bottle,0.8466,766.00,283.00,908.00,780.00,0.893,-3.669
2026-04-03T12:52:38.913Z,6.741,pi:0,bottle,0.8502,768.00,287.00,910.00,774.00,0.912,-3.604
2026-04-03T12:52:38.979Z,6.807,pi:0,bottle,0.8648,766.00,296.00,908.00,781.00,0.916,-3.669
2026-04-03T12:52:39.019Z,6.847,pi:0,bottle,0.8720,766.00,299.00,907.00,775.00,0.933,-3.685
2026-04-03T12:52:39.067Z,6.895,pi:0,bottle,0.8648,768.00,299.00,906.00,774.00,0.935,-3.669
2026-04-03T12:52:39.111Z,6.939,pi:0,bottle,0.8539,766.00,303.00,901.00,782.00,0.927,-3.783
2026-04-03T12:52:39.184Z,7.012,pi:0,bottle,0.8575,769.00,299.00,909.00,773.00,0.937,-3.604
2026-04-03T12:52:39.219Z,7.047,pi:0,bottle,0.8684,769.00,299.00,909.00,771.00,0.941,-3.604
2026-04-03T12:52:39.255Z,7.083,pi:0,bottle,0.8684,770.00,299.00,911.00,771.00,0.941,-3.555
2026-04-03T12:52:39.308Z,7.136,pi:0,bottle,0.8793,769.00,301.00,911.00,772.00,0.943,-3.571
2026-04-03T12:52:39.377Z,7.205,pi:0,bottle,0.8720,769.00,303.00,903.00,788.00,0.916,-3.701
2026-04-03T12:52:39.449Z,7.277,pi:0,bottle,0.8757,769.00,303.00,904.00,786.00,0.919,-3.685
2026-04-03T12:52:39.512Z,7.340,pi:0,bottle,0.8720,769.00,302.00,909.00,772.00,0.945,-3.604
2026-04-03T12:52:39.549Z,7.376,pi:0,bottle,0.8575,769.00,303.00,908.00,776.00,0.939,-3.620
2026-04-03T12:52:39.585Z,7.413,pi:0,bottle,0.8430,766.00,305.00,900.00,776.00,0.943,-3.799
2026-04-03T12:52:39.646Z,7.473,pi:0,bottle,0.8539,766.00,306.00,900.00,778.00,0.941,-3.799
2026-04-03T12:52:39.707Z,7.535,pi:0,bottle,0.8357,765.00,308.00,901.00,784.00,0.933,-3.799
2026-04-03T12:52:39.742Z,7.569,pi:0,bottle,0.4869,764.00,305.00,895.00,594.00,1.536,-3.913
2026-04-03T12:52:39.742Z,7.569,pi:0,bottle,0.2652,765.00,304.00,896.00,766.00,0.961,-3.880
2026-04-03T12:52:39.784Z,7.612,pi:0,bottle,0.5595,763.00,301.00,897.00,734.00,1.025,-3.896
2026-04-03T12:52:39.896Z,7.723,pi:0,bottle,0.7885,768.00,344.00,905.00,759.00,1.070,-3.685
2026-04-03T12:52:39.941Z,7.769,pi:0,bottle,0.8793,768.00,279.00,906.00,752.00,0.939,-3.669
2026-04-03T12:52:39.977Z,7.805,pi:0,bottle,0.8866,769.00,277.00,907.00,752.00,0.935,-3.636
2026-04-03T12:52:40.033Z,7.861,pi:0,bottle,0.8829,770.00,278.00,906.00,756.00,0.929,-3.636
2026-04-03T12:52:40.101Z,7.928,pi:0,bottle,0.8902,771.00,277.00,908.00,756.00,0.927,-3.587
2026-04-03T12:52:40.141Z,7.968,pi:0,bottle,0.8793,770.00,281.00,910.00,760.00,0.927,-3.571
2026-04-03T12:52:40.175Z,8.003,pi:0,bottle,0.8502,771.00,281.00,912.00,759.00,0.929,-3.522
2026-04-03T12:52:40.219Z,8.046,pi:0,bottle,0.8321,773.00,281.00,911.00,759.00,0.929,-3.506
2026-04-03T12:52:40.258Z,8.086,pi:0,bottle,0.8357,775.00,280.00,915.00,756.00,0.933,-3.409
2026-04-03T12:52:40.314Z,8.142,pi:0,bottle,0.7994,777.00,279.00,917.00,749.00,0.945,-3.343
2026-04-03T12:52:40.392Z,8.220,pi:0,bottle,0.8466,778.00,280.00,914.00,761.00,0.923,-3.376
2026-04-03T12:52:40.460Z,8.288,pi:0,bottle,0.8466,778.00,280.00,917.00,756.00,0.933,-3.327
2026-04-03T12:52:40.498Z,8.325,pi:0,bottle,0.8575,776.00,279.00,917.00,753.00,0.937,-3.360
2026-04-03T12:52:40.581Z,8.409,pi:0,bottle,0.8539,775.00,279.00,916.00,756.00,0.931,-3.392
2026-04-03T12:52:40.641Z,8.469,pi:0,bottle,0.8393,775.00,279.00,916.00,756.00,0.931,-3.392
2026-04-03T12:52:40.684Z,8.512,pi:0,bottle,0.8466,775.00,279.00,915.00,757.00,0.929,-3.409
2026-04-03T12:52:40.739Z,8.567,pi:0,bottle,0.8502,775.00,279.00,915.00,758.00,0.927,-3.409
2026-04-03T12:52:40.819Z,8.647,pi:0,bottle,0.8357,777.00,279.00,917.00,755.00,0.933,-3.343
2026-04-03T12:52:40.861Z,8.689,pi:0,bottle,0.8466,779.00,282.00,915.00,765.00,0.919,-3.343
2026-04-03T12:52:40.899Z,8.727,pi:0,bottle,0.8757,778.00,284.00,921.00,763.00,0.927,-3.262
2026-04-03T12:52:40.950Z,8.778,pi:0,bottle,0.8793,779.00,285.00,920.00,764.00,0.927,-3.262
2026-04-03T12:52:40.997Z,8.825,pi:0,bottle,0.8902,779.00,285.00,919.00,764.00,0.927,-3.278
2026-04-03T12:52:41.070Z,8.898,pi:0,bottle,0.8502,780.00,284.00,920.00,761.00,0.931,-3.246
2026-04-03T12:52:41.131Z,8.959,pi:0,bottle,0.8575,781.00,279.00,920.00,752.00,0.939,-3.229
2026-04-03T12:52:41.169Z,8.996,pi:0,bottle,0.7303,781.00,277.00,922.00,749.00,0.941,-3.197
2026-04-03T12:52:41.216Z,9.044,pi:0,bottle,0.8103,781.00,277.00,924.00,749.00,0.941,-3.164
2026-04-03T12:52:41.250Z,9.078,pi:0,bottle,0.7848,781.00,276.00,923.00,748.00,0.941,-3.181
2026-04-03T12:52:41.293Z,9.125,pi:0,bottle,0.7776,781.00,277.00,921.00,748.00,0.943,-3.213
2026-04-03T12:52:41.365Z,9.192,pi:0,bottle,0.8212,780.00,278.00,920.00,753.00,0.935,-3.246
2026-04-03T12:52:41.429Z,9.257,pi:0,bottle,0.8430,779.00,278.00,920.00,752.00,0.937,-3.262
2026-04-03T12:52:41.469Z,9.297,pi:0,bottle,0.8502,780.00,278.00,920.00,752.00,0.937,-3.246
2026-04-03T12:52:41.525Z,9.352,pi:0,bottle,0.8357,780.00,278.00,922.00,751.00,0.939,-3.213
2026-04-03T12:52:41.612Z,9.439,pi:0,bottle,0.8539,780.00,279.00,921.00,752.00,0.939,-3.229
2026-04-03T12:52:41.647Z,9.475,pi:0,bottle,0.8684,781.00,279.00,921.00,757.00,0.929,-3.213
2026-04-03T12:52:41.690Z,9.518,pi:0,bottle,0.8793,781.00,279.00,921.00,758.00,0.927,-3.213
2026-04-03T12:52:41.743Z,9.571,pi:0,bottle,0.8539,781.00,279.00,922.00,753.00,0.937,-3.197
2026-04-03T12:52:41.821Z,9.649,pi:0,bottle,0.8321,781.00,279.00,923.00,756.00,0.931,-3.181
2026-04-03T12:52:41.864Z,9.691,pi:0,bottle,0.8321,782.00,282.00,924.00,761.00,0.927,-3.148
2026-04-03T12:52:41.910Z,9.737,pi:0,bottle,0.8212,781.00,281.00,925.00,760.00,0.927,-3.148
2026-04-03T12:52:41.971Z,9.799,pi:0,bottle,0.8212,781.00,282.00,924.00,762.00,0.925,-3.164
2026-04-03T12:52:42.031Z,9.859,pi:0,bottle,0.8066,782.00,284.00,922.00,765.00,0.923,-3.181
2026-04-03T12:52:42.069Z,9.897,pi:0,bottle,0.8648,781.00,282.00,921.00,762.00,0.925,-3.213
2026-04-03T12:52:42.107Z,9.934,pi:0,bottle,0.8466,780.00,284.00,923.00,762.00,0.929,-3.197
2026-04-03T12:52:42.150Z,9.978,pi:0,bottle,0.8611,780.00,282.00,921.00,759.00,0.931,-3.229
2026-04-03T12:52:42.183Z,10.011,pi:0,bottle,0.8466,779.00,280.00,921.00,759.00,0.927,-3.246
2026-04-03T12:52:42.269Z,10.096,pi:0,bottle,0.8103,780.00,278.00,921.00,755.00,0.931,-3.229
2026-04-03T12:52:42.331Z,10.159,pi:0,bottle,0.8030,782.00,271.00,925.00,747.00,0.933,-3.132
2026-04-03T12:52:42.392Z,10.220,pi:0,bottle,0.6504,795.00,257.00,935.00,583.00,1.362,-2.757
2026-04-03T12:52:42.392Z,10.220,pi:0,bottle,0.4578,797.00,256.00,936.00,732.00,0.933,-2.708
2026-04-03T12:52:42.433Z,10.261,pi:0,bottle,0.5341,799.00,256.00,942.00,734.00,0.929,-2.578
2026-04-03T12:52:42.433Z,10.261,pi:0,bottle,0.4869,798.00,257.00,939.00,587.00,1.346,-2.643
2026-04-03T12:52:42.556Z,10.384,pi:0,bottle,0.6358,814.00,250.00,968.00,768.00,0.857,-1.909
2026-04-03T12:52:42.556Z,10.384,pi:0,bottle,0.5293,813.00,250.00,985.00,931.00,0.652,-1.648
2026-04-03T12:52:42.599Z,10.427,pi:0,bottle,0.7558,824.00,248.00,981.00,771.00,0.849,-1.534
2026-04-03T12:52:42.643Z,10.471,pi:0,bottle,0.5014,830.00,243.00,992.00,788.00,0.815,-1.257
2026-04-03T12:52:42.643Z,10.471,pi:0,bottle,0.3415,829.00,242.00,991.00,590.00,1.276,-1.289
2026-04-03T12:52:42.709Z,10.536,pi:0,bottle,0.9011,837.00,242.00,1003.00,796.00,0.801,-0.963
2026-04-03T12:52:42.757Z,10.585,pi:0,bottle,0.8684,846.00,238.00,1018.00,803.00,0.786,-0.571
2026-04-03T12:52:42.791Z,10.619,pi:0,bottle,0.8793,856.00,240.00,1028.00,812.00,0.776,-0.244
2026-04-03T12:52:42.844Z,10.672,pi:0,bottle,0.8720,856.00,235.00,1031.00,818.00,0.762,-0.195
2026-04-03T12:52:42.908Z,10.736,pi:0,bottle,0.8720,859.00,239.00,1029.00,817.00,0.768,-0.179
2026-04-03T12:52:42.948Z,10.776,pi:0,bottle,0.8793,859.00,238.00,1030.00,818.00,0.766,-0.163
2026-04-03T12:52:42.983Z,10.811,pi:0,bottle,0.8757,858.00,236.00,1036.00,819.00,0.762,-0.081
2026-04-03T12:52:43.036Z,10.864,pi:0,bottle,0.8139,859.00,237.00,1048.00,817.00,0.766,0.131
2026-04-03T12:52:43.109Z,10.937,pi:0,bottle,0.8357,867.00,233.00,1049.00,820.00,0.756,0.278
2026-04-03T12:52:43.144Z,10.972,pi:0,bottle,0.8793,855.00,239.00,1042.00,825.00,0.758,-0.032
2026-04-03T12:52:43.180Z,11.008,pi:0,bottle,0.8139,852.00,240.00,1022.00,816.00,0.771,-0.408
2026-04-03T12:52:43.240Z,11.068,pi:0,bottle,0.7885,818.00,240.00,994.00,795.00,0.800,-1.420
2026-04-03T12:52:43.308Z,11.136,pi:0,bottle,0.6031,805.00,234.00,970.00,579.00,1.287,-2.024
2026-04-03T12:52:43.308Z,11.136,pi:0,bottle,0.2507,804.00,232.00,981.00,823.00,0.751,-1.860
2026-04-03T12:52:43.353Z,11.181,pi:0,bottle,0.6649,769.00,234.00,925.00,569.00,1.325,-3.343
2026-04-03T12:52:43.390Z,11.218,pi:0,bottle,0.7921,730.00,229.00,890.00,560.00,1.341,-4.546
2026-04-03T12:52:43.445Z,11.272,pi:0,bottle,0.4687,715.00,223.00,888.00,758.00,0.830,-4.822
2026-04-03T12:52:43.445Z,11.272,pi:0,bottle,0.4106,717.00,228.00,876.00,561.00,1.333,-4.984
2026-04-03T12:52:43.507Z,11.335,pi:0,bottle,0.3597,704.00,224.00,866.00,755.00,0.836,-5.357
2026-04-03T12:52:43.507Z,11.335,pi:0,bottle,0.2943,705.00,225.00,859.00,552.00,1.358,-5.454
2026-04-03T12:52:43.557Z,11.385,pi:0,bottle,0.7703,666.00,207.00,819.00,568.00,1.230,-6.729
2026-04-03T12:52:43.593Z,11.421,pi:0,bottle,0.7194,632.00,215.00,783.00,570.00,1.251,-7.854
2026-04-03T12:52:43.593Z,11.421,pi:0,bottle,0.3960,630.00,211.00,786.00,757.00,0.813,-7.838
2026-04-03T12:52:43.647Z,11.475,pi:0,bottle,0.7848,618.00,218.00,774.00,750.00,0.835,-8.222
2026-04-03T12:52:43.647Z,11.475,pi:0,bottle,0.2979,616.00,221.00,767.00,565.00,1.291,-8.366
2026-04-03T12:52:43.714Z,11.542,pi:0,bottle,0.5559,602.00,222.00,761.00,757.00,0.830,-8.686
2026-04-03T12:52:43.714Z,11.542,pi:0,bottle,0.5523,601.00,222.00,750.00,568.00,1.283,-8.877
2026-04-03T12:52:43.756Z,11.584,pi:0,bottle,0.7558,573.00,229.00,723.00,752.00,0.849,-9.752
2026-04-03T12:52:43.800Z,11.628,pi:0,bottle,0.7194,551.00,229.00,702.00,748.00,0.856,-10.432
2026-04-03T12:52:43.852Z,11.679,pi:0,bottle,0.5995,543.00,233.00,696.00,748.00,0.862,-10.653
2026-04-03T12:52:43.919Z,11.747,pi:0,bottle,0.7340,534.00,238.00,678.00,636.00,1.116,-11.078
2026-04-03T12:52:43.968Z,11.796,pi:0,bottle,0.7667,525.00,237.00,681.00,743.00,0.878,-11.173
2026-04-03T12:52:43.996Z,11.824,pi:0,bottle,0.8357,520.00,236.00,675.00,742.00,0.878,-11.346
2026-04-03T12:52:44.063Z,11.891,pi:0,bottle,0.8139,520.00,236.00,675.00,741.00,0.879,-11.346
2026-04-03T12:52:44.129Z,11.957,pi:0,bottle,0.8284,521.00,235.00,675.00,741.00,0.878,-11.330
2026-04-03T12:52:44.166Z,11.994,pi:0,bottle,0.7085,527.00,236.00,674.00,620.00,1.156,-11.251
2026-04-03T12:52:44.166Z,11.994,pi:0,bottle,0.4687,531.00,228.00,682.00,746.00,0.857,-11.063
2026-04-03T12:52:44.207Z,12.035,pi:0,bottle,0.6286,537.00,237.00,681.00,624.00,1.147,-10.984
2026-04-03T12:52:44.207Z,12.035,pi:0,bottle,0.3670,537.00,232.00,695.00,747.00,0.862,-10.764
2026-04-03T12:52:44.247Z,12.075,pi:0,bottle,0.6540,543.00,234.00,695.00,744.00,0.871,-10.669
2026-04-03T12:52:44.247Z,12.075,pi:0,bottle,0.2979,541.00,236.00,691.00,604.00,1.207,-10.764
2026-04-03T12:52:44.312Z,12.139,pi:0,bottle,0.6540,546.00,237.00,696.00,617.00,1.168,-10.606
2026-04-03T12:52:44.312Z,12.139,pi:0,bottle,0.5159,547.00,230.00,707.00,751.00,0.852,-10.416
2026-04-03T12:52:44.368Z,12.196,pi:0,bottle,0.6286,560.00,237.00,709.00,752.00,0.862,-10.179
2026-04-03T12:52:44.368Z,12.196,pi:0,bottle,0.5196,560.00,240.00,706.00,599.00,1.237,-10.227
2026-04-03T12:52:44.409Z,12.237,pi:0,bottle,0.6976,573.00,241.00,720.00,629.00,1.144,-9.799
2026-04-03T12:52:44.452Z,12.280,pi:0,bottle,0.5668,580.00,243.00,730.00,565.00,1.379,-9.529
2026-04-03T12:52:44.452Z,12.280,pi:0,bottle,0.4251,583.00,241.00,736.00,753.00,0.867,-9.386
2026-04-03T12:52:44.519Z,12.346,pi:0,bottle,0.6286,589.00,243.00,749.00,760.00,0.859,-9.084
2026-04-03T12:52:44.519Z,12.346,pi:0,bottle,0.5196,591.00,244.00,742.00,596.00,1.261,-9.164
2026-04-03T12:52:44.605Z,12.433,pi:0,bottle,0.5959,607.00,248.00,733.00,569.00,1.383,-9.052
2026-04-03T12:52:44.698Z,12.525,pi:0,bottle,0.7122,626.00,210.00,793.00,771.00,0.791,-7.790
2026-04-03T12:52:44.698Z,12.525,pi:0,bottle,0.2507,624.00,220.00,782.00,574.00,1.254,-7.998
2026-04-03T12:52:44.797Z,12.625,pi:0,bottle,0.6286,646.00,253.00,800.00,570.00,1.401,-7.357
2026-04-03T12:52:44.846Z,12.673,pi:0,bottle,0.8212,712.00,246.00,873.00,783.00,0.827,-5.114
2026-04-03T12:52:44.901Z,12.729,pi:0,bottle,0.7231,716.00,254.00,883.00,784.00,0.838,-4.887
2026-04-03T12:52:44.947Z,12.775,pi:0,bottle,0.7521,740.00,261.00,895.00,591.00,1.346,-4.303
2026-04-03T12:52:45.028Z,12.856,pi:0,bottle,0.6685,749.00,264.00,905.00,592.00,1.354,-3.994
2026-04-03T12:52:45.028Z,12.856,pi:0,bottle,0.3234,750.00,267.00,914.00,831.00,0.787,-3.831
2026-04-03T12:52:45.069Z,12.896,pi:0,bottle,0.6758,766.00,267.00,930.00,596.00,1.350,-3.311
2026-04-03T12:52:45.069Z,12.896,pi:0,bottle,0.2689,768.00,267.00,936.00,851.00,0.760,-3.181
2026-04-03T12:52:45.103Z,12.931,pi:0,bottle,0.6286,787.00,271.00,954.00,600.00,1.350,-2.578
2026-04-03T12:52:45.151Z,12.979,pi:0,bottle,0.5232,798.00,270.00,960.00,600.00,1.346,-2.301
2026-04-03T12:52:45.229Z,13.057,pi:0,bottle,0.5813,808.00,269.00,971.00,602.00,1.333,-1.958
2026-04-03T12:52:45.267Z,13.095,pi:0,bottle,0.8757,837.00,278.00,1024.00,832.00,0.801,-0.620
2026-04-03T12:52:45.310Z,13.138,pi:0,bottle,0.8357,847.00,281.00,1034.00,835.00,0.801,-0.293
2026-04-03T12:52:45.362Z,13.190,pi:0,bottle,0.8357,850.00,277.00,1047.00,835.00,0.796,-0.032
2026-04-03T12:52:45.427Z,13.255,pi:0,bottle,0.7231,860.00,270.00,1057.00,841.00,0.778,0.295
2026-04-03T12:52:45.427Z,13.255,pi:0,bottle,0.5559,857.00,265.00,1110.00,917.00,0.681,1.111
2026-04-03T12:52:45.477Z,13.305,pi:0,bottle,0.8066,881.00,262.00,1061.00,839.00,0.770,0.703
2026-04-03T12:52:45.477Z,13.305,pi:0,bottle,0.4607,890.00,263.00,1098.00,922.00,0.674,1.454
2026-04-03T12:52:45.578Z,13.406,pi:0,bottle,0.8284,896.00,259.00,1079.00,844.00,0.759,1.241
2026-04-03T12:52:45.632Z,13.460,pi:0,bottle,0.8139,903.00,256.00,1092.00,841.00,0.759,1.568
2026-04-03T12:52:45.723Z,13.550,pi:0,bottle,0.7630,906.00,255.00,1087.00,833.00,0.768,1.535
2026-04-03T12:52:45.793Z,13.621,pi:0,bottle,0.7594,899.00,236.00,1065.00,821.00,0.759,1.062
2026-04-03T12:52:45.828Z,13.656,pi:0,bottle,0.8757,900.00,222.00,1066.00,817.00,0.746,1.095
2026-04-03T12:52:45.873Z,13.701,pi:0,bottle,0.8829,903.00,216.00,1068.00,809.00,0.749,1.176
2026-04-03T12:52:45.927Z,13.755,pi:0,bottle,0.8793,905.00,214.00,1071.00,803.00,0.754,1.258
2026-04-03T12:52:45.996Z,13.823,pi:0,bottle,0.8866,906.00,210.00,1074.00,799.00,0.754,1.323
2026-04-03T12:52:46.037Z,13.865,pi:0,bottle,0.9156,912.00,208.00,1083.00,795.00,0.756,1.568
2026-04-03T12:52:46.071Z,13.899,pi:0,bottle,0.9047,912.00,207.00,1083.00,795.00,0.755,1.568
2026-04-03T12:52:46.125Z,13.953,pi:0,bottle,0.9120,912.00,208.00,1083.00,796.00,0.755,1.568
2026-04-03T12:52:46.195Z,14.023,pi:0,bottle,0.9047,911.00,209.00,1084.00,796.00,0.756,1.568
2026-04-03T12:52:46.234Z,14.062,pi:0,bottle,0.8466,906.00,212.00,1077.00,799.00,0.756,1.372
2026-04-03T12:52:46.274Z,14.102,pi:0,bottle,0.8393,900.00,216.00,1061.00,813.00,0.744,1.013
2026-04-03T12:52:46.313Z,14.141,pi:0,bottle,0.9047,897.00,217.00,1060.00,808.00,0.751,0.948
2026-04-03T12:52:46.406Z,14.234,pi:0,bottle,0.8829,889.00,219.00,1054.00,808.00,0.754,0.719
2026-04-03T12:52:46.438Z,14.266,pi:0,bottle,0.8866,876.00,215.00,1041.00,791.00,0.771,0.295
2026-04-03T12:52:46.482Z,14.310,pi:0,bottle,0.8866,872.00,216.00,1037.00,788.00,0.776,0.164
2026-04-03T12:52:46.512Z,14.340,pi:0,bottle,0.8938,867.00,211.00,1036.00,787.00,0.771,0.066
2026-04-03T12:52:46.554Z,14.382,pi:0,bottle,0.9084,864.00,208.00,1028.00,788.00,0.766,-0.114
2026-04-03T12:52:46.588Z,14.415,pi:0,bottle,0.9011,862.00,209.00,1025.00,787.00,0.768,-0.195
2026-04-03T12:52:46.637Z,14.464,pi:0,bottle,0.9084,861.00,208.00,1020.00,788.00,0.766,-0.293
2026-04-03T12:52:46.710Z,14.538,pi:0,bottle,0.9156,861.00,208.00,1020.00,787.00,0.767,-0.293
2026-04-03T12:52:46.749Z,14.577,pi:0,bottle,0.8938,858.00,216.00,1019.00,789.00,0.775,-0.359
2026-04-03T12:52:46.790Z,14.618,pi:0,bottle,0.9156,857.00,217.00,1017.00,790.00,0.775,-0.408
2026-04-03T12:52:46.839Z,14.667,pi:0,bottle,0.9156,850.00,220.00,1010.00,786.00,0.784,-0.636
2026-04-03T12:52:46.909Z,14.737,pi:0,bottle,0.9265,841.00,218.00,1007.00,781.00,0.789,-0.832
2026-04-03T12:52:46.977Z,14.805,pi:0,bottle,0.8793,832.00,215.00,997.00,779.00,0.787,-1.142
2026-04-03T12:52:47.008Z,14.836,pi:0,bottle,0.8357,821.00,220.00,984.00,779.00,0.794,-1.534
2026-04-03T12:52:47.057Z,14.885,pi:0,bottle,0.8357,814.00,215.00,974.00,765.00,0.807,-1.812
2026-04-03T12:52:47.143Z,14.971,pi:0,bottle,0.9084,805.00,223.00,966.00,778.00,0.800,-2.089
2026-04-03T12:52:47.191Z,15.019,pi:0,bottle,0.9047,795.00,226.00,961.00,793.00,0.783,-2.333
2026-04-03T12:52:47.238Z,15.066,pi:0,bottle,0.8866,792.00,227.00,960.00,793.00,0.784,-2.399
2026-04-03T12:52:47.323Z,15.151,pi:0,bottle,0.8757,791.00,228.00,958.00,793.00,0.786,-2.448
2026-04-03T12:52:47.379Z,15.207,pi:0,bottle,0.8611,790.00,227.00,957.00,790.00,0.789,-2.480
2026-04-03T12:52:47.424Z,15.252,pi:0,bottle,0.8793,788.00,226.00,957.00,799.00,0.775,-2.513
2026-04-03T12:52:47.491Z,15.319,pi:0,bottle,0.8793,788.00,227.00,957.00,797.00,0.779,-2.513
2026-04-03T12:52:47.567Z,15.395,pi:0,bottle,0.8684,790.00,222.00,954.00,793.00,0.778,-2.529
2026-04-03T12:52:47.615Z,15.443,pi:0,bottle,0.8757,789.00,237.00,950.00,806.00,0.780,-2.611
2026-04-03T12:52:47.666Z,15.494,pi:0,bottle,0.8103,789.00,239.00,948.00,808.00,0.780,-2.643
2026-04-03T12:52:47.666Z,15.494,pi:0,bottle,0.3008,785.00,237.00,993.00,927.00,0.644,-1.975
2026-04-03T12:52:47.713Z,15.540,pi:0,bottle,0.8757,789.00,239.00,948.00,807.00,0.782,-2.643
2026-04-03T12:52:47.768Z,15.596,pi:0,bottle,0.8248,789.00,239.00,949.00,811.00,0.776,-2.627
2026-04-03T12:52:47.837Z,15.665,pi:0,bottle,0.8175,790.00,239.00,949.00,807.00,0.782,-2.611
2026-04-03T12:52:47.915Z,15.743,pi:0,bottle,0.8648,789.00,241.00,948.00,810.00,0.780,-2.643
2026-04-03T12:52:47.948Z,15.776,pi:0,bottle,0.8539,790.00,235.00,952.00,810.00,0.772,-2.562
2026-04-03T12:52:48.008Z,15.835,pi:0,bottle,0.8611,789.00,232.00,952.00,814.00,0.763,-2.578
2026-04-03T12:52:48.087Z,15.915,pi:0,bottle,0.8866,790.00,246.00,952.00,815.00,0.780,-2.562
2026-04-03T12:52:48.124Z,15.952,pi:0,bottle,0.8430,792.00,247.00,951.00,819.00,0.776,-2.545
2026-04-03T12:52:48.157Z,15.984,pi:0,bottle,0.9011,792.00,247.00,952.00,815.00,0.782,-2.529
2026-04-03T12:52:48.225Z,16.053,pi:0,bottle,0.9011,791.00,247.00,951.00,814.00,0.783,-2.562
2026-04-03T12:52:48.294Z,16.122,pi:0,bottle,0.8866,791.00,244.00,954.00,816.00,0.776,-2.513
2026-04-03T12:52:48.329Z,16.157,pi:0,bottle,0.8829,790.00,228.00,955.00,816.00,0.755,-2.513
2026-04-03T12:52:48.364Z,16.192,pi:0,bottle,0.8975,791.00,243.00,954.00,816.00,0.775,-2.513
2026-04-03T12:52:48.463Z,16.291,pi:0,bottle,0.8975,791.00,242.00,954.00,814.00,0.776,-2.513
2026-04-03T12:52:48.523Z,16.351,pi:0,bottle,0.8829,791.00,243.00,953.00,816.00,0.775,-2.529
2026-04-03T12:52:48.569Z,16.397,pi:0,bottle,0.8902,791.00,243.00,952.00,814.00,0.778,-2.545
2026-04-03T12:52:48.613Z,16.441,pi:0,bottle,0.8648,790.00,230.00,954.00,810.00,0.766,-2.529
2026-04-03T12:52:48.653Z,16.481,pi:0,bottle,0.8611,791.00,240.00,954.00,813.00,0.775,-2.513
2026-04-03T12:52:48.703Z,16.531,pi:0,bottle,0.8139,790.00,231.00,952.00,810.00,0.767,-2.562
2026-04-03T12:52:48.768Z,16.596,pi:0,bottle,0.8393,789.00,241.00,949.00,808.00,0.783,-2.627
2026-04-03T12:52:48.768Z,16.596,pi:0,bottle,0.5369,788.00,241.00,978.00,928.00,0.646,-2.170
2026-04-03T12:52:48.819Z,16.647,pi:0,bottle,0.8720,787.00,242.00,946.00,810.00,0.782,-2.708
2026-04-03T12:52:48.857Z,16.685,pi:0,bottle,0.8357,785.00,245.00,941.00,813.00,0.782,-2.822
2026-04-03T12:52:48.907Z,16.735,pi:0,bottle,0.8248,783.00,243.00,942.00,810.00,0.783,-2.839
2026-04-03T12:52:48.966Z,16.793,pi:0,bottle,0.8175,782.00,242.00,941.00,805.00,0.789,-2.871
2026-04-03T12:52:49.003Z,16.831,pi:0,bottle,0.9011,781.00,242.00,941.00,810.00,0.782,-2.888
2026-04-03T12:52:49.037Z,16.865,pi:0,bottle,0.8866,781.00,242.00,940.00,809.00,0.783,-2.904
2026-04-03T12:52:49.091Z,16.919,pi:0,bottle,0.8793,781.00,241.00,941.00,813.00,0.776,-2.888
2026-04-03T12:52:49.161Z,16.989,pi:0,bottle,0.8975,781.00,242.00,941.00,811.00,0.780,-2.888
2026-04-03T12:52:49.197Z,17.025,pi:0,bottle,0.8684,781.00,240.00,942.00,815.00,0.772,-2.871
2026-04-03T12:52:49.238Z,17.066,pi:0,bottle,0.8212,783.00,240.00,940.00,811.00,0.778,-2.871
2026-04-03T12:52:49.238Z,17.066,pi:0,bottle,0.2513,779.00,239.00,984.00,935.00,0.638,-2.219
2026-04-03T12:52:49.286Z,17.114,pi:0,bottle,0.8502,784.00,242.00,940.00,816.00,0.774,-2.855
2026-04-03T12:52:49.363Z,17.191,pi:0,bottle,0.8938,784.00,242.00,940.00,813.00,0.778,-2.855
2026-04-03T12:52:49.408Z,17.236,pi:0,bottle,0.8829,783.00,243.00,941.00,816.00,0.775,-2.855
2026-04-03T12:52:49.445Z,17.273,pi:0,bottle,0.8502,782.00,241.00,942.00,816.00,0.772,-2.855
2026-04-03T12:52:49.498Z,17.326,pi:0,bottle,0.8539,782.00,241.00,942.00,816.00,0.772,-2.855
2026-04-03T12:52:49.568Z,17.396,pi:0,bottle,0.8393,782.00,241.00,942.00,815.00,0.774,-2.855
2026-04-03T12:52:49.605Z,17.433,pi:0,bottle,0.8829,784.00,243.00,940.00,818.00,0.772,-2.855
2026-04-03T12:52:49.641Z,17.469,pi:0,bottle,0.8793,784.00,242.00,940.00,816.00,0.774,-2.855
2026-04-03T12:52:49.698Z,17.526,pi:0,bottle,0.8829,784.00,242.00,940.00,815.00,0.775,-2.855
2026-04-03T12:52:49.763Z,17.591,pi:0,bottle,0.8866,784.00,243.00,940.00,817.00,0.774,-2.855
2026-04-03T12:52:49.809Z,17.637,pi:0,bottle,0.8793,782.00,241.00,942.00,815.00,0.774,-2.855
2026-04-03T12:52:49.853Z,17.681,pi:0,bottle,0.8866,783.00,241.00,942.00,810.00,0.780,-2.839
2026-04-03T12:52:49.905Z,17.732,pi:0,bottle,0.8466,783.00,241.00,942.00,809.00,0.782,-2.839
2026-04-03T12:52:49.980Z,17.807,pi:0,bottle,0.7957,784.00,242.00,940.00,813.00,0.778,-2.855
2026-04-03T12:52:49.980Z,17.807,pi:0,bottle,0.3922,779.00,242.00,970.00,921.00,0.654,-2.448
2026-04-03T12:52:50.024Z,17.852,pi:0,bottle,0.8793,784.00,240.00,941.00,813.00,0.775,-2.839
2026-04-03T12:52:50.057Z,17.885,pi:0,bottle,0.8793,784.00,240.00,940.00,818.00,0.768,-2.855
2026-04-03T12:52:50.117Z,17.945,pi:0,bottle,0.8684,784.00,240.00,941.00,815.00,0.772,-2.839
2026-04-03T12:52:50.117Z,17.945,pi:0,bottle,0.3275,779.00,240.00,988.00,921.00,0.652,-2.154
2026-04-03T12:52:50.183Z,18.011,pi:0,bottle,0.8648,784.00,239.00,941.00,815.00,0.771,-2.839
2026-04-03T12:52:50.232Z,18.060,pi:0,bottle,0.8648,784.00,237.00,940.00,810.00,0.775,-2.855
2026-04-03T12:52:50.232Z,18.060,pi:0,bottle,0.3808,777.00,237.00,973.00,922.00,0.648,-2.431
2026-04-03T12:52:50.263Z,18.091,pi:0,bottle,0.8938,784.00,235.00,942.00,814.00,0.767,-2.822
2026-04-03T12:52:50.300Z,18.128,pi:0,bottle,0.8720,784.00,234.00,943.00,810.00,0.771,-2.806
2026-04-03T12:52:50.437Z,18.265,pi:0,bottle,0.8793,784.00,234.00,944.00,808.00,0.774,-2.790
2026-04-03T12:52:50.492Z,18.320,pi:0,bottle,0.8684,784.00,236.00,942.00,812.00,0.771,-2.822
2026-04-03T12:52:50.492Z,18.320,pi:0,bottle,0.3465,781.00,236.00,988.00,925.00,0.644,-2.121
2026-04-03T12:52:50.566Z,18.394,pi:0,bottle,0.8684,784.00,236.00,941.00,813.00,0.770,-2.839
2026-04-03T12:52:50.566Z,18.394,pi:0,bottle,0.4531,781.00,236.00,976.00,926.00,0.644,-2.317
2026-04-03T12:52:50.608Z,18.436,pi:0,bottle,0.8829,784.00,236.00,942.00,810.00,0.774,-2.822
2026-04-03T12:52:50.608Z,18.436,pi:0,bottle,0.3008,781.00,236.00,985.00,922.00,0.647,-2.170
2026-04-03T12:52:50.643Z,18.471,pi:0,bottle,0.8938,785.00,236.00,943.00,807.00,0.778,-2.790
2026-04-03T12:52:50.717Z,18.545,pi:0,bottle,0.8757,784.00,236.00,943.00,810.00,0.774,-2.806
2026-04-03T12:52:50.804Z,18.631,pi:0,bottle,0.8829,785.00,236.00,943.00,811.00,0.772,-2.790
2026-04-03T12:52:50.833Z,18.660,pi:0,bottle,0.8975,785.00,239.00,942.00,805.00,0.784,-2.806
2026-04-03T12:52:50.920Z,18.748,pi:0,bottle,0.8611,784.00,238.00,942.00,814.00,0.771,-2.822
2026-04-03T12:52:50.954Z,18.782,pi:0,bottle,0.8938,784.00,240.00,942.00,811.00,0.778,-2.822
2026-04-03T12:52:50.954Z,18.782,pi:0,bottle,0.2742,781.00,238.00,977.00,918.00,0.653,-2.301
2026-04-03T12:52:51.003Z,18.831,pi:0,bottle,0.8793,785.00,239.00,942.00,812.00,0.775,-2.806
2026-04-03T12:52:51.075Z,18.903,pi:0,bottle,0.8829,784.00,238.00,942.00,811.00,0.775,-2.822
2026-04-03T12:52:51.116Z,18.944,pi:0,bottle,0.8611,785.00,239.00,942.00,811.00,0.776,-2.806
2026-04-03T12:52:51.149Z,18.977,pi:0,bottle,0.8793,786.00,238.00,944.00,811.00,0.775,-2.757
2026-04-03T12:52:51.204Z,19.032,pi:0,bottle,0.8757,786.00,236.00,945.00,809.00,0.775,-2.741
2026-04-03T12:52:51.275Z,19.103,pi:0,bottle,0.8502,786.00,236.00,945.00,812.00,0.771,-2.741
2026-04-03T12:52:51.313Z,19.141,pi:0,bottle,0.8648,787.00,236.00,946.00,808.00,0.776,-2.708
2026-04-03T12:52:51.349Z,19.177,pi:0,bottle,0.8829,786.00,238.00,945.00,809.00,0.778,-2.741
2026-04-03T12:52:51.397Z,19.225,pi:0,bottle,0.8393,785.00,236.00,946.00,808.00,0.776,-2.741
2026-04-03T12:52:51.465Z,19.293,pi:0,bottle,0.8975,786.00,235.00,945.00,808.00,0.775,-2.741
2026-04-03T12:52:51.513Z,19.341,pi:0,bottle,0.8757,785.00,235.00,946.00,807.00,0.776,-2.741
2026-04-03T12:52:51.550Z,19.378,pi:0,bottle,0.8720,786.00,235.00,946.00,808.00,0.775,-2.725
2026-04-03T12:52:51.603Z,19.430,pi:0,bottle,0.8757,784.00,235.00,946.00,813.00,0.768,-2.757
2026-04-03T12:52:51.673Z,19.500,pi:0,bottle,0.8539,785.00,235.00,946.00,812.00,0.770,-2.741
2026-04-03T12:52:51.713Z,19.541,pi:0,bottle,0.8466,786.00,239.00,947.00,811.00,0.776,-2.708
2026-04-03T12:52:51.759Z,19.587,pi:0,bottle,0.8866,787.00,241.00,946.00,816.00,0.772,-2.708
2026-04-03T12:52:51.759Z,19.587,pi:0,bottle,0.2551,785.00,240.00,987.00,924.00,0.649,-2.073
2026-04-03T12:52:51.808Z,19.636,pi:0,bottle,0.8793,785.00,244.00,946.00,820.00,0.771,-2.741
2026-04-03T12:52:51.808Z,19.636,pi:0,bottle,0.3694,781.00,244.00,1006.00,927.00,0.650,-1.828
2026-04-03T12:52:51.865Z,19.693,pi:0,bottle,0.8357,785.00,249.00,943.00,824.00,0.772,-2.790
2026-04-03T12:52:51.918Z,19.745,pi:0,bottle,0.6395,784.00,253.00,939.00,829.00,0.771,-2.871
2026-04-03T12:52:51.918Z,19.745,pi:0,bottle,0.3016,781.00,257.00,939.00,591.00,1.329,-2.920
2026-04-03T12:52:51.948Z,19.776,pi:0,bottle,0.8030,781.00,263.00,939.00,852.00,0.754,-2.920
2026-04-03T12:52:52.003Z,19.830,pi:0,bottle,0.7158,780.00,263.00,938.00,907.00,0.689,-2.953
2026-04-03T12:52:52.059Z,19.886,pi:0,bottle,0.7776,780.00,263.00,938.00,908.00,0.688,-2.953
2026-04-03T12:52:52.117Z,19.945,pi:0,bottle,0.7412,780.00,260.00,939.00,883.00,0.713,-2.936
2026-04-03T12:52:52.148Z,19.976,pi:0,bottle,0.8175,781.00,256.00,940.00,828.00,0.776,-2.904
2026-04-03T12:52:52.183Z,20.011,pi:0,bottle,0.8284,781.00,254.00,942.00,819.00,0.786,-2.871
2026-04-03T12:52:52.234Z,20.062,pi:0,bottle,0.8866,782.00,251.00,941.00,817.00,0.784,-2.871
2026-04-03T12:52:52.310Z,20.138,pi:0,bottle,0.8175,781.00,248.00,942.00,836.00,0.755,-2.871
2026-04-03T12:52:52.349Z,20.177,pi:0,bottle,0.8902,783.00,244.00,939.00,813.00,0.780,-2.888
2026-04-03T12:52:52.349Z,20.177,pi:0,bottle,0.3815,615.00,173.00,721.00,540.00,1.210,-9.116
2026-04-03T12:52:52.387Z,20.214,pi:0,bottle,0.8757,781.00,239.00,943.00,806.00,0.783,-2.855
2026-04-03T12:52:52.387Z,20.214,pi:0,bottle,0.5014,621.00,169.00,719.00,526.00,1.244,-9.052
2026-04-03T12:52:52.437Z,20.264,pi:0,bottle,0.8066,785.00,233.00,945.00,800.00,0.783,-2.757
2026-04-03T12:52:52.437Z,20.264,pi:0,bottle,0.4760,626.00,188.00,719.00,532.00,1.291,-8.973
2026-04-03T12:52:52.507Z,20.335,pi:0,bottle,0.8829,786.00,232.00,948.00,799.00,0.783,-2.692
2026-04-03T12:52:52.507Z,20.335,pi:0,bottle,0.4106,629.00,201.00,719.00,532.00,1.341,-8.925
2026-04-03T12:52:52.549Z,20.377,pi:0,bottle,0.8502,788.00,224.00,953.00,856.00,0.703,-2.578
2026-04-03T12:52:52.549Z,20.377,pi:0,bottle,0.2761,638.00,194.00,722.00,522.00,1.354,-8.733
2026-04-03T12:52:52.588Z,20.416,pi:0,bottle,0.8757,792.00,232.00,954.00,790.00,0.796,-2.496
2026-04-03T12:52:52.646Z,20.474,pi:0,bottle,0.8611,794.00,234.00,956.00,790.00,0.799,-2.431
2026-04-03T12:52:52.713Z,20.541,pi:0,bottle,0.8938,793.00,234.00,955.00,793.00,0.794,-2.464
2026-04-03T12:52:52.759Z,20.587,pi:0,bottle,0.8829,794.00,239.00,958.00,792.00,0.803,-2.399
2026-04-03T12:52:52.799Z,20.626,pi:0,bottle,0.8938,795.00,240.00,956.00,794.00,0.801,-2.415
2026-04-03T12:52:52.853Z,20.681,pi:0,bottle,0.8357,792.00,232.00,956.00,792.00,0.793,-2.464
2026-04-03T12:52:52.923Z,20.750,pi:0,bottle,0.8066,791.00,236.00,954.00,817.00,0.764,-2.513
2026-04-03T12:52:52.958Z,20.786,pi:0,bottle,0.8066,790.00,227.00,953.00,800.00,0.775,-2.545
2026-04-03T12:52:53.020Z,20.848,pi:0,bottle,0.7194,788.00,227.00,952.00,813.00,0.758,-2.594
2026-04-03T12:52:53.079Z,20.907,pi:0,bottle,0.6504,789.00,235.00,947.00,854.00,0.717,-2.659
2026-04-03T12:52:53.144Z,20.972,pi:0,bottle,0.8648,789.00,238.00,949.00,805.00,0.783,-2.627
2026-04-03T12:52:53.204Z,21.032,pi:0,bottle,0.8284,789.00,233.00,951.00,799.00,0.784,-2.594
2026-04-03T12:52:53.204Z,21.032,pi:0,bottle,0.6131,785.00,243.00,978.00,920.00,0.656,-2.219
2026-04-03T12:52:53.204Z,21.032,pi:0,bottle,0.3197,618.00,195.00,720.00,534.00,1.310,-9.084
2026-04-03T12:52:53.290Z,21.118,pi:0,bottle,0.7921,789.00,240.00,948.00,815.00,0.772,-2.643
2026-04-03T12:52:53.290Z,21.118,pi:0,bottle,0.3084,786.00,243.00,982.00,920.00,0.656,-2.138
2026-04-03T12:52:53.348Z,21.176,pi:0,bottle,0.7885,787.00,232.00,949.00,805.00,0.775,-2.659
2026-04-03T12:52:53.348Z,21.176,pi:0,bottle,0.6245,781.00,243.00,972.00,915.00,0.661,-2.382
2026-04-03T12:52:53.387Z,21.215,pi:0,bottle,0.7921,787.00,242.00,945.00,812.00,0.779,-2.725
2026-04-03T12:52:53.476Z,21.303,pi:0,bottle,0.8321,787.00,244.00,945.00,813.00,0.780,-2.725
2026-04-03T12:52:53.476Z,21.303,pi:0,bottle,0.2665,783.00,245.00,984.00,916.00,0.662,-2.154
2026-04-03T12:52:53.523Z,21.351,pi:0,bottle,0.7558,786.00,245.00,941.00,817.00,0.776,-2.806
2026-04-03T12:52:53.575Z,21.403,pi:0,bottle,0.8575,787.00,240.00,949.00,808.00,0.782,-2.659
2026-04-03T12:52:53.638Z,21.466,pi:0,bottle,0.8720,789.00,236.00,952.00,805.00,0.780,-2.578
2026-04-03T12:52:53.718Z,21.546,pi:0,bottle,0.4941,790.00,230.00,950.00,837.00,0.732,-2.594
2026-04-03T12:52:53.718Z,21.546,pi:0,bottle,0.3488,790.00,231.00,945.00,615.00,1.156,-2.676
2026-04-03T12:52:53.763Z,21.591,pi:0,bottle,0.5668,789.00,227.00,946.00,577.00,1.269,-2.676
2026-04-03T12:52:53.813Z,21.640,pi:0,bottle,0.6758,786.00,230.00,940.00,757.00,0.843,-2.822
2026-04-03T12:52:53.853Z,21.681,pi:0,bottle,0.6722,785.00,229.00,904.00,762.00,0.833,-3.425
2026-04-03T12:52:54.143Z,21.971,pi:0,bottle,0.8648,789.00,204.00,953.00,769.00,0.786,-2.562
2026-04-03T12:52:54.186Z,22.013,pi:0,bottle,0.7703,790.00,201.00,951.00,761.00,0.793,-2.578
2026-04-03T12:52:54.186Z,22.013,pi:0,bottle,0.4178,791.00,209.00,951.00,591.00,1.162,-2.562
2026-04-03T12:52:54.224Z,22.052,pi:0,bottle,0.8212,789.00,201.00,951.00,764.00,0.789,-2.594
2026-04-03T12:52:54.289Z,22.117,pi:0,bottle,0.8066,789.00,208.00,952.00,764.00,0.799,-2.578
2026-04-03T12:52:54.289Z,22.117,pi:0,bottle,0.2761,791.00,212.00,952.00,594.00,1.162,-2.545
2026-04-03T12:52:54.383Z,22.211,pi:0,bottle,0.6758,790.00,206.00,950.00,763.00,0.797,-2.594
2026-04-03T12:52:54.383Z,22.211,pi:0,bottle,0.4542,791.00,215.00,949.00,609.00,1.127,-2.594
2026-04-03T12:52:54.416Z,22.244,pi:0,bottle,0.6504,790.00,208.00,951.00,762.00,0.801,-2.578
2026-04-03T12:52:54.416Z,22.244,pi:0,bottle,0.3960,791.00,216.00,949.00,609.00,1.130,-2.594
2026-04-03T12:52:54.493Z,22.321,pi:0,bottle,0.5813,789.00,215.00,950.00,760.00,0.815,-2.611
2026-04-03T12:52:54.493Z,22.321,pi:0,bottle,0.5595,789.00,218.00,948.00,604.00,1.150,-2.643
2026-04-03T12:52:54.574Z,22.401,pi:0,bottle,0.6467,787.00,223.00,946.00,773.00,0.807,-2.708
2026-04-03T12:52:54.574Z,22.401,pi:0,bottle,0.4905,787.00,218.00,944.00,607.00,1.141,-2.741
2026-04-03T12:52:54.574Z,22.401,pi:0,bottle,0.3617,785.00,217.00,976.00,933.00,0.620,-2.252
2026-04-03T12:52:54.615Z,22.443,pi:0,bottle,0.8938,781.00,218.00,939.00,773.00,0.800,-2.920
2026-04-03T12:52:54.696Z,22.523,pi:0,bottle,0.7121,775.00,224.00,933.00,915.00,0.643,-3.116
2026-04-03T12:52:54.696Z,22.523,pi:0,bottle,0.2689,779.00,222.00,928.00,694.00,0.941,-3.132
2026-04-03T12:52:54.756Z,22.584,pi:0,bottle,0.5305,781.00,226.00,945.00,780.00,0.801,-2.822
2026-04-03T12:52:54.756Z,22.584,pi:0,bottle,0.3924,782.00,223.00,941.00,607.00,1.156,-2.871
2026-04-03T12:52:54.790Z,22.618,pi:0,bottle,0.8866,792.00,226.00,964.00,797.00,0.778,-2.333
2026-04-03T12:52:54.852Z,22.679,pi:0,bottle,0.7848,796.00,240.00,964.00,816.00,0.771,-2.268
2026-04-03T12:52:54.902Z,22.730,pi:0,bottle,0.8430,804.00,251.00,969.00,804.00,0.803,-2.056
2026-04-03T12:52:54.959Z,22.787,pi:0,bottle,0.6031,804.00,251.00,973.00,757.00,0.878,-1.991
2026-04-03T12:52:55.108Z,22.936,pi:0,bottle,0.8066,804.00,243.00,966.00,824.00,0.764,-2.105
2026-04-03T12:52:55.157Z,22.985,pi:0,bottle,0.7303,801.00,252.00,963.00,822.00,0.779,-2.203
2026-04-03T12:52:55.157Z,22.985,pi:0,bottle,0.4505,802.00,254.00,963.00,601.00,1.280,-2.187
2026-04-03T12:52:55.192Z,23.019,pi:0,bottle,0.7594,793.00,256.00,952.00,595.00,1.310,-2.513
2026-04-03T12:52:55.244Z,23.072,pi:0,bottle,0.5523,791.00,254.00,951.00,590.00,1.321,-2.562
2026-04-03T12:52:55.244Z,23.072,pi:0,bottle,0.5414,792.00,248.00,953.00,826.00,0.768,-2.513
2026-04-03T12:52:55.308Z,23.136,pi:0,bottle,0.8030,792.00,243.00,955.00,809.00,0.784,-2.480
2026-04-03T12:52:55.351Z,23.179,pi:0,bottle,0.8284,792.00,243.00,955.00,804.00,0.791,-2.480
2026-04-03T12:52:55.392Z,23.220,pi:0,bottle,0.7703,793.00,244.00,956.00,809.00,0.786,-2.448
2026-04-03T12:52:55.392Z,23.220,pi:0,bottle,0.3160,790.00,244.00,993.00,932.00,0.645,-1.893
2026-04-03T12:52:55.437Z,23.265,pi:0,bottle,0.7921,795.00,243.00,960.00,799.00,0.799,-2.350
2026-04-03T12:52:55.511Z,23.339,pi:0,bottle,0.7921,796.00,244.00,958.00,806.00,0.790,-2.366
2026-04-03T12:52:55.551Z,23.379,pi:0,bottle,0.8030,798.00,243.00,961.00,818.00,0.772,-2.285
2026-04-03T12:52:55.590Z,23.418,pi:0,bottle,0.7921,801.00,259.00,961.00,813.00,0.801,-2.236
2026-04-03T12:52:55.637Z,23.464,pi:0,bottle,0.7667,801.00,257.00,961.00,814.00,0.797,-2.236
2026-04-03T12:52:55.712Z,23.540,pi:0,bottle,0.6540,799.00,253.00,960.00,801.00,0.810,-2.285
2026-04-03T12:52:55.712Z,23.540,pi:0,bottle,0.2725,798.00,256.00,960.00,597.00,1.302,-2.301
2026-04-03T12:52:55.755Z,23.583,pi:0,bottle,0.8103,799.00,251.00,960.00,802.00,0.806,-2.285
2026-04-03T12:52:55.788Z,23.616,pi:0,bottle,0.8393,799.00,250.00,960.00,800.00,0.807,-2.285
2026-04-03T12:52:55.838Z,23.666,pi:0,bottle,0.8321,798.00,248.00,960.00,802.00,0.801,-2.301
2026-04-03T12:52:55.918Z,23.746,pi:0,bottle,0.7616,797.00,254.00,962.00,832.00,0.768,-2.285
2026-04-03T12:52:55.965Z,23.792,pi:0,bottle,0.7376,796.00,252.00,957.00,813.00,0.791,-2.382
2026-04-03T12:52:55.965Z,23.792,pi:0,bottle,0.2543,796.00,256.00,955.00,606.00,1.269,-2.415
2026-04-03T12:52:56.001Z,23.829,pi:0,bottle,0.7122,796.00,256.00,959.00,813.00,0.797,-2.350
2026-04-03T12:52:56.001Z,23.829,pi:0,bottle,0.2943,795.00,257.00,955.00,602.00,1.287,-2.431
2026-04-03T12:52:56.058Z,23.886,pi:0,bottle,0.8502,797.00,257.00,958.00,818.00,0.791,-2.350
2026-04-03T12:52:56.127Z,23.955,pi:0,bottle,0.8248,798.00,256.00,960.00,814.00,0.796,-2.301
2026-04-03T12:52:56.169Z,23.997,pi:0,bottle,0.8393,792.00,257.00,954.00,770.00,0.866,-2.496
2026-04-03T12:52:56.206Z,24.034,pi:0,bottle,0.8430,791.00,252.00,953.00,776.00,0.847,-2.529
2026-04-03T12:52:56.253Z,24.081,pi:0,bottle,0.8502,791.00,246.00,951.00,789.00,0.818,-2.562
2026-04-03T12:52:56.335Z,24.163,pi:0,bottle,0.8938,791.00,236.00,952.00,790.00,0.801,-2.545
2026-04-03T12:52:56.379Z,24.207,pi:0,bottle,0.8902,791.00,244.00,947.00,793.00,0.809,-2.627
2026-04-03T12:52:56.421Z,24.249,pi:0,bottle,0.8539,788.00,247.00,948.00,807.00,0.793,-2.659
2026-04-03T12:52:56.473Z,24.305,pi:0,bottle,0.8757,788.00,252.00,950.00,811.00,0.794,-2.627
2026-04-03T12:52:56.539Z,24.367,pi:0,bottle,0.7921,787.00,256.00,947.00,815.00,0.794,-2.692
2026-04-03T12:52:56.539Z,24.367,pi:0,bottle,0.2507,788.00,257.00,946.00,597.00,1.306,-2.692
2026-04-03T12:52:56.579Z,24.407,pi:0,bottle,0.8393,787.00,259.00,948.00,806.00,0.812,-2.676
2026-04-03T12:52:56.619Z,24.447,pi:0,bottle,0.8575,787.00,258.00,945.00,790.00,0.835,-2.725
2026-04-03T12:52:56.669Z,24.497,pi:0,bottle,0.6976,790.00,252.00,956.00,774.00,0.851,-2.496
2026-04-03T12:52:56.735Z,24.563,pi:0,bottle,0.7703,791.00,241.00,966.00,768.00,0.843,-2.317
2026-04-03T12:52:56.808Z,24.636,pi:0,bottle,0.8357,769.00,207.00,957.00,737.00,0.838,-2.822
2026-04-03T12:52:56.865Z,24.693,pi:0,bottle,0.7739,769.00,175.00,959.00,685.00,0.871,-2.790
2026-04-03T12:52:56.897Z,24.725,pi:0,bottle,0.8757,773.00,153.00,965.00,658.00,0.879,-2.627
2026-04-03T12:52:56.897Z,24.725,pi:0,bottle,0.4455,771.00,162.00,964.00,920.00,0.586,-2.676
2026-04-03T12:52:56.940Z,24.768,pi:0,bottle,0.8284,777.00,142.00,967.00,654.00,0.867,-2.529
2026-04-03T12:52:56.940Z,24.768,pi:0,bottle,0.4493,773.00,154.00,964.00,920.00,0.580,-2.643
2026-04-03T12:52:57.019Z,24.847,pi:0,bottle,0.7957,777.00,141.00,956.00,656.00,0.862,-2.708
2026-04-03T12:52:57.019Z,24.847,pi:0,bottle,0.3313,777.00,143.00,962.00,917.00,0.574,-2.611
2026-04-03T12:52:57.056Z,24.884,pi:0,bottle,0.6867,777.00,135.00,942.00,676.00,0.821,-2.936
2026-04-03T12:52:57.101Z,24.929,pi:0,bottle,0.8793,791.00,95.00,943.00,623.00,0.841,-2.692
2026-04-03T12:52:57.101Z,24.929,pi:0,bottle,0.2725,703.00,138.00,835.00,520.00,1.162,-5.874
2026-04-03T12:52:57.141Z,24.969,pi:0,bottle,0.8866,796.00,83.00,965.00,611.00,0.841,-2.252
2026-04-03T12:52:57.197Z,25.025,pi:0,bottle,0.8902,793.00,79.00,989.00,588.00,0.872,-1.909
2026-04-03T12:52:57.241Z,25.069,pi:0,bottle,0.9156,788.00,49.00,1009.00,565.00,0.861,-1.665
2026-04-03T12:52:57.290Z,25.118,pi:0,bottle,0.9156,775.00,28.00,1022.00,557.00,0.839,-1.665
2026-04-03T12:52:57.337Z,25.164,pi:0,bottle,0.7994,766.00,29.00,1017.00,538.00,0.872,-1.893
2026-04-03T12:52:57.371Z,25.199,pi:0,bottle,0.6504,757.00,4.00,1044.00,509.00,0.879,-1.599
2026-04-03T12:52:57.413Z,25.241,pi:0,bottle,0.5886,755.00,2.00,1094.00,516.00,0.864,-0.816
2026-04-03T12:52:57.919Z,25.747,pi:0,bottle,0.5087,772.00,237.00,921.00,599.00,1.227,-3.360
2026-04-03T12:52:59.017Z,26.845,pi:0,bottle,0.2689,728.00,311.00,893.00,908.00,0.744,-4.530
2026-04-03T12:52:59.055Z,26.883,pi:0,bottle,0.3779,727.00,312.00,908.00,731.00,1.060,-4.303
2026-04-03T12:52:59.133Z,26.961,pi:0,bottle,0.3379,716.00,311.00,912.00,755.00,1.000,-4.416
2026-04-03T12:52:59.247Z,27.075,pi:0,bottle,0.2616,712.00,307.00,915.00,762.00,0.976,-4.433
2026-04-03T12:52:59.384Z,27.212,pi:0,bottle,0.3742,711.00,322.00,960.00,799.00,0.931,-3.718
2026-04-03T12:52:59.712Z,27.540,pi:0,bottle,0.2798,703.00,326.00,952.00,794.00,0.949,-3.978
2026-04-03T12:53:01.048Z,28.876,pi:0,bottle,0.3052,690.00,367.00,946.00,808.00,1.007,-4.286
2026-04-03T12:53:01.252Z,29.080,pi:0,bottle,0.7194,737.00,275.00,935.00,834.00,0.794,-3.701
2026-04-03T12:53:01.291Z,29.118,pi:0,bottle,0.8866,751.00,264.00,919.00,831.00,0.783,-3.734
2026-04-03T12:53:01.331Z,29.159,pi:0,bottle,0.8757,762.00,258.00,923.00,830.00,0.776,-3.490
2026-04-03T12:53:01.378Z,29.206,pi:0,bottle,0.8430,765.00,250.00,927.00,825.00,0.772,-3.376
2026-04-03T12:53:01.438Z,29.266,pi:0,bottle,0.8829,765.00,237.00,934.00,812.00,0.772,-3.262
2026-04-03T12:53:01.502Z,29.330,pi:0,bottle,0.9047,767.00,248.00,943.00,827.00,0.767,-3.083
2026-04-03T12:53:01.531Z,29.359,pi:0,bottle,0.9011,766.00,243.00,943.00,836.00,0.749,-3.099
2026-04-03T12:53:01.557Z,29.385,pi:0,bottle,0.9265,768.00,240.00,942.00,837.00,0.744,-3.083
2026-04-03T12:53:01.646Z,29.474,pi:0,bottle,0.9265,769.00,236.00,941.00,827.00,0.751,-3.083
2026-04-03T12:53:01.696Z,29.524,pi:0,bottle,0.9229,770.00,234.00,938.00,821.00,0.756,-3.116
2026-04-03T12:53:01.733Z,29.561,pi:0,bottle,0.9156,766.00,232.00,938.00,817.00,0.759,-3.181
2026-04-03T12:53:01.768Z,29.595,pi:0,bottle,0.9156,766.00,231.00,938.00,816.00,0.759,-3.181
2026-04-03T12:53:01.810Z,29.637,pi:0,bottle,0.9011,764.00,232.00,938.00,812.00,0.766,-3.213
2026-04-03T12:53:01.845Z,29.673,pi:0,bottle,0.9229,767.00,233.00,938.00,821.00,0.755,-3.164
2026-04-03T12:53:01.898Z,29.726,pi:0,bottle,0.9265,770.00,234.00,937.00,822.00,0.755,-3.132
2026-04-03T12:53:01.967Z,29.795,pi:0,bottle,0.9120,771.00,234.00,936.00,821.00,0.756,-3.132
2026-04-03T12:53:02.004Z,29.832,pi:0,bottle,0.8975,772.00,234.00,936.00,824.00,0.753,-3.116
2026-04-03T12:53:02.047Z,29.875,pi:0,bottle,0.9047,772.00,232.00,936.00,824.00,0.750,-3.116
2026-04-03T12:53:02.099Z,29.926,pi:0,bottle,0.8866,771.00,230.00,936.00,812.00,0.763,-3.132
2026-04-03T12:53:02.166Z,29.994,pi:0,bottle,0.8829,771.00,229.00,935.00,814.00,0.759,-3.148
2026-04-03T12:53:02.214Z,30.042,pi:0,bottle,0.8902,772.00,228.00,933.00,813.00,0.759,-3.164
2026-04-03T12:53:02.249Z,30.077,pi:0,bottle,0.8866,769.00,226.00,937.00,805.00,0.767,-3.148
2026-04-03T12:53:02.304Z,30.132,pi:0,bottle,0.9120,770.00,226.00,938.00,800.00,0.774,-3.116
2026-04-03T12:53:02.357Z,30.185,pi:0,bottle,0.9120,770.00,226.00,938.00,801.00,0.772,-3.116
2026-04-03T12:53:02.411Z,30.239,pi:0,bottle,0.9084,771.00,226.00,937.00,805.00,0.767,-3.116
2026-04-03T12:53:02.447Z,30.274,pi:0,bottle,0.8648,773.00,228.00,937.00,813.00,0.759,-3.083
2026-04-03T12:53:02.493Z,30.320,pi:0,bottle,0.8975,773.00,228.00,936.00,811.00,0.762,-3.099
2026-04-03T12:53:02.553Z,30.381,pi:0,bottle,0.8684,772.00,229.00,937.00,812.00,0.762,-3.099
2026-04-03T12:53:02.612Z,30.440,pi:0,bottle,0.9084,774.00,229.00,936.00,812.00,0.762,-3.083
2026-04-03T12:53:02.645Z,30.472,pi:0,bottle,0.9011,772.00,226.00,938.00,806.00,0.766,-3.083
2026-04-03T12:53:02.688Z,30.515,pi:0,bottle,0.8793,774.00,228.00,935.00,812.00,0.760,-3.099
2026-04-03T12:53:02.745Z,30.572,pi:0,bottle,0.8648,774.00,228.00,935.00,816.00,0.755,-3.099
2026-04-03T12:53:02.809Z,30.637,pi:0,bottle,0.8575,772.00,233.00,936.00,800.00,0.783,-3.116
2026-04-03T12:53:02.840Z,30.668,pi:0,bottle,0.8975,773.00,228.00,937.00,812.00,0.760,-3.083
2026-04-03T12:53:02.880Z,30.707,pi:0,bottle,0.8866,775.00,229.00,936.00,819.00,0.753,-3.067
2026-04-03T12:53:02.948Z,30.776,pi:0,bottle,0.8757,772.00,229.00,937.00,816.00,0.756,-3.099
2026-04-03T12:53:02.999Z,30.827,pi:0,bottle,0.8866,774.00,229.00,937.00,818.00,0.754,-3.067
2026-04-03T12:53:03.039Z,30.867,pi:0,bottle,0.8793,773.00,229.00,937.00,817.00,0.755,-3.083
2026-04-03T12:53:03.092Z,30.919,pi:0,bottle,0.8866,774.00,230.00,937.00,815.00,0.759,-3.067
2026-04-03T12:53:03.145Z,30.973,pi:0,bottle,0.8902,772.00,229.00,935.00,820.00,0.751,-3.132
2026-04-03T12:53:03.205Z,31.033,pi:0,bottle,0.8975,773.00,228.00,936.00,811.00,0.762,-3.099
2026-04-03T12:53:03.245Z,31.072,pi:0,bottle,0.8829,773.00,230.00,936.00,817.00,0.756,-3.099
2026-04-03T12:53:03.290Z,31.118,pi:0,bottle,0.8793,773.00,230.00,935.00,824.00,0.748,-3.116
2026-04-03T12:53:03.344Z,31.172,pi:0,bottle,0.8793,773.00,231.00,935.00,820.00,0.754,-3.116
2026-04-03T12:53:03.401Z,31.229,pi:0,bottle,0.8793,773.00,231.00,936.00,824.00,0.749,-3.099
2026-04-03T12:53:03.451Z,31.279,pi:0,bottle,0.8866,773.00,230.00,937.00,818.00,0.755,-3.083
2026-04-03T12:53:03.489Z,31.321,pi:0,bottle,0.9084,774.00,229.00,935.00,820.00,0.751,-3.099
2026-04-03T12:53:03.557Z,31.385,pi:0,bottle,0.9011,774.00,227.00,935.00,818.00,0.751,-3.099
2026-04-03T12:53:03.609Z,31.437,pi:0,bottle,0.9047,774.00,228.00,935.00,817.00,0.754,-3.099
2026-04-03T12:53:03.648Z,31.476,pi:0,bottle,0.8611,776.00,229.00,934.00,816.00,0.756,-3.083
2026-04-03T12:53:03.681Z,31.509,pi:0,bottle,0.8575,774.00,228.00,936.00,820.00,0.750,-3.083
2026-04-03T12:53:03.744Z,31.572,pi:0,bottle,0.9229,779.00,229.00,941.00,804.00,0.772,-2.920
2026-04-03T12:53:03.802Z,31.629,pi:0,bottle,0.7768,779.00,226.00,948.00,841.00,0.722,-2.806
2026-04-03T12:53:03.840Z,31.668,pi:0,bottle,0.9011,788.00,221.00,957.00,798.00,0.770,-2.513
2026-04-03T12:53:03.875Z,31.703,pi:0,bottle,0.8975,784.00,217.00,957.00,810.00,0.749,-2.578
2026-04-03T12:53:03.934Z,31.762,pi:0,bottle,0.8103,788.00,219.00,953.00,642.00,1.050,-2.578
2026-04-03T12:53:03.992Z,31.820,pi:0,bottle,0.8829,787.00,222.00,951.00,617.00,1.124,-2.627
2026-04-03T12:53:04.042Z,31.870,pi:0,bottle,0.7667,784.00,226.00,942.00,491.00,1.676,-2.822
2026-04-03T12:53:04.076Z,31.904,pi:0,bottle,0.7994,783.00,229.00,933.00,439.00,2.114,-2.985
2026-04-03T12:53:04.076Z,31.904,pi:0,bottle,0.2580,495.00,129.00,520.00,197.00,6.530,-14.141
2026-04-03T12:53:04.146Z,31.974,pi:0,bottle,0.5087,789.00,235.00,925.00,411.00,2.523,-3.018
2026-04-03T12:53:04.146Z,31.974,pi:0,bottle,0.2798,495.00,129.00,521.00,198.00,6.435,-14.126
2026-04-03T12:53:04.320Z,32.148,pi:0,bottle,0.5741,769.00,512.00,929.00,867.00,1.251,-3.278
2026-04-03T12:53:04.395Z,32.223,pi:0,bottle,0.5232,766.00,511.00,931.00,867.00,1.247,-3.295
2026-04-03T12:53:04.443Z,32.271,pi:0,bottle,0.4651,769.00,500.00,931.00,871.00,1.197,-3.246
2026-04-03T12:53:04.443Z,32.271,pi:0,bottle,0.2668,495.00,129.00,524.00,196.00,6.627,-14.080
2026-04-03T12:53:04.956Z,32.783,pi:0,bottle,0.3524,810.00,456.00,980.00,925.00,0.947,-1.779
2026-04-03T12:53:05.010Z,32.838,pi:0,bottle,0.7521,806.00,447.00,984.00,927.00,0.925,-1.779
2026-04-03T12:53:05.104Z,32.932,pi:0,bottle,0.5196,795.00,418.00,994.00,919.00,0.886,-1.795
2026-04-03T12:53:05.151Z,32.979,pi:0,bottle,0.8430,793.00,397.00,989.00,924.00,0.843,-1.909
2026-04-03T12:53:05.207Z,33.035,pi:0,bottle,0.8103,796.00,394.00,993.00,923.00,0.839,-1.795
2026-04-03T12:53:05.247Z,33.075,pi:0,bottle,0.7012,799.00,409.00,987.00,921.00,0.867,-1.844
2026-04-03T12:53:05.298Z,33.125,pi:0,bottle,0.5305,800.00,423.00,986.00,925.00,0.885,-1.844
2026-04-03T12:53:05.368Z,33.196,pi:0,bottle,0.5886,800.00,425.00,981.00,926.00,0.886,-1.926
2026-04-03T12:53:05.413Z,33.241,pi:0,bottle,0.7194,800.00,426.00,987.00,925.00,0.890,-1.828
2026-04-03T12:53:05.449Z,33.277,pi:0,bottle,0.7449,799.00,428.00,991.00,924.00,0.895,-1.779
2026-04-03T12:53:05.486Z,33.313,pi:0,bottle,0.6104,799.00,427.00,989.00,925.00,0.892,-1.812
2026-04-03T12:53:05.557Z,33.384,pi:0,bottle,0.7012,800.00,425.00,984.00,925.00,0.888,-1.877
2026-04-03T12:53:05.604Z,33.432,pi:0,bottle,0.7994,800.00,425.00,983.00,926.00,0.886,-1.893
2026-04-03T12:53:05.651Z,33.479,pi:0,bottle,0.8139,799.00,415.00,985.00,921.00,0.878,-1.877
2026-04-03T12:53:05.691Z,33.519,pi:0,bottle,0.7303,798.00,408.00,991.00,926.00,0.857,-1.795
2026-04-03T12:53:05.763Z,33.591,pi:0,bottle,0.7594,801.00,411.00,986.00,924.00,0.866,-1.828
2026-04-03T12:53:05.833Z,33.661,pi:0,bottle,0.8539,802.00,403.00,988.00,926.00,0.849,-1.779
2026-04-03T12:53:05.873Z,33.701,pi:0,bottle,0.8684,800.00,398.00,982.00,930.00,0.835,-1.909
2026-04-03T12:53:05.934Z,33.762,pi:0,bottle,0.8611,799.00,389.00,988.00,928.00,0.824,-1.828
2026-04-03T12:53:05.995Z,33.823,pi:0,bottle,0.8466,794.00,383.00,989.00,930.00,0.812,-1.893
2026-04-03T12:53:06.047Z,33.875,pi:0,bottle,0.8575,794.00,378.00,985.00,929.00,0.806,-1.958
2026-04-03T12:53:06.076Z,33.904,pi:0,bottle,0.8793,797.00,377.00,978.00,931.00,0.801,-2.024
2026-04-03T12:53:06.142Z,33.970,pi:0,bottle,0.8829,797.00,374.00,979.00,931.00,0.797,-2.007
2026-04-03T12:53:06.235Z,34.063,pi:0,bottle,0.8648,798.00,376.00,976.00,930.00,0.801,-2.040
2026-04-03T12:53:06.271Z,34.099,pi:0,bottle,0.8720,797.00,375.00,988.00,931.00,0.799,-1.860
2026-04-03T12:53:06.351Z,34.179,pi:0,bottle,0.8393,797.00,376.00,991.00,928.00,0.804,-1.812
2026-04-03T12:53:06.415Z,34.243,pi:0,bottle,0.8502,796.00,377.00,986.00,932.00,0.800,-1.909
2026-04-03T12:53:06.465Z,34.293,pi:0,bottle,0.7921,794.00,382.00,988.00,929.00,0.812,-1.909
2026-04-03T12:53:06.513Z,34.341,pi:0,bottle,0.7521,791.00,389.00,989.00,928.00,0.824,-1.942
2026-04-03T12:53:06.609Z,34.437,pi:0,bottle,0.7485,789.00,394.00,983.00,928.00,0.832,-2.073
2026-04-03T12:53:06.648Z,34.476,pi:0,bottle,0.7412,788.00,392.00,981.00,927.00,0.830,-2.121
2026-04-03T12:53:06.697Z,34.525,pi:0,bottle,0.7885,789.00,374.00,985.00,928.00,0.801,-2.040
2026-04-03T12:53:06.761Z,34.589,pi:0,bottle,0.7994,791.00,377.00,986.00,926.00,0.809,-1.991
2026-04-03T12:53:06.827Z,34.655,pi:0,bottle,0.8793,792.00,365.00,984.00,928.00,0.789,-2.007
2026-04-03T12:53:06.880Z,34.708,pi:0,bottle,0.8902,793.00,361.00,978.00,930.00,0.780,-2.089
2026-04-03T12:53:06.922Z,34.750,pi:0,bottle,0.9011,795.00,358.00,972.00,939.00,0.764,-2.154
2026-04-03T12:53:07.007Z,34.835,pi:0,bottle,0.8975,794.00,348.00,975.00,926.00,0.768,-2.121
2026-04-03T12:53:07.076Z,34.904,pi:0,bottle,0.8938,794.00,350.00,977.00,925.00,0.772,-2.089
2026-04-03T12:53:07.115Z,34.943,pi:0,bottle,0.8938,793.00,347.00,978.00,927.00,0.766,-2.089
2026-04-03T12:53:07.153Z,34.981,pi:0,bottle,0.8975,793.00,348.00,977.00,926.00,0.768,-2.105
2026-04-03T12:53:07.189Z,35.017,pi:0,bottle,0.8975,793.00,352.00,976.00,926.00,0.774,-2.121
2026-04-03T12:53:07.257Z,35.085,pi:0,bottle,0.9011,793.00,350.00,975.00,926.00,0.771,-2.138
2026-04-03T12:53:07.305Z,35.133,pi:0,bottle,0.9047,793.00,352.00,974.00,926.00,0.774,-2.154
2026-04-03T12:53:07.356Z,35.184,pi:0,bottle,0.9084,792.00,348.00,976.00,927.00,0.767,-2.138
2026-04-03T12:53:07.356Z,35.184,pi:0,bottle,0.2979,714.00,311.00,874.00,517.00,2.155,-5.065
2026-04-03T12:53:07.393Z,35.221,pi:0,bottle,0.9047,794.00,355.00,967.00,934.00,0.767,-2.252
2026-04-03T12:53:07.393Z,35.221,pi:0,bottle,0.2798,715.00,311.00,878.00,517.00,2.155,-4.984
2026-04-03T12:53:07.491Z,35.319,pi:0,bottle,0.9084,792.00,346.00,977.00,926.00,0.766,-2.121
2026-04-03T12:53:07.491Z,35.319,pi:0,bottle,0.3379,715.00,309.00,877.00,517.00,2.135,-5.000
2026-04-03T12:53:07.538Z,35.366,pi:0,bottle,0.9011,792.00,343.00,975.00,926.00,0.762,-2.154
2026-04-03T12:53:07.538Z,35.366,pi:0,bottle,0.3815,716.00,310.00,863.00,517.00,2.145,-5.211
2026-04-03T12:53:07.583Z,35.411,pi:0,bottle,0.9011,791.00,351.00,975.00,926.00,0.772,-2.170
2026-04-03T12:53:07.660Z,35.488,pi:0,bottle,0.9120,791.00,360.00,979.00,926.00,0.784,-2.105
2026-04-03T12:53:07.719Z,35.547,pi:0,bottle,0.8902,790.00,363.00,984.00,929.00,0.784,-2.040
2026-04-03T12:53:07.758Z,35.586,pi:0,bottle,0.8866,789.00,368.00,980.00,928.00,0.793,-2.121
2026-04-03T12:53:07.797Z,35.625,pi:0,bottle,0.9047,790.00,365.00,981.00,927.00,0.790,-2.089
2026-04-03T12:53:07.860Z,35.688,pi:0,bottle,0.9011,790.00,355.00,977.00,927.00,0.776,-2.154
2026-04-03T12:53:07.918Z,35.746,pi:0,bottle,0.8938,790.00,344.00,973.00,926.00,0.763,-2.219
2026-04-03T12:53:07.968Z,35.795,pi:0,bottle,0.8938,790.00,346.00,972.00,927.00,0.764,-2.236
2026-04-03T12:53:08.003Z,35.830,pi:0,bottle,0.8829,791.00,350.00,968.00,922.00,0.776,-2.285
2026-04-03T12:53:08.060Z,35.888,pi:0,bottle,0.8938,791.00,348.00,970.00,924.00,0.771,-2.252
2026-04-03T12:53:08.130Z,35.958,pi:0,bottle,0.8975,791.00,351.00,980.00,928.00,0.770,-2.089
2026-04-03T12:53:08.172Z,36.000,pi:0,bottle,0.9011,791.00,360.00,979.00,927.00,0.783,-2.105
2026-04-03T12:53:08.207Z,36.035,pi:0,bottle,0.9011,791.00,363.00,985.00,930.00,0.783,-2.007
2026-04-03T12:53:08.259Z,36.087,pi:0,bottle,0.9084,791.00,362.00,986.00,928.00,0.784,-1.991
2026-04-03T12:53:08.325Z,36.152,pi:0,bottle,0.8902,790.00,366.00,986.00,930.00,0.787,-2.007
2026-04-03T12:53:08.370Z,36.198,pi:0,bottle,0.9084,790.00,366.00,983.00,928.00,0.790,-2.056
2026-04-03T12:53:08.409Z,36.237,pi:0,bottle,0.9120,790.00,369.00,981.00,929.00,0.793,-2.089
2026-04-03T12:53:08.443Z,36.271,pi:0,bottle,0.9047,791.00,369.00,981.00,929.00,0.793,-2.073
2026-04-03T12:53:08.482Z,36.310,pi:0,bottle,0.8975,791.00,365.00,981.00,928.00,0.789,-2.073
2026-04-03T12:53:08.517Z,36.345,pi:0,bottle,0.9011,790.00,368.00,980.00,928.00,0.793,-2.105
2026-04-03T12:53:08.571Z,36.398,pi:0,bottle,0.8975,790.00,369.00,984.00,929.00,0.793,-2.040
2026-04-03T12:53:08.638Z,36.466,pi:0,bottle,0.8866,789.00,364.00,984.00,928.00,0.787,-2.056
2026-04-03T12:53:08.682Z,36.510,pi:0,bottle,0.8829,789.00,372.00,981.00,928.00,0.799,-2.105
2026-04-03T12:53:08.721Z,36.549,pi:0,bottle,0.8757,788.00,369.00,988.00,929.00,0.793,-2.007
2026-04-03T12:53:08.781Z,36.609,pi:0,bottle,0.8829,789.00,369.00,986.00,929.00,0.793,-2.024
2026-04-03T12:53:08.842Z,36.670,pi:0,bottle,0.8866,789.00,369.00,989.00,930.00,0.791,-1.975
2026-04-03T12:53:08.882Z,36.710,pi:0,bottle,0.8866,790.00,370.00,983.00,929.00,0.794,-2.056
2026-04-03T12:53:08.917Z,36.745,pi:0,bottle,0.8975,789.00,370.00,980.00,929.00,0.794,-2.121
2026-04-03T12:53:08.971Z,36.799,pi:0,bottle,0.9011,790.00,368.00,985.00,929.00,0.791,-2.024
2026-04-03T12:53:09.034Z,36.862,pi:0,bottle,0.8866,790.00,365.00,988.00,930.00,0.786,-1.975
2026-04-03T12:53:09.087Z,36.915,pi:0,bottle,0.8866,789.00,359.00,981.00,929.00,0.779,-2.105
2026-04-03T12:53:09.113Z,36.940,pi:0,bottle,0.8866,789.00,368.00,984.00,929.00,0.791,-2.056
2026-04-03T12:53:09.269Z,37.097,pi:0,bottle,0.9084,790.00,370.00,989.00,929.00,0.794,-1.958
2026-04-03T12:53:09.301Z,37.128,pi:0,bottle,0.9011,790.00,369.00,987.00,930.00,0.791,-1.991
2026-04-03T12:53:09.341Z,37.169,pi:0,bottle,0.8975,790.00,370.00,985.00,929.00,0.794,-2.024
2026-04-03T12:53:09.382Z,37.210,pi:0,bottle,0.9084,789.00,370.00,986.00,929.00,0.794,-2.024
2026-04-03T12:53:09.437Z,37.264,pi:0,bottle,0.8902,788.00,369.00,986.00,929.00,0.793,-2.040
2026-04-03T12:53:09.504Z,37.332,pi:0,bottle,0.8938,789.00,370.00,990.00,929.00,0.794,-1.958
2026-04-03T12:53:09.548Z,37.376,pi:0,bottle,0.9011,789.00,369.00,988.00,929.00,0.793,-1.991
2026-04-03T12:53:09.585Z,37.413,pi:0,bottle,0.8066,788.00,362.00,989.00,926.00,0.787,-1.991
2026-04-03T12:53:09.634Z,37.462,pi:0,bottle,0.8720,787.00,360.00,988.00,928.00,0.782,-2.024
2026-04-03T12:53:09.699Z,37.527,pi:0,bottle,0.8720,788.00,370.00,986.00,926.00,0.799,-2.040
2026-04-03T12:53:09.745Z,37.573,pi:0,bottle,0.8720,788.00,368.00,987.00,928.00,0.793,-2.024
2026-04-03T12:53:09.790Z,37.618,pi:0,bottle,0.8902,787.00,365.00,981.00,925.00,0.793,-2.138
2026-04-03T12:53:09.846Z,37.674,pi:0,bottle,0.8938,787.00,365.00,984.00,927.00,0.790,-2.089
2026-04-03T12:53:09.913Z,37.740,pi:0,bottle,0.8866,787.00,367.00,985.00,927.00,0.793,-2.073
2026-04-03T12:53:09.960Z,37.788,pi:0,bottle,0.8793,784.00,357.00,985.00,929.00,0.776,-2.121
2026-04-03T12:53:09.994Z,37.822,pi:0,bottle,0.9011,787.00,362.00,985.00,928.00,0.784,-2.073
2026-04-03T12:53:10.033Z,37.861,pi:0,bottle,0.9084,788.00,355.00,977.00,927.00,0.776,-2.187
2026-04-03T12:53:10.068Z,37.896,pi:0,bottle,0.8648,790.00,349.00,974.00,927.00,0.768,-2.203
2026-04-03T12:53:10.107Z,37.935,pi:0,bottle,0.8357,790.00,341.00,976.00,926.00,0.759,-2.170
2026-04-03T12:53:10.166Z,37.994,pi:0,bottle,0.7449,789.00,339.00,965.00,926.00,0.756,-2.366
2026-04-03T12:53:10.230Z,38.057,pi:0,bottle,0.9084,784.00,332.00,959.00,924.00,0.750,-2.545
2026-04-03T12:53:10.274Z,38.102,pi:0,bottle,0.9265,781.00,337.00,966.00,917.00,0.766,-2.480
2026-04-03T12:53:10.310Z,38.137,pi:0,bottle,0.9047,783.00,357.00,961.00,921.00,0.787,-2.529
2026-04-03T12:53:10.369Z,38.197,pi:0,bottle,0.7340,784.00,409.00,975.00,918.00,0.872,-2.285
2026-04-03T12:53:10.425Z,38.252,pi:0,bottle,0.4178,783.00,445.00,971.00,924.00,0.927,-2.366
2026-04-03T12:53:10.616Z,38.443,pi:0,bottle,0.5159,783.00,350.00,944.00,612.00,1.695,-2.806
2026-04-03T12:53:10.669Z,38.497,pi:0,bottle,0.6903,785.00,351.00,971.00,796.00,0.998,-2.333
2026-04-03T12:53:10.706Z,38.534,pi:0,bottle,0.7630,801.00,346.00,981.00,918.00,0.776,-1.909
2026-04-03T12:53:10.757Z,38.585,pi:0,bottle,0.9084,805.00,349.00,991.00,935.00,0.758,-1.681
2026-04-03T12:53:10.829Z,38.657,pi:0,bottle,0.8938,807.00,355.00,992.00,936.00,0.764,-1.632
2026-04-03T12:53:10.903Z,38.731,pi:0,bottle,0.9011,807.00,362.00,994.00,930.00,0.782,-1.599
2026-04-03T12:53:10.949Z,38.777,pi:0,bottle,0.7703,792.00,365.00,988.00,929.00,0.787,-1.942
2026-04-03T12:53:10.988Z,38.815,pi:0,bottle,0.8466,787.00,364.00,984.00,923.00,0.794,-2.089
2026-04-03T12:53:11.024Z,38.851,pi:0,bottle,0.6903,787.00,363.00,983.00,923.00,0.793,-2.105
2026-04-03T12:53:11.073Z,38.901,pi:0,bottle,0.8284,788.00,363.00,985.00,923.00,0.793,-2.056
2026-04-03T12:53:11.141Z,38.969,pi:0,bottle,0.7921,788.00,363.00,985.00,926.00,0.789,-2.056
2026-04-03T12:53:11.181Z,39.009,pi:0,bottle,0.7376,789.00,364.00,985.00,923.00,0.794,-2.040
2026-04-03T12:53:11.224Z,39.052,pi:0,bottle,0.7122,790.00,364.00,982.00,923.00,0.794,-2.073
2026-04-03T12:53:11.288Z,39.116,pi:0,bottle,0.7412,790.00,364.00,978.00,923.00,0.794,-2.138
2026-04-03T12:53:11.336Z,39.164,pi:0,bottle,0.7122,791.00,364.00,982.00,923.00,0.794,-2.056
2026-04-03T12:53:11.382Z,39.210,pi:0,bottle,0.6831,790.00,365.00,983.00,923.00,0.796,-2.056
2026-04-03T12:53:11.419Z,39.247,pi:0,bottle,0.7303,788.00,365.00,972.00,938.00,0.775,-2.268
2026-04-03T12:53:11.478Z,39.306,pi:0,bottle,0.7340,789.00,365.00,983.00,925.00,0.793,-2.073
2026-04-03T12:53:11.545Z,39.373,pi:0,bottle,0.6976,789.00,364.00,986.00,926.00,0.790,-2.024
2026-04-03T12:53:11.585Z,39.413,pi:0,bottle,0.5668,787.00,365.00,983.00,923.00,0.796,-2.105
2026-04-03T12:53:11.622Z,39.450,pi:0,bottle,0.6794,787.00,366.00,981.00,924.00,0.796,-2.138
2026-04-03T12:53:11.679Z,39.507,pi:0,bottle,0.6794,788.00,365.00,982.00,925.00,0.793,-2.105
2026-04-03T12:53:11.742Z,39.570,pi:0,bottle,0.7085,787.00,366.00,986.00,927.00,0.791,-2.056
2026-04-03T12:53:11.794Z,39.622,pi:0,bottle,0.6722,787.00,366.00,985.00,924.00,0.796,-2.073
2026-04-03T12:53:11.831Z,39.658,pi:0,bottle,0.5959,800.00,366.00,975.00,923.00,0.797,-2.024
2026-04-03T12:53:11.886Z,39.714,pi:0,bottle,0.9265,799.00,343.00,962.00,916.00,0.775,-2.252
2026-04-03T12:53:11.951Z,39.779,pi:0,bottle,0.9011,789.00,338.00,950.00,909.00,0.778,-2.611
2026-04-03T12:53:12.001Z,39.829,pi:0,bottle,0.8938,779.00,328.00,947.00,888.00,0.793,-2.822
2026-04-03T12:53:12.036Z,39.864,pi:0,bottle,0.8829,798.00,315.00,964.00,784.00,0.947,-2.236
2026-04-03T12:53:12.104Z,39.932,pi:0,bottle,0.7485,803.00,309.00,974.00,773.00,0.957,-1.991
2026-04-03T12:53:12.169Z,39.997,pi:0,bottle,0.7994,819.00,301.00,981.00,700.00,1.113,-1.616
2026-04-03T12:53:12.217Z,40.045,pi:0,bottle,0.7340,826.00,353.00,964.00,687.00,1.329,-1.779
2026-04-03T12:53:12.271Z,40.099,pi:0,bottle,0.3379,823.00,391.00,996.00,711.00,1.388,-1.306
2026-04-03T12:53:12.827Z,40.655,pi:0,bottle,0.4241,805.00,474.00,930.00,685.00,2.104,-2.676
2026-04-03T12:53:12.955Z,40.783,pi:0,bottle,0.3815,786.00,442.00,929.00,744.00,1.470,-3.002
2026-04-03T12:53:13.021Z,40.849,pi:0,bottle,0.4941,767.00,469.00,916.00,828.00,1.237,-3.522
2026-04-03T12:53:13.151Z,40.979,pi:0,bottle,0.6104,738.00,492.00,912.00,881.00,1.141,-4.059
2026-04-03T12:53:13.199Z,41.027,pi:0,bottle,0.8393,732.00,491.00,926.00,883.00,1.133,-3.929
2026-04-03T12:53:13.248Z,41.076,pi:0,bottle,0.4396,723.00,486.00,926.00,901.00,1.070,-4.075
2026-04-03T12:53:13.323Z,41.151,pi:0,bottle,0.4469,709.00,492.00,922.00,923.00,1.030,-4.368
2026-04-03T12:53:15.551Z,43.379,pi:0,bottle,0.7197,718.00,227.00,985.00,928.00,0.633,-3.197
2026-04-03T12:53:15.597Z,43.425,pi:0,bottle,0.5559,718.00,206.00,926.00,922.00,0.620,-4.156
2026-04-03T12:53:15.647Z,43.475,pi:0,bottle,0.5331,716.00,203.00,941.00,923.00,0.617,-3.945
2026-04-03T12:53:15.711Z,43.539,pi:0,bottle,0.4684,717.00,173.00,953.00,921.00,0.594,-3.734
2026-04-03T12:53:15.711Z,43.539,pi:0,bottle,0.2689,717.00,194.00,921.00,675.00,0.923,-4.254
2026-04-03T12:53:15.747Z,43.575,pi:0,bottle,0.6892,721.00,187.00,963.00,925.00,0.602,-3.506
2026-04-03T12:53:15.786Z,43.614,pi:0,bottle,0.7616,724.00,183.00,970.00,924.00,0.599,-3.343
2026-04-03T12:53:15.872Z,43.700,pi:0,bottle,0.6968,727.00,183.00,962.00,926.00,0.598,-3.425
2026-04-03T12:53:15.908Z,43.736,pi:0,bottle,0.5064,730.00,182.00,949.00,924.00,0.598,-3.587
2026-04-03T12:53:15.947Z,43.775,pi:0,bottle,0.3275,727.00,179.00,969.00,926.00,0.594,-3.311
2026-04-03T12:53:15.999Z,43.826,pi:0,bottle,0.4531,729.00,180.00,959.00,924.00,0.597,-3.441
2026-04-03T12:53:16.057Z,43.885,pi:0,bottle,0.5179,729.00,180.00,947.00,924.00,0.597,-3.636
2026-04-03T12:53:16.114Z,43.942,pi:0,bottle,0.6207,729.00,177.00,964.00,925.00,0.594,-3.360
2026-04-03T12:53:16.114Z,43.942,pi:0,bottle,0.5050,729.00,159.00,927.00,775.00,0.721,-3.961
2026-04-03T12:53:16.151Z,43.979,pi:0,bottle,0.5826,730.00,178.00,960.00,924.00,0.595,-3.409
2026-04-03T12:53:16.151Z,43.979,pi:0,bottle,0.5232,730.00,160.00,926.00,788.00,0.707,-3.961
2026-04-03T12:53:16.215Z,44.043,pi:0,bottle,0.5369,729.00,177.00,988.00,926.00,0.593,-2.969
2026-04-03T12:53:16.215Z,44.043,pi:0,bottle,0.4178,729.00,160.00,925.00,790.00,0.705,-3.994
2026-04-03T12:53:16.306Z,44.134,pi:0,bottle,0.5940,731.00,178.00,974.00,926.00,0.594,-3.164
2026-04-03T12:53:16.306Z,44.134,pi:0,bottle,0.3052,731.00,160.00,925.00,784.00,0.712,-3.961
2026-04-03T12:53:16.383Z,44.211,pi:0,bottle,0.7463,736.00,177.00,977.00,926.00,0.593,-3.034
2026-04-03T12:53:16.383Z,44.211,pi:0,bottle,0.3524,736.00,155.00,926.00,778.00,0.713,-3.864
2026-04-03T12:53:16.442Z,44.270,pi:0,bottle,0.6054,750.00,168.00,971.00,924.00,0.587,-2.904
2026-04-03T12:53:16.442Z,44.270,pi:0,bottle,0.5450,750.00,160.00,925.00,776.00,0.721,-3.653
2026-04-03T12:53:16.487Z,44.315,pi:0,bottle,0.8902,766.00,157.00,929.00,756.00,0.741,-3.327
2026-04-03T12:53:16.539Z,44.367,pi:0,bottle,0.7776,768.00,178.00,952.00,772.00,0.748,-2.920
2026-04-03T12:53:16.567Z,44.395,pi:0,bottle,0.8453,767.00,187.00,958.00,774.00,0.756,-2.839
2026-04-03T12:53:16.630Z,44.458,pi:0,bottle,0.9101,763.00,189.00,962.00,776.00,0.756,-2.839
2026-04-03T12:53:16.696Z,44.524,pi:0,bottle,0.9063,763.00,192.00,962.00,775.00,0.762,-2.839
2026-04-03T12:53:16.733Z,44.561,pi:0,bottle,0.8568,765.00,190.00,960.00,765.00,0.772,-2.839
2026-04-03T12:53:16.775Z,44.603,pi:0,bottle,0.8866,762.00,174.00,960.00,766.00,0.750,-2.888
2026-04-03T12:53:16.825Z,44.653,pi:0,bottle,0.8910,763.00,191.00,960.00,764.00,0.775,-2.871
2026-04-03T12:53:16.883Z,44.710,pi:0,bottle,0.8975,761.00,184.00,961.00,754.00,0.779,-2.888
2026-04-03T12:53:16.935Z,44.763,pi:0,bottle,0.8829,760.00,183.00,962.00,747.00,0.787,-2.888
2026-04-03T12:53:16.971Z,44.798,pi:0,bottle,0.8648,760.00,181.00,963.00,746.00,0.786,-2.871
2026-04-03T12:53:17.027Z,44.855,pi:0,bottle,0.8720,760.00,183.00,963.00,750.00,0.783,-2.871
2026-04-03T12:53:17.091Z,44.919,pi:0,bottle,0.8757,760.00,181.00,962.00,750.00,0.780,-2.888
2026-04-03T12:53:17.138Z,44.966,pi:0,bottle,0.8793,760.00,183.00,962.00,749.00,0.784,-2.888
2026-04-03T12:53:17.176Z,45.004,pi:0,bottle,0.8986,757.00,193.00,962.00,756.00,0.789,-2.936
2026-04-03T12:53:17.236Z,45.064,pi:0,bottle,0.8910,761.00,192.00,958.00,753.00,0.791,-2.936
2026-04-03T12:53:17.289Z,45.117,pi:0,bottle,0.8910,759.00,194.00,958.00,752.00,0.796,-2.969
2026-04-03T12:53:17.324Z,45.152,pi:0,bottle,0.7194,757.00,182.00,938.00,753.00,0.778,-3.327
2026-04-03T12:53:17.369Z,45.197,pi:0,bottle,0.7594,742.00,182.00,923.00,753.00,0.778,-3.815
2026-04-03T12:53:17.369Z,45.197,pi:0,bottle,0.2652,750.00,195.00,923.00,605.00,1.083,-3.685
2026-04-03T12:53:17.409Z,45.237,pi:0,bottle,0.7485,730.00,177.00,905.00,752.00,0.772,-4.303
2026-04-03T12:53:17.409Z,45.237,pi:0,bottle,0.3125,741.00,197.00,902.00,630.00,1.025,-4.173
2026-04-03T12:53:17.489Z,45.320,pi:0,bottle,0.7776,711.00,199.00,878.00,595.00,1.121,-5.049
2026-04-03T12:53:17.525Z,45.353,pi:0,bottle,0.7885,677.00,187.00,845.00,581.00,1.127,-6.133
2026-04-03T12:53:17.570Z,45.398,pi:0,bottle,0.6613,663.00,185.00,831.00,576.00,1.136,-6.584
2026-04-03T12:53:17.689Z,45.517,pi:0,bottle,0.8139,629.00,186.00,793.00,570.00,1.156,-7.742
2026-04-03T12:53:17.731Z,45.558,pi:0,bottle,0.7739,584.00,193.00,741.00,717.00,0.847,-9.291
2026-04-03T12:53:17.765Z,45.593,pi:0,bottle,0.5087,571.00,195.00,723.00,580.00,1.153,-9.783
2026-04-03T12:53:17.765Z,45.593,pi:0,bottle,0.3779,569.00,188.00,728.00,717.00,0.839,-9.736
2026-04-03T12:53:17.828Z,45.655,pi:0,bottle,0.7994,560.00,194.00,711.00,723.00,0.839,-10.148
2026-04-03T12:53:17.893Z,45.726,pi:0,bottle,0.8793,535.00,198.00,685.00,729.00,0.836,-10.953
2026-04-03T12:53:17.940Z,45.768,pi:0,bottle,0.8430,515.00,198.00,668.00,718.00,0.854,-11.534
2026-04-03T12:53:17.980Z,45.808,pi:0,bottle,0.8502,511.00,203.00,662.00,710.00,0.876,-11.691
2026-04-03T12:53:18.025Z,45.853,pi:0,bottle,0.7703,500.00,202.00,649.00,656.00,0.978,-12.066
2026-04-03T12:53:18.107Z,45.935,pi:0,bottle,0.8648,498.00,201.00,646.00,719.00,0.857,-12.144
2026-04-03T12:53:18.143Z,45.971,pi:0,bottle,0.7594,491.00,201.00,640.00,680.00,0.927,-12.347
2026-04-03T12:53:18.180Z,46.008,pi:0,bottle,0.6903,485.00,192.00,636.00,716.00,0.847,-12.502
2026-04-03T12:53:18.245Z,46.072,pi:0,bottle,0.7376,485.00,198.00,637.00,610.00,1.078,-12.487
2026-04-03T12:53:18.303Z,46.131,pi:0,bottle,0.7049,483.00,188.00,633.00,714.00,0.844,-12.580
2026-04-03T12:53:18.348Z,46.176,pi:0,bottle,0.7630,482.00,180.00,632.00,711.00,0.836,-12.611
2026-04-03T12:53:18.385Z,46.212,pi:0,bottle,0.8212,482.00,173.00,630.00,710.00,0.827,-12.642
2026-04-03T12:53:18.446Z,46.274,pi:0,bottle,0.8611,481.00,172.00,627.00,710.00,0.825,-12.705
2026-04-03T12:53:18.503Z,46.331,pi:0,bottle,0.8829,479.00,185.00,629.00,712.00,0.843,-12.705
2026-04-03T12:53:18.564Z,46.392,pi:0,bottle,0.8502,476.00,194.00,626.00,710.00,0.861,-12.798
2026-04-03T12:53:18.612Z,46.440,pi:0,bottle,0.8684,477.00,201.00,626.00,714.00,0.866,-12.782
2026-04-03T12:53:18.697Z,46.525,pi:0,bottle,0.7376,478.00,186.00,630.00,713.00,0.843,-12.705
2026-04-03T12:53:18.752Z,46.580,pi:0,bottle,0.8539,481.00,190.00,636.00,606.00,1.067,-12.565
2026-04-03T12:53:18.802Z,46.630,pi:0,bottle,0.8357,498.00,188.00,657.00,585.00,1.118,-11.972
2026-04-03T12:53:18.875Z,46.703,pi:0,bottle,0.6722,505.00,193.00,666.00,716.00,0.849,-11.722
2026-04-03T12:53:18.926Z,46.754,pi:0,bottle,0.6576,515.00,203.00,674.00,726.00,0.849,-11.440
2026-04-03T12:53:18.979Z,46.807,pi:0,bottle,0.8212,558.00,196.00,715.00,565.00,1.203,-10.116
2026-04-03T12:53:19.031Z,46.859,pi:0,bottle,0.8284,587.00,198.00,751.00,571.00,1.190,-9.084
2026-04-03T12:53:19.121Z,46.949,pi:0,bottle,0.8139,604.00,196.00,771.00,568.00,1.194,-8.494
2026-04-03T12:53:19.168Z,46.995,pi:0,bottle,0.7085,637.00,195.00,809.00,568.00,1.190,-7.357
2026-04-03T12:53:19.225Z,47.053,pi:0,bottle,0.6940,676.00,180.00,845.00,568.00,1.144,-6.149
2026-04-03T12:53:19.311Z,47.139,pi:0,bottle,0.7267,713.00,171.00,885.00,634.00,0.959,-4.903
2026-04-03T12:53:19.345Z,47.173,pi:0,bottle,0.6794,725.00,162.00,918.00,617.00,0.976,-4.173
2026-04-03T12:53:19.401Z,47.229,pi:0,bottle,0.4215,765.00,156.00,955.00,657.00,0.886,-2.920
2026-04-03T12:53:19.439Z,47.267,pi:0,bottle,0.3742,778.00,151.00,977.00,622.00,0.943,-2.350
2026-04-03T12:53:19.485Z,47.313,pi:0,bottle,0.7885,793.00,148.00,988.00,655.00,0.876,-1.926
2026-04-03T12:53:19.529Z,47.357,pi:0,bottle,0.7558,820.00,132.00,1015.00,647.00,0.862,-1.044
2026-04-03T12:53:19.576Z,47.404,pi:0,bottle,0.8066,834.00,126.00,1033.00,650.00,0.847,-0.522
2026-04-03T12:53:19.634Z,47.462,pi:0,bottle,0.7921,855.00,112.00,1057.00,655.00,0.818,0.213
2026-04-03T12:53:19.634Z,47.462,pi:0,bottle,0.3732,846.00,114.00,1065.00,838.00,0.613,0.197
2026-04-03T12:53:19.704Z,47.532,pi:0,bottle,0.7776,868.00,102.00,1070.00,658.00,0.799,0.637
2026-04-03T12:53:19.763Z,47.591,pi:0,bottle,0.8975,890.00,86.00,1095.00,649.00,0.789,1.405
2026-04-03T12:53:19.800Z,47.627,pi:0,bottle,0.8139,911.00,64.00,1113.00,640.00,0.771,2.041
2026-04-03T12:53:19.884Z,47.712,pi:0,bottle,0.8466,917.00,53.00,1125.00,634.00,0.764,2.335
2026-04-03T12:53:19.935Z,47.763,pi:0,bottle,0.8357,938.00,27.00,1150.00,626.00,0.741,3.084
2026-04-03T12:53:19.935Z,47.763,pi:0,bottle,0.2894,920.00,21.00,1154.00,830.00,0.549,2.856
2026-04-03T12:53:19.976Z,47.803,pi:0,bottle,0.7376,961.00,29.00,1178.00,626.00,0.744,3.914
2026-04-03T12:53:20.029Z,47.856,pi:0,bottle,0.7122,968.00,30.00,1189.00,629.00,0.741,4.206
2026-04-03T12:53:20.029Z,47.856,pi:0,bottle,0.6816,951.00,28.00,1191.00,832.00,0.552,3.963
2026-04-03T12:53:20.080Z,47.908,pi:0,bottle,0.7616,922.00,26.00,1213.00,829.00,0.553,3.849
2026-04-03T12:53:20.080Z,47.908,pi:0,bottle,0.3379,985.00,17.00,1210.00,653.00,0.698,4.823
2026-04-03T12:53:20.170Z,47.998,pi:0,bottle,0.8301,920.00,22.00,1221.00,832.00,0.548,3.946
2026-04-03T12:53:20.192Z,48.020,pi:0,bottle,0.7425,919.00,23.00,1240.00,891.00,0.512,4.239
2026-04-03T12:53:20.307Z,48.135,pi:0,bottle,0.7996,925.00,25.00,1244.00,935.00,0.488,4.401
2026-04-03T12:53:20.345Z,48.173,pi:0,bottle,0.7616,948.00,40.00,1250.00,858.00,0.543,4.872
2026-04-03T12:53:20.345Z,48.173,pi:0,bottle,0.5196,1024.00,31.00,1250.00,735.00,0.631,6.101
2026-04-03T12:53:20.393Z,48.220,pi:0,bottle,0.6587,974.00,54.00,1252.00,881.00,0.537,5.325
2026-04-03T12:53:20.393Z,48.220,pi:0,bottle,0.6213,1032.00,51.00,1255.00,702.00,0.682,6.311
2026-04-03T12:53:20.424Z,48.252,pi:0,bottle,0.5813,1037.00,56.00,1258.00,721.00,0.668,6.440
2026-04-03T12:53:20.424Z,48.252,pi:0,bottle,0.5750,980.00,58.00,1256.00,848.00,0.562,5.487
2026-04-03T12:53:20.496Z,48.324,pi:0,bottle,0.6722,1042.00,57.00,1261.00,691.00,0.700,6.569
2026-04-03T12:53:20.496Z,48.324,pi:0,bottle,0.5179,987.00,52.00,1260.00,889.00,0.530,5.665
2026-04-03T12:53:20.557Z,48.385,pi:0,bottle,0.8415,1031.00,64.00,1272.00,852.00,0.563,6.569
2026-04-03T12:53:20.589Z,48.417,pi:0,bottle,0.7463,1054.00,62.00,1307.00,897.00,0.532,7.502
2026-04-03T12:53:20.633Z,48.462,pi:0,bottle,0.7412,1088.00,57.00,1316.00,719.00,0.671,8.191
2026-04-03T12:53:20.633Z,48.462,pi:0,bottle,0.6169,1044.00,61.00,1319.00,879.00,0.543,7.534
2026-04-03T12:53:20.675Z,48.502,pi:0,bottle,0.5902,1006.00,59.00,1333.00,923.00,0.514,7.149
2026-04-03T12:53:20.675Z,48.502,pi:0,bottle,0.4869,1103.00,59.00,1309.00,745.00,0.647,8.319
2026-04-03T12:53:20.709Z,48.537,pi:0,bottle,0.5788,1130.00,64.00,1369.00,902.00,0.530,9.705
2026-04-03T12:53:20.757Z,48.584,pi:0,bottle,0.6283,1172.00,58.00,1417.00,936.00,0.506,11.127
2026-04-03T12:53:20.757Z,48.584,pi:0,bottle,0.2780,1056.00,58.00,1420.00,937.00,0.505,9.340
2026-04-03T12:53:20.830Z,48.658,pi:0,bottle,0.5331,1174.00,58.00,1436.00,941.00,0.503,11.456
2026-04-03T12:53:20.872Z,48.699,pi:0,bottle,0.4874,1177.00,44.00,1452.00,943.00,0.494,11.754
2026-04-03T12:53:20.912Z,48.739,pi:0,bottle,0.8453,1255.00,65.00,1536.00,972.00,0.490,14.265
2026-04-03T12:53:20.955Z,48.782,pi:0,bottle,0.8491,1279.00,69.00,1559.00,978.00,0.488,14.984
2026-04-03T12:53:21.031Z,48.859,pi:0,bottle,0.9291,1297.00,82.00,1584.00,980.00,0.494,15.637
2026-04-03T12:53:21.070Z,48.898,pi:0,bottle,0.9139,1303.00,82.00,1606.00,982.00,0.493,16.060
2026-04-03T12:53:21.109Z,48.937,pi:0,bottle,0.9139,1342.00,100.00,1655.00,987.00,0.501,17.378
2026-04-03T12:53:21.146Z,48.974,pi:0,bottle,0.8758,1384.00,90.00,1693.00,994.00,0.491,18.560
2026-04-03T12:53:21.212Z,49.039,pi:0,bottle,0.9481,1395.00,104.00,1707.00,993.00,0.499,18.927
2026-04-03T12:53:21.243Z,49.071,pi:0,bottle,0.9367,1409.00,104.00,1726.00,992.00,0.500,19.407
2026-04-03T12:53:21.293Z,49.121,pi:0,bottle,0.9291,1430.00,104.00,1747.00,995.00,0.498,20.015
2026-04-03T12:53:21.345Z,49.172,pi:0,bottle,0.9443,1433.00,100.00,1753.00,996.00,0.496,20.145
2026-04-03T12:53:21.411Z,49.239,pi:0,bottle,0.9558,1435.00,98.00,1756.00,995.00,0.495,20.217
2026-04-03T12:53:21.459Z,49.286,pi:0,bottle,0.9596,1435.00,88.00,1748.00,993.00,0.491,20.102
2026-04-03T12:53:21.489Z,49.317,pi:0,bottle,0.9596,1431.00,85.00,1741.00,993.00,0.489,19.943
2026-04-03T12:53:21.549Z,49.377,pi:0,bottle,0.9519,1426.00,86.00,1743.00,993.00,0.490,19.900
2026-04-03T12:53:21.620Z,49.448,pi:0,bottle,0.9519,1426.00,86.00,1743.00,992.00,0.490,19.900
2026-04-03T12:53:21.662Z,49.489,pi:0,bottle,0.9405,1427.00,86.00,1745.00,995.00,0.488,19.943
2026-04-03T12:53:21.698Z,49.525,pi:0,bottle,0.9596,1431.00,88.00,1743.00,994.00,0.490,19.972
2026-04-03T12:53:21.749Z,49.577,pi:0,bottle,0.9596,1430.00,89.00,1743.00,994.00,0.491,19.957
2026-04-03T12:53:21.825Z,49.653,pi:0,bottle,0.9634,1431.00,90.00,1743.00,995.00,0.491,19.972
2026-04-03T12:53:21.866Z,49.694,pi:0,bottle,0.9558,1422.00,89.00,1738.00,994.00,0.491,19.770
2026-04-03T12:53:21.900Z,49.728,pi:0,bottle,0.9519,1426.00,86.00,1739.00,995.00,0.488,19.842
2026-04-03T12:53:21.954Z,49.781,pi:0,bottle,0.9481,1420.00,88.00,1738.00,994.00,0.490,19.741
2026-04-03T12:53:22.023Z,49.851,pi:0,bottle,0.9519,1420.00,88.00,1736.00,994.00,0.490,19.712
2026-04-03T12:53:22.064Z,49.892,pi:0,bottle,0.9596,1418.00,85.00,1734.00,994.00,0.488,19.654
2026-04-03T12:53:22.103Z,49.931,pi:0,bottle,0.9558,1418.00,86.00,1732.00,997.00,0.487,19.625
2026-04-03T12:53:22.136Z,49.963,pi:0,bottle,0.9596,1415.00,85.00,1730.00,994.00,0.488,19.552
2026-04-03T12:53:22.178Z,50.006,pi:0,bottle,0.9596,1417.00,85.00,1728.00,993.00,0.489,19.552
2026-04-03T12:53:22.213Z,50.041,pi:0,bottle,0.9634,1414.00,85.00,1728.00,993.00,0.489,19.509
2026-04-03T12:53:22.272Z,50.100,pi:0,bottle,0.9596,1414.00,85.00,1726.00,995.00,0.488,19.480
2026-04-03T12:53:22.339Z,50.167,pi:0,bottle,0.9634,1410.00,89.00,1720.00,992.00,0.492,19.335
2026-04-03T12:53:22.380Z,50.208,pi:0,bottle,0.9519,1400.00,91.00,1705.00,994.00,0.492,18.970
2026-04-03T12:53:22.420Z,50.248,pi:0,bottle,0.9177,1391.00,89.00,1692.00,996.00,0.490,18.648
2026-04-03T12:53:22.469Z,50.297,pi:0,bottle,0.9443,1384.00,86.00,1684.00,996.00,0.488,18.428
2026-04-03T12:53:22.544Z,50.372,pi:0,bottle,0.9291,1373.00,92.00,1673.00,996.00,0.491,18.104
2026-04-03T12:53:22.589Z,50.417,pi:0,bottle,0.9063,1343.00,100.00,1636.00,985.00,0.502,17.110
2026-04-03T12:53:22.623Z,50.451,pi:0,bottle,0.7463,1301.00,119.00,1620.00,985.00,0.513,16.241
2026-04-03T12:53:22.705Z,50.533,pi:0,bottle,0.3732,1261.00,27.00,1587.00,985.00,0.463,15.136
2026-04-03T12:53:22.740Z,50.568,pi:0,bottle,0.5712,1240.00,179.00,1547.00,978.00,0.556,14.204
2026-04-03T12:53:22.812Z,50.640,pi:0,bottle,0.6740,1215.00,183.00,1512.00,977.00,0.559,13.279
2026-04-03T12:53:22.852Z,50.680,pi:0,bottle,0.6613,1185.00,178.00,1455.00,875.00,0.637,11.926
2026-04-03T12:53:22.902Z,50.730,pi:0,bottle,0.8938,1172.00,178.00,1431.00,844.00,0.667,11.347
2026-04-03T12:53:22.939Z,50.767,pi:0,bottle,0.8139,1169.00,165.00,1436.00,830.00,0.668,11.378
2026-04-03T12:53:23.057Z,50.884,pi:0,bottle,0.3234,1587.00,812.00,1711.00,959.00,3.021,21.740
2026-04-03T12:53:23.092Z,50.920,pi:0,bottle,0.4142,982.00,261.00,1167.00,533.00,1.632,4.076
2026-04-03T12:53:23.092Z,50.920,pi:0,bottle,0.3415,1513.00,819.00,1647.00,970.00,2.941,19.770
2026-04-03T12:53:23.136Z,50.964,pi:0,bottle,0.6549,939.00,280.00,1241.00,923.00,0.691,4.580
2026-04-03T12:53:23.188Z,51.015,pi:0,bottle,0.8720,864.00,305.00,1189.00,923.00,0.718,2.514
2026-04-03T12:53:23.188Z,51.015,pi:0,bottle,0.3161,926.00,299.00,1191.00,804.00,0.879,3.556
2026-04-03T12:53:23.188Z,51.015,pi:0,bottle,0.3016,1413.00,834.00,1542.00,973.00,3.194,16.752
2026-04-03T12:53:23.236Z,51.064,pi:0,bottle,0.7692,866.00,312.00,1166.00,925.00,0.724,2.171
2026-04-03T12:53:23.281Z,51.108,pi:0,bottle,0.7994,850.00,324.00,1109.00,828.00,0.881,0.980
2026-04-03T12:53:23.319Z,51.147,pi:0,bottle,0.4905,846.00,334.00,1037.00,558.00,1.982,-0.261
2026-04-03T12:53:23.444Z,51.272,pi:0,bottle,0.6976,813.00,357.00,1037.00,787.00,1.033,-0.800
2026-04-03T12:53:23.479Z,51.307,pi:0,bottle,0.7776,818.00,351.00,1010.00,921.00,0.779,-1.159
2026-04-03T12:53:23.512Z,51.340,pi:0,bottle,0.5850,828.00,319.00,1003.00,683.00,1.220,-1.110
2026-04-03T12:53:23.512Z,51.340,pi:0,bottle,0.5232,820.00,316.00,1004.00,913.00,0.744,-1.224
2026-04-03T12:53:23.565Z,51.392,pi:0,bottle,0.8357,845.00,309.00,1004.00,674.00,1.216,-0.816
2026-04-03T12:53:23.644Z,51.472,pi:0,bottle,0.8575,845.00,305.00,1004.00,660.00,1.251,-0.816
2026-04-03T12:53:23.683Z,51.511,pi:0,bottle,0.8575,867.00,297.00,1017.00,692.00,1.124,-0.244
2026-04-03T12:53:23.718Z,51.546,pi:0,bottle,0.8648,890.00,266.00,1021.00,714.00,0.991,0.197
2026-04-03T12:53:23.779Z,51.607,pi:0,bottle,0.8684,892.00,245.00,1031.00,729.00,0.917,0.392
2026-04-03T12:53:23.847Z,51.675,pi:0,bottle,0.6540,908.00,203.00,1045.00,770.00,0.783,0.882
2026-04-03T12:53:23.847Z,51.675,pi:0,bottle,0.3234,913.00,204.00,1046.00,577.00,1.190,0.980
2026-04-03T12:53:23.890Z,51.718,pi:0,bottle,0.7412,944.00,138.00,1077.00,526.00,1.144,1.992
2026-04-03T12:53:23.921Z,51.748,pi:0,bottle,0.6976,975.00,37.00,1106.00,475.00,1.014,2.970
2026-04-03T12:53:23.987Z,51.815,pi:0,bottle,0.4941,1010.00,92.00,1114.00,446.00,1.254,3.670
2026-04-03T12:53:24.053Z,51.881,pi:0,bottle,0.5087,1037.00,90.00,1137.00,431.00,1.302,4.482
2026-04-03T12:53:24.053Z,51.881,pi:0,bottle,0.2941,1037.00,87.00,1108.00,340.00,1.755,4.011
2026-04-03T12:53:26.323Z,54.151,pi:0,bottle,0.6031,959.00,285.00,1024.00,517.00,1.914,1.372
2026-04-03T12:53:26.357Z,54.184,pi:0,bottle,0.5886,961.00,284.00,1044.00,543.00,1.714,1.731
2026-04-03T12:53:26.408Z,54.236,pi:0,bottle,0.6685,961.00,284.00,1048.00,567.00,1.569,1.796
2026-04-03T12:53:26.443Z,54.271,pi:0,bottle,0.7412,962.00,285.00,1050.00,571.00,1.553,1.845
2026-04-03T12:53:26.534Z,54.361,pi:0,bottle,0.6831,961.00,283.00,1046.00,571.00,1.542,1.764
2026-04-03T12:53:26.593Z,54.420,pi:0,bottle,0.7340,961.00,286.00,1049.00,572.00,1.553,1.813
2026-04-03T12:53:26.629Z,54.457,pi:0,bottle,0.8321,963.00,284.00,1049.00,571.00,1.547,1.845
2026-04-03T12:53:26.699Z,54.527,pi:0,bottle,0.8793,961.00,285.00,1049.00,572.00,1.547,1.813
2026-04-03T12:53:26.775Z,54.603,pi:0,bottle,0.8757,963.00,285.00,1048.00,572.00,1.547,1.829
2026-04-03T12:53:26.812Z,54.640,pi:0,bottle,0.8829,961.00,284.00,1048.00,571.00,1.547,1.796
2026-04-03T12:53:26.850Z,54.678,pi:0,bottle,0.8938,962.00,284.00,1047.00,572.00,1.542,1.796
2026-04-03T12:53:26.904Z,54.732,pi:0,bottle,0.8866,961.00,284.00,1048.00,572.00,1.542,1.796
2026-04-03T12:53:26.984Z,54.812,pi:0,bottle,0.8866,963.00,284.00,1047.00,572.00,1.542,1.813
2026-04-03T12:53:27.024Z,54.852,pi:0,bottle,0.8938,962.00,284.00,1047.00,573.00,1.536,1.796
2026-04-03T12:53:27.080Z,54.908,pi:0,bottle,0.8829,962.00,285.00,1047.00,572.00,1.547,1.796
2026-04-03T12:53:27.122Z,54.950,pi:0,bottle,0.8757,963.00,285.00,1047.00,573.00,1.542,1.813
2026-04-03T12:53:27.172Z,54.999,pi:0,bottle,0.8793,962.00,284.00,1047.00,572.00,1.542,1.796
2026-04-03T12:53:27.226Z,55.054,pi:0,bottle,0.8684,962.00,284.00,1047.00,572.00,1.542,1.796
2026-04-03T12:53:27.264Z,55.092,pi:0,bottle,0.8393,962.00,284.00,1048.00,572.00,1.542,1.813
2026-04-03T12:53:27.296Z,55.124,pi:0,bottle,0.8430,962.00,285.00,1048.00,572.00,1.547,1.813
2026-04-03T12:53:27.337Z,55.164,pi:0,bottle,0.8466,962.00,284.00,1048.00,572.00,1.542,1.813
2026-04-03T12:53:27.388Z,55.216,pi:0,bottle,0.8466,962.00,285.00,1048.00,572.00,1.547,1.813
2026-04-03T12:53:27.468Z,55.296,pi:0,bottle,0.7558,962.00,285.00,1048.00,572.00,1.547,1.813
2026-04-03T12:53:27.504Z,55.332,pi:0,bottle,0.6395,962.00,285.00,1047.00,573.00,1.542,1.796
2026-04-03T12:53:28.285Z,56.113,pi:0,bottle,0.3888,961.00,317.00,1046.00,568.00,1.769,1.764
2026-04-03T12:53:28.319Z,56.147,pi:0,bottle,0.7267,963.00,285.00,1047.00,569.00,1.563,1.813
2026-04-03T12:53:28.361Z,56.189,pi:0,bottle,0.8684,962.00,284.00,1049.00,572.00,1.542,1.829
2026-04-03T12:53:28.405Z,56.232,pi:0,bottle,0.8539,962.00,285.00,1048.00,572.00,1.547,1.813
2026-04-03T12:53:28.442Z,56.270,pi:0,bottle,0.8866,961.00,285.00,1047.00,573.00,1.542,1.780
2026-04-03T12:53:28.480Z,56.308,pi:0,bottle,0.8793,961.00,285.00,1048.00,572.00,1.547,1.796
2026-04-03T12:53:28.549Z,56.377,pi:0,bottle,0.8938,961.00,285.00,1048.00,572.00,1.547,1.796
2026-04-03T12:53:28.596Z,56.424,pi:0,bottle,0.8829,962.00,285.00,1048.00,572.00,1.547,1.813
2026-04-03T12:53:28.642Z,56.469,pi:0,bottle,0.8866,961.00,285.00,1048.00,572.00,1.547,1.796
2026-04-03T12:53:28.676Z,56.504,pi:0,bottle,0.8648,962.00,285.00,1048.00,572.00,1.547,1.813
2026-04-03T12:53:28.732Z,56.560,pi:0,bottle,0.8902,961.00,285.00,1047.00,572.00,1.547,1.780
2026-04-03T12:53:28.796Z,56.624,pi:0,bottle,0.9011,961.00,285.00,1048.00,572.00,1.547,1.796
2026-04-03T12:53:28.841Z,56.669,pi:0,bottle,0.9011,962.00,285.00,1048.00,572.00,1.547,1.813
2026-04-03T12:53:28.871Z,56.699,pi:0,bottle,0.8975,962.00,285.00,1048.00,572.00,1.547,1.813
2026-04-03T12:53:28.928Z,56.756,pi:0,bottle,0.8938,959.00,284.00,1048.00,572.00,1.542,1.764
2026-04-03T12:53:29.003Z,56.831,pi:0,bottle,0.9084,962.00,285.00,1048.00,572.00,1.547,1.813
2026-04-03T12:53:29.041Z,56.869,pi:0,bottle,0.8938,962.00,284.00,1048.00,572.00,1.542,1.813
2026-04-03T12:53:29.081Z,56.909,pi:0,bottle,0.9084,962.00,285.00,1048.00,572.00,1.547,1.813
2026-04-03T12:53:29.139Z,56.966,pi:0,bottle,0.8975,962.00,285.00,1048.00,572.00,1.547,1.813
2026-04-03T12:53:29.199Z,57.027,pi:0,bottle,0.9156,962.00,285.00,1048.00,572.00,1.547,1.813
2026-04-03T12:53:29.244Z,57.072,pi:0,bottle,0.9084,961.00,285.00,1047.00,572.00,1.547,1.780
2026-04-03T12:53:29.296Z,57.124,pi:0,bottle,0.8938,961.00,285.00,1048.00,572.00,1.547,1.796
2026-04-03T12:53:29.360Z,57.187,pi:0,bottle,0.8938,961.00,285.00,1047.00,573.00,1.542,1.780
2026-04-03T12:53:29.411Z,57.239,pi:0,bottle,0.8866,961.00,285.00,1048.00,572.00,1.547,1.796
2026-04-03T12:53:29.448Z,57.275,pi:0,bottle,0.8902,962.00,285.00,1047.00,572.00,1.547,1.796
2026-04-03T12:53:29.500Z,57.328,pi:0,bottle,0.8793,962.00,285.00,1048.00,572.00,1.547,1.813
2026-04-03T12:53:29.537Z,57.365,pi:0,bottle,0.8866,961.00,284.00,1048.00,572.00,1.542,1.796
2026-04-03T12:53:29.651Z,57.479,pi:0,bottle,0.8902,962.00,285.00,1047.00,572.00,1.547,1.796
2026-04-03T12:53:29.696Z,57.524,pi:0,bottle,0.8866,961.00,285.00,1048.00,572.00,1.547,1.796
2026-04-03T12:53:29.732Z,57.560,pi:0,bottle,0.8975,961.00,284.00,1048.00,572.00,1.542,1.796
2026-04-03T12:53:29.771Z,57.599,pi:0,bottle,0.9084,962.00,285.00,1047.00,572.00,1.547,1.796
2026-04-03T12:53:29.813Z,57.641,pi:0,bottle,0.8829,963.00,284.00,1047.00,573.00,1.536,1.813
2026-04-03T12:53:29.895Z,57.723,pi:0,bottle,0.8648,963.00,285.00,1047.00,572.00,1.547,1.813
2026-04-03T12:53:29.935Z,57.763,pi:0,bottle,0.7921,963.00,284.00,1053.00,571.00,1.547,1.911
2026-04-03T12:53:29.972Z,57.800,pi:0,bottle,0.7449,965.00,285.00,1047.00,570.00,1.558,1.845
2026-04-03T12:53:30.025Z,57.853,pi:0,bottle,0.7158,967.00,284.00,1047.00,570.00,1.553,1.878
2026-04-03T12:53:30.098Z,57.926,pi:0,bottle,0.6940,968.00,285.00,1047.00,566.00,1.580,1.894
2026-04-03T12:53:30.142Z,57.970,pi:0,bottle,0.7085,967.00,284.00,1048.00,567.00,1.569,1.894
2026-04-03T12:53:30.178Z,58.006,pi:0,bottle,0.7485,973.00,283.00,1052.00,566.00,1.569,2.057
2026-04-03T12:53:30.227Z,58.055,pi:0,bottle,0.7194,971.00,283.00,1052.00,570.00,1.547,2.025
2026-04-03T12:53:30.293Z,58.121,pi:0,bottle,0.5050,973.00,281.00,1059.00,542.00,1.701,2.171
2026-04-03T12:53:30.762Z,58.590,pi:0,bottle,0.3318,1044.00,130.00,1103.00,298.00,2.643,4.044
2026-04-03T12:53:37.348Z,65.176,pi:0,bottle,0.2689,168.00,194.00,396.00,365.00,2.597,-20.832
2026-04-03T12:53:38.124Z,65.951,pi:0,bottle,0.3706,165.00,195.00,398.00,369.00,2.552,-20.846
2026-04-03T12:53:42.422Z,70.250,pi:0,bottle,0.7412,654.00,217.00,741.00,513.00,1.500,-8.174
2026-04-03T12:53:42.461Z,70.289,pi:0,bottle,0.8212,680.00,223.00,777.00,515.00,1.521,-7.180
2026-04-03T12:53:42.492Z,70.320,pi:0,bottle,0.8866,686.00,246.00,791.00,515.00,1.651,-6.858
2026-04-03T12:53:42.590Z,70.418,pi:0,bottle,0.2870,698.00,248.00,801.00,518.00,1.645,-6.504
2026-04-03T12:53:42.619Z,70.447,pi:0,bottle,0.6576,711.00,211.00,810.00,535.00,1.370,-6.149
2026-04-03T12:53:42.728Z,70.556,pi:0,bottle,0.8212,724.00,279.00,804.00,548.00,1.651,-6.036
2026-04-03T12:53:42.772Z,70.600,pi:0,bottle,0.7885,723.00,283.00,805.00,559.00,1.609,-6.036
2026-04-03T12:53:42.809Z,70.636,pi:0,bottle,0.8139,718.00,308.00,801.00,566.00,1.721,-6.181
2026-04-03T12:53:42.844Z,70.672,pi:0,bottle,0.8212,716.00,312.00,797.00,569.00,1.728,-6.278
2026-04-03T12:53:42.907Z,70.734,pi:0,bottle,0.8502,717.00,312.00,796.00,570.00,1.721,-6.278
2026-04-03T12:53:42.965Z,70.793,pi:0,bottle,0.8357,716.00,312.00,796.00,570.00,1.721,-6.294
2026-04-03T12:53:43.006Z,70.834,pi:0,bottle,0.7921,716.00,311.00,796.00,570.00,1.714,-6.294
2026-04-03T12:53:43.052Z,70.880,pi:0,bottle,0.8248,716.00,309.00,794.00,567.00,1.721,-6.326
2026-04-03T12:53:43.121Z,70.949,pi:0,bottle,0.8357,718.00,310.00,791.00,567.00,1.728,-6.342
2026-04-03T12:53:43.174Z,71.002,pi:0,bottle,0.8103,714.00,311.00,786.00,566.00,1.741,-6.488
2026-04-03T12:53:43.214Z,71.042,pi:0,bottle,0.6225,698.00,310.00,771.00,467.00,2.828,-6.987
2026-04-03T12:53:43.214Z,71.042,pi:0,bottle,0.5777,694.00,310.00,773.00,524.00,2.075,-7.019
2026-04-03T12:53:43.257Z,71.085,pi:0,bottle,0.7319,693.00,307.00,766.00,473.00,2.675,-7.148
2026-04-03T12:53:43.314Z,71.142,pi:0,bottle,0.8345,691.00,309.00,755.00,492.00,2.426,-7.357
2026-04-03T12:53:43.376Z,71.203,pi:0,bottle,0.7388,693.00,307.00,746.00,466.00,2.793,-7.469
2026-04-03T12:53:43.689Z,71.517,pi:0,bottle,0.2634,659.00,415.00,712.00,565.00,2.960,-8.558
2026-04-03T12:53:44.337Z,72.165,pi:0,bottle,0.3386,664.00,398.00,701.00,562.00,2.707,-8.654
2026-04-03T12:53:44.378Z,72.206,pi:0,bottle,0.8357,696.00,310.00,777.00,568.00,1.721,-6.922
2026-04-03T12:53:44.442Z,72.269,pi:0,bottle,0.8793,694.00,305.00,777.00,569.00,1.682,-6.955
2026-04-03T12:53:44.512Z,72.340,pi:0,bottle,0.8757,694.00,308.00,776.00,570.00,1.695,-6.971
2026-04-03T12:53:44.564Z,72.392,pi:0,bottle,0.8357,696.00,309.00,777.00,570.00,1.701,-6.922
2026-04-03T12:53:44.624Z,72.452,pi:0,bottle,0.7848,695.00,340.00,777.00,571.00,1.922,-6.939
2026-04-03T12:53:44.693Z,72.521,pi:0,bottle,0.7703,694.00,339.00,777.00,572.00,1.906,-6.955
2026-04-03T12:53:44.757Z,72.585,pi:0,bottle,0.8466,695.00,315.00,777.00,570.00,1.741,-6.939
2026-04-03T12:53:44.801Z,72.629,pi:0,bottle,0.8393,695.00,314.00,776.00,570.00,1.734,-6.955
2026-04-03T12:53:44.801Z,72.629,pi:0,bottle,0.2725,742.00,314.00,837.00,524.00,2.114,-5.211
2026-04-03T12:53:44.868Z,72.696,pi:0,bottle,0.8466,695.00,312.00,778.00,570.00,1.721,-6.922
2026-04-03T12:53:44.938Z,72.766,pi:0,bottle,0.8430,696.00,312.00,777.00,569.00,1.728,-6.922
2026-04-03T12:53:44.938Z,72.766,pi:0,bottle,0.3306,744.00,313.00,841.00,522.00,2.125,-5.114
2026-04-03T12:53:44.988Z,72.816,pi:0,bottle,0.8575,695.00,312.00,777.00,570.00,1.721,-6.939
2026-04-03T12:53:44.988Z,72.816,pi:0,bottle,0.3997,746.00,313.00,839.00,523.00,2.114,-5.114
2026-04-03T12:53:45.037Z,72.865,pi:0,bottle,0.8466,695.00,313.00,777.00,570.00,1.728,-6.939
2026-04-03T12:53:45.037Z,72.865,pi:0,bottle,0.2689,742.00,315.00,838.00,523.00,2.135,-5.195
2026-04-03T12:53:45.037Z,72.865,pi:0,bottle,0.2616,576.00,6.00,693.00,254.00,1.790,-10.179
2026-04-03T12:53:45.103Z,72.931,pi:0,bottle,0.8502,695.00,314.00,777.00,570.00,1.734,-6.939
2026-04-03T12:53:45.103Z,72.931,pi:0,bottle,0.3415,746.00,314.00,840.00,523.00,2.125,-5.097
2026-04-03T12:53:45.163Z,72.991,pi:0,bottle,0.8575,695.00,313.00,777.00,571.00,1.721,-6.939
2026-04-03T12:53:45.214Z,73.042,pi:0,bottle,0.8502,695.00,314.00,776.00,571.00,1.728,-6.955
2026-04-03T12:53:45.311Z,73.139,pi:0,bottle,0.8575,694.00,313.00,776.00,571.00,1.721,-6.971
2026-04-03T12:53:45.311Z,73.139,pi:0,bottle,0.2668,652.00,142.00,716.00,336.00,2.289,-8.606
2026-04-03T12:53:45.354Z,73.182,pi:0,bottle,0.8430,695.00,313.00,777.00,571.00,1.721,-6.939
2026-04-03T12:53:45.378Z,73.205,pi:0,bottle,0.8466,695.00,312.00,775.00,571.00,1.714,-6.971
2026-04-03T12:53:45.461Z,73.289,pi:0,bottle,0.8720,695.00,311.00,776.00,572.00,1.701,-6.955
2026-04-03T12:53:45.525Z,73.352,pi:0,bottle,0.8430,694.00,310.00,774.00,570.00,1.708,-7.003
2026-04-03T12:53:45.565Z,73.393,pi:0,bottle,0.8684,697.00,311.00,776.00,571.00,1.708,-6.922
2026-04-03T12:53:45.635Z,73.462,pi:0,bottle,0.8793,695.00,310.00,776.00,571.00,1.701,-6.955
2026-04-03T12:53:45.689Z,73.516,pi:0,bottle,0.8684,695.00,313.00,777.00,570.00,1.728,-6.939
2026-04-03T12:53:45.762Z,73.590,pi:0,bottle,0.8684,695.00,310.00,776.00,572.00,1.695,-6.955
2026-04-03T12:53:45.804Z,73.631,pi:0,bottle,0.8720,695.00,313.00,777.00,571.00,1.721,-6.939
2026-04-03T12:53:45.864Z,73.692,pi:0,bottle,0.8466,694.00,312.00,774.00,570.00,1.721,-7.003
2026-04-03T12:53:45.926Z,73.754,pi:0,bottle,0.8575,694.00,311.00,777.00,571.00,1.708,-6.955
2026-04-03T12:53:45.969Z,73.797,pi:0,bottle,0.8648,696.00,310.00,776.00,569.00,1.714,-6.939
2026-04-03T12:53:46.006Z,73.834,pi:0,bottle,0.8757,696.00,310.00,775.00,570.00,1.708,-6.955
2026-04-03T12:53:46.060Z,73.888,pi:0,bottle,0.8611,695.00,312.00,777.00,571.00,1.714,-6.939
2026-04-03T12:53:46.140Z,73.967,pi:0,bottle,0.8757,695.00,310.00,775.00,571.00,1.701,-6.971
2026-04-03T12:53:46.186Z,74.014,pi:0,bottle,0.8829,695.00,312.00,777.00,571.00,1.714,-6.939
2026-04-03T12:53:46.249Z,74.077,pi:0,bottle,0.8793,695.00,310.00,777.00,571.00,1.701,-6.939
2026-04-03T12:53:46.337Z,74.165,pi:0,bottle,0.8793,695.00,311.00,777.00,570.00,1.714,-6.939
2026-04-03T12:53:46.367Z,74.195,pi:0,bottle,0.8175,696.00,311.00,774.00,569.00,1.721,-6.971
2026-04-03T12:53:46.403Z,74.231,pi:0,bottle,0.7630,696.00,313.00,773.00,568.00,1.741,-6.987
2026-04-03T12:53:46.452Z,74.280,pi:0,bottle,0.7049,695.00,312.00,771.00,568.00,1.734,-7.035
2026-04-03T12:53:57.370Z,85.198,pi:0,bottle,0.8248,695.00,312.00,771.00,569.00,1.728,-7.035
2026-04-03T12:53:57.404Z,85.232,pi:0,bottle,0.8793,696.00,310.00,777.00,572.00,1.695,-6.922
2026-04-03T12:53:57.459Z,85.287,pi:0,bottle,0.8393,695.00,312.00,776.00,570.00,1.721,-6.955
2026-04-03T12:53:57.544Z,85.371,pi:0,bottle,0.8502,695.00,312.00,777.00,571.00,1.714,-6.939
2026-04-03T12:53:57.577Z,85.405,pi:0,bottle,0.8502,696.00,310.00,775.00,571.00,1.701,-6.955
2026-04-03T12:53:57.646Z,85.473,pi:0,bottle,0.8648,695.00,311.00,776.00,570.00,1.714,-6.955
2026-04-03T12:53:57.703Z,85.531,pi:0,bottle,0.8757,695.00,312.00,777.00,570.00,1.721,-6.939
2026-04-03T12:53:57.741Z,85.569,pi:0,bottle,0.8757,695.00,313.00,776.00,570.00,1.728,-6.955
2026-04-03T12:53:57.787Z,85.615,pi:0,bottle,0.8648,695.00,311.00,776.00,570.00,1.714,-6.955
2026-04-03T12:53:57.863Z,85.691,pi:0,bottle,0.8757,695.00,312.00,776.00,570.00,1.721,-6.955
2026-04-03T12:53:57.930Z,85.758,pi:0,bottle,0.8829,695.00,311.00,777.00,570.00,1.714,-6.939
2026-04-03T12:53:57.970Z,85.798,pi:0,bottle,0.8575,695.00,310.00,776.00,571.00,1.701,-6.955
2026-04-03T12:53:58.044Z,85.871,pi:0,bottle,0.8684,695.00,311.00,776.00,571.00,1.708,-6.955
2026-04-03T12:53:58.131Z,85.959,pi:0,bottle,0.8575,695.00,312.00,776.00,571.00,1.714,-6.955
2026-04-03T12:53:58.182Z,86.010,pi:0,bottle,0.8648,695.00,312.00,776.00,571.00,1.714,-6.955
2026-04-03T12:53:58.226Z,86.054,pi:0,bottle,0.8611,695.00,312.00,776.00,570.00,1.721,-6.955
2026-04-03T12:53:58.267Z,86.095,pi:0,bottle,0.8575,695.00,311.00,777.00,570.00,1.714,-6.939
2026-04-03T12:53:58.320Z,86.148,pi:0,bottle,0.8648,695.00,312.00,777.00,570.00,1.721,-6.939
2026-04-03T12:53:58.395Z,86.223,pi:0,bottle,0.8720,695.00,313.00,776.00,570.00,1.728,-6.955
2026-04-03T12:53:58.447Z,86.275,pi:0,bottle,0.8793,695.00,312.00,776.00,571.00,1.714,-6.955
2026-04-03T12:53:58.482Z,86.309,pi:0,bottle,0.8757,695.00,312.00,777.00,571.00,1.714,-6.939
2026-04-03T12:53:58.539Z,86.367,pi:0,bottle,0.8648,695.00,313.00,776.00,571.00,1.721,-6.955
2026-04-03T12:53:58.611Z,86.439,pi:0,bottle,0.8793,695.00,312.00,776.00,571.00,1.714,-6.955
2026-04-03T12:53:58.654Z,86.482,pi:0,bottle,0.8757,695.00,311.00,776.00,571.00,1.708,-6.955
2026-04-03T12:53:58.724Z,86.552,pi:0,bottle,0.8793,696.00,311.00,777.00,571.00,1.708,-6.922
2026-04-03T12:53:58.808Z,86.636,pi:0,bottle,0.8684,695.00,311.00,776.00,570.00,1.714,-6.955
2026-04-03T12:53:58.871Z,86.699,pi:0,bottle,0.8684,695.00,311.00,776.00,570.00,1.714,-6.955
2026-04-03T12:53:58.909Z,86.737,pi:0,bottle,0.8720,695.00,311.00,777.00,571.00,1.708,-6.939
2026-04-03T12:53:59.016Z,86.844,pi:0,bottle,0.8684,696.00,311.00,776.00,570.00,1.714,-6.939
2026-04-03T12:53:59.115Z,86.943,pi:0,bottle,0.8611,696.00,311.00,776.00,571.00,1.708,-6.939
2026-04-03T12:53:59.168Z,86.996,pi:0,bottle,0.8757,695.00,312.00,776.00,571.00,1.714,-6.955
2026-04-03T12:53:59.271Z,87.099,pi:0,bottle,0.8720,696.00,312.00,776.00,571.00,1.714,-6.939
2026-04-03T12:53:59.309Z,87.137,pi:0,bottle,0.8611,696.00,312.00,777.00,571.00,1.714,-6.922
2026-04-03T12:53:59.368Z,87.196,pi:0,bottle,0.8720,696.00,311.00,776.00,571.00,1.708,-6.939
2026-04-03T12:53:59.433Z,87.261,pi:0,bottle,0.8611,695.00,311.00,776.00,571.00,1.708,-6.955
2026-04-03T12:53:59.484Z,87.312,pi:0,bottle,0.8575,695.00,312.00,778.00,570.00,1.721,-6.922
2026-04-03T12:53:59.538Z,87.366,pi:0,bottle,0.8539,696.00,312.00,777.00,571.00,1.714,-6.922
2026-04-03T12:53:59.601Z,87.429,pi:0,bottle,0.8648,695.00,310.00,776.00,570.00,1.708,-6.955
2026-04-03T12:53:59.646Z,87.474,pi:0,bottle,0.8757,695.00,311.00,777.00,569.00,1.721,-6.939
2026-04-03T12:53:59.683Z,87.511,pi:0,bottle,0.8757,695.00,312.00,776.00,569.00,1.728,-6.955
2026-04-03T12:53:59.740Z,87.568,pi:0,bottle,0.8757,695.00,311.00,777.00,570.00,1.714,-6.939
2026-04-03T12:53:59.799Z,87.627,pi:0,bottle,0.8648,695.00,310.00,776.00,569.00,1.714,-6.955
2026-04-03T12:53:59.851Z,87.679,pi:0,bottle,0.8793,695.00,312.00,776.00,570.00,1.721,-6.955
2026-04-03T12:53:59.889Z,87.717,pi:0,bottle,0.8757,696.00,312.00,777.00,570.00,1.721,-6.922
2026-04-03T12:53:59.941Z,87.769,pi:0,bottle,0.8757,695.00,312.00,776.00,570.00,1.721,-6.955
2026-04-03T12:54:00.000Z,87.827,pi:0,bottle,0.8757,696.00,312.00,776.00,571.00,1.714,-6.939
2026-04-03T12:54:00.059Z,87.887,pi:0,bottle,0.8684,695.00,310.00,776.00,571.00,1.701,-6.955
2026-04-03T12:54:00.097Z,87.925,pi:0,bottle,0.8793,695.00,311.00,776.00,571.00,1.708,-6.955
2026-04-03T12:54:00.145Z,87.973,pi:0,bottle,0.8720,695.00,311.00,776.00,569.00,1.721,-6.955
2026-04-03T12:54:00.199Z,88.027,pi:0,bottle,0.8720,695.00,312.00,776.00,570.00,1.721,-6.955
2026-04-03T12:54:00.256Z,88.084,pi:0,bottle,0.8720,695.00,311.00,776.00,570.00,1.714,-6.955
2026-04-03T12:54:00.297Z,88.124,pi:0,bottle,0.8793,695.00,311.00,776.00,570.00,1.714,-6.955
2026-04-03T12:54:00.339Z,88.166,pi:0,bottle,0.8757,695.00,312.00,777.00,571.00,1.714,-6.939
2026-04-03T12:54:00.397Z,88.225,pi:0,bottle,0.8502,695.00,312.00,776.00,570.00,1.721,-6.955
2026-04-03T12:54:00.462Z,88.290,pi:0,bottle,0.8757,696.00,313.00,776.00,571.00,1.721,-6.939
2026-04-03T12:54:00.501Z,88.329,pi:0,bottle,0.8720,695.00,313.00,776.00,570.00,1.728,-6.955
2026-04-03T12:54:00.553Z,88.380,pi:0,bottle,0.8684,695.00,312.00,777.00,570.00,1.721,-6.939
2026-04-03T12:54:00.620Z,88.448,pi:0,bottle,0.8539,695.00,312.00,776.00,571.00,1.714,-6.955
2026-04-03T12:54:00.668Z,88.496,pi:0,bottle,0.8720,695.00,311.00,777.00,570.00,1.714,-6.939
2026-04-03T12:54:00.705Z,88.533,pi:0,bottle,0.8793,695.00,312.00,777.00,570.00,1.721,-6.939
2026-04-03T12:54:00.765Z,88.593,pi:0,bottle,0.8684,696.00,313.00,776.00,570.00,1.728,-6.939
2026-04-03T12:54:00.825Z,88.653,pi:0,bottle,0.8757,695.00,312.00,777.00,571.00,1.714,-6.939
2026-04-03T12:54:00.876Z,88.703,pi:0,bottle,0.8648,695.00,311.00,776.00,570.00,1.714,-6.955
2026-04-03T12:54:00.914Z,88.742,pi:0,bottle,0.8793,695.00,312.00,777.00,571.00,1.714,-6.939
2026-04-03T12:54:00.962Z,88.789,pi:0,bottle,0.8684,695.00,311.00,777.00,570.00,1.714,-6.939
2026-04-03T12:54:01.036Z,88.864,pi:0,bottle,0.8575,696.00,312.00,776.00,571.00,1.714,-6.939
2026-04-03T12:54:01.080Z,88.908,pi:0,bottle,0.8575,695.00,312.00,776.00,570.00,1.721,-6.955
2026-04-03T12:54:01.127Z,88.955,pi:0,bottle,0.8502,695.00,310.00,777.00,571.00,1.701,-6.939
2026-04-03T12:54:01.179Z,89.007,pi:0,bottle,0.8502,695.00,312.00,776.00,571.00,1.714,-6.955
2026-04-03T12:54:01.249Z,89.077,pi:0,bottle,0.8539,695.00,311.00,776.00,570.00,1.714,-6.955
2026-04-03T12:54:01.285Z,89.113,pi:0,bottle,0.8575,696.00,311.00,776.00,572.00,1.701,-6.939
2026-04-03T12:54:01.325Z,89.153,pi:0,bottle,0.8575,695.00,312.00,776.00,571.00,1.714,-6.955
2026-04-03T12:54:01.361Z,89.189,pi:0,bottle,0.8502,695.00,312.00,776.00,571.00,1.714,-6.955
2026-04-03T12:54:01.445Z,89.273,pi:0,bottle,0.8430,695.00,312.00,776.00,572.00,1.708,-6.955
2026-04-03T12:54:01.494Z,89.322,pi:0,bottle,0.8539,695.00,312.00,777.00,571.00,1.714,-6.939
2026-04-03T12:54:01.550Z,89.378,pi:0,bottle,0.8502,695.00,310.00,776.00,570.00,1.708,-6.955
2026-04-03T12:54:01.624Z,89.452,pi:0,bottle,0.8466,696.00,311.00,775.00,572.00,1.701,-6.955
2026-04-03T12:54:01.657Z,89.485,pi:0,bottle,0.8575,695.00,312.00,776.00,570.00,1.721,-6.955
2026-04-03T12:54:01.708Z,89.535,pi:0,bottle,0.8539,695.00,312.00,777.00,570.00,1.721,-6.939
2026-04-03T12:54:01.767Z,89.595,pi:0,bottle,0.8430,695.00,312.00,776.00,571.00,1.714,-6.955
2026-04-03T12:54:01.835Z,89.663,pi:0,bottle,0.8466,695.00,312.00,776.00,570.00,1.721,-6.955
2026-04-03T12:54:01.871Z,89.698,pi:0,bottle,0.8502,696.00,311.00,776.00,570.00,1.714,-6.939
2026-04-03T12:54:01.903Z,89.731,pi:0,bottle,0.8611,695.00,312.00,777.00,570.00,1.721,-6.939
2026-04-03T12:54:01.956Z,89.783,pi:0,bottle,0.8466,696.00,312.00,776.00,570.00,1.721,-6.939
2026-04-03T12:54:02.038Z,89.866,pi:0,bottle,0.8611,695.00,312.00,776.00,570.00,1.721,-6.955
2026-04-03T12:54:02.069Z,89.897,pi:0,bottle,0.8539,696.00,311.00,776.00,570.00,1.714,-6.939
2026-04-03T12:54:02.113Z,89.941,pi:0,bottle,0.8684,696.00,313.00,776.00,570.00,1.728,-6.939
2026-04-03T12:54:02.155Z,89.983,pi:0,bottle,0.8611,696.00,313.00,776.00,570.00,1.728,-6.939
2026-04-03T12:54:02.231Z,90.059,pi:0,bottle,0.8611,696.00,314.00,777.00,571.00,1.728,-6.922
2026-04-03T12:54:02.277Z,90.105,pi:0,bottle,0.8502,696.00,313.00,776.00,570.00,1.728,-6.939
2026-04-03T12:54:02.309Z,90.137,pi:0,bottle,0.8611,697.00,314.00,776.00,570.00,1.734,-6.922
2026-04-03T12:54:02.357Z,90.185,pi:0,bottle,0.8502,696.00,313.00,776.00,570.00,1.728,-6.939
2026-04-03T12:54:02.418Z,90.246,pi:0,bottle,0.8502,696.00,313.00,777.00,571.00,1.721,-6.922
2026-04-03T12:54:02.477Z,90.305,pi:0,bottle,0.8757,696.00,313.00,775.00,570.00,1.728,-6.955
2026-04-03T12:54:02.511Z,90.339,pi:0,bottle,0.8502,696.00,312.00,776.00,571.00,1.714,-6.939
2026-04-03T12:54:02.549Z,90.377,pi:0,bottle,0.8611,696.00,313.00,776.00,570.00,1.728,-6.939
2026-04-03T12:54:02.585Z,90.413,pi:0,bottle,0.8575,696.00,312.00,776.00,570.00,1.721,-6.939
2026-04-03T12:54:02.625Z,90.453,pi:0,bottle,0.8611,696.00,312.00,776.00,571.00,1.714,-6.939
2026-04-03T12:54:02.677Z,90.505,pi:0,bottle,0.8684,696.00,313.00,776.00,570.00,1.728,-6.939
2026-04-03T12:54:02.751Z,90.579,pi:0,bottle,0.8757,696.00,313.00,777.00,570.00,1.728,-6.922
2026-04-03T12:54:02.791Z,90.619,pi:0,bottle,0.8648,696.00,314.00,776.00,570.00,1.734,-6.939
2026-04-03T12:54:02.791Z,90.619,pi:0,bottle,0.2580,717.00,144.00,891.00,519.00,1.184,-4.741
2026-04-03T12:54:02.825Z,90.653,pi:0,bottle,0.8829,696.00,314.00,776.00,570.00,1.734,-6.939
2026-04-03T12:54:02.882Z,90.710,pi:0,bottle,0.8684,696.00,313.00,776.00,570.00,1.728,-6.939
2026-04-03T12:54:02.943Z,90.771,pi:0,bottle,0.8757,696.00,313.00,776.00,570.00,1.728,-6.939
2026-04-03T12:54:02.993Z,90.821,pi:0,bottle,0.8684,696.00,313.00,776.00,570.00,1.728,-6.939
2026-04-03T12:54:03.026Z,90.854,pi:0,bottle,0.8684,696.00,312.00,776.00,570.00,1.721,-6.939
2026-04-03T12:54:03.070Z,90.898,pi:0,bottle,0.8793,696.00,313.00,776.00,571.00,1.721,-6.939
2026-04-03T12:54:03.128Z,90.956,pi:0,bottle,0.8829,696.00,313.00,775.00,571.00,1.721,-6.955
2026-04-03T12:54:03.194Z,91.021,pi:0,bottle,0.8648,696.00,312.00,775.00,570.00,1.721,-6.955
2026-04-03T12:54:03.234Z,91.062,pi:0,bottle,0.8720,697.00,313.00,775.00,571.00,1.721,-6.939
2026-04-03T12:54:03.285Z,91.113,pi:0,bottle,0.8720,696.00,314.00,776.00,570.00,1.734,-6.939
2026-04-03T12:54:03.349Z,91.177,pi:0,bottle,0.8720,696.00,314.00,775.00,570.00,1.734,-6.955
2026-04-03T12:54:03.415Z,91.243,pi:0,bottle,0.8720,696.00,313.00,777.00,571.00,1.721,-6.922
2026-04-03T12:54:03.458Z,91.286,pi:0,bottle,0.8539,697.00,314.00,776.00,571.00,1.728,-6.922
2026-04-03T12:54:03.535Z,91.363,pi:0,bottle,0.8539,696.00,311.00,774.00,570.00,1.714,-6.971
2026-04-03T12:54:03.578Z,91.406,pi:0,bottle,0.7630,696.00,312.00,770.00,564.00,1.762,-7.035
2026-04-03T12:54:03.627Z,91.455,pi:0,bottle,0.5062,698.00,312.00,763.00,456.00,3.083,-7.115
2026-04-03T12:54:03.696Z,91.524,pi:0,bottle,0.2702,697.00,312.00,754.00,449.00,3.241,-7.276
2026-04-03T12:54:07.266Z,95.094,pi:0,bottle,0.4433,696.00,298.00,749.00,572.00,1.621,-7.373
2026-04-03T12:54:07.327Z,95.155,pi:0,bottle,0.7340,696.00,314.00,766.00,571.00,1.728,-7.099
2026-04-03T12:54:07.371Z,95.199,pi:0,bottle,0.8539,696.00,311.00,776.00,570.00,1.714,-6.939
2026-04-03T12:54:07.415Z,95.243,pi:0,bottle,0.8757,695.00,312.00,777.00,570.00,1.721,-6.939
2026-04-03T12:54:07.475Z,95.302,pi:0,bottle,0.8466,696.00,312.00,777.00,570.00,1.721,-6.922
2026-04-03T12:54:07.525Z,95.353,pi:0,bottle,0.8393,695.00,313.00,776.00,571.00,1.721,-6.955
2026-04-03T12:54:07.563Z,95.391,pi:0,bottle,0.8611,695.00,312.00,777.00,571.00,1.714,-6.939
2026-04-03T12:54:07.637Z,95.465,pi:0,bottle,0.8539,695.00,312.00,775.00,571.00,1.714,-6.971
2026-04-03T12:54:07.693Z,95.520,pi:0,bottle,0.8575,696.00,312.00,776.00,571.00,1.714,-6.939
2026-04-03T12:54:07.740Z,95.568,pi:0,bottle,0.8575,696.00,312.00,777.00,571.00,1.714,-6.922
2026-04-03T12:54:07.777Z,95.605,pi:0,bottle,0.8357,695.00,311.00,776.00,571.00,1.708,-6.955
2026-04-03T12:54:07.813Z,95.641,pi:0,bottle,0.8430,696.00,312.00,776.00,571.00,1.714,-6.939
2026-04-03T12:54:07.849Z,95.677,pi:0,bottle,0.8393,695.00,311.00,777.00,571.00,1.708,-6.939
2026-04-03T12:54:07.908Z,95.736,pi:0,bottle,0.8466,695.00,312.00,776.00,572.00,1.708,-6.955
2026-04-03T12:54:07.971Z,95.799,pi:0,bottle,0.8611,696.00,311.00,777.00,571.00,1.708,-6.922
2026-04-03T12:54:08.024Z,95.852,pi:0,bottle,0.8575,695.00,311.00,776.00,571.00,1.708,-6.955
2026-04-03T12:54:08.057Z,95.885,pi:0,bottle,0.8466,695.00,312.00,777.00,570.00,1.721,-6.939
2026-04-03T12:54:08.110Z,95.938,pi:0,bottle,0.8212,696.00,313.00,775.00,570.00,1.728,-6.955
2026-04-03T12:54:08.167Z,95.994,pi:0,bottle,0.8139,696.00,313.00,776.00,570.00,1.728,-6.939
2026-04-03T12:54:08.222Z,96.050,pi:0,bottle,0.8030,695.00,312.00,776.00,570.00,1.721,-6.955
2026-04-03T12:54:08.265Z,96.093,pi:0,bottle,0.8175,696.00,313.00,776.00,570.00,1.728,-6.939
2026-04-03T12:54:08.305Z,96.133,pi:0,bottle,0.8430,696.00,314.00,775.00,571.00,1.728,-6.955
2026-04-03T12:54:08.372Z,96.200,pi:0,bottle,0.8357,696.00,314.00,775.00,571.00,1.728,-6.955
2026-04-03T12:54:08.372Z,96.200,pi:0,bottle,0.3742,645.00,243.00,717.00,535.00,1.521,-8.701
2026-04-03T12:54:08.429Z,96.257,pi:0,bottle,0.8539,697.00,315.00,775.00,573.00,1.721,-6.939
2026-04-03T12:54:08.464Z,96.292,pi:0,bottle,0.7812,705.00,313.00,775.00,571.00,1.721,-6.810
2026-04-03T12:54:08.534Z,96.362,pi:0,bottle,0.7412,714.00,312.00,775.00,572.00,1.708,-6.665
2026-04-03T12:54:08.583Z,96.411,pi:0,bottle,0.6940,718.00,310.00,775.00,569.00,1.714,-6.600
2026-04-03T12:54:09.359Z,97.186,pi:0,bottle,0.5595,715.00,312.00,776.00,568.00,1.734,-6.633
2026-04-03T12:54:09.398Z,97.225,pi:0,bottle,0.7231,708.00,311.00,776.00,570.00,1.714,-6.745
2026-04-03T12:54:09.448Z,97.276,pi:0,bottle,0.7776,703.00,312.00,776.00,570.00,1.721,-6.826
2026-04-03T12:54:09.521Z,97.349,pi:0,bottle,0.8066,701.00,312.00,776.00,570.00,1.721,-6.858
2026-04-03T12:54:09.563Z,97.391,pi:0,bottle,0.8321,694.00,313.00,776.00,571.00,1.721,-6.971
2026-04-03T12:54:09.610Z,97.438,pi:0,bottle,0.8611,693.00,314.00,776.00,570.00,1.734,-6.987
2026-04-03T12:54:09.670Z,97.498,pi:0,bottle,0.8393,691.00,314.00,776.00,571.00,1.728,-7.019
2026-04-03T12:54:09.716Z,97.544,pi:0,bottle,0.8611,693.00,314.00,776.00,572.00,1.721,-6.987
2026-04-03T12:54:09.755Z,97.583,pi:0,bottle,0.8648,696.00,309.00,776.00,572.00,1.688,-6.939
2026-04-03T12:54:09.793Z,97.621,pi:0,bottle,0.8611,696.00,308.00,776.00,571.00,1.688,-6.939
2026-04-03T12:54:09.847Z,97.675,pi:0,bottle,0.8684,697.00,309.00,776.00,571.00,1.695,-6.922
2026-04-03T12:54:09.926Z,97.753,pi:0,bottle,0.8793,696.00,309.00,777.00,571.00,1.695,-6.922
2026-04-03T12:54:09.966Z,97.794,pi:0,bottle,0.8720,697.00,314.00,777.00,572.00,1.721,-6.906
2026-04-03T12:54:10.029Z,97.857,pi:0,bottle,0.8793,696.00,322.00,776.00,572.00,1.776,-6.939
2026-04-03T12:54:10.093Z,97.921,pi:0,bottle,0.8611,697.00,326.00,776.00,571.00,1.812,-6.922
2026-04-03T12:54:10.148Z,97.976,pi:0,bottle,0.8466,696.00,332.00,776.00,571.00,1.858,-6.939
2026-04-03T12:54:10.193Z,98.021,pi:0,bottle,0.8357,695.00,341.00,776.00,571.00,1.931,-6.955
2026-04-03T12:54:10.271Z,98.099,pi:0,bottle,0.7994,696.00,346.00,775.00,571.00,1.973,-6.955
2026-04-03T12:54:10.343Z,98.171,pi:0,bottle,0.7594,696.00,353.00,775.00,572.00,2.027,-6.955
2026-04-03T12:54:10.343Z,98.171,pi:0,bottle,0.2798,695.00,236.00,774.00,571.00,1.325,-6.987
2026-04-03T12:54:10.381Z,98.209,pi:0,bottle,0.7148,698.00,367.00,774.00,568.00,2.209,-6.939
2026-04-03T12:54:10.450Z,98.278,pi:0,bottle,0.5472,698.00,368.00,774.00,570.00,2.198,-6.939
2026-04-03T12:54:10.564Z,98.391,pi:0,bottle,0.2531,697.00,417.00,774.00,570.00,2.902,-6.955
2026-04-03T12:54:15.905Z,103.733,pi:0,bottle,0.6249,696.00,310.00,763.00,463.00,2.902,-7.148
2026-04-03T12:54:15.935Z,103.763,pi:0,bottle,0.3557,700.00,312.00,772.00,460.00,3.000,-6.939
2026-04-03T12:54:22.744Z,110.572,pi:0,bottle,0.2616,707.00,310.00,773.00,522.00,2.094,-6.810
2026-04-03T12:54:22.817Z,110.645,pi:0,bottle,0.3343,706.00,310.00,774.00,540.00,1.931,-6.810
2026-04-03T12:54:22.858Z,110.685,pi:0,bottle,0.7122,695.00,314.00,776.00,556.00,1.835,-6.955
2026-04-03T12:54:22.895Z,110.723,pi:0,bottle,0.7739,696.00,314.00,776.00,570.00,1.734,-6.939
2026-04-03T12:54:22.949Z,110.777,pi:0,bottle,0.8212,697.00,314.00,776.00,572.00,1.721,-6.922
2026-04-03T12:54:23.013Z,110.843,pi:0,bottle,0.8284,696.00,315.00,776.00,570.00,1.741,-6.939
2026-04-03T12:54:23.060Z,110.888,pi:0,bottle,0.8393,696.00,315.00,775.00,571.00,1.734,-6.955
2026-04-03T12:54:23.102Z,110.930,pi:0,bottle,0.8175,695.00,314.00,775.00,571.00,1.728,-6.971
2026-04-03T12:54:23.151Z,110.979,pi:0,bottle,0.8066,695.00,314.00,776.00,571.00,1.728,-6.955
2026-04-03T12:54:23.224Z,111.052,pi:0,bottle,0.8066,696.00,314.00,776.00,570.00,1.734,-6.939
2026-04-03T12:54:23.265Z,111.093,pi:0,bottle,0.8030,696.00,313.00,777.00,570.00,1.728,-6.922
2026-04-03T12:54:23.300Z,111.128,pi:0,bottle,0.8212,696.00,312.00,776.00,570.00,1.721,-6.939
2026-04-03T12:54:23.352Z,111.180,pi:0,bottle,0.8248,696.00,313.00,776.00,570.00,1.728,-6.939
2026-04-03T12:54:23.430Z,111.258,pi:0,bottle,0.8393,696.00,312.00,776.00,570.00,1.721,-6.939
2026-04-03T12:54:23.472Z,111.300,pi:0,bottle,0.8248,696.00,312.00,776.00,569.00,1.728,-6.939
2026-04-03T12:54:23.508Z,111.336,pi:0,bottle,0.8321,696.00,313.00,776.00,570.00,1.728,-6.939
2026-04-03T12:54:23.569Z,111.397,pi:0,bottle,0.8321,696.00,312.00,776.00,569.00,1.728,-6.939
2026-04-03T12:54:23.646Z,111.474,pi:0,bottle,0.8357,696.00,313.00,776.00,570.00,1.728,-6.939
2026-04-03T12:54:23.710Z,111.538,pi:0,bottle,0.8357,696.00,313.00,777.00,569.00,1.734,-6.922
2026-04-03T12:54:23.751Z,111.579,pi:0,bottle,0.8139,696.00,313.00,776.00,569.00,1.734,-6.939
2026-04-03T12:54:23.790Z,111.618,pi:0,bottle,0.8248,696.00,312.00,776.00,568.00,1.734,-6.939
2026-04-03T12:54:23.848Z,111.676,pi:0,bottle,0.8430,696.00,312.00,776.00,570.00,1.721,-6.939
2026-04-03T12:54:23.911Z,111.739,pi:0,bottle,0.8357,696.00,314.00,777.00,570.00,1.734,-6.922
2026-04-03T12:54:23.957Z,111.785,pi:0,bottle,0.8321,696.00,312.00,776.00,569.00,1.728,-6.939
2026-04-03T12:54:23.993Z,111.821,pi:0,bottle,0.8248,696.00,312.00,777.00,570.00,1.721,-6.922
2026-04-03T12:54:24.049Z,111.877,pi:0,bottle,0.8357,696.00,312.00,777.00,569.00,1.728,-6.922
2026-04-03T12:54:24.117Z,111.945,pi:0,bottle,0.8357,696.00,314.00,776.00,569.00,1.741,-6.939
2026-04-03T12:54:24.162Z,111.990,pi:0,bottle,0.8357,696.00,312.00,776.00,569.00,1.728,-6.939
2026-04-03T12:54:24.199Z,112.026,pi:0,bottle,0.8139,696.00,312.00,777.00,570.00,1.721,-6.922
2026-04-03T12:54:24.245Z,112.073,pi:0,bottle,0.8575,696.00,312.00,777.00,569.00,1.728,-6.922
2026-04-03T12:54:24.320Z,112.148,pi:0,bottle,0.8502,696.00,312.00,777.00,569.00,1.728,-6.922
2026-04-03T12:54:24.366Z,112.194,pi:0,bottle,0.8430,696.00,312.00,777.00,569.00,1.728,-6.922
2026-04-03T12:54:24.406Z,112.234,pi:0,bottle,0.8212,696.00,312.00,776.00,569.00,1.728,-6.939
2026-04-03T12:54:24.446Z,112.274,pi:0,bottle,0.8393,696.00,313.00,777.00,569.00,1.734,-6.922
2026-04-03T12:54:24.536Z,112.363,pi:0,bottle,0.8466,696.00,311.00,776.00,569.00,1.721,-6.939
2026-04-03T12:54:24.573Z,112.401,pi:0,bottle,0.8502,696.00,312.00,776.00,570.00,1.721,-6.939
2026-04-03T12:54:24.608Z,112.436,pi:0,bottle,0.7994,696.00,312.00,776.00,569.00,1.728,-6.939
2026-04-03T12:54:24.687Z,112.514,pi:0,bottle,0.8212,696.00,312.00,777.00,570.00,1.721,-6.922
2026-04-03T12:54:24.735Z,112.563,pi:0,bottle,0.8103,696.00,313.00,777.00,569.00,1.734,-6.922
2026-04-03T12:54:24.784Z,112.612,pi:0,bottle,0.8284,696.00,312.00,776.00,569.00,1.728,-6.939
2026-04-03T12:54:24.822Z,112.650,pi:0,bottle,0.8175,696.00,313.00,776.00,569.00,1.734,-6.939
2026-04-03T12:54:24.876Z,112.704,pi:0,bottle,0.8066,696.00,312.00,776.00,569.00,1.728,-6.939
2026-04-03T12:54:24.954Z,112.782,pi:0,bottle,0.8139,697.00,313.00,776.00,569.00,1.734,-6.922
2026-04-03T12:54:25.026Z,112.854,pi:0,bottle,0.8284,696.00,313.00,776.00,569.00,1.734,-6.939
2026-04-03T12:54:25.070Z,112.898,pi:0,bottle,0.8430,696.00,313.00,777.00,570.00,1.728,-6.922
2026-04-03T12:54:25.110Z,112.938,pi:0,bottle,0.8502,696.00,312.00,776.00,569.00,1.728,-6.939
2026-04-03T12:54:25.173Z,113.000,pi:0,bottle,0.8466,696.00,311.00,776.00,569.00,1.721,-6.939
2026-04-03T12:54:25.248Z,113.076,pi:0,bottle,0.8357,696.00,312.00,776.00,569.00,1.728,-6.939
2026-04-03T12:54:25.306Z,113.134,pi:0,bottle,0.8575,695.00,312.00,777.00,569.00,1.728,-6.939
2026-04-03T12:54:25.358Z,113.186,pi:0,bottle,0.8357,696.00,312.00,777.00,569.00,1.728,-6.922
2026-04-03T12:54:25.444Z,113.272,pi:0,bottle,0.8575,696.00,312.00,777.00,569.00,1.728,-6.922
2026-04-03T12:54:25.484Z,113.312,pi:0,bottle,0.8502,696.00,313.00,776.00,569.00,1.734,-6.939
2026-04-03T12:54:25.526Z,113.354,pi:0,bottle,0.8575,696.00,313.00,776.00,570.00,1.728,-6.939
2026-04-03T12:54:25.585Z,113.413,pi:0,bottle,0.8648,696.00,312.00,776.00,570.00,1.721,-6.939
2026-04-03T12:54:25.672Z,113.500,pi:0,bottle,0.8430,695.00,313.00,776.00,570.00,1.728,-6.955
2026-04-03T12:54:25.705Z,113.533,pi:0,bottle,0.8248,696.00,313.00,777.00,569.00,1.734,-6.922
2026-04-03T12:54:25.868Z,113.696,pi:0,bottle,0.8393,695.00,313.00,776.00,570.00,1.728,-6.955
2026-04-03T12:54:25.900Z,113.728,pi:0,bottle,0.8284,696.00,311.00,777.00,569.00,1.721,-6.922
2026-04-03T12:54:26.003Z,113.831,pi:0,bottle,0.8430,696.00,312.00,776.00,570.00,1.721,-6.939
2026-04-03T12:54:26.052Z,113.880,pi:0,bottle,0.8321,696.00,313.00,776.00,569.00,1.734,-6.939
2026-04-03T12:54:26.099Z,113.927,pi:0,bottle,0.8466,696.00,312.00,777.00,568.00,1.734,-6.922
2026-04-03T12:54:26.141Z,113.969,pi:0,bottle,0.8357,696.00,312.00,776.00,569.00,1.728,-6.939
2026-04-03T12:54:26.221Z,114.049,pi:0,bottle,0.8175,696.00,312.00,776.00,568.00,1.734,-6.939
2026-04-03T12:54:26.286Z,114.113,pi:0,bottle,0.8357,695.00,313.00,776.00,569.00,1.734,-6.955
2026-04-03T12:54:26.334Z,114.162,pi:0,bottle,0.8430,696.00,313.00,777.00,569.00,1.734,-6.922
2026-04-03T12:54:26.403Z,114.231,pi:0,bottle,0.8321,696.00,313.00,775.00,569.00,1.734,-6.955
2026-04-03T12:54:26.481Z,114.308,pi:0,bottle,0.8212,696.00,314.00,776.00,569.00,1.741,-6.939
2026-04-03T12:54:26.521Z,114.349,pi:0,bottle,0.8539,696.00,311.00,776.00,569.00,1.721,-6.939
2026-04-03T12:54:26.562Z,114.390,pi:0,bottle,0.8430,696.00,313.00,777.00,570.00,1.728,-6.922
2026-04-03T12:54:26.632Z,114.460,pi:0,bottle,0.8575,696.00,311.00,777.00,570.00,1.714,-6.922
2026-04-03T12:54:26.676Z,114.504,pi:0,bottle,0.8539,695.00,312.00,777.00,570.00,1.721,-6.939
2026-04-03T12:54:26.713Z,114.541,pi:0,bottle,0.8430,696.00,313.00,777.00,569.00,1.734,-6.922
2026-04-03T12:54:26.788Z,114.616,pi:0,bottle,0.8648,696.00,313.00,775.00,569.00,1.734,-6.955
2026-04-03T12:54:26.855Z,114.683,pi:0,bottle,0.8611,696.00,314.00,776.00,569.00,1.741,-6.939
2026-04-03T12:54:26.923Z,114.751,pi:0,bottle,0.8611,696.00,313.00,776.00,569.00,1.734,-6.939
2026-04-03T12:54:26.993Z,114.820,pi:0,bottle,0.8393,696.00,310.00,776.00,568.00,1.721,-6.939
2026-04-03T12:54:27.070Z,114.898,pi:0,bottle,0.8430,696.00,311.00,777.00,569.00,1.721,-6.922
2026-04-03T12:54:27.111Z,114.939,pi:0,bottle,0.8357,696.00,313.00,775.00,570.00,1.728,-6.955
2026-04-03T12:54:27.156Z,114.983,pi:0,bottle,0.8393,696.00,314.00,776.00,569.00,1.741,-6.939
2026-04-03T12:54:27.216Z,115.044,pi:0,bottle,0.8539,696.00,313.00,776.00,569.00,1.734,-6.939
2026-04-03T12:54:27.281Z,115.109,pi:0,bottle,0.8466,696.00,313.00,776.00,569.00,1.734,-6.939
2026-04-03T12:54:27.326Z,115.154,pi:0,bottle,0.8430,696.00,312.00,777.00,569.00,1.728,-6.922
2026-04-03T12:54:27.364Z,115.192,pi:0,bottle,0.8539,696.00,311.00,776.00,570.00,1.714,-6.939
2026-04-03T12:54:27.424Z,115.252,pi:0,bottle,0.8393,696.00,310.00,776.00,569.00,1.714,-6.939
2026-04-03T12:54:27.488Z,115.316,pi:0,bottle,0.8284,695.00,306.00,777.00,569.00,1.688,-6.939
2026-04-03T12:54:27.531Z,115.358,pi:0,bottle,0.7921,693.00,306.00,776.00,570.00,1.682,-6.987
2026-04-03T12:54:27.565Z,115.393,pi:0,bottle,0.7812,695.00,307.00,777.00,569.00,1.695,-6.939
2026-04-03T12:54:27.632Z,115.460,pi:0,bottle,0.7812,695.00,310.00,776.00,569.00,1.714,-6.955
2026-04-03T12:54:27.693Z,115.520,pi:0,bottle,0.8357,696.00,310.00,776.00,569.00,1.714,-6.939
2026-04-03T12:54:27.745Z,115.572,pi:0,bottle,0.8139,696.00,314.00,777.00,569.00,1.741,-6.922
2026-04-03T12:54:27.802Z,115.630,pi:0,bottle,0.8321,696.00,315.00,776.00,569.00,1.748,-6.939
2026-04-03T12:54:27.852Z,115.680,pi:0,bottle,0.8357,696.00,312.00,775.00,569.00,1.728,-6.955
2026-04-03T12:54:27.896Z,115.724,pi:0,bottle,0.8466,696.00,313.00,777.00,569.00,1.734,-6.922
2026-04-03T12:54:27.928Z,115.756,pi:0,bottle,0.8575,696.00,312.00,777.00,569.00,1.728,-6.922
2026-04-03T12:54:27.992Z,115.820,pi:0,bottle,0.8502,696.00,313.00,777.00,569.00,1.734,-6.922
2026-04-03T12:54:28.054Z,115.882,pi:0,bottle,0.8393,696.00,311.00,776.00,569.00,1.721,-6.939
2026-04-03T12:54:28.096Z,115.924,pi:0,bottle,0.8430,696.00,312.00,776.00,569.00,1.728,-6.939
2026-04-03T12:54:28.134Z,115.962,pi:0,bottle,0.8357,696.00,312.00,776.00,569.00,1.728,-6.939
2026-04-03T12:54:28.173Z,116.001,pi:0,bottle,0.8430,696.00,312.00,777.00,569.00,1.728,-6.922
2026-04-03T12:54:28.213Z,116.041,pi:0,bottle,0.8212,696.00,313.00,776.00,570.00,1.728,-6.939
2026-04-03T12:54:28.244Z,116.072,pi:0,bottle,0.8393,696.00,313.00,776.00,569.00,1.734,-6.939
2026-04-03T12:54:28.290Z,116.118,pi:0,bottle,0.8357,696.00,314.00,775.00,569.00,1.741,-6.955
2026-04-03T12:54:28.332Z,116.160,pi:0,bottle,0.8212,696.00,313.00,776.00,569.00,1.734,-6.939
2026-04-03T12:54:28.370Z,116.198,pi:0,bottle,0.8466,696.00,313.00,777.00,569.00,1.734,-6.922
2026-04-03T12:54:28.508Z,116.336,pi:0,bottle,0.8393,696.00,314.00,776.00,570.00,1.734,-6.939
2026-04-03T12:54:28.551Z,116.379,pi:0,bottle,0.8393,696.00,312.00,776.00,570.00,1.721,-6.939
2026-04-03T12:54:28.591Z,116.419,pi:0,bottle,0.8321,696.00,311.00,777.00,570.00,1.714,-6.922
2026-04-03T12:54:28.625Z,116.453,pi:0,bottle,0.8393,695.00,312.00,777.00,569.00,1.728,-6.939
2026-04-03T12:54:28.682Z,116.509,pi:0,bottle,0.8357,696.00,314.00,776.00,569.00,1.741,-6.939
2026-04-03T12:54:28.751Z,116.579,pi:0,bottle,0.8502,696.00,312.00,777.00,570.00,1.721,-6.922
2026-04-03T12:54:28.795Z,116.623,pi:0,bottle,0.8430,695.00,312.00,776.00,570.00,1.721,-6.955
2026-04-03T12:54:28.836Z,116.664,pi:0,bottle,0.8248,695.00,311.00,776.00,570.00,1.714,-6.955
2026-04-03T12:54:28.915Z,116.743,pi:0,bottle,0.8175,695.00,313.00,776.00,570.00,1.728,-6.955
2026-04-03T12:54:28.953Z,116.782,pi:0,bottle,0.8248,695.00,311.00,776.00,570.00,1.714,-6.955
2026-04-03T12:54:28.995Z,116.823,pi:0,bottle,0.8103,695.00,309.00,776.00,570.00,1.701,-6.955
2026-04-03T12:54:29.054Z,116.882,pi:0,bottle,0.8066,695.00,311.00,776.00,571.00,1.708,-6.955
2026-04-03T12:54:29.102Z,116.930,pi:0,bottle,0.8066,695.00,312.00,776.00,570.00,1.721,-6.955
2026-04-03T12:54:29.165Z,116.993,pi:0,bottle,0.8284,695.00,313.00,775.00,570.00,1.728,-6.971
2026-04-03T12:54:29.197Z,117.025,pi:0,bottle,0.8212,695.00,312.00,775.00,570.00,1.721,-6.971
2026-04-03T12:54:29.252Z,117.080,pi:0,bottle,0.8103,696.00,312.00,776.00,570.00,1.721,-6.939
2026-04-03T12:54:29.325Z,117.153,pi:0,bottle,0.8139,695.00,313.00,776.00,570.00,1.728,-6.955
2026-04-03T12:54:29.364Z,117.192,pi:0,bottle,0.8284,695.00,313.00,776.00,571.00,1.721,-6.955
2026-04-03T12:54:29.401Z,117.229,pi:0,bottle,0.8066,695.00,313.00,776.00,570.00,1.728,-6.955
2026-04-03T12:54:29.439Z,117.267,pi:0,bottle,0.8284,696.00,313.00,777.00,570.00,1.728,-6.922
2026-04-03T12:54:29.496Z,117.324,pi:0,bottle,0.8284,695.00,313.00,777.00,570.00,1.728,-6.939
2026-04-03T12:54:29.565Z,117.393,pi:0,bottle,0.8284,696.00,313.00,776.00,570.00,1.728,-6.939
2026-04-03T12:54:29.609Z,117.437,pi:0,bottle,0.8393,696.00,312.00,776.00,569.00,1.728,-6.939
2026-04-03T12:54:29.650Z,117.478,pi:0,bottle,0.8393,696.00,312.00,777.00,570.00,1.721,-6.922
2026-04-03T12:54:29.697Z,117.525,pi:0,bottle,0.8430,695.00,311.00,777.00,570.00,1.714,-6.939
2026-04-03T12:54:29.767Z,117.595,pi:0,bottle,0.8502,696.00,310.00,776.00,570.00,1.708,-6.939
2026-04-03T12:54:29.806Z,117.634,pi:0,bottle,0.8539,696.00,313.00,776.00,569.00,1.734,-6.939
2026-04-03T12:54:29.846Z,117.674,pi:0,bottle,0.8357,696.00,311.00,776.00,570.00,1.714,-6.939
2026-04-03T12:54:29.925Z,117.753,pi:0,bottle,0.8212,696.00,312.00,776.00,570.00,1.721,-6.939
2026-04-03T12:54:29.970Z,117.798,pi:0,bottle,0.8212,696.00,313.00,776.00,570.00,1.728,-6.939
2026-04-03T12:54:30.016Z,117.844,pi:0,bottle,0.8212,696.00,313.00,777.00,569.00,1.734,-6.922
2026-04-03T12:54:30.059Z,117.887,pi:0,bottle,0.8502,696.00,314.00,776.00,569.00,1.741,-6.939
2026-04-03T12:54:30.121Z,117.948,pi:0,bottle,0.8430,696.00,314.00,775.00,569.00,1.741,-6.955
2026-04-03T12:54:30.171Z,117.999,pi:0,bottle,0.8357,696.00,315.00,777.00,570.00,1.741,-6.922
2026-04-03T12:54:30.216Z,118.044,pi:0,bottle,0.8175,695.00,314.00,776.00,569.00,1.741,-6.955
2026-04-03T12:54:30.251Z,118.079,pi:0,bottle,0.8139,696.00,314.00,776.00,569.00,1.741,-6.939
2026-04-03T12:54:30.318Z,118.146,pi:0,bottle,0.8466,696.00,313.00,776.00,569.00,1.734,-6.939
2026-04-03T12:54:30.379Z,118.207,pi:0,bottle,0.8321,696.00,312.00,776.00,569.00,1.728,-6.939
2026-04-03T12:54:30.421Z,118.249,pi:0,bottle,0.8357,696.00,312.00,777.00,569.00,1.728,-6.922
2026-04-03T12:54:30.458Z,118.286,pi:0,bottle,0.8321,696.00,312.00,776.00,568.00,1.734,-6.939
2026-04-03T12:54:30.532Z,118.360,pi:0,bottle,0.8502,696.00,313.00,776.00,569.00,1.734,-6.939
2026-04-03T12:54:30.576Z,118.404,pi:0,bottle,0.8539,696.00,312.00,776.00,569.00,1.728,-6.939
2026-04-03T12:54:30.627Z,118.455,pi:0,bottle,0.8357,697.00,313.00,777.00,569.00,1.734,-6.906
2026-04-03T12:54:30.668Z,118.496,pi:0,bottle,0.8139,696.00,312.00,777.00,569.00,1.728,-6.922
2026-04-03T12:54:30.738Z,118.565,pi:0,bottle,0.7630,696.00,301.00,776.00,570.00,1.651,-6.939
2026-04-03T12:54:30.806Z,118.634,pi:0,bottle,0.7594,697.00,316.00,773.00,569.00,1.755,-6.971
2026-04-03T12:54:30.872Z,118.699,pi:0,bottle,0.8030,696.00,305.00,776.00,570.00,1.676,-6.939
2026-04-03T12:54:30.916Z,118.744,pi:0,bottle,0.6249,696.00,334.00,776.00,570.00,1.881,-6.939
2026-04-03T12:54:30.955Z,118.783,pi:0,bottle,0.5559,696.00,314.00,776.00,571.00,1.728,-6.939
2026-04-03T12:54:31.009Z,118.837,pi:0,bottle,0.7449,696.00,309.00,776.00,570.00,1.701,-6.939
2026-04-03T12:54:31.076Z,118.904,pi:0,bottle,0.7994,696.00,316.00,777.00,569.00,1.755,-6.922
2026-04-03T12:54:31.124Z,118.952,pi:0,bottle,0.8284,696.00,314.00,776.00,569.00,1.741,-6.939
2026-04-03T12:54:31.163Z,118.991,pi:0,bottle,0.8466,696.00,312.00,777.00,570.00,1.721,-6.922
2026-04-03T12:54:31.228Z,119.056,pi:0,bottle,0.8248,697.00,311.00,774.00,570.00,1.714,-6.955
2026-04-03T12:54:31.289Z,119.117,pi:0,bottle,0.8284,697.00,311.00,776.00,569.00,1.721,-6.922
2026-04-03T12:54:31.331Z,119.158,pi:0,bottle,0.8430,696.00,312.00,776.00,569.00,1.728,-6.939
2026-04-03T12:54:31.365Z,119.193,pi:0,bottle,0.8430,696.00,311.00,775.00,569.00,1.721,-6.955
2026-04-03T12:54:31.416Z,119.244,pi:0,bottle,0.8357,696.00,311.00,776.00,569.00,1.721,-6.939
2026-04-03T12:54:31.491Z,119.319,pi:0,bottle,0.8357,696.00,311.00,777.00,569.00,1.721,-6.922
2026-04-03T12:54:31.541Z,119.368,pi:0,bottle,0.8066,697.00,315.00,777.00,569.00,1.748,-6.906
2026-04-03T12:54:31.599Z,119.426,pi:0,bottle,0.8212,696.00,312.00,776.00,569.00,1.728,-6.939
2026-04-03T12:54:31.699Z,119.527,pi:0,bottle,0.8284,697.00,311.00,776.00,570.00,1.714,-6.922
2026-04-03T12:54:31.737Z,119.565,pi:0,bottle,0.8502,696.00,311.00,776.00,570.00,1.714,-6.939
2026-04-03T12:54:31.814Z,119.642,pi:0,bottle,0.8393,696.00,313.00,776.00,570.00,1.728,-6.939
2026-04-03T12:54:31.879Z,119.707,pi:0,bottle,0.8466,696.00,313.00,776.00,570.00,1.728,-6.939
2026-04-03T12:54:31.925Z,119.752,pi:0,bottle,0.8648,696.00,312.00,775.00,569.00,1.728,-6.955
2026-04-03T12:54:31.978Z,119.806,pi:0,bottle,0.8648,695.00,313.00,776.00,570.00,1.728,-6.955
2026-04-03T12:54:32.066Z,119.894,pi:0,bottle,0.8793,695.00,313.00,776.00,568.00,1.741,-6.955
2026-04-03T12:54:32.120Z,119.948,pi:0,bottle,0.8284,695.00,313.00,776.00,569.00,1.734,-6.955
2026-04-03T12:54:32.156Z,119.984,pi:0,bottle,0.8103,695.00,312.00,774.00,571.00,1.714,-6.987
2026-04-03T12:54:32.219Z,120.047,pi:0,bottle,0.7848,695.00,310.00,774.00,570.00,1.708,-6.987
2026-04-03T12:54:32.291Z,120.119,pi:0,bottle,0.7812,695.00,314.00,777.00,570.00,1.734,-6.939
2026-04-03T12:54:32.341Z,120.168,pi:0,bottle,0.8430,696.00,315.00,776.00,569.00,1.748,-6.939
2026-04-03T12:54:32.405Z,120.233,pi:0,bottle,0.8248,696.00,314.00,776.00,569.00,1.741,-6.939
2026-04-03T12:54:32.480Z,120.308,pi:0,bottle,0.8539,696.00,311.00,777.00,569.00,1.721,-6.922
2026-04-03T12:54:32.524Z,120.352,pi:0,bottle,0.8502,696.00,310.00,777.00,569.00,1.714,-6.922
2026-04-03T12:54:32.568Z,120.395,pi:0,bottle,0.8430,697.00,310.00,776.00,570.00,1.708,-6.922
2026-04-03T12:54:32.635Z,120.462,pi:0,bottle,0.8575,696.00,312.00,776.00,570.00,1.721,-6.939
2026-04-03T12:54:32.705Z,120.533,pi:0,bottle,0.8648,696.00,309.00,776.00,569.00,1.708,-6.939
2026-04-03T12:54:32.746Z,120.574,pi:0,bottle,0.8430,696.00,309.00,776.00,569.00,1.708,-6.939
2026-04-03T12:54:32.798Z,120.626,pi:0,bottle,0.8248,696.00,310.00,776.00,568.00,1.721,-6.939
2026-04-03T12:54:32.883Z,120.711,pi:0,bottle,0.8284,697.00,311.00,776.00,569.00,1.721,-6.922
2026-04-03T12:54:32.930Z,120.758,pi:0,bottle,0.8139,697.00,312.00,777.00,569.00,1.728,-6.906
2026-04-03T12:54:32.965Z,120.793,pi:0,bottle,0.8321,696.00,313.00,776.00,569.00,1.734,-6.939
2026-04-03T12:54:33.015Z,120.843,pi:0,bottle,0.8139,696.00,312.00,776.00,569.00,1.728,-6.939
2026-04-03T12:54:33.084Z,120.912,pi:0,bottle,0.8284,697.00,311.00,777.00,569.00,1.721,-6.906
2026-04-03T12:54:33.129Z,120.957,pi:0,bottle,0.8430,697.00,312.00,777.00,570.00,1.721,-6.906
2026-04-03T12:54:33.161Z,120.988,pi:0,bottle,0.8430,696.00,312.00,776.00,570.00,1.721,-6.939
2026-04-03T12:54:33.242Z,121.070,pi:0,bottle,0.8393,696.00,310.00,776.00,570.00,1.708,-6.939
2026-04-03T12:54:33.336Z,121.164,pi:0,bottle,0.8720,696.00,310.00,776.00,570.00,1.708,-6.939
2026-04-03T12:54:33.399Z,121.227,pi:0,bottle,0.8393,697.00,314.00,777.00,570.00,1.734,-6.906
2026-04-03T12:54:33.483Z,121.311,pi:0,bottle,0.8248,696.00,314.00,777.00,570.00,1.734,-6.922
2026-04-03T12:54:33.552Z,121.380,pi:0,bottle,0.8466,696.00,312.00,776.00,569.00,1.728,-6.939
2026-04-03T12:54:33.594Z,121.422,pi:0,bottle,0.8357,697.00,313.00,776.00,570.00,1.728,-6.922
2026-04-03T12:54:33.638Z,121.466,pi:0,bottle,0.8212,696.00,312.00,777.00,569.00,1.728,-6.922
2026-04-03T12:54:33.723Z,121.550,pi:0,bottle,0.8502,696.00,312.00,777.00,569.00,1.728,-6.922
2026-04-03T12:54:33.758Z,121.586,pi:0,bottle,0.8393,696.00,312.00,776.00,569.00,1.728,-6.939
2026-04-03T12:54:33.805Z,121.633,pi:0,bottle,0.8466,696.00,312.00,776.00,569.00,1.728,-6.939
2026-04-03T12:54:33.949Z,121.777,pi:0,bottle,0.8248,697.00,312.00,776.00,569.00,1.728,-6.922
2026-04-03T12:54:33.985Z,121.812,pi:0,bottle,0.8321,697.00,310.00,776.00,569.00,1.714,-6.922
2026-04-03T12:54:34.026Z,121.854,pi:0,bottle,0.8393,696.00,310.00,776.00,570.00,1.708,-6.939
2026-04-03T12:54:34.064Z,121.892,pi:0,bottle,0.8357,696.00,310.00,776.00,570.00,1.708,-6.939
2026-04-03T12:54:34.141Z,121.969,pi:0,bottle,0.8539,697.00,310.00,773.00,570.00,1.708,-6.971
2026-04-03T12:54:34.199Z,122.027,pi:0,bottle,0.8357,696.00,308.00,776.00,569.00,1.701,-6.939
2026-04-03T12:54:34.239Z,122.067,pi:0,bottle,0.8393,697.00,310.00,775.00,569.00,1.714,-6.939
2026-04-03T12:54:34.276Z,122.104,pi:0,bottle,0.8248,697.00,312.00,776.00,569.00,1.728,-6.922
2026-04-03T12:54:34.333Z,122.161,pi:0,bottle,0.8284,696.00,313.00,776.00,569.00,1.734,-6.939
2026-04-03T12:54:34.394Z,122.222,pi:0,bottle,0.8357,696.00,313.00,776.00,569.00,1.734,-6.939
2026-04-03T12:54:34.437Z,122.265,pi:0,bottle,0.8321,696.00,312.00,777.00,569.00,1.728,-6.922
2026-04-03T12:54:34.478Z,122.305,pi:0,bottle,0.8212,696.00,313.00,777.00,569.00,1.734,-6.922
2026-04-03T12:54:34.528Z,122.356,pi:0,bottle,0.8466,696.00,311.00,776.00,570.00,1.714,-6.939
2026-04-03T12:54:34.594Z,122.422,pi:0,bottle,0.8357,696.00,313.00,776.00,570.00,1.728,-6.939
2026-04-03T12:54:34.638Z,122.466,pi:0,bottle,0.8466,696.00,312.00,776.00,570.00,1.721,-6.939
2026-04-03T12:54:34.678Z,122.506,pi:0,bottle,0.8175,695.00,312.00,776.00,569.00,1.728,-6.955
2026-04-03T12:54:34.737Z,122.565,pi:0,bottle,0.8248,695.00,312.00,777.00,569.00,1.728,-6.939
2026-04-03T12:54:34.801Z,122.629,pi:0,bottle,0.8284,696.00,312.00,776.00,569.00,1.728,-6.939
2026-04-03T12:54:34.845Z,122.673,pi:0,bottle,0.8357,695.00,311.00,776.00,569.00,1.721,-6.955
2026-04-03T12:54:34.885Z,122.713,pi:0,bottle,0.8248,696.00,312.00,776.00,569.00,1.728,-6.939
2026-04-03T12:54:34.934Z,122.762,pi:0,bottle,0.8248,696.00,311.00,775.00,569.00,1.721,-6.955
2026-04-03T12:54:34.991Z,122.819,pi:0,bottle,0.8502,696.00,311.00,776.00,569.00,1.721,-6.939
2026-04-03T12:54:35.051Z,122.879,pi:0,bottle,0.8284,696.00,311.00,776.00,569.00,1.721,-6.939
2026-04-03T12:54:35.088Z,122.916,pi:0,bottle,0.8175,696.00,312.00,776.00,569.00,1.728,-6.939
2026-04-03T12:54:35.136Z,122.964,pi:0,bottle,0.8139,696.00,314.00,777.00,569.00,1.741,-6.922
2026-04-03T12:54:35.194Z,123.022,pi:0,bottle,0.8139,696.00,313.00,776.00,570.00,1.728,-6.939
2026-04-03T12:54:35.245Z,123.073,pi:0,bottle,0.8103,696.00,313.00,776.00,569.00,1.734,-6.939
2026-04-03T12:54:35.289Z,123.116,pi:0,bottle,0.8030,696.00,312.00,776.00,570.00,1.721,-6.939
2026-04-03T12:54:35.336Z,123.163,pi:0,bottle,0.7994,696.00,311.00,776.00,568.00,1.728,-6.939
2026-04-03T12:54:35.399Z,123.227,pi:0,bottle,0.8284,696.00,312.00,777.00,570.00,1.721,-6.922
2026-04-03T12:54:35.455Z,123.283,pi:0,bottle,0.8248,696.00,311.00,775.00,570.00,1.714,-6.955
2026-04-03T12:54:35.490Z,123.318,pi:0,bottle,0.7994,697.00,311.00,775.00,570.00,1.714,-6.939
2026-04-03T12:54:35.526Z,123.354,pi:0,bottle,0.8357,696.00,311.00,776.00,570.00,1.714,-6.939
2026-04-03T12:54:35.596Z,123.424,pi:0,bottle,0.8321,696.00,312.00,776.00,569.00,1.728,-6.939
2026-04-03T12:54:35.655Z,123.482,pi:0,bottle,0.8248,697.00,313.00,776.00,569.00,1.734,-6.922
2026-04-03T12:54:35.694Z,123.522,pi:0,bottle,0.8139,697.00,311.00,776.00,569.00,1.721,-6.922
2026-04-03T12:54:35.732Z,123.560,pi:0,bottle,0.8139,696.00,311.00,777.00,569.00,1.721,-6.922
2026-04-03T12:54:35.800Z,123.628,pi:0,bottle,0.8139,697.00,309.00,776.00,569.00,1.708,-6.922
2026-04-03T12:54:35.843Z,123.671,pi:0,bottle,0.8103,697.00,312.00,774.00,570.00,1.721,-6.955
2026-04-03T12:54:35.880Z,123.708,pi:0,bottle,0.8393,696.00,310.00,776.00,569.00,1.714,-6.939
2026-04-03T12:54:35.929Z,123.757,pi:0,bottle,0.8430,697.00,313.00,776.00,569.00,1.734,-6.922
2026-04-03T12:54:36.003Z,123.831,pi:0,bottle,0.8430,696.00,311.00,777.00,569.00,1.721,-6.922
2026-04-03T12:54:36.048Z,123.876,pi:0,bottle,0.8284,697.00,310.00,774.00,570.00,1.708,-6.955
2026-04-03T12:54:36.083Z,123.911,pi:0,bottle,0.8393,697.00,312.00,776.00,568.00,1.734,-6.922
2026-04-03T12:54:36.135Z,123.963,pi:0,bottle,0.8066,696.00,309.00,777.00,569.00,1.708,-6.922
2026-04-03T12:54:36.193Z,124.020,pi:0,bottle,0.8248,696.00,311.00,777.00,569.00,1.721,-6.922
2026-04-03T12:54:36.249Z,124.077,pi:0,bottle,0.8466,697.00,310.00,774.00,569.00,1.714,-6.955
2026-04-03T12:54:36.286Z,124.114,pi:0,bottle,0.8502,696.00,314.00,776.00,569.00,1.741,-6.939
2026-04-03T12:54:36.347Z,124.174,pi:0,bottle,0.8357,697.00,311.00,773.00,571.00,1.708,-6.971
2026-04-03T12:54:36.405Z,124.233,pi:0,bottle,0.8284,696.00,314.00,776.00,569.00,1.741,-6.939
2026-04-03T12:54:36.452Z,124.280,pi:0,bottle,0.8466,696.00,314.00,776.00,569.00,1.741,-6.939
2026-04-03T12:54:36.489Z,124.317,pi:0,bottle,0.8284,696.00,314.00,776.00,569.00,1.741,-6.939
2026-04-03T12:54:36.553Z,124.381,pi:0,bottle,0.8393,696.00,315.00,776.00,569.00,1.748,-6.939
2026-04-03T12:54:36.613Z,124.441,pi:0,bottle,0.8284,696.00,314.00,777.00,568.00,1.748,-6.922
2026-04-03T12:54:36.662Z,124.490,pi:0,bottle,0.8393,696.00,314.00,777.00,568.00,1.748,-6.922
2026-04-03T12:54:36.696Z,124.524,pi:0,bottle,0.8321,696.00,313.00,776.00,569.00,1.734,-6.939
2026-04-03T12:54:36.739Z,124.566,pi:0,bottle,0.8466,696.00,312.00,777.00,569.00,1.728,-6.922
2026-04-03T12:54:36.780Z,124.608,pi:0,bottle,0.8321,696.00,311.00,776.00,568.00,1.728,-6.939
2026-04-03T12:54:36.814Z,124.642,pi:0,bottle,0.8284,697.00,309.00,775.00,570.00,1.701,-6.939
2026-04-03T12:54:36.876Z,124.704,pi:0,bottle,0.8212,696.00,312.00,777.00,569.00,1.728,-6.922
2026-04-03T12:54:36.940Z,124.768,pi:0,bottle,0.8284,696.00,311.00,776.00,569.00,1.721,-6.939
2026-04-03T12:54:36.984Z,124.812,pi:0,bottle,0.8357,696.00,312.00,777.00,571.00,1.714,-6.922
2026-04-03T12:54:37.020Z,124.848,pi:0,bottle,0.8284,695.00,313.00,776.00,569.00,1.734,-6.955
2026-04-03T12:54:37.080Z,124.907,pi:0,bottle,0.8284,695.00,312.00,776.00,569.00,1.728,-6.955
2026-04-03T12:54:37.145Z,124.973,pi:0,bottle,0.8321,695.00,312.00,776.00,569.00,1.728,-6.955
2026-04-03T12:54:37.182Z,125.010,pi:0,bottle,0.8357,696.00,313.00,776.00,570.00,1.728,-6.939
2026-04-03T12:54:37.223Z,125.051,pi:0,bottle,0.8212,696.00,313.00,776.00,569.00,1.734,-6.939
2026-04-03T12:54:37.296Z,125.124,pi:0,bottle,0.8430,696.00,312.00,776.00,569.00,1.728,-6.939
2026-04-03T12:54:37.354Z,125.182,pi:0,bottle,0.8357,696.00,313.00,776.00,569.00,1.734,-6.939
2026-04-03T12:54:37.392Z,125.220,pi:0,bottle,0.8212,696.00,312.00,777.00,569.00,1.728,-6.922
2026-04-03T12:54:37.432Z,125.260,pi:0,bottle,0.8139,696.00,312.00,776.00,569.00,1.728,-6.939
2026-04-03T12:54:37.509Z,125.337,pi:0,bottle,0.8357,695.00,312.00,776.00,570.00,1.721,-6.955
2026-04-03T12:54:37.577Z,125.405,pi:0,bottle,0.8066,696.00,313.00,776.00,570.00,1.728,-6.939
2026-04-03T12:54:37.632Z,125.460,pi:0,bottle,0.8357,696.00,313.00,776.00,569.00,1.734,-6.939
2026-04-03T12:54:37.687Z,125.515,pi:0,bottle,0.8248,696.00,312.00,776.00,569.00,1.728,-6.939
2026-04-03T12:54:37.717Z,125.544,pi:0,bottle,0.8212,695.00,313.00,776.00,569.00,1.734,-6.955
2026-04-03T12:54:37.849Z,125.677,pi:0,bottle,0.8212,695.00,313.00,776.00,570.00,1.728,-6.955
2026-04-03T12:54:37.893Z,125.721,pi:0,bottle,0.8393,696.00,311.00,777.00,570.00,1.714,-6.922
2026-04-03T12:54:37.938Z,125.766,pi:0,bottle,0.8466,696.00,311.00,776.00,570.00,1.714,-6.939
2026-04-03T12:54:37.984Z,125.811,pi:0,bottle,0.8284,696.00,311.00,776.00,570.00,1.714,-6.939
2026-04-03T12:54:38.066Z,125.894,pi:0,bottle,0.8212,696.00,313.00,775.00,570.00,1.728,-6.955
2026-04-03T12:54:38.125Z,125.952,pi:0,bottle,0.8248,696.00,313.00,776.00,569.00,1.734,-6.939
2026-04-03T12:54:38.165Z,125.993,pi:0,bottle,0.8430,696.00,313.00,777.00,569.00,1.734,-6.922
2026-04-03T12:54:38.219Z,126.047,pi:0,bottle,0.8466,696.00,315.00,776.00,569.00,1.748,-6.939
2026-04-03T12:54:38.294Z,126.122,pi:0,bottle,0.8539,696.00,315.00,777.00,569.00,1.748,-6.922
2026-04-03T12:54:38.347Z,126.175,pi:0,bottle,0.8357,696.00,316.00,776.00,569.00,1.755,-6.939
2026-04-03T12:54:38.380Z,126.208,pi:0,bottle,0.8357,695.00,314.00,776.00,570.00,1.734,-6.955
2026-04-03T12:54:38.476Z,126.304,pi:0,bottle,0.8393,696.00,312.00,776.00,569.00,1.728,-6.939
2026-04-03T12:54:38.527Z,126.355,pi:0,bottle,0.8393,695.00,312.00,777.00,569.00,1.728,-6.939
2026-04-03T12:54:38.593Z,126.421,pi:0,bottle,0.8502,696.00,313.00,776.00,570.00,1.728,-6.939
2026-04-03T12:54:38.668Z,126.496,pi:0,bottle,0.8393,696.00,313.00,777.00,570.00,1.728,-6.922
2026-04-03T12:54:38.733Z,126.561,pi:0,bottle,0.8284,696.00,313.00,776.00,569.00,1.734,-6.939
2026-04-03T12:54:38.779Z,126.607,pi:0,bottle,0.8648,696.00,312.00,776.00,570.00,1.721,-6.939
2026-04-03T12:54:38.849Z,126.677,pi:0,bottle,0.8502,696.00,311.00,776.00,570.00,1.714,-6.939
2026-04-03T12:54:38.919Z,126.747,pi:0,bottle,0.8430,696.00,308.00,777.00,570.00,1.695,-6.922
2026-04-03T12:54:38.963Z,126.791,pi:0,bottle,0.8357,695.00,311.00,776.00,569.00,1.721,-6.955
2026-04-03T12:54:39.011Z,126.839,pi:0,bottle,0.8357,696.00,316.00,776.00,569.00,1.755,-6.939
2026-04-03T12:54:39.095Z,126.923,pi:0,bottle,0.8393,695.00,316.00,776.00,569.00,1.755,-6.955
2026-04-03T12:54:39.155Z,126.982,pi:0,bottle,0.8466,696.00,316.00,777.00,569.00,1.755,-6.922
2026-04-03T12:54:39.196Z,127.024,pi:0,bottle,0.8648,696.00,315.00,777.00,569.00,1.748,-6.922
2026-04-03T12:54:39.285Z,127.113,pi:0,bottle,0.8539,696.00,314.00,776.00,571.00,1.728,-6.939
2026-04-03T12:54:39.345Z,127.173,pi:0,bottle,0.8502,696.00,314.00,776.00,569.00,1.741,-6.939
2026-04-03T12:54:39.384Z,127.212,pi:0,bottle,0.8502,696.00,315.00,777.00,569.00,1.748,-6.922
2026-04-03T12:54:39.439Z,127.267,pi:0,bottle,0.8575,695.00,315.00,777.00,569.00,1.748,-6.939
2026-04-03T12:54:39.489Z,127.317,pi:0,bottle,0.8466,696.00,315.00,776.00,569.00,1.748,-6.939
2026-04-03T12:54:39.555Z,127.383,pi:0,bottle,0.8502,695.00,316.00,776.00,569.00,1.755,-6.955
2026-04-03T12:54:39.624Z,127.452,pi:0,bottle,0.8248,696.00,315.00,776.00,569.00,1.748,-6.939
2026-04-03T12:54:39.710Z,127.538,pi:0,bottle,0.8430,696.00,315.00,776.00,569.00,1.748,-6.939
2026-04-03T12:54:39.762Z,127.589,pi:0,bottle,0.8393,695.00,314.00,776.00,569.00,1.741,-6.955
2026-04-03T12:54:39.798Z,127.626,pi:0,bottle,0.8502,696.00,315.00,776.00,569.00,1.748,-6.939
2026-04-03T12:54:39.844Z,127.672,pi:0,bottle,0.8321,696.00,316.00,777.00,569.00,1.755,-6.922
2026-04-03T12:54:39.889Z,127.717,pi:0,bottle,0.8357,696.00,316.00,777.00,570.00,1.748,-6.922
2026-04-03T12:54:39.923Z,127.751,pi:0,bottle,0.8430,696.00,314.00,776.00,569.00,1.741,-6.939
2026-04-03T12:54:39.985Z,127.813,pi:0,bottle,0.8357,696.00,313.00,777.00,570.00,1.728,-6.922
2026-04-03T12:54:40.046Z,127.874,pi:0,bottle,0.8502,696.00,313.00,777.00,569.00,1.734,-6.922
2026-04-03T12:54:40.088Z,127.916,pi:0,bottle,0.8430,695.00,315.00,776.00,570.00,1.741,-6.955
2026-04-03T12:54:40.124Z,127.952,pi:0,bottle,0.8066,695.00,314.00,776.00,569.00,1.741,-6.955
2026-04-03T12:54:40.187Z,128.014,pi:0,bottle,0.7921,695.00,314.00,777.00,570.00,1.734,-6.939
2026-04-03T12:54:40.248Z,128.076,pi:0,bottle,0.8212,695.00,315.00,776.00,569.00,1.748,-6.955
2026-04-03T12:54:40.294Z,128.122,pi:0,bottle,0.8430,695.00,311.00,777.00,571.00,1.708,-6.939
2026-04-03T12:54:40.329Z,128.156,pi:0,bottle,0.8575,696.00,311.00,776.00,570.00,1.714,-6.939
2026-04-03T12:54:40.388Z,128.216,pi:0,bottle,0.8284,696.00,313.00,776.00,570.00,1.728,-6.939
2026-04-03T12:54:40.451Z,128.279,pi:0,bottle,0.8393,696.00,313.00,776.00,570.00,1.728,-6.939
2026-04-03T12:54:40.489Z,128.320,pi:0,bottle,0.8357,696.00,314.00,777.00,569.00,1.741,-6.922
2026-04-03T12:54:40.532Z,128.360,pi:0,bottle,0.8284,696.00,312.00,776.00,569.00,1.728,-6.939
2026-04-03T12:54:40.585Z,128.413,pi:0,bottle,0.8284,695.00,311.00,776.00,570.00,1.714,-6.955
2026-04-03T12:54:40.656Z,128.484,pi:0,bottle,0.8393,696.00,311.00,777.00,569.00,1.721,-6.922
2026-04-03T12:54:40.703Z,128.531,pi:0,bottle,0.8248,695.00,312.00,776.00,570.00,1.721,-6.955
2026-04-03T12:54:40.743Z,128.571,pi:0,bottle,0.8321,695.00,314.00,777.00,569.00,1.741,-6.939
2026-04-03T12:54:40.802Z,128.630,pi:0,bottle,0.8466,695.00,314.00,776.00,569.00,1.741,-6.955
2026-04-03T12:54:40.864Z,128.692,pi:0,bottle,0.8466,694.00,314.00,775.00,570.00,1.734,-6.987
2026-04-03T12:54:40.901Z,128.728,pi:0,bottle,0.8321,696.00,315.00,776.00,569.00,1.748,-6.939
2026-04-03T12:54:40.946Z,128.774,pi:0,bottle,0.8321,695.00,316.00,777.00,569.00,1.755,-6.939
2026-04-03T12:54:41.001Z,128.829,pi:0,bottle,0.8175,695.00,314.00,777.00,569.00,1.741,-6.939
2026-04-03T12:54:41.070Z,128.898,pi:0,bottle,0.8248,695.00,315.00,777.00,569.00,1.748,-6.939
2026-04-03T12:54:41.112Z,128.939,pi:0,bottle,0.8139,695.00,315.00,776.00,569.00,1.748,-6.955
2026-04-03T12:54:41.148Z,128.976,pi:0,bottle,0.8321,695.00,315.00,776.00,570.00,1.741,-6.955
2026-04-03T12:54:41.202Z,129.030,pi:0,bottle,0.8212,695.00,314.00,777.00,570.00,1.734,-6.939
2026-04-03T12:54:41.265Z,129.093,pi:0,bottle,0.8212,696.00,314.00,776.00,570.00,1.734,-6.939
2026-04-03T12:54:41.317Z,129.144,pi:0,bottle,0.8357,695.00,314.00,777.00,569.00,1.741,-6.939
2026-04-03T12:54:41.356Z,129.184,pi:0,bottle,0.8357,696.00,312.00,776.00,570.00,1.721,-6.939
2026-04-03T12:54:41.398Z,129.226,pi:0,bottle,0.8393,696.00,312.00,777.00,570.00,1.721,-6.922
2026-04-03T12:54:41.444Z,129.272,pi:0,bottle,0.8466,696.00,312.00,777.00,569.00,1.728,-6.922
2026-04-03T12:54:41.510Z,129.338,pi:0,bottle,0.8502,696.00,313.00,776.00,570.00,1.728,-6.939
2026-04-03T12:54:41.550Z,129.378,pi:0,bottle,0.8466,696.00,313.00,776.00,570.00,1.728,-6.939
2026-04-03T12:54:41.601Z,129.429,pi:0,bottle,0.8430,696.00,312.00,777.00,570.00,1.721,-6.922
2026-04-03T12:54:41.668Z,129.496,pi:0,bottle,0.8466,695.00,311.00,777.00,570.00,1.714,-6.939
2026-04-03T12:54:41.721Z,129.548,pi:0,bottle,0.8139,695.00,296.00,777.00,569.00,1.626,-6.939
2026-04-03T12:54:41.761Z,129.589,pi:0,bottle,0.7848,696.00,308.00,775.00,571.00,1.688,-6.955
2026-04-03T12:54:41.829Z,129.657,pi:0,bottle,0.7957,696.00,312.00,777.00,570.00,1.721,-6.922
2026-04-03T12:54:41.880Z,129.708,pi:0,bottle,0.7994,695.00,313.00,777.00,569.00,1.734,-6.939
2026-04-03T12:54:41.917Z,129.745,pi:0,bottle,0.8139,695.00,310.00,774.00,572.00,1.695,-6.987
2026-04-03T12:54:41.959Z,129.787,pi:0,bottle,0.8139,694.00,312.00,777.00,570.00,1.721,-6.955
2026-04-03T12:54:42.031Z,129.858,pi:0,bottle,0.8212,695.00,314.00,776.00,570.00,1.734,-6.955
2026-04-03T12:54:42.093Z,129.921,pi:0,bottle,0.8066,695.00,314.00,776.00,571.00,1.728,-6.955
2026-04-03T12:54:42.125Z,129.953,pi:0,bottle,0.8357,697.00,314.00,776.00,570.00,1.734,-6.922
2026-04-03T12:54:42.175Z,130.003,pi:0,bottle,0.8466,696.00,312.00,776.00,570.00,1.721,-6.939
2026-04-03T12:54:42.236Z,130.064,pi:0,bottle,0.8357,696.00,314.00,776.00,570.00,1.734,-6.939
2026-04-03T12:54:42.288Z,130.116,pi:0,bottle,0.8430,697.00,312.00,776.00,571.00,1.714,-6.922
2026-04-03T12:54:42.330Z,130.158,pi:0,bottle,0.8539,696.00,310.00,776.00,570.00,1.708,-6.939
2026-04-03T12:54:42.386Z,130.214,pi:0,bottle,0.8357,696.00,311.00,776.00,570.00,1.714,-6.939
2026-04-03T12:54:42.463Z,130.291,pi:0,bottle,0.8430,696.00,314.00,776.00,569.00,1.741,-6.939
2026-04-03T12:54:42.501Z,130.329,pi:0,bottle,0.8066,697.00,316.00,776.00,570.00,1.748,-6.922
2026-04-03T12:54:42.540Z,130.368,pi:0,bottle,0.8139,696.00,314.00,775.00,570.00,1.734,-6.955
2026-04-03T12:54:42.595Z,130.423,pi:0,bottle,0.8430,695.00,314.00,776.00,571.00,1.728,-6.955
2026-04-03T12:54:42.667Z,130.495,pi:0,bottle,0.8175,695.00,315.00,776.00,571.00,1.734,-6.955
2026-04-03T12:54:42.713Z,130.541,pi:0,bottle,0.8212,696.00,315.00,776.00,570.00,1.741,-6.939
2026-04-03T12:54:42.751Z,130.579,pi:0,bottle,0.8393,696.00,316.00,776.00,571.00,1.741,-6.939
2026-04-03T12:54:42.807Z,130.635,pi:0,bottle,0.8212,697.00,315.00,776.00,571.00,1.734,-6.922
2026-04-03T12:54:42.872Z,130.699,pi:0,bottle,0.8393,697.00,315.00,776.00,570.00,1.741,-6.922
2026-04-03T12:54:42.913Z,130.741,pi:0,bottle,0.8430,696.00,314.00,776.00,571.00,1.728,-6.939
2026-04-03T12:54:42.952Z,130.780,pi:0,bottle,0.8212,696.00,314.00,775.00,570.00,1.734,-6.955
2026-04-03T12:54:43.011Z,130.838,pi:0,bottle,0.8284,696.00,314.00,776.00,570.00,1.734,-6.939
2026-04-03T12:54:43.074Z,130.901,pi:0,bottle,0.8175,696.00,314.00,775.00,569.00,1.741,-6.955
2026-04-03T12:54:43.116Z,130.944,pi:0,bottle,0.8357,697.00,312.00,775.00,570.00,1.721,-6.939
2026-04-03T12:54:43.197Z,131.025,pi:0,bottle,0.8248,696.00,313.00,776.00,570.00,1.728,-6.939
2026-04-03T12:54:43.230Z,131.058,pi:0,bottle,0.8066,696.00,311.00,776.00,570.00,1.714,-6.939
2026-04-03T12:54:43.299Z,131.126,pi:0,bottle,0.8139,695.00,313.00,776.00,570.00,1.728,-6.955
2026-04-03T12:54:43.329Z,131.157,pi:0,bottle,0.8248,696.00,314.00,775.00,570.00,1.734,-6.955
2026-04-03T12:54:43.366Z,131.194,pi:0,bottle,0.8357,696.00,313.00,775.00,570.00,1.728,-6.955
2026-04-03T12:54:43.393Z,131.221,pi:0,bottle,0.8284,696.00,314.00,776.00,570.00,1.734,-6.939
2026-04-03T12:54:43.555Z,131.383,pi:0,bottle,0.8212,696.00,314.00,775.00,571.00,1.728,-6.955
2026-04-03T12:54:43.585Z,131.413,pi:0,bottle,0.8321,696.00,314.00,776.00,569.00,1.741,-6.939
2026-04-03T12:54:43.609Z,131.437,pi:0,bottle,0.8284,696.00,314.00,776.00,570.00,1.734,-6.939
2026-04-03T12:54:43.656Z,131.483,pi:0,bottle,0.8248,696.00,314.00,776.00,570.00,1.734,-6.939
2026-04-03T12:54:43.711Z,131.539,pi:0,bottle,0.8212,696.00,314.00,776.00,571.00,1.728,-6.939
2026-04-03T12:54:43.780Z,131.608,pi:0,bottle,0.8393,696.00,313.00,775.00,570.00,1.728,-6.955
2026-04-03T12:54:43.826Z,131.654,pi:0,bottle,0.8248,696.00,314.00,775.00,570.00,1.734,-6.955
2026-04-03T12:54:43.860Z,131.688,pi:0,bottle,0.8393,696.00,314.00,776.00,571.00,1.728,-6.939
2026-04-03T12:54:43.912Z,131.740,pi:0,bottle,0.8357,696.00,314.00,776.00,570.00,1.734,-6.939
2026-04-03T12:54:43.988Z,131.816,pi:0,bottle,0.8357,696.00,314.00,776.00,570.00,1.734,-6.939
2026-04-03T12:54:44.027Z,131.854,pi:0,bottle,0.8430,696.00,315.00,776.00,571.00,1.734,-6.939
2026-04-03T12:54:44.065Z,131.892,pi:0,bottle,0.8430,696.00,314.00,776.00,571.00,1.728,-6.939
2026-04-03T12:54:44.143Z,131.971,pi:0,bottle,0.8321,696.00,315.00,776.00,570.00,1.741,-6.939
2026-04-03T12:54:44.179Z,132.007,pi:0,bottle,0.8393,696.00,314.00,776.00,571.00,1.728,-6.939
2026-04-03T12:54:44.227Z,132.055,pi:0,bottle,0.8430,696.00,314.00,776.00,570.00,1.734,-6.939
2026-04-03T12:54:44.278Z,132.106,pi:0,bottle,0.8430,696.00,314.00,776.00,570.00,1.734,-6.939
2026-04-03T12:54:44.362Z,132.190,pi:0,bottle,0.8321,697.00,314.00,776.00,570.00,1.734,-6.922
2026-04-03T12:54:44.416Z,132.244,pi:0,bottle,0.8430,696.00,314.00,775.00,569.00,1.741,-6.955
2026-04-03T12:54:44.461Z,132.289,pi:0,bottle,0.8430,696.00,312.00,776.00,570.00,1.721,-6.939
2026-04-03T12:54:44.519Z,132.347,pi:0,bottle,0.8393,696.00,313.00,776.00,571.00,1.721,-6.939
2026-04-03T12:54:44.599Z,132.427,pi:0,bottle,0.8139,696.00,312.00,775.00,571.00,1.714,-6.955
2026-04-03T12:54:44.645Z,132.473,pi:0,bottle,0.8321,696.00,313.00,777.00,570.00,1.728,-6.922
2026-04-03T12:54:44.691Z,132.519,pi:0,bottle,0.8357,696.00,313.00,776.00,570.00,1.728,-6.939
2026-04-03T12:54:44.779Z,132.607,pi:0,bottle,0.8502,696.00,313.00,776.00,569.00,1.734,-6.939
2026-04-03T12:54:44.826Z,132.654,pi:0,bottle,0.8829,695.00,315.00,777.00,571.00,1.734,-6.939
2026-04-03T12:54:44.869Z,132.697,pi:0,bottle,0.8502,696.00,315.00,777.00,570.00,1.741,-6.922
2026-04-03T12:54:44.921Z,132.749,pi:0,bottle,0.8357,696.00,315.00,776.00,571.00,1.734,-6.939
2026-04-03T12:54:45.019Z,132.847,pi:0,bottle,0.8321,695.00,316.00,776.00,570.00,1.748,-6.955
2026-04-03T12:54:45.054Z,132.882,pi:0,bottle,0.8502,696.00,314.00,776.00,571.00,1.728,-6.939
2026-04-03T12:54:45.132Z,132.960,pi:0,bottle,0.8139,696.00,314.00,776.00,570.00,1.734,-6.939
2026-04-03T12:54:45.198Z,133.026,pi:0,bottle,0.8393,696.00,314.00,776.00,570.00,1.734,-6.939
2026-04-03T12:54:45.245Z,133.073,pi:0,bottle,0.8139,696.00,313.00,776.00,569.00,1.734,-6.939
2026-04-03T12:54:45.287Z,133.115,pi:0,bottle,0.8284,695.00,315.00,777.00,570.00,1.741,-6.939
2026-04-03T12:54:45.341Z,133.169,pi:0,bottle,0.8321,696.00,314.00,776.00,571.00,1.728,-6.939
2026-04-03T12:54:45.383Z,133.210,pi:0,bottle,0.8393,696.00,314.00,776.00,570.00,1.734,-6.939
2026-04-03T12:54:45.463Z,133.291,pi:0,bottle,0.8321,696.00,314.00,776.00,571.00,1.728,-6.939
2026-04-03T12:54:45.521Z,133.349,pi:0,bottle,0.8248,695.00,314.00,776.00,571.00,1.728,-6.955
2026-04-03T12:54:45.577Z,133.404,pi:0,bottle,0.8466,696.00,313.00,776.00,570.00,1.728,-6.939
2026-04-03T12:54:45.632Z,133.459,pi:0,bottle,0.8539,696.00,314.00,776.00,570.00,1.734,-6.939
2026-04-03T12:54:45.694Z,133.522,pi:0,bottle,0.8502,697.00,313.00,776.00,571.00,1.721,-6.922
2026-04-03T12:54:45.749Z,133.577,pi:0,bottle,0.8393,696.00,313.00,777.00,570.00,1.728,-6.922
2026-04-03T12:54:45.785Z,133.613,pi:0,bottle,0.8248,697.00,311.00,776.00,570.00,1.714,-6.922
2026-04-03T12:54:45.847Z,133.675,pi:0,bottle,0.8393,696.00,312.00,776.00,570.00,1.721,-6.939
2026-04-03T12:54:45.903Z,133.731,pi:0,bottle,0.8575,696.00,312.00,776.00,570.00,1.721,-6.939
2026-04-03T12:54:45.952Z,133.780,pi:0,bottle,0.8430,696.00,313.00,776.00,569.00,1.734,-6.939
2026-04-03T12:54:46.022Z,133.850,pi:0,bottle,0.8430,696.00,313.00,776.00,570.00,1.728,-6.939
2026-04-03T12:54:46.088Z,133.916,pi:0,bottle,0.8430,696.00,313.00,776.00,569.00,1.734,-6.939
2026-04-03T12:54:46.130Z,133.958,pi:0,bottle,0.8430,696.00,314.00,776.00,569.00,1.741,-6.939
2026-04-03T12:54:46.165Z,133.993,pi:0,bottle,0.8430,696.00,314.00,776.00,569.00,1.741,-6.939
2026-04-03T12:54:46.219Z,134.047,pi:0,bottle,0.8393,696.00,316.00,776.00,569.00,1.755,-6.939
2026-04-03T12:54:46.296Z,134.123,pi:0,bottle,0.8357,696.00,316.00,776.00,569.00,1.755,-6.939
2026-04-03T12:54:46.340Z,134.168,pi:0,bottle,0.8575,696.00,313.00,776.00,570.00,1.728,-6.939
2026-04-03T12:54:46.370Z,134.198,pi:0,bottle,0.8757,696.00,314.00,776.00,571.00,1.728,-6.939
2026-04-03T12:54:46.437Z,134.265,pi:0,bottle,0.8430,696.00,316.00,776.00,570.00,1.748,-6.939
2026-04-03T12:54:46.502Z,134.330,pi:0,bottle,0.8175,696.00,314.00,775.00,570.00,1.734,-6.955
2026-04-03T12:54:46.548Z,134.376,pi:0,bottle,0.8175,696.00,312.00,776.00,570.00,1.721,-6.939
2026-04-03T12:54:46.585Z,134.413,pi:0,bottle,0.8357,696.00,313.00,777.00,570.00,1.728,-6.922
2026-04-03T12:54:46.655Z,134.482,pi:0,bottle,0.8393,696.00,313.00,777.00,570.00,1.728,-6.922
2026-04-03T12:54:46.707Z,134.535,pi:0,bottle,0.8466,695.00,312.00,776.00,570.00,1.721,-6.955
2026-04-03T12:54:46.750Z,134.578,pi:0,bottle,0.8575,695.00,314.00,777.00,569.00,1.741,-6.939
2026-04-03T12:54:46.788Z,134.616,pi:0,bottle,0.8466,696.00,314.00,776.00,570.00,1.734,-6.939
2026-04-03T12:54:46.840Z,134.667,pi:0,bottle,0.8393,696.00,313.00,776.00,570.00,1.728,-6.939
2026-04-03T12:54:46.911Z,134.739,pi:0,bottle,0.8321,696.00,312.00,776.00,570.00,1.721,-6.939
2026-04-03T12:54:46.953Z,134.781,pi:0,bottle,0.8466,695.00,313.00,776.00,570.00,1.728,-6.955
2026-04-03T12:54:46.992Z,134.820,pi:0,bottle,0.8430,696.00,313.00,776.00,570.00,1.728,-6.939
2026-04-03T12:54:47.044Z,134.871,pi:0,bottle,0.8466,696.00,313.00,775.00,570.00,1.728,-6.955
2026-04-03T12:54:47.110Z,134.938,pi:0,bottle,0.8393,696.00,311.00,775.00,571.00,1.708,-6.955
2026-04-03T12:54:47.154Z,134.982,pi:0,bottle,0.8393,696.00,312.00,777.00,570.00,1.721,-6.922
2026-04-03T12:54:47.191Z,135.018,pi:0,bottle,0.8393,695.00,312.00,776.00,569.00,1.728,-6.955
2026-04-03T12:54:47.249Z,135.081,pi:0,bottle,0.8430,695.00,313.00,777.00,570.00,1.728,-6.939
2026-04-03T12:54:47.318Z,135.146,pi:0,bottle,0.8466,696.00,314.00,775.00,570.00,1.734,-6.955
2026-04-03T12:54:47.357Z,135.185,pi:0,bottle,0.8466,696.00,313.00,777.00,570.00,1.728,-6.922
2026-04-03T12:54:47.396Z,135.224,pi:0,bottle,0.8357,696.00,314.00,776.00,570.00,1.734,-6.939
2026-04-03T12:54:47.441Z,135.269,pi:0,bottle,0.8430,696.00,314.00,776.00,570.00,1.734,-6.939
2026-04-03T12:54:47.524Z,135.352,pi:0,bottle,0.8430,696.00,314.00,776.00,570.00,1.734,-6.939
2026-04-03T12:54:47.557Z,135.385,pi:0,bottle,0.8284,695.00,314.00,776.00,570.00,1.734,-6.955
2026-04-03T12:54:47.605Z,135.433,pi:0,bottle,0.8284,695.00,315.00,777.00,570.00,1.741,-6.939
2026-04-03T12:54:47.661Z,135.489,pi:0,bottle,0.8357,696.00,315.00,776.00,570.00,1.741,-6.939
2026-04-03T12:54:47.725Z,135.553,pi:0,bottle,0.8284,696.00,314.00,776.00,570.00,1.734,-6.939
2026-04-03T12:54:47.769Z,135.597,pi:0,bottle,0.8357,696.00,311.00,775.00,571.00,1.708,-6.955
2026-04-03T12:54:47.808Z,135.635,pi:0,bottle,0.8175,696.00,312.00,776.00,570.00,1.721,-6.939
2026-04-03T12:54:47.861Z,135.689,pi:0,bottle,0.8321,696.00,312.00,776.00,569.00,1.728,-6.939
2026-04-03T12:54:47.911Z,135.739,pi:0,bottle,0.7994,697.00,308.00,774.00,571.00,1.688,-6.955
2026-04-03T12:54:47.955Z,135.783,pi:0,bottle,0.8175,696.00,310.00,776.00,570.00,1.708,-6.939
2026-04-03T12:54:47.993Z,135.821,pi:0,bottle,0.8284,696.00,310.00,776.00,570.00,1.708,-6.939
2026-04-03T12:54:48.048Z,135.876,pi:0,bottle,0.8502,696.00,310.00,777.00,571.00,1.701,-6.922
2026-04-03T12:54:48.115Z,135.942,pi:0,bottle,0.8430,696.00,311.00,776.00,569.00,1.721,-6.939
2026-04-03T12:54:48.145Z,135.973,pi:0,bottle,0.8466,696.00,311.00,776.00,570.00,1.714,-6.939
2026-04-03T12:54:48.193Z,136.020,pi:0,bottle,0.8030,695.00,313.00,777.00,570.00,1.728,-6.939
2026-04-03T12:54:48.229Z,136.057,pi:0,bottle,0.7921,696.00,310.00,774.00,571.00,1.701,-6.971
2026-04-03T12:54:48.320Z,136.147,pi:0,bottle,0.7739,696.00,311.00,776.00,570.00,1.714,-6.939
2026-04-03T12:54:48.353Z,136.180,pi:0,bottle,0.8103,695.00,314.00,776.00,570.00,1.734,-6.955
2026-04-03T12:54:48.395Z,136.222,pi:0,bottle,0.8175,696.00,314.00,776.00,570.00,1.734,-6.939
2026-04-03T12:54:48.448Z,136.276,pi:0,bottle,0.8357,696.00,314.00,777.00,570.00,1.734,-6.922
2026-04-03T12:54:48.522Z,136.350,pi:0,bottle,0.8430,696.00,314.00,775.00,570.00,1.734,-6.955
2026-04-03T12:54:48.586Z,136.414,pi:0,bottle,0.8284,695.00,313.00,776.00,570.00,1.728,-6.955
2026-04-03T12:54:48.681Z,136.509,pi:0,bottle,0.8066,696.00,314.00,776.00,570.00,1.734,-6.939
2026-04-03T12:54:48.754Z,136.582,pi:0,bottle,0.8139,695.00,316.00,775.00,571.00,1.741,-6.971
2026-04-03T12:54:48.792Z,136.620,pi:0,bottle,0.8212,695.00,314.00,775.00,571.00,1.728,-6.971
2026-04-03T12:54:48.853Z,136.681,pi:0,bottle,0.7885,696.00,312.00,774.00,570.00,1.721,-6.971
2026-04-03T12:54:48.900Z,136.728,pi:0,bottle,0.7921,696.00,313.00,775.00,571.00,1.721,-6.955
2026-04-03T12:54:48.961Z,136.789,pi:0,bottle,0.8030,696.00,311.00,773.00,571.00,1.708,-6.987
2026-04-03T12:54:48.997Z,136.825,pi:0,bottle,0.8103,696.00,312.00,776.00,570.00,1.721,-6.939
2026-04-03T12:54:49.053Z,136.881,pi:0,bottle,0.8175,696.00,312.00,777.00,570.00,1.721,-6.922
2026-04-03T12:54:49.123Z,136.951,pi:0,bottle,0.8066,696.00,313.00,776.00,570.00,1.728,-6.939
2026-04-03T12:54:49.170Z,136.998,pi:0,bottle,0.7994,696.00,312.00,776.00,570.00,1.721,-6.939
2026-04-03T12:54:49.204Z,137.031,pi:0,bottle,0.8103,696.00,310.00,774.00,571.00,1.701,-6.971
2026-04-03T12:54:49.264Z,137.092,pi:0,bottle,0.8175,696.00,312.00,776.00,569.00,1.728,-6.939
2026-04-03T12:54:49.328Z,137.156,pi:0,bottle,0.8248,696.00,313.00,775.00,570.00,1.728,-6.955
2026-04-03T12:54:49.369Z,137.197,pi:0,bottle,0.8321,695.00,314.00,776.00,570.00,1.734,-6.955
2026-04-03T12:54:49.408Z,137.236,pi:0,bottle,0.8175,696.00,314.00,775.00,570.00,1.734,-6.955
2026-04-03T12:54:49.462Z,137.290,pi:0,bottle,0.8212,696.00,313.00,776.00,570.00,1.728,-6.939
2026-04-03T12:54:49.534Z,137.362,pi:0,bottle,0.8139,696.00,314.00,776.00,571.00,1.728,-6.939
2026-04-03T12:54:49.575Z,137.403,pi:0,bottle,0.8212,696.00,316.00,776.00,570.00,1.748,-6.939
2026-04-03T12:54:49.611Z,137.439,pi:0,bottle,0.7885,693.00,314.00,777.00,570.00,1.734,-6.971
2026-04-03T12:54:49.675Z,137.503,pi:0,bottle,0.8103,695.00,313.00,777.00,570.00,1.728,-6.939
2026-04-03T12:54:49.741Z,137.569,pi:0,bottle,0.8139,696.00,312.00,776.00,569.00,1.728,-6.939
2026-04-03T12:54:49.781Z,137.609,pi:0,bottle,0.8321,695.00,314.00,776.00,570.00,1.734,-6.955
2026-04-03T12:54:49.816Z,137.644,pi:0,bottle,0.8212,696.00,312.00,776.00,570.00,1.721,-6.939
2026-04-03T12:54:49.871Z,137.699,pi:0,bottle,0.8430,696.00,311.00,776.00,570.00,1.714,-6.939
2026-04-03T12:54:49.921Z,137.749,pi:0,bottle,0.8321,696.00,312.00,775.00,570.00,1.721,-6.955
2026-04-03T12:54:49.969Z,137.797,pi:0,bottle,0.8030,696.00,312.00,775.00,571.00,1.714,-6.955
2026-04-03T12:54:50.010Z,137.838,pi:0,bottle,0.8139,696.00,312.00,775.00,570.00,1.721,-6.955
2026-04-03T12:54:50.066Z,137.894,pi:0,bottle,0.8212,696.00,312.00,776.00,571.00,1.714,-6.939
2026-04-03T12:54:50.126Z,137.954,pi:0,bottle,0.8175,696.00,311.00,776.00,570.00,1.714,-6.939
2026-04-03T12:54:50.168Z,137.996,pi:0,bottle,0.8139,696.00,314.00,776.00,571.00,1.728,-6.939
2026-04-03T12:54:50.208Z,138.036,pi:0,bottle,0.7994,696.00,314.00,777.00,570.00,1.734,-6.922
2026-04-03T12:54:50.269Z,138.096,pi:0,bottle,0.8284,696.00,315.00,776.00,571.00,1.734,-6.939
2026-04-03T12:54:50.326Z,138.154,pi:0,bottle,0.7885,696.00,316.00,776.00,572.00,1.734,-6.939
2026-04-03T12:54:50.375Z,138.203,pi:0,bottle,0.7994,695.00,316.00,776.00,571.00,1.741,-6.955
2026-04-03T12:54:50.412Z,138.239,pi:0,bottle,0.7957,696.00,315.00,776.00,571.00,1.734,-6.939
2026-04-03T12:54:50.477Z,138.305,pi:0,bottle,0.7558,696.00,307.00,777.00,571.00,1.682,-6.922
2026-04-03T12:54:50.544Z,138.372,pi:0,bottle,0.7594,696.00,299.00,776.00,570.00,1.638,-6.939
2026-04-03T12:54:50.576Z,138.404,pi:0,bottle,0.7994,695.00,286.00,776.00,571.00,1.558,-6.955
2026-04-03T12:54:50.685Z,138.513,pi:0,bottle,0.7885,696.00,311.00,774.00,572.00,1.701,-6.971
2026-04-03T12:54:50.727Z,138.555,pi:0,bottle,0.7957,696.00,314.00,776.00,571.00,1.728,-6.939
2026-04-03T12:54:50.750Z,138.578,pi:0,bottle,0.7848,696.00,313.00,777.00,570.00,1.728,-6.922
2026-04-03T12:54:50.799Z,138.627,pi:0,bottle,0.7957,696.00,314.00,775.00,571.00,1.728,-6.955
2026-04-03T12:54:50.865Z,138.693,pi:0,bottle,0.7921,696.00,314.00,776.00,570.00,1.734,-6.939
2026-04-03T12:54:50.958Z,138.786,pi:0,bottle,0.7848,696.00,315.00,775.00,571.00,1.734,-6.955
2026-04-03T12:54:51.012Z,138.840,pi:0,bottle,0.7921,696.00,314.00,775.00,572.00,1.721,-6.955
2026-04-03T12:54:51.082Z,138.910,pi:0,bottle,0.8175,695.00,315.00,775.00,572.00,1.728,-6.971
2026-04-03T12:54:51.163Z,138.991,pi:0,bottle,0.7994,696.00,315.00,775.00,571.00,1.734,-6.955
2026-04-03T12:54:51.191Z,139.019,pi:0,bottle,0.8066,695.00,314.00,775.00,571.00,1.728,-6.971
2026-04-03T12:54:51.340Z,139.168,pi:0,bottle,0.7812,696.00,314.00,776.00,572.00,1.721,-6.939
2026-04-03T12:54:51.379Z,139.207,pi:0,bottle,0.8212,695.00,313.00,776.00,572.00,1.714,-6.955
2026-04-03T12:54:51.427Z,139.255,pi:0,bottle,0.8212,696.00,314.00,776.00,572.00,1.721,-6.939
2026-04-03T12:54:51.482Z,139.310,pi:0,bottle,0.7812,693.00,315.00,777.00,571.00,1.734,-6.971
2026-04-03T12:54:51.572Z,139.400,pi:0,bottle,0.7376,695.00,316.00,776.00,572.00,1.734,-6.955
2026-04-03T12:54:51.613Z,139.441,pi:0,bottle,0.6213,704.00,315.00,778.00,573.00,1.721,-6.778
2026-04-03T12:54:51.653Z,139.481,pi:0,bottle,0.4104,716.00,323.00,773.00,570.00,1.798,-6.665
2026-04-03T12:54:51.731Z,139.559,pi:0,bottle,0.3557,721.00,326.00,773.00,569.00,1.827,-6.584
2026-04-03T12:54:53.295Z,141.123,pi:0,bottle,0.6177,722.00,330.00,777.00,574.00,1.820,-6.504
2026-04-03T12:54:53.368Z,141.196,pi:0,bottle,0.7449,717.00,309.00,776.00,573.00,1.682,-6.600
2026-04-03T12:54:53.415Z,141.242,pi:0,bottle,0.8066,703.00,313.00,775.00,573.00,1.708,-6.842
2026-04-03T12:54:53.456Z,141.284,pi:0,bottle,0.8284,695.00,312.00,775.00,572.00,1.708,-6.971
2026-04-03T12:54:53.555Z,141.383,pi:0,bottle,0.8103,696.00,314.00,775.00,571.00,1.728,-6.955
2026-04-03T12:54:53.615Z,141.443,pi:0,bottle,0.8575,696.00,311.00,776.00,570.00,1.714,-6.939
2026-04-03T12:54:53.615Z,141.443,pi:0,bottle,0.2834,659.00,261.00,718.00,523.00,1.695,-8.462
2026-04-03T12:54:53.650Z,141.478,pi:0,bottle,0.8502,696.00,312.00,776.00,570.00,1.721,-6.939
2026-04-03T12:54:53.710Z,141.537,pi:0,bottle,0.8430,695.00,312.00,775.00,570.00,1.721,-6.971
2026-04-03T12:54:53.780Z,141.608,pi:0,bottle,0.8066,695.00,310.00,776.00,570.00,1.708,-6.955
2026-04-03T12:54:53.821Z,141.649,pi:0,bottle,0.7885,696.00,311.00,775.00,570.00,1.714,-6.955
2026-04-03T12:54:53.863Z,141.691,pi:0,bottle,0.8212,695.00,313.00,776.00,570.00,1.728,-6.955
2026-04-03T12:54:53.920Z,141.748,pi:0,bottle,0.8103,695.00,313.00,776.00,570.00,1.728,-6.955
2026-04-03T12:54:53.974Z,141.802,pi:0,bottle,0.8139,695.00,312.00,776.00,570.00,1.721,-6.955
2026-04-03T12:54:54.015Z,141.843,pi:0,bottle,0.8321,695.00,313.00,776.00,570.00,1.728,-6.955
2026-04-03T12:54:54.070Z,141.898,pi:0,bottle,0.8284,696.00,313.00,776.00,570.00,1.728,-6.939
2026-04-03T12:54:54.133Z,141.961,pi:0,bottle,0.8248,696.00,313.00,775.00,570.00,1.728,-6.955
2026-04-03T12:54:54.189Z,142.017,pi:0,bottle,0.8284,695.00,312.00,776.00,570.00,1.721,-6.955
2026-04-03T12:54:54.226Z,142.054,pi:0,bottle,0.8357,695.00,313.00,776.00,570.00,1.728,-6.955
2026-04-03T12:54:54.286Z,142.114,pi:0,bottle,0.8321,695.00,313.00,776.00,570.00,1.728,-6.955
2026-04-03T12:54:54.362Z,142.189,pi:0,bottle,0.8284,695.00,313.00,775.00,570.00,1.728,-6.971
2026-04-03T12:54:54.405Z,142.233,pi:0,bottle,0.8284,696.00,312.00,773.00,571.00,1.714,-6.987
2026-04-03T12:54:54.438Z,142.266,pi:0,bottle,0.8284,696.00,312.00,774.00,571.00,1.714,-6.971
2026-04-03T12:54:54.500Z,142.329,pi:0,bottle,0.8321,695.00,312.00,775.00,570.00,1.721,-6.971
2026-04-03T12:54:54.566Z,142.394,pi:0,bottle,0.8284,695.00,313.00,776.00,570.00,1.728,-6.955
2026-04-03T12:54:54.611Z,142.438,pi:0,bottle,0.8175,696.00,313.00,776.00,570.00,1.728,-6.939
2026-04-03T12:54:54.641Z,142.469,pi:0,bottle,0.8248,695.00,313.00,776.00,570.00,1.728,-6.955
2026-04-03T12:54:54.703Z,142.531,pi:0,bottle,0.8284,695.00,312.00,776.00,570.00,1.721,-6.955
2026-04-03T12:54:54.767Z,142.594,pi:0,bottle,0.8284,695.00,313.00,776.00,570.00,1.728,-6.955
2026-04-03T12:54:54.809Z,142.637,pi:0,bottle,0.8248,695.00,313.00,775.00,570.00,1.728,-6.971
2026-04-03T12:54:54.846Z,142.674,pi:0,bottle,0.8284,695.00,313.00,776.00,570.00,1.728,-6.955
2026-04-03T12:54:54.903Z,142.731,pi:0,bottle,0.8430,695.00,312.00,776.00,569.00,1.728,-6.955
2026-04-03T12:54:54.975Z,142.802,pi:0,bottle,0.8357,695.00,313.00,776.00,570.00,1.728,-6.955
2026-04-03T12:54:55.013Z,142.841,pi:0,bottle,0.8430,695.00,312.00,776.00,569.00,1.728,-6.955
2026-04-03T12:54:55.048Z,142.876,pi:0,bottle,0.8502,695.00,312.00,776.00,570.00,1.721,-6.955
2026-04-03T12:54:55.112Z,142.939,pi:0,bottle,0.8466,696.00,313.00,776.00,570.00,1.728,-6.939
2026-04-03T12:54:55.180Z,143.007,pi:0,bottle,0.8321,695.00,313.00,776.00,569.00,1.734,-6.955
2026-04-03T12:54:55.221Z,143.049,pi:0,bottle,0.8357,695.00,313.00,776.00,570.00,1.728,-6.955
2026-04-03T12:54:55.258Z,143.086,pi:0,bottle,0.8648,695.00,313.00,776.00,570.00,1.728,-6.955
2026-04-03T12:54:55.316Z,143.144,pi:0,bottle,0.8539,695.00,312.00,776.00,570.00,1.721,-6.955
2026-04-03T12:54:55.380Z,143.208,pi:0,bottle,0.8648,695.00,313.00,776.00,570.00,1.728,-6.955
2026-04-03T12:54:55.421Z,143.249,pi:0,bottle,0.8321,695.00,313.00,775.00,570.00,1.728,-6.971
2026-04-03T12:54:55.457Z,143.285,pi:0,bottle,0.8430,695.00,313.00,776.00,570.00,1.728,-6.955
2026-04-03T12:54:55.501Z,143.328,pi:0,bottle,0.8502,695.00,313.00,775.00,570.00,1.728,-6.971
2026-04-03T12:54:55.536Z,143.364,pi:0,bottle,0.8575,695.00,313.00,776.00,570.00,1.728,-6.955
2026-04-03T12:54:55.577Z,143.404,pi:0,bottle,0.8430,695.00,313.00,776.00,570.00,1.728,-6.955
2026-04-03T12:54:55.632Z,143.460,pi:0,bottle,0.8284,695.00,312.00,776.00,569.00,1.728,-6.955
2026-04-03T12:54:55.693Z,143.521,pi:0,bottle,0.8321,695.00,312.00,776.00,569.00,1.728,-6.955
2026-04-03T12:54:55.742Z,143.570,pi:0,bottle,0.8393,695.00,313.00,775.00,569.00,1.734,-6.971
2026-04-03T12:54:55.773Z,143.601,pi:0,bottle,0.8502,695.00,314.00,776.00,569.00,1.741,-6.955
2026-04-03T12:54:55.834Z,143.662,pi:0,bottle,0.8321,695.00,313.00,776.00,569.00,1.734,-6.955
2026-04-03T12:54:55.891Z,143.719,pi:0,bottle,0.8393,695.00,313.00,776.00,570.00,1.728,-6.955
2026-04-03T12:54:55.932Z,143.760,pi:0,bottle,0.8393,695.00,313.00,776.00,570.00,1.728,-6.955
2026-04-03T12:54:55.989Z,143.817,pi:0,bottle,0.8430,695.00,312.00,777.00,570.00,1.721,-6.939
2026-04-03T12:54:56.066Z,143.894,pi:0,bottle,0.8357,696.00,314.00,775.00,570.00,1.734,-6.955
2026-04-03T12:54:56.105Z,143.933,pi:0,bottle,0.8393,695.00,313.00,775.00,570.00,1.728,-6.971
2026-04-03T12:54:56.139Z,143.967,pi:0,bottle,0.8393,695.00,313.00,776.00,570.00,1.728,-6.955
2026-04-03T12:54:56.197Z,144.025,pi:0,bottle,0.8575,695.00,314.00,775.00,570.00,1.734,-6.971
2026-04-03T12:54:56.264Z,144.092,pi:0,bottle,0.8321,695.00,314.00,775.00,570.00,1.734,-6.971
2026-04-03T12:54:56.305Z,144.133,pi:0,bottle,0.8430,695.00,313.00,776.00,570.00,1.728,-6.955
2026-04-03T12:54:56.346Z,144.174,pi:0,bottle,0.8357,695.00,313.00,776.00,570.00,1.728,-6.955
2026-04-03T12:54:56.395Z,144.223,pi:0,bottle,0.8357,695.00,314.00,776.00,570.00,1.734,-6.955
2026-04-03T12:54:56.465Z,144.293,pi:0,bottle,0.8357,695.00,313.00,776.00,570.00,1.728,-6.955
2026-04-03T12:54:56.509Z,144.336,pi:0,bottle,0.8393,695.00,313.00,777.00,570.00,1.728,-6.939
2026-04-03T12:54:56.545Z,144.373,pi:0,bottle,0.8284,695.00,312.00,775.00,569.00,1.728,-6.971
2026-04-03T12:54:56.598Z,144.426,pi:0,bottle,0.8357,694.00,313.00,775.00,570.00,1.728,-6.987
2026-04-03T12:54:56.663Z,144.491,pi:0,bottle,0.8248,695.00,313.00,775.00,570.00,1.728,-6.971
2026-04-03T12:54:56.710Z,144.538,pi:0,bottle,0.8284,695.00,313.00,776.00,570.00,1.728,-6.955
2026-04-03T12:54:56.746Z,144.574,pi:0,bottle,0.8357,695.00,313.00,775.00,570.00,1.728,-6.971
2026-04-03T12:54:56.807Z,144.635,pi:0,bottle,0.8321,695.00,313.00,776.00,570.00,1.728,-6.955
2026-04-03T12:54:56.904Z,144.732,pi:0,bottle,0.8502,695.00,313.00,775.00,570.00,1.728,-6.971
2026-04-03T12:54:56.928Z,144.756,pi:0,bottle,0.8466,695.00,312.00,776.00,570.00,1.721,-6.955
2026-04-03T12:54:57.028Z,144.856,pi:0,bottle,0.8466,695.00,313.00,776.00,570.00,1.728,-6.955
2026-04-03T12:54:57.053Z,144.881,pi:0,bottle,0.8284,696.00,313.00,776.00,570.00,1.728,-6.939
2026-04-03T12:54:57.203Z,145.031,pi:0,bottle,0.8284,696.00,312.00,777.00,570.00,1.721,-6.922
2026-04-03T12:54:57.234Z,145.062,pi:0,bottle,0.8284,695.00,314.00,775.00,570.00,1.734,-6.971
2026-04-03T12:54:57.285Z,145.117,pi:0,bottle,0.8248,696.00,313.00,776.00,570.00,1.728,-6.939
2026-04-03T12:54:57.329Z,145.157,pi:0,bottle,0.8393,695.00,314.00,776.00,570.00,1.734,-6.955
2026-04-03T12:54:57.410Z,145.238,pi:0,bottle,0.8357,695.00,314.00,776.00,570.00,1.734,-6.955
2026-04-03T12:54:57.466Z,145.294,pi:0,bottle,0.8393,696.00,313.00,776.00,570.00,1.728,-6.939
2026-04-03T12:54:57.515Z,145.343,pi:0,bottle,0.8357,696.00,313.00,776.00,570.00,1.728,-6.939
2026-04-03T12:54:57.570Z,145.398,pi:0,bottle,0.8357,695.00,314.00,776.00,570.00,1.734,-6.955
2026-04-03T12:54:57.648Z,145.476,pi:0,bottle,0.8212,695.00,313.00,776.00,571.00,1.721,-6.955
2026-04-03T12:54:57.703Z,145.531,pi:0,bottle,0.8175,695.00,313.00,776.00,570.00,1.728,-6.955
2026-04-03T12:54:57.756Z,145.584,pi:0,bottle,0.8466,695.00,313.00,775.00,570.00,1.728,-6.971
2026-04-03T12:54:57.836Z,145.664,pi:0,bottle,0.8357,695.00,314.00,777.00,570.00,1.734,-6.939
2026-04-03T12:54:57.891Z,145.719,pi:0,bottle,0.8284,695.00,313.00,776.00,571.00,1.721,-6.955
2026-04-03T12:54:57.944Z,145.772,pi:0,bottle,0.8284,695.00,313.00,775.00,570.00,1.728,-6.971
2026-04-03T12:54:57.992Z,145.819,pi:0,bottle,0.8175,695.00,312.00,776.00,570.00,1.721,-6.955
2026-04-03T12:54:58.025Z,145.853,pi:0,bottle,0.8321,695.00,313.00,776.00,570.00,1.728,-6.955
2026-04-03T12:54:58.067Z,145.895,pi:0,bottle,0.8466,695.00,313.00,776.00,570.00,1.728,-6.955
2026-04-03T12:54:58.147Z,145.975,pi:0,bottle,0.8430,695.00,314.00,775.00,570.00,1.734,-6.971
2026-04-03T12:54:58.212Z,146.040,pi:0,bottle,0.8430,695.00,313.00,776.00,570.00,1.728,-6.955
2026-04-03T12:54:58.246Z,146.074,pi:0,bottle,0.8430,696.00,313.00,776.00,570.00,1.728,-6.939
2026-04-03T12:54:58.338Z,146.165,pi:0,bottle,0.8466,695.00,313.00,776.00,570.00,1.728,-6.955
2026-04-03T12:54:58.405Z,146.233,pi:0,bottle,0.8502,695.00,313.00,776.00,570.00,1.728,-6.955
2026-04-03T12:54:58.459Z,146.287,pi:0,bottle,0.8393,695.00,313.00,775.00,570.00,1.728,-6.971
2026-04-03T12:54:58.523Z,146.351,pi:0,bottle,0.8466,695.00,312.00,776.00,570.00,1.721,-6.955
2026-04-03T12:54:58.590Z,146.418,pi:0,bottle,0.8430,696.00,313.00,776.00,570.00,1.728,-6.939
2026-04-03T12:54:58.629Z,146.457,pi:0,bottle,0.8357,695.00,312.00,776.00,571.00,1.714,-6.955
2026-04-03T12:54:58.667Z,146.495,pi:0,bottle,0.8357,696.00,312.00,775.00,570.00,1.721,-6.955
2026-04-03T12:54:58.706Z,146.534,pi:0,bottle,0.8284,695.00,312.00,776.00,570.00,1.721,-6.955
2026-04-03T12:54:58.737Z,146.565,pi:0,bottle,0.8284,696.00,313.00,776.00,570.00,1.728,-6.939
2026-04-03T12:54:58.774Z,146.602,pi:0,bottle,0.8357,695.00,314.00,776.00,570.00,1.734,-6.955
2026-04-03T12:54:58.831Z,146.659,pi:0,bottle,0.8357,695.00,313.00,775.00,570.00,1.728,-6.971
2026-04-03T12:54:58.904Z,146.732,pi:0,bottle,0.8357,695.00,314.00,776.00,570.00,1.734,-6.955
2026-04-03T12:54:58.943Z,146.771,pi:0,bottle,0.8393,695.00,313.00,775.00,571.00,1.721,-6.971
2026-04-03T12:54:58.978Z,146.806,pi:0,bottle,0.8502,695.00,314.00,776.00,571.00,1.728,-6.955
2026-04-03T12:54:59.048Z,146.876,pi:0,bottle,0.8284,695.00,314.00,775.00,571.00,1.728,-6.971
2026-04-03T12:54:59.108Z,146.936,pi:0,bottle,0.8430,695.00,313.00,775.00,571.00,1.721,-6.971
2026-04-03T12:54:59.146Z,146.974,pi:0,bottle,0.8321,695.00,313.00,776.00,571.00,1.721,-6.955
2026-04-03T12:54:59.178Z,147.006,pi:0,bottle,0.8430,695.00,313.00,776.00,570.00,1.728,-6.955
2026-04-03T12:54:59.241Z,147.069,pi:0,bottle,0.8430,695.00,314.00,776.00,570.00,1.734,-6.955
2026-04-03T12:54:59.307Z,147.135,pi:0,bottle,0.8357,695.00,313.00,775.00,570.00,1.728,-6.971
2026-04-03T12:54:59.346Z,147.173,pi:0,bottle,0.8393,695.00,314.00,776.00,571.00,1.728,-6.955
2026-04-03T12:54:59.388Z,147.216,pi:0,bottle,0.8357,695.00,314.00,776.00,570.00,1.734,-6.955
2026-04-03T12:54:59.443Z,147.271,pi:0,bottle,0.8575,695.00,314.00,776.00,570.00,1.734,-6.955
2026-04-03T12:54:59.505Z,147.333,pi:0,bottle,0.8284,695.00,314.00,775.00,570.00,1.734,-6.971
2026-04-03T12:54:59.553Z,147.380,pi:0,bottle,0.8212,695.00,313.00,775.00,570.00,1.728,-6.971
2026-04-03T12:54:59.597Z,147.425,pi:0,bottle,0.8175,695.00,313.00,776.00,570.00,1.728,-6.955
2026-04-03T12:54:59.656Z,147.484,pi:0,bottle,0.8248,695.00,313.00,776.00,570.00,1.728,-6.955
2026-04-03T12:54:59.721Z,147.551,pi:0,bottle,0.8175,696.00,313.00,776.00,570.00,1.728,-6.939
2026-04-03T12:54:59.763Z,147.591,pi:0,bottle,0.8212,696.00,313.00,775.00,570.00,1.728,-6.955
2026-04-03T12:54:59.797Z,147.625,pi:0,bottle,0.8284,695.00,313.00,775.00,570.00,1.728,-6.971
2026-04-03T12:54:59.856Z,147.684,pi:0,bottle,0.8321,695.00,313.00,775.00,570.00,1.728,-6.971
2026-04-03T12:54:59.926Z,147.754,pi:0,bottle,0.8393,695.00,314.00,775.00,570.00,1.734,-6.971
2026-04-03T12:54:59.961Z,147.788,pi:0,bottle,0.8357,695.00,313.00,776.00,570.00,1.728,-6.955
2026-04-03T12:55:00.028Z,147.855,pi:0,bottle,0.8357,695.00,313.00,776.00,569.00,1.734,-6.955
2026-04-03T12:55:00.086Z,147.914,pi:0,bottle,0.8284,695.00,313.00,776.00,570.00,1.728,-6.955
2026-04-03T12:55:00.134Z,147.962,pi:0,bottle,0.8284,695.00,313.00,776.00,570.00,1.728,-6.955
2026-04-03T12:55:00.174Z,148.002,pi:0,bottle,0.8103,696.00,313.00,776.00,570.00,1.728,-6.939
2026-04-03T12:55:00.225Z,148.053,pi:0,bottle,0.8212,695.00,313.00,776.00,570.00,1.728,-6.955
2026-04-03T12:55:00.296Z,148.124,pi:0,bottle,0.8212,695.00,313.00,776.00,570.00,1.728,-6.955
2026-04-03T12:55:00.340Z,148.168,pi:0,bottle,0.8357,695.00,314.00,775.00,570.00,1.734,-6.971
2026-04-03T12:55:00.374Z,148.202,pi:0,bottle,0.8284,695.00,313.00,776.00,571.00,1.721,-6.955
2026-04-03T12:55:00.428Z,148.256,pi:0,bottle,0.8284,695.00,313.00,775.00,570.00,1.728,-6.971
2026-04-03T12:55:00.483Z,148.311,pi:0,bottle,0.8284,695.00,313.00,776.00,570.00,1.728,-6.955
2026-04-03T12:55:00.543Z,148.371,pi:0,bottle,0.8212,695.00,313.00,776.00,570.00,1.728,-6.955
2026-04-03T12:55:00.578Z,148.406,pi:0,bottle,0.8212,695.00,313.00,776.00,570.00,1.728,-6.955
2026-04-03T12:55:00.639Z,148.467,pi:0,bottle,0.8321,696.00,313.00,775.00,570.00,1.728,-6.955
2026-04-03T12:55:00.702Z,148.530,pi:0,bottle,0.8139,696.00,314.00,776.00,570.00,1.734,-6.939
2026-04-03T12:55:00.752Z,148.580,pi:0,bottle,0.8393,695.00,314.00,775.00,570.00,1.734,-6.971
2026-04-03T12:55:00.789Z,148.617,pi:0,bottle,0.8357,695.00,314.00,775.00,570.00,1.734,-6.971
2026-04-03T12:55:00.850Z,148.678,pi:0,bottle,0.8284,695.00,314.00,776.00,570.00,1.734,-6.955
2026-04-03T12:55:00.920Z,148.748,pi:0,bottle,0.8284,695.00,314.00,776.00,570.00,1.734,-6.955
2026-04-03T12:55:00.966Z,148.794,pi:0,bottle,0.8393,695.00,314.00,776.00,570.00,1.734,-6.955
2026-04-03T12:55:00.997Z,148.825,pi:0,bottle,0.8430,695.00,314.00,776.00,570.00,1.734,-6.955
2026-04-03T12:55:01.066Z,148.894,pi:0,bottle,0.8212,695.00,312.00,775.00,570.00,1.721,-6.971
2026-04-03T12:55:01.121Z,148.949,pi:0,bottle,0.8284,695.00,314.00,775.00,570.00,1.734,-6.971
2026-04-03T12:55:01.162Z,148.990,pi:0,bottle,0.8357,696.00,314.00,776.00,570.00,1.734,-6.939
2026-04-03T12:55:01.201Z,149.029,pi:0,bottle,0.8248,695.00,314.00,775.00,569.00,1.741,-6.971
2026-04-03T12:55:01.264Z,149.092,pi:0,bottle,0.8175,695.00,313.00,776.00,570.00,1.728,-6.955
2026-04-03T12:55:01.323Z,149.151,pi:0,bottle,0.8248,695.00,313.00,776.00,570.00,1.728,-6.955
2026-04-03T12:55:01.372Z,149.200,pi:0,bottle,0.8103,695.00,314.00,775.00,570.00,1.734,-6.971
2026-04-03T12:55:01.413Z,149.241,pi:0,bottle,0.8248,695.00,313.00,776.00,570.00,1.728,-6.955
2026-04-03T12:55:01.464Z,149.292,pi:0,bottle,0.8248,695.00,313.00,776.00,570.00,1.728,-6.955
2026-04-03T12:55:01.515Z,149.343,pi:0,bottle,0.8284,695.00,313.00,776.00,570.00,1.728,-6.955
2026-04-03T12:55:01.569Z,149.397,pi:0,bottle,0.8393,695.00,313.00,775.00,571.00,1.721,-6.971
2026-04-03T12:55:01.614Z,149.442,pi:0,bottle,0.8466,695.00,313.00,776.00,570.00,1.728,-6.955
2026-04-03T12:55:01.664Z,149.492,pi:0,bottle,0.8357,695.00,314.00,775.00,570.00,1.734,-6.971
2026-04-03T12:55:01.740Z,149.568,pi:0,bottle,0.8248,695.00,313.00,776.00,570.00,1.728,-6.955
2026-04-03T12:55:01.781Z,149.609,pi:0,bottle,0.8284,695.00,313.00,775.00,570.00,1.728,-6.971
2026-04-03T12:55:01.819Z,149.647,pi:0,bottle,0.8212,696.00,313.00,776.00,570.00,1.728,-6.939
2026-04-03T12:55:01.853Z,149.681,pi:0,bottle,0.8103,696.00,311.00,775.00,570.00,1.714,-6.955
2026-04-03T12:55:01.904Z,149.732,pi:0,bottle,0.8357,696.00,312.00,775.00,570.00,1.721,-6.955
2026-04-03T12:55:01.935Z,149.763,pi:0,bottle,0.8212,696.00,312.00,776.00,570.00,1.721,-6.939
2026-04-03T12:55:02.011Z,149.839,pi:0,bottle,0.8139,696.00,311.00,774.00,571.00,1.708,-6.971
2026-04-03T12:55:02.053Z,149.881,pi:0,bottle,0.8284,696.00,312.00,776.00,570.00,1.721,-6.939
2026-04-03T12:55:02.090Z,149.918,pi:0,bottle,0.8175,696.00,313.00,776.00,570.00,1.728,-6.939
2026-04-03T12:55:02.151Z,149.979,pi:0,bottle,0.8502,696.00,314.00,775.00,570.00,1.734,-6.955
2026-04-03T12:55:02.215Z,150.043,pi:0,bottle,0.8321,696.00,313.00,775.00,570.00,1.728,-6.955
2026-04-03T12:55:02.253Z,150.080,pi:0,bottle,0.8430,696.00,314.00,775.00,570.00,1.734,-6.955
2026-04-03T12:55:02.295Z,150.122,pi:0,bottle,0.8284,696.00,314.00,775.00,570.00,1.734,-6.955
2026-04-03T12:55:02.371Z,150.198,pi:0,bottle,0.8212,695.00,314.00,776.00,570.00,1.734,-6.955
2026-04-03T12:55:02.425Z,150.253,pi:0,bottle,0.8321,696.00,314.00,776.00,570.00,1.734,-6.939
2026-04-03T12:55:02.469Z,150.297,pi:0,bottle,0.8393,696.00,313.00,775.00,570.00,1.728,-6.955
2026-04-03T12:55:02.505Z,150.333,pi:0,bottle,0.8321,696.00,311.00,775.00,570.00,1.714,-6.955
2026-04-03T12:55:02.560Z,150.388,pi:0,bottle,0.8430,696.00,313.00,775.00,570.00,1.728,-6.955
2026-04-03T12:55:02.634Z,150.462,pi:0,bottle,0.8393,696.00,314.00,776.00,569.00,1.741,-6.939
2026-04-03T12:55:02.670Z,150.498,pi:0,bottle,0.8393,696.00,313.00,776.00,570.00,1.728,-6.939
2026-04-03T12:55:02.710Z,150.538,pi:0,bottle,0.8284,696.00,314.00,776.00,570.00,1.734,-6.939
2026-04-03T12:55:02.747Z,150.575,pi:0,bottle,0.8321,696.00,314.00,775.00,570.00,1.734,-6.955
2026-04-03T12:55:02.886Z,150.714,pi:0,bottle,0.8466,696.00,313.00,776.00,570.00,1.728,-6.939
2026-04-03T12:55:02.915Z,150.743,pi:0,bottle,0.8284,695.00,313.00,776.00,570.00,1.728,-6.955
2026-04-03T12:55:02.965Z,150.793,pi:0,bottle,0.8103,696.00,313.00,776.00,570.00,1.728,-6.939
2026-04-03T12:55:03.010Z,150.838,pi:0,bottle,0.8175,696.00,312.00,776.00,571.00,1.714,-6.939
2026-04-03T12:55:03.129Z,150.956,pi:0,bottle,0.8212,696.00,312.00,776.00,570.00,1.721,-6.939
2026-04-03T12:55:03.226Z,151.054,pi:0,bottle,0.8466,695.00,312.00,776.00,570.00,1.721,-6.955
2026-04-03T12:55:03.295Z,151.123,pi:0,bottle,0.8284,695.00,312.00,776.00,570.00,1.721,-6.955
2026-04-03T12:55:03.347Z,151.175,pi:0,bottle,0.8103,695.00,312.00,776.00,570.00,1.721,-6.955
2026-04-03T12:55:03.389Z,151.216,pi:0,bottle,0.8430,695.00,314.00,776.00,570.00,1.734,-6.955
2026-04-03T12:55:03.441Z,151.269,pi:0,bottle,0.8357,695.00,313.00,776.00,570.00,1.728,-6.955
2026-04-03T12:55:03.485Z,151.313,pi:0,bottle,0.8284,695.00,313.00,777.00,570.00,1.728,-6.939
2026-04-03T12:55:03.559Z,151.387,pi:0,bottle,0.8321,695.00,312.00,776.00,570.00,1.721,-6.955
2026-04-03T12:55:03.621Z,151.449,pi:0,bottle,0.8248,696.00,314.00,777.00,570.00,1.734,-6.922
2026-04-03T12:55:03.671Z,151.498,pi:0,bottle,0.8611,695.00,312.00,776.00,570.00,1.721,-6.955
2026-04-03T12:55:03.713Z,151.540,pi:0,bottle,0.8539,695.00,314.00,776.00,571.00,1.728,-6.955
2026-04-03T12:55:03.788Z,151.616,pi:0,bottle,0.8357,695.00,313.00,775.00,571.00,1.721,-6.971
2026-04-03T12:55:03.855Z,151.683,pi:0,bottle,0.8539,696.00,314.00,776.00,569.00,1.741,-6.939
2026-04-03T12:55:03.894Z,151.722,pi:0,bottle,0.8539,696.00,314.00,776.00,570.00,1.734,-6.939
2026-04-03T12:55:03.961Z,151.789,pi:0,bottle,0.8430,696.00,314.00,777.00,570.00,1.734,-6.922
2026-04-03T12:55:04.046Z,151.874,pi:0,bottle,0.8357,695.00,314.00,776.00,570.00,1.734,-6.955
2026-04-03T12:55:04.092Z,151.920,pi:0,bottle,0.8430,695.00,313.00,776.00,570.00,1.728,-6.955
2026-04-03T12:55:04.122Z,151.950,pi:0,bottle,0.8321,695.00,312.00,776.00,569.00,1.728,-6.955
2026-04-03T12:55:04.219Z,152.047,pi:0,bottle,0.8321,696.00,312.00,775.00,569.00,1.728,-6.955
2026-04-03T12:55:04.266Z,152.094,pi:0,bottle,0.8575,695.00,314.00,776.00,570.00,1.734,-6.955
2026-04-03T12:55:04.311Z,152.139,pi:0,bottle,0.8575,695.00,314.00,776.00,569.00,1.741,-6.955
2026-04-03T12:55:04.353Z,152.181,pi:0,bottle,0.8466,695.00,314.00,775.00,570.00,1.734,-6.971
2026-04-03T12:55:04.437Z,152.265,pi:0,bottle,0.8430,695.00,313.00,776.00,570.00,1.728,-6.955
2026-04-03T12:55:04.476Z,152.304,pi:0,bottle,0.8575,695.00,312.00,777.00,570.00,1.721,-6.939
2026-04-03T12:55:04.512Z,152.340,pi:0,bottle,0.8793,695.00,313.00,777.00,569.00,1.734,-6.939
2026-04-03T12:55:04.552Z,152.380,pi:0,bottle,0.8757,695.00,313.00,776.00,570.00,1.728,-6.955
2026-04-03T12:55:04.617Z,152.445,pi:0,bottle,0.8611,695.00,313.00,776.00,570.00,1.728,-6.955
2026-04-03T12:55:04.709Z,152.537,pi:0,bottle,0.8575,694.00,313.00,777.00,569.00,1.734,-6.955
2026-04-03T12:55:04.754Z,152.582,pi:0,bottle,0.8284,694.00,311.00,777.00,569.00,1.721,-6.955
2026-04-03T12:55:04.812Z,152.640,pi:0,bottle,0.8575,694.00,313.00,776.00,569.00,1.734,-6.971
2026-04-03T12:55:04.881Z,152.709,pi:0,bottle,0.8212,695.00,312.00,776.00,569.00,1.728,-6.955
2026-04-03T12:55:04.916Z,152.744,pi:0,bottle,0.7848,694.00,240.00,776.00,571.00,1.341,-6.971
2026-04-03T12:55:04.965Z,152.793,pi:0,bottle,0.8321,695.00,310.00,776.00,569.00,1.714,-6.955
2026-04-03T12:55:05.002Z,152.830,pi:0,bottle,0.8648,695.00,316.00,776.00,569.00,1.755,-6.955
2026-04-03T12:55:05.041Z,152.869,pi:0,bottle,0.8502,695.00,314.00,777.00,568.00,1.748,-6.939
2026-04-03T12:55:05.091Z,152.919,pi:0,bottle,0.8139,695.00,314.00,780.00,568.00,1.748,-6.890
2026-04-03T12:55:05.131Z,152.959,pi:0,bottle,0.7158,692.00,314.00,776.00,567.00,1.755,-7.003
2026-04-03T12:55:05.482Z,153.310,pi:0,bottle,0.5985,695.00,310.00,766.00,562.00,1.762,-7.115
2026-04-03T12:55:05.524Z,153.352,pi:0,bottle,0.7994,695.00,312.00,774.00,569.00,1.728,-6.987
2026-04-03T12:55:05.563Z,153.391,pi:0,bottle,0.8139,695.00,313.00,777.00,569.00,1.734,-6.939
2026-04-03T12:55:05.607Z,153.435,pi:0,bottle,0.8066,696.00,313.00,776.00,568.00,1.741,-6.939
2026-04-03T12:55:05.643Z,153.471,pi:0,bottle,0.8430,696.00,313.00,776.00,570.00,1.728,-6.939
2026-04-03T12:55:05.681Z,153.509,pi:0,bottle,0.8393,696.00,313.00,776.00,570.00,1.728,-6.939
2026-04-03T12:55:05.749Z,153.577,pi:0,bottle,0.8321,696.00,314.00,777.00,569.00,1.741,-6.922
2026-04-03T12:55:05.807Z,153.635,pi:0,bottle,0.8175,695.00,312.00,776.00,569.00,1.728,-6.955
2026-04-03T12:55:05.841Z,153.669,pi:0,bottle,0.7739,695.00,310.00,776.00,570.00,1.708,-6.955
2026-04-03T12:55:05.889Z,153.717,pi:0,bottle,0.7921,695.00,310.00,775.00,569.00,1.714,-6.971
2026-04-03T12:55:05.949Z,153.777,pi:0,bottle,0.7921,695.00,308.00,775.00,569.00,1.701,-6.971
2026-04-03T12:55:05.998Z,153.826,pi:0,bottle,0.8212,695.00,314.00,775.00,569.00,1.741,-6.971
2026-04-03T12:55:06.057Z,153.885,pi:0,bottle,0.8066,695.00,314.00,776.00,569.00,1.741,-6.955
2026-04-03T12:55:06.120Z,153.948,pi:0,bottle,0.7739,695.00,287.00,775.00,569.00,1.575,-6.971
2026-04-03T12:55:06.173Z,154.001,pi:0,bottle,0.7776,695.00,301.00,776.00,570.00,1.651,-6.955
2026-04-03T12:55:06.207Z,154.035,pi:0,bottle,0.8284,695.00,313.00,776.00,570.00,1.728,-6.955
2026-04-03T12:55:06.252Z,154.080,pi:0,bottle,0.8248,696.00,312.00,776.00,570.00,1.721,-6.939
2026-04-03T12:55:06.326Z,154.154,pi:0,bottle,0.8175,696.00,313.00,776.00,569.00,1.734,-6.939
2026-04-03T12:55:06.368Z,154.196,pi:0,bottle,0.8175,695.00,313.00,776.00,569.00,1.734,-6.955
2026-04-03T12:55:06.416Z,154.243,pi:0,bottle,0.8284,696.00,314.00,776.00,569.00,1.741,-6.939
2026-04-03T12:55:06.455Z,154.283,pi:0,bottle,0.8466,695.00,312.00,776.00,569.00,1.728,-6.955
2026-04-03T12:55:06.522Z,154.350,pi:0,bottle,0.8321,695.00,313.00,776.00,569.00,1.734,-6.955
2026-04-03T12:55:06.582Z,154.410,pi:0,bottle,0.8502,696.00,312.00,775.00,570.00,1.721,-6.955
2026-04-03T12:55:06.617Z,154.445,pi:0,bottle,0.8139,695.00,311.00,776.00,569.00,1.721,-6.955
2026-04-03T12:55:06.655Z,154.483,pi:0,bottle,0.8466,695.00,312.00,776.00,570.00,1.721,-6.955
2026-04-03T12:55:06.718Z,154.546,pi:0,bottle,0.8175,695.00,312.00,775.00,569.00,1.728,-6.971
2026-04-03T12:55:06.771Z,154.598,pi:0,bottle,0.8502,695.00,311.00,776.00,570.00,1.714,-6.955
2026-04-03T12:55:06.814Z,154.642,pi:0,bottle,0.8393,695.00,311.00,776.00,569.00,1.721,-6.955
2026-04-03T12:55:06.850Z,154.677,pi:0,bottle,0.8430,695.00,311.00,776.00,569.00,1.721,-6.955
2026-04-03T12:55:06.910Z,154.738,pi:0,bottle,0.8393,695.00,312.00,776.00,570.00,1.721,-6.955
2026-04-03T12:55:06.969Z,154.797,pi:0,bottle,0.8284,695.00,313.00,776.00,570.00,1.728,-6.955
2026-04-03T12:55:07.012Z,154.840,pi:0,bottle,0.8393,695.00,312.00,776.00,569.00,1.728,-6.955
2026-04-03T12:55:07.049Z,154.879,pi:0,bottle,0.8357,696.00,309.00,775.00,570.00,1.701,-6.955
2026-04-03T12:55:07.115Z,154.943,pi:0,bottle,0.8248,695.00,311.00,776.00,570.00,1.714,-6.955
2026-04-03T12:55:07.179Z,155.007,pi:0,bottle,0.8393,696.00,312.00,775.00,569.00,1.728,-6.955
2026-04-03T12:55:07.220Z,155.048,pi:0,bottle,0.8466,695.00,313.00,776.00,570.00,1.728,-6.955
2026-04-03T12:55:07.254Z,155.082,pi:0,bottle,0.8393,696.00,312.00,775.00,570.00,1.721,-6.955
2026-04-03T12:55:07.330Z,155.158,pi:0,bottle,0.8502,696.00,312.00,775.00,569.00,1.728,-6.955
2026-04-03T12:55:07.375Z,155.203,pi:0,bottle,0.8684,696.00,313.00,776.00,570.00,1.728,-6.939
2026-04-03T12:55:07.426Z,155.254,pi:0,bottle,0.8575,696.00,315.00,776.00,570.00,1.741,-6.939
2026-04-03T12:55:07.459Z,155.287,pi:0,bottle,0.8466,696.00,314.00,776.00,569.00,1.741,-6.939
2026-04-03T12:55:07.504Z,155.332,pi:0,bottle,0.8430,695.00,313.00,776.00,570.00,1.728,-6.955
2026-04-03T12:55:07.541Z,155.369,pi:0,bottle,0.8575,695.00,313.00,776.00,570.00,1.728,-6.955
2026-04-03T12:55:07.595Z,155.423,pi:0,bottle,0.8502,695.00,314.00,775.00,570.00,1.734,-6.971
2026-04-03T12:55:07.649Z,155.477,pi:0,bottle,0.8611,696.00,313.00,776.00,570.00,1.728,-6.939
2026-04-03T12:55:07.710Z,155.537,pi:0,bottle,0.8430,696.00,312.00,776.00,570.00,1.721,-6.939
2026-04-03T12:55:07.745Z,155.573,pi:0,bottle,0.8502,696.00,313.00,776.00,569.00,1.734,-6.939
2026-04-03T12:55:07.804Z,155.632,pi:0,bottle,0.8321,696.00,313.00,776.00,570.00,1.728,-6.939
2026-04-03T12:55:07.839Z,155.667,pi:0,bottle,0.8321,696.00,311.00,776.00,569.00,1.721,-6.939
2026-04-03T12:55:07.915Z,155.743,pi:0,bottle,0.8466,696.00,312.00,776.00,569.00,1.728,-6.939
2026-04-03T12:55:07.951Z,155.779,pi:0,bottle,0.8284,696.00,312.00,776.00,569.00,1.728,-6.939
2026-04-03T12:55:08.002Z,155.830,pi:0,bottle,0.8357,695.00,313.00,775.00,570.00,1.728,-6.971
2026-04-03T12:55:08.064Z,155.892,pi:0,bottle,0.8212,696.00,312.00,776.00,569.00,1.728,-6.939
2026-04-03T12:55:08.098Z,155.926,pi:0,bottle,0.8393,695.00,313.00,776.00,569.00,1.734,-6.955
2026-04-03T12:55:08.146Z,155.974,pi:0,bottle,0.8575,695.00,313.00,776.00,570.00,1.728,-6.955
2026-04-03T12:55:08.205Z,156.033,pi:0,bottle,0.8502,696.00,313.00,775.00,569.00,1.734,-6.955
2026-04-03T12:55:08.265Z,156.093,pi:0,bottle,0.8430,695.00,312.00,776.00,569.00,1.728,-6.955
2026-04-03T12:55:08.313Z,156.141,pi:0,bottle,0.8611,696.00,313.00,776.00,569.00,1.734,-6.939
2026-04-03T12:55:08.346Z,156.174,pi:0,bottle,0.8611,695.00,313.00,776.00,569.00,1.734,-6.955
2026-04-03T12:55:08.410Z,156.238,pi:0,bottle,0.8611,696.00,313.00,776.00,569.00,1.734,-6.939
2026-04-03T12:55:08.470Z,156.298,pi:0,bottle,0.8611,696.00,312.00,776.00,569.00,1.728,-6.939
2026-04-03T12:55:08.511Z,156.339,pi:0,bottle,0.8611,696.00,313.00,776.00,569.00,1.734,-6.939
2026-04-03T12:55:08.550Z,156.378,pi:0,bottle,0.8539,695.00,313.00,776.00,569.00,1.734,-6.955
2026-04-03T12:55:08.603Z,156.431,pi:0,bottle,0.8466,695.00,312.00,776.00,569.00,1.728,-6.955
2026-04-03T12:55:08.666Z,156.494,pi:0,bottle,0.8430,695.00,313.00,776.00,570.00,1.728,-6.955
2026-04-03T12:55:08.710Z,156.538,pi:0,bottle,0.8284,696.00,310.00,776.00,570.00,1.708,-6.939
2026-04-03T12:55:08.749Z,156.577,pi:0,bottle,0.8539,695.00,312.00,776.00,569.00,1.728,-6.955
2026-04-03T12:55:08.815Z,156.642,pi:0,bottle,0.8284,695.00,313.00,776.00,569.00,1.734,-6.955
2026-04-03T12:55:08.877Z,156.705,pi:0,bottle,0.8684,696.00,312.00,776.00,569.00,1.728,-6.939
2026-04-03T12:55:08.913Z,156.741,pi:0,bottle,0.8430,695.00,313.00,776.00,570.00,1.728,-6.955
2026-04-03T12:55:08.957Z,156.785,pi:0,bottle,0.8611,696.00,312.00,776.00,569.00,1.728,-6.939
2026-04-03T12:55:09.014Z,156.841,pi:0,bottle,0.8502,696.00,312.00,776.00,570.00,1.721,-6.939
2026-04-03T12:55:09.085Z,156.913,pi:0,bottle,0.8575,695.00,313.00,776.00,569.00,1.734,-6.955
2026-04-03T12:55:09.121Z,156.949,pi:0,bottle,0.8393,696.00,313.00,776.00,570.00,1.728,-6.939
2026-04-03T12:55:09.161Z,156.989,pi:0,bottle,0.8139,696.00,311.00,775.00,570.00,1.714,-6.955
2026-04-03T12:55:09.218Z,157.046,pi:0,bottle,0.8212,696.00,310.00,776.00,569.00,1.714,-6.939
2026-04-03T12:55:09.287Z,157.114,pi:0,bottle,0.7885,696.00,311.00,775.00,570.00,1.714,-6.955
2026-04-03T12:55:09.331Z,157.159,pi:0,bottle,0.7776,696.00,313.00,775.00,570.00,1.728,-6.955
2026-04-03T12:55:09.383Z,157.211,pi:0,bottle,0.7812,697.00,311.00,775.00,570.00,1.714,-6.939
2026-04-03T12:55:09.492Z,157.320,pi:0,bottle,0.7848,696.00,312.00,775.00,570.00,1.721,-6.955
2026-04-03T12:55:09.535Z,157.363,pi:0,bottle,0.8284,696.00,313.00,776.00,569.00,1.734,-6.939
2026-04-03T12:55:09.579Z,157.407,pi:0,bottle,0.8284,696.00,311.00,776.00,569.00,1.721,-6.939
2026-04-03T12:55:09.652Z,157.480,pi:0,bottle,0.8248,696.00,313.00,776.00,570.00,1.728,-6.939
2026-04-03T12:55:09.710Z,157.538,pi:0,bottle,0.8430,696.00,314.00,776.00,570.00,1.734,-6.939
2026-04-03T12:55:09.760Z,157.587,pi:0,bottle,0.8357,696.00,313.00,776.00,570.00,1.728,-6.939
2026-04-03T12:55:09.800Z,157.628,pi:0,bottle,0.8284,696.00,313.00,775.00,570.00,1.728,-6.955
2026-04-03T12:55:09.895Z,157.722,pi:0,bottle,0.8284,696.00,311.00,777.00,570.00,1.714,-6.922
2026-04-03T12:55:09.945Z,157.772,pi:0,bottle,0.8430,696.00,313.00,776.00,570.00,1.728,-6.939
2026-04-03T12:55:09.989Z,157.817,pi:0,bottle,0.8393,696.00,313.00,776.00,570.00,1.728,-6.939
2026-04-03T12:55:10.060Z,157.888,pi:0,bottle,0.8321,696.00,314.00,775.00,570.00,1.734,-6.955
2026-04-03T12:55:10.096Z,157.924,pi:0,bottle,0.8430,696.00,313.00,776.00,569.00,1.734,-6.939
2026-04-03T12:55:10.153Z,157.981,pi:0,bottle,0.8284,695.00,311.00,777.00,570.00,1.714,-6.939
2026-04-03T12:55:10.214Z,158.042,pi:0,bottle,0.8212,695.00,313.00,776.00,570.00,1.728,-6.955
2026-04-03T12:55:10.300Z,158.128,pi:0,bottle,0.8357,696.00,313.00,777.00,570.00,1.728,-6.922
2026-04-03T12:55:10.330Z,158.158,pi:0,bottle,0.8103,695.00,312.00,776.00,570.00,1.721,-6.955
2026-04-03T12:55:10.416Z,158.244,pi:0,bottle,0.8357,695.00,313.00,777.00,570.00,1.728,-6.939
2026-04-03T12:55:10.462Z,158.290,pi:0,bottle,0.8430,695.00,312.00,776.00,570.00,1.721,-6.955
2026-04-03T12:55:10.528Z,158.356,pi:0,bottle,0.8321,695.00,313.00,776.00,570.00,1.728,-6.955
2026-04-03T12:55:10.606Z,158.434,pi:0,bottle,0.8175,696.00,313.00,776.00,569.00,1.734,-6.939
2026-04-03T12:55:10.652Z,158.480,pi:0,bottle,0.8321,696.00,313.00,776.00,570.00,1.728,-6.939
2026-04-03T12:55:10.689Z,158.517,pi:0,bottle,0.8357,695.00,313.00,775.00,570.00,1.728,-6.971
2026-04-03T12:55:10.760Z,158.588,pi:0,bottle,0.8393,696.00,314.00,776.00,570.00,1.734,-6.939
2026-04-03T12:55:10.822Z,158.649,pi:0,bottle,0.8321,696.00,312.00,775.00,570.00,1.721,-6.955
2026-04-03T12:55:10.858Z,158.686,pi:0,bottle,0.8321,696.00,312.00,776.00,571.00,1.714,-6.939
2026-04-03T12:55:10.911Z,158.739,pi:0,bottle,0.8393,695.00,313.00,776.00,570.00,1.728,-6.955
2026-04-03T12:55:11.004Z,158.832,pi:0,bottle,0.8321,696.00,314.00,776.00,570.00,1.734,-6.939
2026-04-03T12:55:11.053Z,158.881,pi:0,bottle,0.8357,696.00,313.00,776.00,570.00,1.728,-6.939
2026-04-03T12:55:11.125Z,158.953,pi:0,bottle,0.8212,696.00,313.00,776.00,569.00,1.734,-6.939
2026-04-03T12:55:11.205Z,159.033,pi:0,bottle,0.8175,696.00,313.00,776.00,570.00,1.728,-6.939
2026-04-03T12:55:11.245Z,159.072,pi:0,bottle,0.8284,696.00,312.00,777.00,570.00,1.721,-6.922
2026-04-03T12:55:11.294Z,159.122,pi:0,bottle,0.8212,696.00,311.00,775.00,570.00,1.714,-6.955
2026-04-03T12:55:11.323Z,159.150,pi:0,bottle,0.8393,697.00,311.00,775.00,571.00,1.708,-6.939
2026-04-03T12:55:11.378Z,159.206,pi:0,bottle,0.8212,696.00,313.00,776.00,571.00,1.721,-6.939
2026-04-03T12:55:11.423Z,159.251,pi:0,bottle,0.8321,696.00,312.00,777.00,570.00,1.721,-6.922
2026-04-03T12:55:11.503Z,159.330,pi:0,bottle,0.8248,696.00,314.00,776.00,570.00,1.734,-6.939
2026-04-03T12:55:11.546Z,159.374,pi:0,bottle,0.8284,696.00,313.00,776.00,570.00,1.728,-6.939
2026-04-03T12:55:11.583Z,159.411,pi:0,bottle,0.8248,696.00,313.00,776.00,570.00,1.728,-6.939
2026-04-03T12:55:11.644Z,159.472,pi:0,bottle,0.8248,695.00,313.00,775.00,570.00,1.728,-6.971
2026-04-03T12:55:11.707Z,159.535,pi:0,bottle,0.8357,695.00,312.00,777.00,569.00,1.728,-6.939
2026-04-03T12:55:11.753Z,159.580,pi:0,bottle,0.8284,696.00,313.00,776.00,569.00,1.734,-6.939
2026-04-03T12:55:11.786Z,159.614,pi:0,bottle,0.8466,696.00,312.00,776.00,569.00,1.728,-6.939
2026-04-03T12:55:11.850Z,159.678,pi:0,bottle,0.8393,695.00,313.00,776.00,569.00,1.734,-6.955
2026-04-03T12:55:11.921Z,159.749,pi:0,bottle,0.8393,696.00,312.00,776.00,570.00,1.721,-6.939
2026-04-03T12:55:11.961Z,159.789,pi:0,bottle,0.8212,695.00,314.00,776.00,570.00,1.734,-6.955
2026-04-03T12:55:11.992Z,159.820,pi:0,bottle,0.8284,695.00,313.00,776.00,570.00,1.728,-6.955
2026-04-03T12:55:12.053Z,159.880,pi:0,bottle,0.8284,696.00,312.00,776.00,569.00,1.728,-6.939
2026-04-03T12:55:12.137Z,159.965,pi:0,bottle,0.8321,696.00,312.00,776.00,570.00,1.721,-6.939
2026-04-03T12:55:12.195Z,160.022,pi:0,bottle,0.8393,696.00,314.00,776.00,569.00,1.741,-6.939
2026-04-03T12:55:12.238Z,160.065,pi:0,bottle,0.8430,696.00,311.00,776.00,569.00,1.721,-6.939
2026-04-03T12:55:12.276Z,160.104,pi:0,bottle,0.8466,696.00,312.00,777.00,570.00,1.721,-6.922
2026-04-03T12:55:12.341Z,160.168,pi:0,bottle,0.8175,696.00,313.00,777.00,570.00,1.728,-6.922
2026-04-03T12:55:12.404Z,160.232,pi:0,bottle,0.8430,696.00,313.00,777.00,570.00,1.728,-6.922
2026-04-03T12:55:12.449Z,160.277,pi:0,bottle,0.8284,696.00,312.00,776.00,569.00,1.728,-6.939
2026-04-03T12:55:12.485Z,160.313,pi:0,bottle,0.8321,696.00,311.00,776.00,570.00,1.714,-6.939
2026-04-03T12:55:12.545Z,160.373,pi:0,bottle,0.8212,696.00,313.00,776.00,569.00,1.734,-6.939
2026-04-03T12:55:12.605Z,160.433,pi:0,bottle,0.8502,696.00,313.00,777.00,570.00,1.728,-6.922
2026-04-03T12:55:12.648Z,160.476,pi:0,bottle,0.8357,696.00,312.00,776.00,569.00,1.728,-6.939
2026-04-03T12:55:12.688Z,160.516,pi:0,bottle,0.8502,695.00,313.00,777.00,570.00,1.728,-6.939
2026-04-03T12:55:12.724Z,160.551,pi:0,bottle,0.8393,696.00,312.00,776.00,570.00,1.721,-6.939
2026-04-03T12:55:12.772Z,160.600,pi:0,bottle,0.8284,696.00,314.00,777.00,569.00,1.741,-6.922
2026-04-03T12:55:12.795Z,160.623,pi:0,bottle,0.8502,697.00,310.00,775.00,571.00,1.701,-6.939
2026-04-03T12:55:12.865Z,160.693,pi:0,bottle,0.8284,696.00,313.00,776.00,569.00,1.734,-6.939
2026-04-03T12:55:12.935Z,160.763,pi:0,bottle,0.8466,696.00,314.00,777.00,570.00,1.734,-6.922
2026-04-03T12:55:12.972Z,160.800,pi:0,bottle,0.8502,696.00,312.00,776.00,570.00,1.721,-6.939
2026-04-03T12:55:13.016Z,160.843,pi:0,bottle,0.8321,696.00,312.00,777.00,570.00,1.721,-6.922
2026-04-03T12:55:13.086Z,160.914,pi:0,bottle,0.8357,696.00,313.00,777.00,570.00,1.728,-6.922
2026-04-03T12:55:13.132Z,160.960,pi:0,bottle,0.8430,696.00,312.00,777.00,569.00,1.728,-6.922
2026-04-03T12:55:13.177Z,161.004,pi:0,bottle,0.8393,695.00,312.00,776.00,570.00,1.721,-6.955
2026-04-03T12:55:13.212Z,161.040,pi:0,bottle,0.8430,696.00,313.00,776.00,569.00,1.734,-6.939
2026-04-03T12:55:13.271Z,161.099,pi:0,bottle,0.8466,696.00,312.00,777.00,570.00,1.721,-6.922
2026-04-03T12:55:13.350Z,161.178,pi:0,bottle,0.8430,696.00,312.00,777.00,570.00,1.721,-6.922
2026-04-03T12:55:13.387Z,161.215,pi:0,bottle,0.8539,696.00,312.00,776.00,570.00,1.721,-6.939
2026-04-03T12:55:13.453Z,161.281,pi:0,bottle,0.8502,696.00,313.00,776.00,569.00,1.734,-6.939
2026-04-03T12:55:13.516Z,161.344,pi:0,bottle,0.8611,696.00,314.00,776.00,570.00,1.734,-6.939
2026-04-03T12:55:13.563Z,161.391,pi:0,bottle,0.8357,696.00,311.00,774.00,570.00,1.714,-6.971
2026-04-03T12:55:13.593Z,161.421,pi:0,bottle,0.8539,696.00,313.00,777.00,569.00,1.734,-6.922
2026-04-03T12:55:13.663Z,161.491,pi:0,bottle,0.8430,695.00,314.00,777.00,569.00,1.741,-6.939
2026-04-03T12:55:13.729Z,161.557,pi:0,bottle,0.8502,695.00,313.00,777.00,570.00,1.728,-6.939
2026-04-03T12:55:13.761Z,161.589,pi:0,bottle,0.8466,696.00,312.00,777.00,569.00,1.728,-6.922
2026-04-03T12:55:13.804Z,161.632,pi:0,bottle,0.8539,696.00,313.00,775.00,569.00,1.734,-6.955
2026-04-03T12:55:13.856Z,161.684,pi:0,bottle,0.8466,695.00,312.00,776.00,570.00,1.721,-6.955
2026-04-03T12:55:13.916Z,161.744,pi:0,bottle,0.8575,696.00,312.00,776.00,569.00,1.728,-6.939
2026-04-03T12:55:13.964Z,161.792,pi:0,bottle,0.8539,696.00,312.00,776.00,570.00,1.721,-6.939
2026-04-03T12:55:14.006Z,161.833,pi:0,bottle,0.8357,696.00,313.00,776.00,569.00,1.734,-6.939
2026-04-03T12:55:14.052Z,161.880,pi:0,bottle,0.8502,696.00,314.00,777.00,569.00,1.741,-6.922
2026-04-03T12:55:14.108Z,161.936,pi:0,bottle,0.8539,696.00,312.00,776.00,570.00,1.721,-6.939
2026-04-03T12:55:14.149Z,161.976,pi:0,bottle,0.8466,696.00,313.00,777.00,569.00,1.734,-6.922
2026-04-03T12:55:14.188Z,162.016,pi:0,bottle,0.8466,696.00,314.00,776.00,569.00,1.741,-6.939
2026-04-03T12:55:14.250Z,162.077,pi:0,bottle,0.8357,696.00,312.00,777.00,568.00,1.734,-6.922
2026-04-03T12:55:14.313Z,162.140,pi:0,bottle,0.8502,696.00,313.00,776.00,569.00,1.734,-6.939
2026-04-03T12:55:14.356Z,162.184,pi:0,bottle,0.8539,695.00,312.00,776.00,569.00,1.728,-6.955
2026-04-03T12:55:14.393Z,162.221,pi:0,bottle,0.8430,696.00,313.00,776.00,569.00,1.734,-6.939
2026-04-03T12:55:14.454Z,162.282,pi:0,bottle,0.8430,695.00,313.00,776.00,570.00,1.728,-6.955
2026-04-03T12:55:14.519Z,162.346,pi:0,bottle,0.8539,696.00,312.00,776.00,569.00,1.728,-6.939
2026-04-03T12:55:14.564Z,162.392,pi:0,bottle,0.8430,696.00,314.00,777.00,569.00,1.741,-6.922
2026-04-03T12:55:14.593Z,162.421,pi:0,bottle,0.8466,696.00,312.00,776.00,570.00,1.721,-6.939
2026-04-03T12:55:14.659Z,162.487,pi:0,bottle,0.8502,696.00,313.00,776.00,569.00,1.734,-6.939
2026-04-03T12:55:14.727Z,162.555,pi:0,bottle,0.8430,696.00,312.00,776.00,570.00,1.721,-6.939
2026-04-03T12:55:14.771Z,162.599,pi:0,bottle,0.8321,696.00,313.00,776.00,570.00,1.728,-6.939
2026-04-03T12:55:14.809Z,162.636,pi:0,bottle,0.8393,696.00,313.00,776.00,570.00,1.728,-6.939
2026-04-03T12:55:14.877Z,162.705,pi:0,bottle,0.8575,696.00,312.00,777.00,570.00,1.721,-6.922
2026-04-03T12:55:14.939Z,162.768,pi:0,bottle,0.8466,696.00,313.00,776.00,571.00,1.721,-6.939
2026-04-03T12:55:14.973Z,162.801,pi:0,bottle,0.8284,695.00,313.00,777.00,570.00,1.728,-6.939
2026-04-03T12:55:15.009Z,162.837,pi:0,bottle,0.8502,696.00,312.00,777.00,570.00,1.721,-6.922
2026-04-03T12:55:15.072Z,162.900,pi:0,bottle,0.8393,696.00,313.00,776.00,570.00,1.728,-6.939
2026-04-03T12:55:15.137Z,162.965,pi:0,bottle,0.8466,695.00,311.00,777.00,570.00,1.714,-6.939
2026-04-03T12:55:15.178Z,163.006,pi:0,bottle,0.8502,696.00,312.00,776.00,569.00,1.728,-6.939
2026-04-03T12:55:15.220Z,163.048,pi:0,bottle,0.8466,696.00,314.00,777.00,570.00,1.734,-6.922
2026-04-03T12:55:15.288Z,163.116,pi:0,bottle,0.8357,696.00,313.00,776.00,569.00,1.734,-6.939
2026-04-03T12:55:15.342Z,163.170,pi:0,bottle,0.8466,696.00,312.00,777.00,569.00,1.728,-6.922
2026-04-03T12:55:15.391Z,163.219,pi:0,bottle,0.8321,696.00,312.00,776.00,571.00,1.714,-6.939
2026-04-03T12:55:15.432Z,163.260,pi:0,bottle,0.8284,696.00,313.00,776.00,570.00,1.728,-6.939
2026-04-03T12:55:15.484Z,163.312,pi:0,bottle,0.8357,696.00,312.00,777.00,570.00,1.721,-6.922
2026-04-03T12:55:15.556Z,163.383,pi:0,bottle,0.8321,695.00,312.00,776.00,570.00,1.721,-6.955
2026-04-03T12:55:15.601Z,163.429,pi:0,bottle,0.8430,695.00,312.00,776.00,570.00,1.721,-6.955
2026-04-03T12:55:15.630Z,163.458,pi:0,bottle,0.8393,696.00,311.00,776.00,570.00,1.714,-6.939
2026-04-03T12:55:15.695Z,163.523,pi:0,bottle,0.8393,695.00,314.00,776.00,570.00,1.734,-6.955
2026-04-03T12:55:15.759Z,163.587,pi:0,bottle,0.8502,695.00,314.00,775.00,570.00,1.734,-6.971
2026-04-03T12:55:15.813Z,163.641,pi:0,bottle,0.8321,695.00,313.00,776.00,570.00,1.728,-6.955
2026-04-03T12:55:15.845Z,163.673,pi:0,bottle,0.8139,695.00,313.00,777.00,570.00,1.728,-6.939
2026-04-03T12:55:15.931Z,163.759,pi:0,bottle,0.8030,694.00,312.00,776.00,570.00,1.721,-6.971
2026-04-03T12:55:15.994Z,163.822,pi:0,bottle,0.8139,695.00,308.00,777.00,569.00,1.701,-6.939
2026-04-03T12:55:16.039Z,163.867,pi:0,bottle,0.7812,694.00,301.00,776.00,567.00,1.669,-6.971
2026-04-03T12:55:16.208Z,164.035,pi:0,bottle,0.7376,694.00,311.00,777.00,568.00,1.728,-6.955
2026-04-03T12:55:16.262Z,164.090,pi:0,bottle,0.7776,696.00,313.00,776.00,568.00,1.741,-6.939
2026-04-03T12:55:16.343Z,164.171,pi:0,bottle,0.8139,697.00,310.00,776.00,570.00,1.708,-6.922
2026-04-03T12:55:16.388Z,164.216,pi:0,bottle,0.7412,695.00,312.00,773.00,563.00,1.769,-7.003
2026-04-03T12:55:16.424Z,164.252,pi:0,bottle,0.8502,695.00,313.00,777.00,571.00,1.721,-6.939
2026-04-03T12:55:16.503Z,164.331,pi:0,bottle,0.8684,694.00,314.00,777.00,570.00,1.734,-6.955
2026-04-03T12:55:16.567Z,164.395,pi:0,bottle,0.8793,695.00,313.00,776.00,570.00,1.728,-6.955
2026-04-03T12:55:16.605Z,164.432,pi:0,bottle,0.7376,694.00,313.00,775.00,569.00,1.734,-6.987
2026-04-03T12:55:16.658Z,164.486,pi:0,bottle,0.4033,698.00,355.00,775.00,570.00,2.065,-6.922
2026-04-03T12:55:16.739Z,164.567,pi:0,bottle,0.8248,694.00,311.00,773.00,569.00,1.721,-7.019
2026-04-03T12:55:16.789Z,164.618,pi:0,bottle,0.6867,694.00,312.00,775.00,568.00,1.734,-6.987
2026-04-03T12:55:16.848Z,164.676,pi:0,bottle,0.7122,696.00,312.00,774.00,566.00,1.748,-6.971
2026-04-03T12:55:16.905Z,164.733,pi:0,bottle,0.7267,695.00,311.00,771.00,573.00,1.695,-7.035
2026-04-03T12:55:16.980Z,164.808,pi:0,bottle,0.6467,696.00,313.00,774.00,573.00,1.708,-6.971
2026-04-03T12:55:17.197Z,165.024,pi:0,bottle,0.3283,695.00,313.00,754.00,571.00,1.721,-7.308
2026-04-03T12:55:17.238Z,165.065,pi:0,bottle,0.3420,697.00,331.00,751.00,572.00,1.842,-7.324
2026-04-03T12:55:17.292Z,165.120,pi:0,bottle,0.3044,698.00,341.00,748.00,566.00,1.973,-7.357
2026-04-03T12:55:17.353Z,165.180,pi:0,bottle,0.2907,698.00,346.00,747.00,570.00,1.982,-7.373
2026-04-03T12:55:19.177Z,167.005,pi:0,bottle,0.4104,830.00,906.00,902.00,1078.00,2.582,-2.725
2026-04-03T12:55:19.228Z,167.056,pi:0,bottle,0.4344,818.00,903.00,892.00,1079.00,2.523,-3.083
2026-04-03T12:55:19.307Z,167.135,pi:0,bottle,0.4207,817.00,896.00,893.00,1080.00,2.413,-3.083
2026-04-03T12:55:19.392Z,167.219,pi:0,bottle,0.3215,817.00,899.00,892.00,1079.00,2.467,-3.099
2026-04-03T12:55:19.836Z,167.664,pi:0,bottle,0.3283,694.00,305.00,754.00,551.00,1.805,-7.324
2026-04-03T12:55:19.887Z,167.715,pi:0,bottle,0.3728,695.00,306.00,758.00,520.00,2.075,-7.244
2026-04-03T12:55:19.954Z,167.782,pi:0,bottle,0.3899,695.00,311.00,763.00,517.00,2.155,-7.164
2026-04-03T12:55:19.999Z,167.827,pi:0,bottle,0.4720,707.00,311.00,766.00,500.00,2.349,-6.922
2026-04-03T12:55:20.034Z,167.861,pi:0,bottle,0.6794,696.00,312.00,780.00,522.00,2.114,-6.874
2026-04-03T12:55:20.087Z,167.915,pi:0,bottle,0.6867,695.00,314.00,775.00,530.00,2.056,-6.971
2026-04-03T12:55:20.156Z,167.984,pi:0,bottle,0.7485,695.00,311.00,775.00,539.00,1.947,-6.971
2026-04-03T12:55:20.196Z,168.023,pi:0,bottle,0.7412,695.00,313.00,776.00,566.00,1.755,-6.955
2026-04-03T12:55:20.232Z,168.060,pi:0,bottle,0.5595,710.00,314.00,778.00,531.00,2.046,-6.681
2026-04-03T12:55:20.992Z,168.820,pi:0,bottle,0.7667,695.00,293.00,777.00,573.00,1.586,-6.939
2026-04-03T12:55:21.028Z,168.856,pi:0,bottle,0.7667,696.00,310.00,775.00,570.00,1.708,-6.955
2026-04-03T12:55:21.060Z,168.888,pi:0,bottle,0.7594,695.00,310.00,776.00,572.00,1.695,-6.955
2026-04-03T12:55:21.060Z,168.888,pi:0,bottle,0.5301,817.00,900.00,892.00,1078.00,2.495,-3.099
2026-04-03T12:55:21.125Z,168.953,pi:0,bottle,0.8393,697.00,307.00,776.00,571.00,1.682,-6.922
2026-04-03T12:55:21.188Z,169.016,pi:0,bottle,0.8575,697.00,309.00,775.00,572.00,1.688,-6.939
2026-04-03T12:55:21.237Z,169.065,pi:0,bottle,0.7412,703.00,309.00,775.00,570.00,1.701,-6.842
2026-04-03T12:55:21.277Z,169.105,pi:0,bottle,0.8684,696.00,307.00,774.00,571.00,1.682,-6.971
2026-04-03T12:55:21.277Z,169.105,pi:0,bottle,0.3249,650.00,296.00,701.00,571.00,1.615,-8.877
2026-04-03T12:55:21.344Z,169.171,pi:0,bottle,0.8575,698.00,310.00,776.00,570.00,1.708,-6.906
2026-04-03T12:55:21.406Z,169.234,pi:0,bottle,0.8393,702.00,309.00,775.00,573.00,1.682,-6.858
2026-04-03T12:55:21.406Z,169.234,pi:0,bottle,0.3728,793.00,894.00,866.00,1079.00,2.400,-3.913
2026-04-03T12:55:21.447Z,169.275,pi:0,bottle,0.6327,716.00,310.00,775.00,562.00,1.762,-6.633
2026-04-03T12:55:21.500Z,169.328,pi:0,bottle,0.4275,718.00,319.00,776.00,569.00,1.776,-6.584
2026-04-03T12:55:21.552Z,169.380,pi:0,bottle,0.2873,721.00,315.00,775.00,570.00,1.741,-6.552
2026-04-03T12:55:22.461Z,170.289,pi:0,bottle,0.3181,725.00,337.00,777.00,571.00,1.898,-6.455
2026-04-03T12:55:22.523Z,170.351,pi:0,bottle,0.3181,723.00,338.00,777.00,572.00,1.898,-6.488
2026-04-03T12:55:22.584Z,170.412,pi:0,bottle,0.2805,720.00,326.00,776.00,571.00,1.812,-6.552
2026-04-03T12:55:22.637Z,170.465,pi:0,bottle,0.3489,715.00,312.00,776.00,577.00,1.676,-6.633
2026-04-03T12:55:26.988Z,174.816,pi:0,bottle,0.3997,692.00,209.00,775.00,570.00,1.230,-7.019
2026-04-03T12:55:27.049Z,174.877,pi:0,bottle,0.3960,695.00,245.00,779.00,567.00,1.379,-6.906
2026-04-03T12:55:27.114Z,174.942,pi:0,bottle,0.4869,694.00,248.00,778.00,567.00,1.392,-6.939
2026-04-03T12:55:27.155Z,174.983,pi:0,bottle,0.4505,695.00,340.00,776.00,569.00,1.939,-6.955
2026-04-03T12:55:27.193Z,175.020,pi:0,bottle,0.4651,695.00,343.00,771.00,568.00,1.973,-7.035
2026-04-03T12:55:27.255Z,175.083,pi:0,bottle,0.7267,694.00,291.00,766.00,567.00,1.609,-7.132
2026-04-03T12:55:27.319Z,175.147,pi:0,bottle,0.7521,694.00,293.00,774.00,567.00,1.621,-7.003
2026-04-03T12:55:27.359Z,175.187,pi:0,bottle,0.8212,694.00,309.00,774.00,570.00,1.701,-7.003
2026-04-03T12:55:27.359Z,175.187,pi:0,bottle,0.3452,635.00,188.00,716.00,524.00,1.321,-8.877
2026-04-03T12:55:27.393Z,175.221,pi:0,bottle,0.7994,696.00,303.00,776.00,570.00,1.663,-6.939
2026-04-03T12:55:27.393Z,175.221,pi:0,bottle,0.3924,692.00,199.00,774.00,571.00,1.194,-7.035
2026-04-03T12:55:27.448Z,175.276,pi:0,bottle,0.8175,695.00,310.00,777.00,570.00,1.708,-6.939
2026-04-03T12:55:27.521Z,175.348,pi:0,bottle,0.8139,694.00,303.00,777.00,571.00,1.657,-6.955
2026-04-03T12:55:27.561Z,175.389,pi:0,bottle,0.8284,695.00,311.00,776.00,571.00,1.708,-6.955
2026-04-03T12:55:27.599Z,175.427,pi:0,bottle,0.8284,695.00,305.00,776.00,570.00,1.676,-6.955
2026-04-03T12:55:27.599Z,175.427,pi:0,bottle,0.5050,692.00,205.00,773.00,570.00,1.216,-7.051
2026-04-03T12:55:27.645Z,175.473,pi:0,bottle,0.8430,695.00,310.00,775.00,571.00,1.701,-6.971
2026-04-03T12:55:27.721Z,175.549,pi:0,bottle,0.8466,695.00,310.00,776.00,571.00,1.701,-6.955
2026-04-03T12:55:27.756Z,175.584,pi:0,bottle,0.8611,695.00,310.00,776.00,571.00,1.701,-6.955
2026-04-03T12:55:27.756Z,175.584,pi:0,bottle,0.2565,813.00,911.00,895.00,1079.00,2.643,-3.116
2026-04-03T12:55:27.795Z,175.623,pi:0,bottle,0.8393,695.00,311.00,776.00,570.00,1.714,-6.955
2026-04-03T12:55:27.795Z,175.623,pi:0,bottle,0.2702,814.00,908.00,896.00,1079.00,2.597,-3.083
2026-04-03T12:55:27.833Z,175.661,pi:0,bottle,0.8430,695.00,310.00,777.00,569.00,1.714,-6.939
2026-04-03T12:55:27.909Z,175.740,pi:0,bottle,0.8502,695.00,311.00,777.00,570.00,1.714,-6.939
2026-04-03T12:55:27.972Z,175.800,pi:0,bottle,0.8611,695.00,311.00,777.00,569.00,1.721,-6.939
2026-04-03T12:55:28.009Z,175.837,pi:0,bottle,0.8720,695.00,311.00,777.00,569.00,1.721,-6.939
2026-04-03T12:55:28.009Z,175.837,pi:0,bottle,0.2805,907.00,912.00,1008.00,1078.00,2.675,0.262
2026-04-03T12:55:28.062Z,175.890,pi:0,bottle,0.8575,695.00,312.00,775.00,571.00,1.714,-6.971
2026-04-03T12:55:28.137Z,175.965,pi:0,bottle,0.8611,695.00,311.00,776.00,569.00,1.721,-6.955
2026-04-03T12:55:28.178Z,176.006,pi:0,bottle,0.8757,696.00,312.00,776.00,569.00,1.728,-6.939
2026-04-03T12:55:28.225Z,176.053,pi:0,bottle,0.8829,695.00,311.00,776.00,569.00,1.721,-6.955
2026-04-03T12:55:28.284Z,176.112,pi:0,bottle,0.8757,696.00,311.00,776.00,570.00,1.714,-6.939
2026-04-03T12:55:28.338Z,176.165,pi:0,bottle,0.8866,696.00,310.00,776.00,570.00,1.708,-6.939
2026-04-03T12:55:28.372Z,176.200,pi:0,bottle,0.8793,696.00,310.00,777.00,569.00,1.714,-6.922
2026-04-03T12:55:28.420Z,176.248,pi:0,bottle,0.8720,696.00,311.00,776.00,569.00,1.721,-6.939
2026-04-03T12:55:28.505Z,176.333,pi:0,bottle,0.8720,696.00,311.00,776.00,568.00,1.728,-6.939
2026-04-03T12:55:28.542Z,176.370,pi:0,bottle,0.8829,696.00,311.00,776.00,569.00,1.721,-6.939
2026-04-03T12:55:28.595Z,176.422,pi:0,bottle,0.8829,695.00,311.00,777.00,569.00,1.721,-6.939
2026-04-03T12:55:28.653Z,176.481,pi:0,bottle,0.8793,695.00,310.00,776.00,569.00,1.714,-6.955
2026-04-03T12:55:28.738Z,176.566,pi:0,bottle,0.8648,695.00,311.00,776.00,568.00,1.728,-6.955
2026-04-03T12:55:28.785Z,176.613,pi:0,bottle,0.8539,696.00,311.00,777.00,568.00,1.728,-6.922
2026-04-03T12:55:28.839Z,176.666,pi:0,bottle,0.8575,696.00,311.00,777.00,570.00,1.714,-6.922
2026-04-03T12:55:28.906Z,176.734,pi:0,bottle,0.8539,696.00,311.00,776.00,569.00,1.721,-6.939
2026-04-03T12:55:28.972Z,176.800,pi:0,bottle,0.8648,696.00,312.00,776.00,569.00,1.728,-6.939
2026-04-03T12:55:29.016Z,176.844,pi:0,bottle,0.8684,695.00,312.00,777.00,569.00,1.728,-6.939
2026-04-03T12:55:29.075Z,176.903,pi:0,bottle,0.8611,696.00,311.00,776.00,568.00,1.728,-6.939
2026-04-03T12:55:29.152Z,176.980,pi:0,bottle,0.8611,696.00,311.00,776.00,569.00,1.721,-6.939
2026-04-03T12:55:29.208Z,177.036,pi:0,bottle,0.8430,696.00,311.00,776.00,569.00,1.721,-6.939
2026-04-03T12:55:29.281Z,177.109,pi:0,bottle,0.8539,696.00,312.00,776.00,569.00,1.728,-6.939
2026-04-03T12:55:29.386Z,177.214,pi:0,bottle,0.8466,696.00,311.00,776.00,568.00,1.728,-6.939
2026-04-03T12:55:29.486Z,177.314,pi:0,bottle,0.8539,696.00,312.00,776.00,568.00,1.734,-6.939
2026-04-03T12:55:29.557Z,177.385,pi:0,bottle,0.8648,695.00,311.00,776.00,568.00,1.728,-6.955
2026-04-03T12:55:29.607Z,177.435,pi:0,bottle,0.8720,695.00,311.00,776.00,569.00,1.721,-6.955
2026-04-03T12:55:29.662Z,177.490,pi:0,bottle,0.8648,695.00,312.00,776.00,569.00,1.728,-6.955
2026-04-03T12:55:29.733Z,177.561,pi:0,bottle,0.8539,695.00,312.00,776.00,570.00,1.721,-6.955
2026-04-03T12:55:29.791Z,177.619,pi:0,bottle,0.8611,695.00,312.00,776.00,569.00,1.728,-6.955
2026-04-03T12:55:29.840Z,177.667,pi:0,bottle,0.8611,695.00,311.00,776.00,569.00,1.721,-6.955
2026-04-03T12:55:29.922Z,177.750,pi:0,bottle,0.8793,696.00,311.00,777.00,569.00,1.721,-6.922
2026-04-03T12:55:29.972Z,177.800,pi:0,bottle,0.8575,696.00,312.00,776.00,570.00,1.721,-6.939
2026-04-03T12:55:30.012Z,177.840,pi:0,bottle,0.8611,695.00,312.00,777.00,569.00,1.728,-6.939
2026-04-03T12:55:30.056Z,177.884,pi:0,bottle,0.8648,695.00,312.00,775.00,569.00,1.728,-6.971
2026-04-03T12:55:30.127Z,177.955,pi:0,bottle,0.8575,695.00,311.00,776.00,570.00,1.714,-6.955
2026-04-03T12:55:30.177Z,178.005,pi:0,bottle,0.8575,695.00,312.00,775.00,569.00,1.728,-6.971
2026-04-03T12:55:30.237Z,178.065,pi:0,bottle,0.8648,695.00,312.00,775.00,570.00,1.721,-6.971
2026-04-03T12:55:30.291Z,178.119,pi:0,bottle,0.8575,696.00,311.00,777.00,570.00,1.714,-6.922
2026-04-03T12:55:30.335Z,178.163,pi:0,bottle,0.8757,695.00,313.00,776.00,569.00,1.734,-6.955
2026-04-03T12:55:30.407Z,178.235,pi:0,bottle,0.8648,696.00,312.00,777.00,570.00,1.721,-6.922
2026-04-03T12:55:30.477Z,178.305,pi:0,bottle,0.8648,695.00,313.00,776.00,569.00,1.734,-6.955
2026-04-03T12:55:30.515Z,178.343,pi:0,bottle,0.8611,695.00,312.00,776.00,570.00,1.721,-6.955
2026-04-03T12:55:30.550Z,178.377,pi:0,bottle,0.8793,696.00,311.00,776.00,569.00,1.721,-6.939
2026-04-03T12:55:30.585Z,178.413,pi:0,bottle,0.8720,696.00,311.00,776.00,570.00,1.714,-6.939
2026-04-03T12:55:30.621Z,178.449,pi:0,bottle,0.8720,695.00,311.00,776.00,570.00,1.714,-6.955
2026-04-03T12:55:30.686Z,178.514,pi:0,bottle,0.8611,695.00,312.00,776.00,570.00,1.721,-6.955
2026-04-03T12:55:30.747Z,178.575,pi:0,bottle,0.8575,695.00,313.00,776.00,570.00,1.728,-6.955
2026-04-03T12:55:30.785Z,178.613,pi:0,bottle,0.8321,695.00,311.00,776.00,570.00,1.714,-6.955
2026-04-03T12:55:30.823Z,178.651,pi:0,bottle,0.8212,695.00,311.00,773.00,570.00,1.714,-7.003
2026-04-03T12:55:30.880Z,178.708,pi:0,bottle,0.8430,695.00,310.00,776.00,570.00,1.708,-6.955
2026-04-03T12:55:30.935Z,178.763,pi:0,bottle,0.8321,695.00,312.00,776.00,571.00,1.714,-6.955
2026-04-03T12:55:30.985Z,178.813,pi:0,bottle,0.8611,695.00,312.00,776.00,570.00,1.721,-6.955
2026-04-03T12:55:31.021Z,178.849,pi:0,bottle,0.8611,695.00,311.00,776.00,570.00,1.714,-6.955
2026-04-03T12:55:31.075Z,178.903,pi:0,bottle,0.8466,695.00,311.00,776.00,569.00,1.721,-6.955
2026-04-03T12:55:31.140Z,178.968,pi:0,bottle,0.8212,695.00,312.00,777.00,570.00,1.721,-6.939
2026-04-03T12:55:31.185Z,179.013,pi:0,bottle,0.7921,695.00,312.00,776.00,570.00,1.721,-6.955
2026-04-03T12:55:31.227Z,179.054,pi:0,bottle,0.6903,695.00,312.00,779.00,569.00,1.728,-6.906
2026-04-03T12:55:31.277Z,179.105,pi:0,bottle,0.5850,696.00,311.00,770.00,570.00,1.714,-7.035
2026-04-03T12:55:31.343Z,179.171,pi:0,bottle,0.5959,696.00,312.00,770.00,568.00,1.734,-7.035
2026-04-03T12:55:31.389Z,179.217,pi:0,bottle,0.4687,695.00,310.00,760.00,571.00,1.701,-7.212
2026-04-03T12:55:31.431Z,179.259,pi:0,bottle,0.3633,695.00,310.00,762.00,570.00,1.708,-7.180
2026-04-03T12:55:40.690Z,188.518,pi:0,bottle,0.4651,693.00,313.00,765.00,567.00,1.748,-7.164
2026-04-03T12:55:40.739Z,188.567,pi:0,bottle,0.6903,694.00,312.00,771.00,570.00,1.721,-7.051
2026-04-03T12:55:40.799Z,188.627,pi:0,bottle,0.6903,695.00,312.00,773.00,569.00,1.728,-7.003
2026-04-03T12:55:40.849Z,188.677,pi:0,bottle,0.8321,695.00,312.00,777.00,569.00,1.728,-6.939
2026-04-03T12:55:40.894Z,188.722,pi:0,bottle,0.8757,695.00,312.00,776.00,569.00,1.728,-6.955
2026-04-03T12:55:40.936Z,188.764,pi:0,bottle,0.8757,695.00,312.00,775.00,570.00,1.721,-6.971
2026-04-03T12:55:41.006Z,188.834,pi:0,bottle,0.8648,695.00,312.00,776.00,570.00,1.721,-6.955
2026-04-03T12:55:41.057Z,188.885,pi:0,bottle,0.8611,695.00,312.00,776.00,569.00,1.728,-6.955
2026-04-03T12:55:41.087Z,188.915,pi:0,bottle,0.8720,695.00,312.00,777.00,569.00,1.728,-6.939
2026-04-03T12:55:41.141Z,188.969,pi:0,bottle,0.8684,695.00,311.00,777.00,569.00,1.721,-6.939
2026-04-03T12:55:41.221Z,189.049,pi:0,bottle,0.8321,695.00,312.00,776.00,570.00,1.721,-6.955
2026-04-03T12:55:41.296Z,189.124,pi:0,bottle,0.8793,695.00,312.00,776.00,570.00,1.721,-6.955
2026-04-03T12:55:41.393Z,189.221,pi:0,bottle,0.8648,695.00,312.00,776.00,570.00,1.721,-6.955
2026-04-03T12:55:41.495Z,189.323,pi:0,bottle,0.8139,694.00,312.00,777.00,569.00,1.728,-6.955
2026-04-03T12:55:41.566Z,189.394,pi:0,bottle,0.6576,693.00,284.00,776.00,572.00,1.542,-6.987
2026-04-03T12:55:42.704Z,190.532,pi:0,bottle,0.7885,698.00,313.00,775.00,571.00,1.721,-6.922
2026-04-03T12:55:42.777Z,190.604,pi:0,bottle,0.8393,696.00,314.00,776.00,569.00,1.741,-6.939
2026-04-03T12:55:42.847Z,190.674,pi:0,bottle,0.8611,696.00,313.00,777.00,570.00,1.728,-6.922
2026-04-03T12:55:42.904Z,190.732,pi:0,bottle,0.8720,696.00,312.00,776.00,570.00,1.721,-6.939
2026-04-03T12:55:42.937Z,190.765,pi:0,bottle,0.8720,696.00,312.00,775.00,570.00,1.721,-6.955
2026-04-03T12:55:43.102Z,190.930,pi:0,bottle,0.8793,696.00,312.00,776.00,570.00,1.721,-6.939
2026-04-03T12:55:43.180Z,191.008,pi:0,bottle,0.8829,696.00,313.00,775.00,569.00,1.734,-6.955
2026-04-03T12:55:43.237Z,191.065,pi:0,bottle,0.8757,696.00,312.00,776.00,571.00,1.714,-6.939
2026-04-03T12:55:43.289Z,191.117,pi:0,bottle,0.8793,695.00,311.00,776.00,570.00,1.714,-6.955
2026-04-03T12:55:43.356Z,191.184,pi:0,bottle,0.8793,695.00,311.00,777.00,569.00,1.721,-6.939
2026-04-03T12:55:43.437Z,191.265,pi:0,bottle,0.8757,696.00,311.00,777.00,570.00,1.714,-6.922
2026-04-03T12:55:43.476Z,191.304,pi:0,bottle,0.8793,696.00,312.00,776.00,570.00,1.721,-6.939
2026-04-03T12:55:43.520Z,191.348,pi:0,bottle,0.8720,695.00,312.00,777.00,569.00,1.728,-6.939
2026-04-03T12:55:43.573Z,191.401,pi:0,bottle,0.8648,696.00,312.00,775.00,569.00,1.728,-6.955
2026-04-03T12:55:43.647Z,191.475,pi:0,bottle,0.8829,696.00,313.00,776.00,569.00,1.734,-6.939
2026-04-03T12:55:43.685Z,191.512,pi:0,bottle,0.8829,695.00,311.00,777.00,570.00,1.714,-6.939
2026-04-03T12:55:43.720Z,191.548,pi:0,bottle,0.8829,696.00,312.00,776.00,570.00,1.721,-6.939
2026-04-03T12:55:43.774Z,191.602,pi:0,bottle,0.8757,696.00,312.00,776.00,569.00,1.728,-6.939
2026-04-03T12:55:43.847Z,191.675,pi:0,bottle,0.8793,696.00,312.00,777.00,569.00,1.728,-6.922
2026-04-03T12:55:43.892Z,191.720,pi:0,bottle,0.8793,695.00,313.00,776.00,569.00,1.734,-6.955
2026-04-03T12:55:43.929Z,191.757,pi:0,bottle,0.8757,696.00,312.00,777.00,570.00,1.721,-6.922
2026-04-03T12:55:43.984Z,191.812,pi:0,bottle,0.8720,696.00,311.00,777.00,570.00,1.714,-6.922
2026-04-03T12:55:44.059Z,191.887,pi:0,bottle,0.8793,696.00,312.00,776.00,570.00,1.721,-6.939
2026-04-03T12:55:44.089Z,191.917,pi:0,bottle,0.8648,696.00,312.00,777.00,569.00,1.728,-6.922
2026-04-03T12:55:44.129Z,191.957,pi:0,bottle,0.8684,696.00,312.00,777.00,569.00,1.728,-6.922
2026-04-03T12:55:44.193Z,192.021,pi:0,bottle,0.8648,696.00,312.00,777.00,570.00,1.721,-6.922
2026-04-03T12:55:44.243Z,192.071,pi:0,bottle,0.8575,695.00,314.00,777.00,570.00,1.734,-6.939
2026-04-03T12:55:44.301Z,192.129,pi:0,bottle,0.8757,696.00,312.00,776.00,570.00,1.721,-6.939
2026-04-03T12:55:44.333Z,192.161,pi:0,bottle,0.8611,696.00,312.00,777.00,570.00,1.721,-6.922
2026-04-03T12:55:44.407Z,192.235,pi:0,bottle,0.8757,696.00,312.00,777.00,569.00,1.728,-6.922
2026-04-03T12:55:44.456Z,192.283,pi:0,bottle,0.8793,696.00,312.00,776.00,569.00,1.728,-6.939
2026-04-03T12:55:44.505Z,192.333,pi:0,bottle,0.8648,695.00,313.00,777.00,569.00,1.734,-6.939
2026-04-03T12:55:44.540Z,192.368,pi:0,bottle,0.8684,696.00,312.00,777.00,569.00,1.728,-6.922
2026-04-03T12:55:44.593Z,192.421,pi:0,bottle,0.8720,696.00,312.00,777.00,570.00,1.721,-6.922
2026-04-03T12:55:44.664Z,192.492,pi:0,bottle,0.8684,696.00,313.00,776.00,569.00,1.734,-6.939
2026-04-03T12:55:44.704Z,192.532,pi:0,bottle,0.8757,695.00,312.00,776.00,570.00,1.721,-6.955
2026-04-03T12:55:44.742Z,192.570,pi:0,bottle,0.8720,695.00,311.00,776.00,570.00,1.714,-6.955
2026-04-03T12:55:44.799Z,192.627,pi:0,bottle,0.8793,696.00,312.00,776.00,569.00,1.728,-6.939
2026-04-03T12:55:44.869Z,192.696,pi:0,bottle,0.8829,696.00,311.00,777.00,569.00,1.721,-6.922
2026-04-03T12:55:44.908Z,192.736,pi:0,bottle,0.8720,696.00,312.00,777.00,570.00,1.721,-6.922
2026-04-03T12:55:44.946Z,192.774,pi:0,bottle,0.8720,696.00,312.00,776.00,570.00,1.721,-6.939
2026-04-03T12:55:44.997Z,192.825,pi:0,bottle,0.8757,696.00,311.00,776.00,569.00,1.721,-6.939
2026-04-03T12:55:45.068Z,192.896,pi:0,bottle,0.8648,696.00,311.00,777.00,570.00,1.714,-6.922
2026-04-03T12:55:45.113Z,192.941,pi:0,bottle,0.8684,695.00,312.00,776.00,569.00,1.728,-6.955
2026-04-03T12:55:45.144Z,192.972,pi:0,bottle,0.8720,695.00,312.00,776.00,569.00,1.728,-6.955
2026-04-03T12:55:45.203Z,193.031,pi:0,bottle,0.8757,696.00,312.00,777.00,570.00,1.721,-6.922
2026-04-03T12:55:45.275Z,193.103,pi:0,bottle,0.8684,696.00,311.00,777.00,570.00,1.714,-6.922
2026-04-03T12:55:45.313Z,193.141,pi:0,bottle,0.8829,696.00,312.00,777.00,569.00,1.728,-6.922
2026-04-03T12:55:45.352Z,193.180,pi:0,bottle,0.8720,696.00,312.00,777.00,569.00,1.728,-6.922
2026-04-03T12:55:45.400Z,193.228,pi:0,bottle,0.8757,695.00,313.00,777.00,570.00,1.728,-6.939
2026-04-03T12:55:45.478Z,193.306,pi:0,bottle,0.8720,696.00,311.00,777.00,570.00,1.714,-6.922
2026-04-03T12:55:45.520Z,193.348,pi:0,bottle,0.8757,696.00,312.00,776.00,570.00,1.721,-6.939
2026-04-03T12:55:45.555Z,193.383,pi:0,bottle,0.8684,696.00,312.00,777.00,569.00,1.728,-6.922
2026-04-03T12:55:45.610Z,193.437,pi:0,bottle,0.8720,696.00,312.00,777.00,570.00,1.721,-6.922
2026-04-03T12:55:45.679Z,193.506,pi:0,bottle,0.8757,695.00,313.00,777.00,569.00,1.734,-6.939
2026-04-03T12:55:45.722Z,193.550,pi:0,bottle,0.8793,695.00,312.00,776.00,570.00,1.721,-6.955
2026-04-03T12:55:45.761Z,193.589,pi:0,bottle,0.8757,695.00,312.00,777.00,569.00,1.728,-6.939
2026-04-03T12:55:45.807Z,193.635,pi:0,bottle,0.8757,695.00,312.00,777.00,569.00,1.728,-6.939
2026-04-03T12:55:45.884Z,193.712,pi:0,bottle,0.8648,695.00,312.00,777.00,569.00,1.728,-6.939
2026-04-03T12:55:45.925Z,193.753,pi:0,bottle,0.8648,695.00,311.00,776.00,569.00,1.721,-6.955
2026-04-03T12:55:45.957Z,193.784,pi:0,bottle,0.8757,696.00,312.00,777.00,569.00,1.728,-6.922
2026-04-03T12:55:46.011Z,193.839,pi:0,bottle,0.8793,696.00,312.00,777.00,570.00,1.721,-6.922
2026-04-03T12:55:46.076Z,193.904,pi:0,bottle,0.8720,696.00,311.00,777.00,569.00,1.721,-6.922
2026-04-03T12:55:46.117Z,193.945,pi:0,bottle,0.8611,696.00,313.00,777.00,570.00,1.728,-6.922
2026-04-03T12:55:46.162Z,193.990,pi:0,bottle,0.8684,696.00,312.00,777.00,569.00,1.728,-6.922
2026-04-03T12:55:46.201Z,194.029,pi:0,bottle,0.8793,696.00,312.00,777.00,570.00,1.721,-6.922
2026-04-03T12:55:46.287Z,194.115,pi:0,bottle,0.8720,695.00,313.00,777.00,569.00,1.734,-6.939
2026-04-03T12:55:46.324Z,194.152,pi:0,bottle,0.8793,695.00,313.00,776.00,569.00,1.734,-6.955
2026-04-03T12:55:46.357Z,194.185,pi:0,bottle,0.8720,696.00,312.00,777.00,569.00,1.728,-6.922
2026-04-03T12:55:46.443Z,194.270,pi:0,bottle,0.8720,696.00,313.00,776.00,569.00,1.734,-6.939
2026-04-03T12:55:46.488Z,194.316,pi:0,bottle,0.8684,696.00,313.00,776.00,569.00,1.734,-6.939
2026-04-03T12:55:46.529Z,194.357,pi:0,bottle,0.8720,696.00,311.00,777.00,570.00,1.714,-6.922
2026-04-03T12:55:46.562Z,194.390,pi:0,bottle,0.8793,695.00,312.00,777.00,569.00,1.728,-6.939
2026-04-03T12:55:46.640Z,194.468,pi:0,bottle,0.8829,695.00,311.00,776.00,570.00,1.714,-6.955
2026-04-03T12:55:46.701Z,194.529,pi:0,bottle,0.8793,696.00,312.00,777.00,569.00,1.728,-6.922
2026-04-03T12:55:46.733Z,194.561,pi:0,bottle,0.8757,695.00,312.00,776.00,570.00,1.721,-6.955
2026-04-03T12:55:46.772Z,194.600,pi:0,bottle,0.8829,695.00,312.00,776.00,569.00,1.728,-6.955
2026-04-03T12:55:46.847Z,194.675,pi:0,bottle,0.8793,695.00,312.00,777.00,570.00,1.721,-6.939
2026-04-03T12:55:46.893Z,194.720,pi:0,bottle,0.8684,696.00,311.00,776.00,570.00,1.714,-6.939
2026-04-03T12:55:46.935Z,194.763,pi:0,bottle,0.8720,695.00,313.00,777.00,570.00,1.728,-6.939
2026-04-03T12:55:46.970Z,194.798,pi:0,bottle,0.8611,695.00,312.00,776.00,570.00,1.721,-6.955
2026-04-03T12:55:47.035Z,194.862,pi:0,bottle,0.8829,696.00,312.00,776.00,569.00,1.728,-6.939
2026-04-03T12:55:47.089Z,194.917,pi:0,bottle,0.8720,695.00,312.00,777.00,570.00,1.721,-6.939
2026-04-03T12:55:47.127Z,194.955,pi:0,bottle,0.8648,696.00,311.00,777.00,569.00,1.721,-6.922
2026-04-03T12:55:47.165Z,194.993,pi:0,bottle,0.8720,696.00,312.00,777.00,569.00,1.728,-6.922
2026-04-03T12:55:47.222Z,195.050,pi:0,bottle,0.8793,695.00,311.00,776.00,569.00,1.721,-6.955
2026-04-03T12:55:47.298Z,195.126,pi:0,bottle,0.8793,696.00,312.00,776.00,569.00,1.728,-6.939
2026-04-03T12:55:47.331Z,195.158,pi:0,bottle,0.8757,696.00,313.00,776.00,570.00,1.728,-6.939
2026-04-03T12:55:47.370Z,195.198,pi:0,bottle,0.8757,695.00,313.00,777.00,570.00,1.728,-6.939
2026-04-03T12:55:47.410Z,195.238,pi:0,bottle,0.8684,696.00,313.00,776.00,570.00,1.728,-6.939
2026-04-03T12:55:47.444Z,195.271,pi:0,bottle,0.8793,696.00,312.00,777.00,569.00,1.728,-6.922
2026-04-03T12:55:47.496Z,195.324,pi:0,bottle,0.8793,696.00,312.00,776.00,570.00,1.721,-6.939
2026-04-03T12:55:47.551Z,195.378,pi:0,bottle,0.8793,695.00,312.00,777.00,570.00,1.721,-6.939
2026-04-03T12:55:47.610Z,195.438,pi:0,bottle,0.8684,696.00,312.00,777.00,570.00,1.721,-6.922
2026-04-03T12:55:47.650Z,195.478,pi:0,bottle,0.8575,696.00,312.00,776.00,569.00,1.728,-6.939
2026-04-03T12:55:47.689Z,195.517,pi:0,bottle,0.8757,696.00,312.00,776.00,569.00,1.728,-6.939
2026-04-03T12:55:47.737Z,195.565,pi:0,bottle,0.8720,696.00,312.00,776.00,569.00,1.728,-6.939
2026-04-03T12:55:47.839Z,195.667,pi:0,bottle,0.8720,696.00,313.00,777.00,569.00,1.734,-6.922
2026-04-03T12:55:47.868Z,195.695,pi:0,bottle,0.8793,696.00,312.00,776.00,569.00,1.728,-6.939
2026-04-03T12:55:47.936Z,195.764,pi:0,bottle,0.8793,696.00,311.00,776.00,570.00,1.714,-6.939
2026-04-03T12:55:48.005Z,195.833,pi:0,bottle,0.8793,696.00,312.00,776.00,570.00,1.721,-6.939
2026-04-03T12:55:48.107Z,195.934,pi:0,bottle,0.8720,696.00,313.00,777.00,569.00,1.734,-6.922
2026-04-03T12:55:48.152Z,195.980,pi:0,bottle,0.8757,696.00,312.00,776.00,570.00,1.721,-6.939
2026-04-03T12:55:48.201Z,196.029,pi:0,bottle,0.8757,695.00,312.00,777.00,570.00,1.721,-6.939
2026-04-03T12:55:48.293Z,196.120,pi:0,bottle,0.8720,696.00,313.00,777.00,569.00,1.734,-6.922
2026-04-03T12:55:48.350Z,196.178,pi:0,bottle,0.8793,695.00,311.00,777.00,569.00,1.721,-6.939
2026-04-03T12:55:48.412Z,196.240,pi:0,bottle,0.8793,695.00,312.00,776.00,570.00,1.721,-6.955
2026-04-03T12:55:48.487Z,196.315,pi:0,bottle,0.8757,695.00,312.00,776.00,569.00,1.728,-6.955
2026-04-03T12:55:48.535Z,196.363,pi:0,bottle,0.8793,696.00,312.00,777.00,570.00,1.721,-6.922
2026-04-03T12:55:48.572Z,196.400,pi:0,bottle,0.8611,696.00,312.00,777.00,569.00,1.728,-6.922
2026-04-03T12:55:48.648Z,196.475,pi:0,bottle,0.8720,696.00,312.00,776.00,570.00,1.721,-6.939
2026-04-03T12:55:48.725Z,196.553,pi:0,bottle,0.8793,696.00,311.00,777.00,569.00,1.721,-6.922
2026-04-03T12:55:48.768Z,196.596,pi:0,bottle,0.8793,696.00,312.00,776.00,569.00,1.728,-6.939
2026-04-03T12:55:48.827Z,196.655,pi:0,bottle,0.8793,695.00,312.00,776.00,569.00,1.728,-6.955
2026-04-03T12:55:48.908Z,196.736,pi:0,bottle,0.8720,695.00,312.00,776.00,569.00,1.728,-6.955
2026-04-03T12:55:48.953Z,196.781,pi:0,bottle,0.8611,696.00,313.00,777.00,569.00,1.734,-6.922
2026-04-03T12:55:48.994Z,196.822,pi:0,bottle,0.8757,696.00,311.00,776.00,570.00,1.714,-6.939
2026-04-03T12:55:49.068Z,196.896,pi:0,bottle,0.8720,695.00,313.00,777.00,570.00,1.728,-6.939
2026-04-03T12:55:49.125Z,196.953,pi:0,bottle,0.8757,696.00,311.00,777.00,570.00,1.714,-6.922
2026-04-03T12:55:49.167Z,196.995,pi:0,bottle,0.8684,696.00,312.00,776.00,569.00,1.728,-6.939
2026-04-03T12:55:49.237Z,197.065,pi:0,bottle,0.8757,696.00,311.00,777.00,569.00,1.721,-6.922
2026-04-03T12:55:49.300Z,197.128,pi:0,bottle,0.8720,696.00,311.00,776.00,570.00,1.714,-6.939
2026-04-03T12:55:49.342Z,197.170,pi:0,bottle,0.8720,696.00,310.00,776.00,570.00,1.708,-6.939
2026-04-03T12:55:49.387Z,197.215,pi:0,bottle,0.8757,696.00,313.00,776.00,569.00,1.734,-6.939
2026-04-03T12:55:49.417Z,197.245,pi:0,bottle,0.8757,696.00,312.00,776.00,570.00,1.721,-6.939
2026-04-03T12:55:49.461Z,197.288,pi:0,bottle,0.8793,696.00,312.00,776.00,569.00,1.728,-6.939
2026-04-03T12:55:49.503Z,197.331,pi:0,bottle,0.8793,696.00,311.00,777.00,569.00,1.721,-6.922
2026-04-03T12:55:49.575Z,197.402,pi:0,bottle,0.8757,696.00,312.00,777.00,569.00,1.728,-6.922
2026-04-03T12:55:49.650Z,197.478,pi:0,bottle,0.8793,696.00,311.00,777.00,570.00,1.714,-6.922
2026-04-03T12:55:49.693Z,197.521,pi:0,bottle,0.8757,696.00,313.00,776.00,570.00,1.728,-6.939
2026-04-03T12:55:49.756Z,197.584,pi:0,bottle,0.8793,695.00,312.00,776.00,569.00,1.728,-6.955
2026-04-03T12:55:49.816Z,197.644,pi:0,bottle,0.8757,695.00,312.00,776.00,569.00,1.728,-6.955
2026-04-03T12:55:49.862Z,197.689,pi:0,bottle,0.8793,696.00,312.00,776.00,569.00,1.728,-6.939
2026-04-03T12:55:49.900Z,197.727,pi:0,bottle,0.8757,696.00,312.00,776.00,569.00,1.728,-6.939
2026-04-03T12:55:49.947Z,197.775,pi:0,bottle,0.8720,696.00,312.00,776.00,569.00,1.728,-6.939
2026-04-03T12:55:50.023Z,197.851,pi:0,bottle,0.8611,696.00,311.00,776.00,570.00,1.714,-6.939
2026-04-03T12:55:50.060Z,197.888,pi:0,bottle,0.8720,695.00,312.00,777.00,569.00,1.728,-6.939
2026-04-03T12:55:50.097Z,197.925,pi:0,bottle,0.8829,696.00,311.00,777.00,570.00,1.714,-6.922
2026-04-03T12:55:50.147Z,197.975,pi:0,bottle,0.8539,695.00,312.00,776.00,570.00,1.721,-6.955
2026-04-03T12:55:50.222Z,198.050,pi:0,bottle,0.8648,696.00,311.00,776.00,569.00,1.721,-6.939
2026-04-03T12:55:50.262Z,198.090,pi:0,bottle,0.8757,696.00,311.00,777.00,570.00,1.714,-6.922
2026-04-03T12:55:50.302Z,198.130,pi:0,bottle,0.8793,696.00,312.00,777.00,570.00,1.721,-6.922
2026-04-03T12:55:50.348Z,198.176,pi:0,bottle,0.8684,696.00,311.00,776.00,570.00,1.714,-6.939
2026-04-03T12:55:50.417Z,198.245,pi:0,bottle,0.8611,695.00,311.00,777.00,570.00,1.714,-6.939
2026-04-03T12:55:50.448Z,198.276,pi:0,bottle,0.8466,696.00,312.00,776.00,570.00,1.721,-6.939
2026-04-03T12:55:50.496Z,198.324,pi:0,bottle,0.8757,695.00,312.00,777.00,569.00,1.728,-6.939
2026-04-03T12:55:50.570Z,198.397,pi:0,bottle,0.8757,695.00,310.00,777.00,569.00,1.714,-6.939
2026-04-03T12:55:50.603Z,198.430,pi:0,bottle,0.8575,695.00,311.00,776.00,569.00,1.721,-6.955
2026-04-03T12:55:50.649Z,198.477,pi:0,bottle,0.8793,696.00,312.00,776.00,571.00,1.714,-6.939
2026-04-03T12:55:50.692Z,198.520,pi:0,bottle,0.8793,695.00,312.00,777.00,570.00,1.721,-6.939
2026-04-03T12:55:50.747Z,198.575,pi:0,bottle,0.8793,695.00,312.00,776.00,571.00,1.714,-6.955
2026-04-03T12:55:50.811Z,198.639,pi:0,bottle,0.8648,696.00,312.00,776.00,570.00,1.721,-6.939
2026-04-03T12:55:50.858Z,198.685,pi:0,bottle,0.8539,695.00,313.00,777.00,569.00,1.734,-6.939
2026-04-03T12:55:50.893Z,198.721,pi:0,bottle,0.8757,696.00,313.00,776.00,569.00,1.734,-6.939
2026-04-03T12:55:50.955Z,198.783,pi:0,bottle,0.8212,695.00,314.00,777.00,571.00,1.728,-6.939
2026-04-03T12:55:51.021Z,198.848,pi:0,bottle,0.8103,694.00,314.00,777.00,571.00,1.728,-6.955
2026-04-03T12:55:51.066Z,198.894,pi:0,bottle,0.7957,713.00,314.00,775.00,572.00,1.721,-6.681
2026-04-03T12:55:55.177Z,203.004,pi:0,bottle,0.5414,706.00,278.00,776.00,572.00,1.510,-6.778
2026-04-03T12:55:55.248Z,203.076,pi:0,bottle,0.8103,695.00,315.00,775.00,571.00,1.734,-6.971
2026-04-03T12:55:55.299Z,203.127,pi:0,bottle,0.8393,695.00,312.00,777.00,570.00,1.721,-6.939
2026-04-03T12:55:55.348Z,203.176,pi:0,bottle,0.8648,696.00,312.00,778.00,569.00,1.728,-6.906
2026-04-03T12:55:55.435Z,203.263,pi:0,bottle,0.8720,696.00,312.00,776.00,569.00,1.728,-6.939
2026-04-03T12:55:55.485Z,203.313,pi:0,bottle,0.8866,695.00,313.00,777.00,570.00,1.728,-6.939
2026-04-03T12:55:55.521Z,203.348,pi:0,bottle,0.8829,695.00,312.00,776.00,569.00,1.728,-6.955
2026-04-03T12:55:55.569Z,203.397,pi:0,bottle,0.8720,695.00,312.00,776.00,570.00,1.721,-6.955
2026-04-03T12:55:55.632Z,203.460,pi:0,bottle,0.8539,696.00,312.00,776.00,570.00,1.721,-6.939
2026-04-03T12:55:55.691Z,203.519,pi:0,bottle,0.8757,696.00,312.00,776.00,569.00,1.728,-6.939
2026-04-03T12:55:55.741Z,203.569,pi:0,bottle,0.8720,695.00,312.00,777.00,569.00,1.728,-6.939
2026-04-03T12:55:55.809Z,203.637,pi:0,bottle,0.8757,695.00,312.00,776.00,570.00,1.721,-6.955
2026-04-03T12:55:55.886Z,203.714,pi:0,bottle,0.8793,696.00,312.00,777.00,569.00,1.728,-6.922
2026-04-03T12:55:55.932Z,203.760,pi:0,bottle,0.8684,696.00,312.00,776.00,569.00,1.728,-6.939
2026-04-03T12:55:55.987Z,203.815,pi:0,bottle,0.8648,695.00,311.00,777.00,569.00,1.721,-6.939
2026-04-03T12:55:56.045Z,203.873,pi:0,bottle,0.8720,696.00,312.00,776.00,570.00,1.721,-6.939
2026-04-03T12:55:56.096Z,203.924,pi:0,bottle,0.8648,695.00,312.00,777.00,569.00,1.728,-6.939
2026-04-03T12:55:56.129Z,203.957,pi:0,bottle,0.8757,695.00,313.00,777.00,569.00,1.734,-6.939
2026-04-03T12:55:56.183Z,204.010,pi:0,bottle,0.8684,696.00,311.00,776.00,569.00,1.721,-6.939
2026-04-03T12:55:56.271Z,204.099,pi:0,bottle,0.8793,696.00,310.00,776.00,569.00,1.714,-6.939
2026-04-03T12:55:56.374Z,204.202,pi:0,bottle,0.8575,695.00,312.00,777.00,569.00,1.728,-6.939
2026-04-03T12:55:56.463Z,204.291,pi:0,bottle,0.8611,696.00,311.00,776.00,570.00,1.714,-6.939
2026-04-03T12:55:56.512Z,204.340,pi:0,bottle,0.8793,695.00,311.00,776.00,570.00,1.714,-6.955
2026-04-03T12:55:56.547Z,204.374,pi:0,bottle,0.8684,696.00,311.00,776.00,569.00,1.721,-6.939
2026-04-03T12:55:56.591Z,204.419,pi:0,bottle,0.8757,695.00,311.00,777.00,570.00,1.714,-6.939
2026-04-03T12:55:56.620Z,204.448,pi:0,bottle,0.8829,695.00,311.00,776.00,569.00,1.721,-6.955
2026-04-03T12:55:56.675Z,204.503,pi:0,bottle,0.8829,695.00,311.00,777.00,569.00,1.721,-6.939
2026-04-03T12:55:56.743Z,204.571,pi:0,bottle,0.8829,695.00,311.00,776.00,569.00,1.721,-6.955
2026-04-03T12:55:56.790Z,204.618,pi:0,bottle,0.8793,695.00,311.00,777.00,569.00,1.721,-6.939
2026-04-03T12:55:56.831Z,204.659,pi:0,bottle,0.8720,696.00,311.00,777.00,569.00,1.721,-6.922
2026-04-03T12:55:56.905Z,204.733,pi:0,bottle,0.8793,695.00,311.00,776.00,569.00,1.721,-6.955
2026-04-03T12:55:56.961Z,204.788,pi:0,bottle,0.8720,696.00,312.00,776.00,570.00,1.721,-6.939
2026-04-03T12:55:56.994Z,204.822,pi:0,bottle,0.8793,695.00,311.00,777.00,569.00,1.721,-6.939
2026-04-03T12:55:57.036Z,204.864,pi:0,bottle,0.8757,696.00,312.00,777.00,569.00,1.728,-6.922
2026-04-03T12:55:57.068Z,204.896,pi:0,bottle,0.8648,695.00,312.00,777.00,569.00,1.728,-6.939
2026-04-03T12:55:57.108Z,204.936,pi:0,bottle,0.8720,696.00,313.00,776.00,569.00,1.734,-6.939
2026-04-03T12:55:57.149Z,204.977,pi:0,bottle,0.8684,696.00,312.00,776.00,569.00,1.728,-6.939
2026-04-03T12:55:57.211Z,205.039,pi:0,bottle,0.8611,696.00,312.00,777.00,570.00,1.721,-6.922
2026-04-03T12:55:57.264Z,205.091,pi:0,bottle,0.8611,696.00,312.00,776.00,570.00,1.721,-6.939
2026-04-03T12:55:57.301Z,205.129,pi:0,bottle,0.8575,696.00,312.00,776.00,570.00,1.721,-6.939
2026-04-03T12:55:57.341Z,205.169,pi:0,bottle,0.8757,696.00,312.00,777.00,570.00,1.721,-6.922
2026-04-03T12:55:57.384Z,205.212,pi:0,bottle,0.8684,695.00,312.00,776.00,570.00,1.721,-6.955
2026-04-03T12:55:57.424Z,205.252,pi:0,bottle,0.8684,696.00,312.00,777.00,570.00,1.721,-6.922
2026-04-03T12:55:57.465Z,205.293,pi:0,bottle,0.8793,696.00,312.00,777.00,570.00,1.721,-6.922
2026-04-03T12:55:57.517Z,205.345,pi:0,bottle,0.8757,696.00,312.00,776.00,569.00,1.728,-6.939
2026-04-03T12:55:57.576Z,205.404,pi:0,bottle,0.8757,696.00,313.00,777.00,570.00,1.728,-6.922
2026-04-03T12:55:57.613Z,205.441,pi:0,bottle,0.8611,696.00,311.00,776.00,569.00,1.721,-6.939
2026-04-03T12:55:57.655Z,205.483,pi:0,bottle,0.8648,696.00,311.00,776.00,570.00,1.714,-6.939
2026-04-03T12:55:57.718Z,205.546,pi:0,bottle,0.8793,696.00,312.00,776.00,570.00,1.721,-6.939
2026-04-03T12:55:57.770Z,205.597,pi:0,bottle,0.8611,696.00,312.00,776.00,569.00,1.728,-6.939
2026-04-03T12:55:57.814Z,205.642,pi:0,bottle,0.8575,696.00,312.00,777.00,570.00,1.721,-6.922
2026-04-03T12:55:57.851Z,205.679,pi:0,bottle,0.8720,696.00,311.00,776.00,570.00,1.714,-6.939
2026-04-03T12:55:57.908Z,205.736,pi:0,bottle,0.8793,695.00,312.00,776.00,570.00,1.721,-6.955
2026-04-03T12:55:57.969Z,205.797,pi:0,bottle,0.8793,696.00,312.00,776.00,570.00,1.721,-6.939
2026-04-03T12:55:58.039Z,205.867,pi:0,bottle,0.8720,696.00,313.00,776.00,569.00,1.734,-6.939
2026-04-03T12:55:58.095Z,205.923,pi:0,bottle,0.8793,695.00,312.00,776.00,569.00,1.728,-6.955
2026-04-03T12:55:58.129Z,205.957,pi:0,bottle,0.8793,696.00,311.00,777.00,569.00,1.721,-6.922
2026-04-03T12:55:58.167Z,205.995,pi:0,bottle,0.8793,696.00,311.00,777.00,570.00,1.714,-6.922
2026-04-03T12:55:58.207Z,206.035,pi:0,bottle,0.8829,696.00,312.00,777.00,570.00,1.721,-6.922
2026-04-03T12:55:58.248Z,206.076,pi:0,bottle,0.8757,696.00,312.00,776.00,570.00,1.721,-6.939
2026-04-03T12:55:58.289Z,206.117,pi:0,bottle,0.8720,696.00,312.00,776.00,569.00,1.728,-6.939
2026-04-03T12:55:58.360Z,206.188,pi:0,bottle,0.8793,696.00,312.00,776.00,570.00,1.721,-6.939
2026-04-03T12:55:58.409Z,206.237,pi:0,bottle,0.8757,696.00,312.00,776.00,569.00,1.728,-6.939
2026-04-03T12:55:58.445Z,206.273,pi:0,bottle,0.8793,696.00,313.00,776.00,570.00,1.728,-6.939
2026-04-03T12:55:58.519Z,206.347,pi:0,bottle,0.8720,696.00,312.00,777.00,569.00,1.728,-6.922
2026-04-03T12:55:58.568Z,206.396,pi:0,bottle,0.8793,696.00,313.00,776.00,569.00,1.734,-6.939
2026-04-03T12:55:58.600Z,206.428,pi:0,bottle,0.8793,696.00,312.00,776.00,569.00,1.728,-6.939
2026-04-03T12:55:58.643Z,206.471,pi:0,bottle,0.8757,696.00,311.00,776.00,569.00,1.721,-6.939
2026-04-03T12:55:58.699Z,206.527,pi:0,bottle,0.8793,696.00,312.00,776.00,569.00,1.728,-6.939
2026-04-03T12:55:58.767Z,206.595,pi:0,bottle,0.8793,696.00,312.00,776.00,570.00,1.721,-6.939
2026-04-03T12:55:58.810Z,206.638,pi:0,bottle,0.8684,696.00,312.00,777.00,570.00,1.721,-6.922
2026-04-03T12:55:58.852Z,206.680,pi:0,bottle,0.8757,696.00,311.00,777.00,570.00,1.714,-6.922
2026-04-03T12:55:58.909Z,206.737,pi:0,bottle,0.8793,696.00,311.00,776.00,569.00,1.721,-6.939
2026-04-03T12:55:58.968Z,206.796,pi:0,bottle,0.8793,696.00,312.00,776.00,570.00,1.721,-6.939
2026-04-03T12:55:59.014Z,206.842,pi:0,bottle,0.8648,696.00,312.00,776.00,570.00,1.721,-6.939
2026-04-03T12:55:59.050Z,206.878,pi:0,bottle,0.8648,696.00,313.00,776.00,570.00,1.728,-6.939
2026-04-03T12:55:59.098Z,206.926,pi:0,bottle,0.8793,696.00,311.00,776.00,569.00,1.721,-6.939
2026-04-03T12:55:59.174Z,207.002,pi:0,bottle,0.8648,696.00,312.00,777.00,569.00,1.728,-6.922
2026-04-03T12:55:59.218Z,207.046,pi:0,bottle,0.8757,696.00,312.00,777.00,569.00,1.728,-6.922
2026-04-03T12:55:59.252Z,207.080,pi:0,bottle,0.8793,696.00,311.00,777.00,570.00,1.714,-6.922
2026-04-03T12:55:59.302Z,207.130,pi:0,bottle,0.8684,696.00,311.00,776.00,570.00,1.714,-6.939
2026-04-03T12:55:59.379Z,207.207,pi:0,bottle,0.8648,695.00,312.00,777.00,570.00,1.721,-6.939
2026-04-03T12:55:59.419Z,207.247,pi:0,bottle,0.8684,696.00,311.00,777.00,569.00,1.721,-6.922
2026-04-03T12:55:59.458Z,207.286,pi:0,bottle,0.8757,696.00,312.00,776.00,569.00,1.728,-6.939
2026-04-03T12:55:59.509Z,207.337,pi:0,bottle,0.8793,696.00,311.00,777.00,569.00,1.721,-6.922
2026-04-03T12:55:59.575Z,207.403,pi:0,bottle,0.8866,696.00,312.00,777.00,570.00,1.721,-6.922
2026-04-03T12:55:59.622Z,207.450,pi:0,bottle,0.8793,696.00,312.00,777.00,570.00,1.721,-6.922
2026-04-03T12:55:59.659Z,207.487,pi:0,bottle,0.8720,696.00,312.00,777.00,570.00,1.721,-6.922
2026-04-03T12:55:59.717Z,207.545,pi:0,bottle,0.8793,696.00,312.00,776.00,570.00,1.721,-6.939
2026-04-03T12:55:59.786Z,207.614,pi:0,bottle,0.8793,696.00,312.00,776.00,570.00,1.721,-6.939
2026-04-03T12:55:59.826Z,207.654,pi:0,bottle,0.8757,696.00,312.00,777.00,570.00,1.721,-6.922
2026-04-03T12:55:59.862Z,207.690,pi:0,bottle,0.8757,696.00,313.00,776.00,570.00,1.728,-6.939
2026-04-03T12:55:59.917Z,207.745,pi:0,bottle,0.8757,696.00,311.00,776.00,569.00,1.721,-6.939
2026-04-03T12:55:59.990Z,207.818,pi:0,bottle,0.8648,696.00,311.00,776.00,570.00,1.714,-6.939
2026-04-03T12:56:00.029Z,207.856,pi:0,bottle,0.8793,696.00,312.00,776.00,569.00,1.728,-6.939
2026-04-03T12:56:00.064Z,207.892,pi:0,bottle,0.8793,696.00,312.00,776.00,570.00,1.721,-6.939
2026-04-03T12:56:00.112Z,207.940,pi:0,bottle,0.8793,695.00,312.00,776.00,569.00,1.728,-6.955
2026-04-03T12:56:00.181Z,208.009,pi:0,bottle,0.8720,696.00,313.00,777.00,570.00,1.728,-6.922
2026-04-03T12:56:00.235Z,208.063,pi:0,bottle,0.8648,695.00,312.00,776.00,569.00,1.728,-6.955
2026-04-03T12:56:00.274Z,208.102,pi:0,bottle,0.8684,695.00,311.00,777.00,569.00,1.721,-6.939
2026-04-03T12:56:00.328Z,208.155,pi:0,bottle,0.8757,696.00,312.00,776.00,570.00,1.721,-6.939
2026-04-03T12:56:00.394Z,208.222,pi:0,bottle,0.8757,696.00,311.00,776.00,569.00,1.721,-6.939
2026-04-03T12:56:00.443Z,208.271,pi:0,bottle,0.8611,696.00,311.00,776.00,569.00,1.721,-6.939
2026-04-03T12:56:00.513Z,208.340,pi:0,bottle,0.8684,696.00,311.00,777.00,569.00,1.721,-6.922
2026-04-03T12:56:00.587Z,208.414,pi:0,bottle,0.8757,696.00,311.00,776.00,570.00,1.714,-6.939
2026-04-03T12:56:00.633Z,208.461,pi:0,bottle,0.8720,696.00,312.00,776.00,570.00,1.721,-6.939
2026-04-03T12:56:00.692Z,208.520,pi:0,bottle,0.8611,696.00,311.00,777.00,570.00,1.714,-6.922
2026-04-03T12:56:00.775Z,208.603,pi:0,bottle,0.8611,696.00,312.00,776.00,570.00,1.721,-6.939
2026-04-03T12:56:00.820Z,208.647,pi:0,bottle,0.8793,696.00,312.00,777.00,569.00,1.728,-6.922
2026-04-03T12:56:00.861Z,208.688,pi:0,bottle,0.8757,696.00,312.00,776.00,569.00,1.728,-6.939
2026-04-03T12:56:00.926Z,208.754,pi:0,bottle,0.8793,696.00,312.00,776.00,570.00,1.721,-6.939
2026-04-03T12:56:00.997Z,208.825,pi:0,bottle,0.8720,696.00,312.00,777.00,570.00,1.721,-6.922
2026-04-03T12:56:01.042Z,208.870,pi:0,bottle,0.8720,696.00,311.00,776.00,570.00,1.714,-6.939
2026-04-03T12:56:01.081Z,208.909,pi:0,bottle,0.8793,696.00,311.00,777.00,569.00,1.721,-6.922
2026-04-03T12:56:01.179Z,209.007,pi:0,bottle,0.8720,696.00,311.00,776.00,569.00,1.721,-6.939
2026-04-03T12:56:01.232Z,209.060,pi:0,bottle,0.8720,695.00,312.00,776.00,569.00,1.728,-6.955
2026-04-03T12:56:01.273Z,209.100,pi:0,bottle,0.8539,695.00,312.00,777.00,569.00,1.728,-6.939
2026-04-03T12:56:01.323Z,209.151,pi:0,bottle,0.8757,696.00,311.00,776.00,569.00,1.721,-6.939
2026-04-03T12:56:01.358Z,209.186,pi:0,bottle,0.8684,696.00,312.00,777.00,570.00,1.721,-6.922
2026-04-03T12:56:01.414Z,209.242,pi:0,bottle,0.8720,696.00,312.00,776.00,570.00,1.721,-6.939
2026-04-03T12:56:01.495Z,209.323,pi:0,bottle,0.8720,696.00,312.00,776.00,569.00,1.728,-6.939
2026-04-03T12:56:01.548Z,209.375,pi:0,bottle,0.8757,695.00,312.00,776.00,569.00,1.728,-6.955
2026-04-03T12:56:01.585Z,209.413,pi:0,bottle,0.8757,696.00,312.00,777.00,569.00,1.728,-6.922
2026-04-03T12:56:01.671Z,209.499,pi:0,bottle,0.8757,696.00,311.00,777.00,569.00,1.721,-6.922
2026-04-03T12:56:01.729Z,209.557,pi:0,bottle,0.8793,696.00,312.00,777.00,570.00,1.721,-6.922
2026-04-03T12:56:01.778Z,209.606,pi:0,bottle,0.8720,696.00,310.00,777.00,570.00,1.708,-6.922
2026-04-03T12:56:01.840Z,209.668,pi:0,bottle,0.8793,696.00,311.00,776.00,570.00,1.714,-6.939
2026-04-03T12:56:01.891Z,209.719,pi:0,bottle,0.8720,696.00,312.00,777.00,569.00,1.728,-6.922
2026-04-03T12:56:01.948Z,209.776,pi:0,bottle,0.8757,696.00,312.00,777.00,569.00,1.728,-6.922
2026-04-03T12:56:01.995Z,209.823,pi:0,bottle,0.8720,696.00,312.00,777.00,570.00,1.721,-6.922
2026-04-03T12:56:02.040Z,209.868,pi:0,bottle,0.8720,696.00,312.00,777.00,569.00,1.728,-6.922
2026-04-03T12:56:02.095Z,209.923,pi:0,bottle,0.8648,696.00,310.00,776.00,570.00,1.708,-6.939
2026-04-03T12:56:02.161Z,209.988,pi:0,bottle,0.8648,696.00,312.00,777.00,569.00,1.728,-6.922
2026-04-03T12:56:02.251Z,210.079,pi:0,bottle,0.8684,695.00,311.00,776.00,569.00,1.721,-6.955
2026-04-03T12:56:02.306Z,210.134,pi:0,bottle,0.8648,696.00,312.00,777.00,570.00,1.721,-6.922
2026-04-03T12:56:02.348Z,210.176,pi:0,bottle,0.8648,696.00,309.00,776.00,569.00,1.708,-6.939
2026-04-03T12:56:02.384Z,210.212,pi:0,bottle,0.8575,696.00,311.00,777.00,570.00,1.714,-6.922
2026-04-03T12:56:02.424Z,210.252,pi:0,bottle,0.8757,696.00,311.00,776.00,570.00,1.714,-6.939
2026-04-03T12:56:02.459Z,210.287,pi:0,bottle,0.8575,696.00,311.00,777.00,569.00,1.721,-6.922
2026-04-03T12:56:02.515Z,210.343,pi:0,bottle,0.8648,696.00,311.00,777.00,569.00,1.721,-6.922
2026-04-03T12:56:02.567Z,210.395,pi:0,bottle,0.8648,696.00,312.00,776.00,569.00,1.728,-6.939
2026-04-03T12:56:02.616Z,210.444,pi:0,bottle,0.8793,696.00,312.00,776.00,570.00,1.721,-6.939
2026-04-03T12:56:02.658Z,210.486,pi:0,bottle,0.8793,695.00,312.00,777.00,569.00,1.728,-6.939
2026-04-03T12:56:02.703Z,210.531,pi:0,bottle,0.8793,695.00,311.00,777.00,570.00,1.714,-6.939
2026-04-03T12:56:02.778Z,210.606,pi:0,bottle,0.8793,696.00,313.00,776.00,569.00,1.734,-6.939
2026-04-03T12:56:02.830Z,210.658,pi:0,bottle,0.8648,696.00,311.00,777.00,569.00,1.721,-6.922
2026-04-03T12:56:02.861Z,210.689,pi:0,bottle,0.8757,696.00,312.00,777.00,569.00,1.728,-6.922
2026-04-03T12:56:02.917Z,210.745,pi:0,bottle,0.8757,696.00,312.00,776.00,569.00,1.728,-6.939
2026-04-03T12:56:02.991Z,210.819,pi:0,bottle,0.8575,695.00,313.00,776.00,569.00,1.734,-6.955
2026-04-03T12:56:03.036Z,210.864,pi:0,bottle,0.8684,696.00,312.00,776.00,569.00,1.728,-6.939
2026-04-03T12:56:03.074Z,210.902,pi:0,bottle,0.8684,696.00,311.00,777.00,570.00,1.714,-6.922
2026-04-03T12:56:03.125Z,210.953,pi:0,bottle,0.8793,696.00,313.00,776.00,570.00,1.728,-6.939
2026-04-03T12:56:03.206Z,211.034,pi:0,bottle,0.8829,696.00,312.00,777.00,569.00,1.728,-6.922
2026-04-03T12:56:03.242Z,211.070,pi:0,bottle,0.8720,696.00,311.00,777.00,569.00,1.721,-6.922
2026-04-03T12:56:03.281Z,211.109,pi:0,bottle,0.8720,696.00,312.00,776.00,569.00,1.728,-6.939
2026-04-03T12:56:03.335Z,211.163,pi:0,bottle,0.8720,696.00,313.00,777.00,569.00,1.734,-6.922
2026-04-03T12:56:03.400Z,211.228,pi:0,bottle,0.8757,696.00,311.00,777.00,569.00,1.721,-6.922
2026-04-03T12:56:03.449Z,211.277,pi:0,bottle,0.8793,696.00,311.00,776.00,569.00,1.721,-6.939
2026-04-03T12:56:03.488Z,211.316,pi:0,bottle,0.8539,695.00,312.00,777.00,569.00,1.728,-6.939
2026-04-03T12:56:03.525Z,211.353,pi:0,bottle,0.8684,696.00,312.00,777.00,569.00,1.728,-6.922
2026-04-03T12:56:03.605Z,211.433,pi:0,bottle,0.8684,696.00,311.00,777.00,569.00,1.721,-6.922
2026-04-03T12:56:03.651Z,211.479,pi:0,bottle,0.8539,696.00,312.00,777.00,569.00,1.728,-6.922
2026-04-03T12:56:03.682Z,211.510,pi:0,bottle,0.8575,696.00,312.00,776.00,569.00,1.728,-6.939
2026-04-03T12:56:03.743Z,211.570,pi:0,bottle,0.8539,696.00,312.00,777.00,569.00,1.728,-6.922
2026-04-03T12:56:03.818Z,211.645,pi:0,bottle,0.8757,695.00,311.00,776.00,569.00,1.721,-6.955
2026-04-03T12:56:03.857Z,211.684,pi:0,bottle,0.8793,696.00,311.00,777.00,569.00,1.721,-6.922
2026-04-03T12:56:03.893Z,211.721,pi:0,bottle,0.8720,696.00,312.00,776.00,569.00,1.728,-6.939
2026-04-03T12:56:03.944Z,211.772,pi:0,bottle,0.8611,695.00,312.00,776.00,568.00,1.734,-6.955
2026-04-03T12:56:04.022Z,211.850,pi:0,bottle,0.8720,696.00,311.00,776.00,569.00,1.721,-6.939
2026-04-03T12:56:04.055Z,211.882,pi:0,bottle,0.8502,695.00,312.00,777.00,569.00,1.728,-6.939
2026-04-03T12:56:04.089Z,211.917,pi:0,bottle,0.8575,695.00,312.00,777.00,569.00,1.728,-6.939
2026-04-03T12:56:04.136Z,211.964,pi:0,bottle,0.8684,695.00,313.00,777.00,569.00,1.734,-6.939
2026-04-03T12:56:04.176Z,212.004,pi:0,bottle,0.8793,695.00,312.00,778.00,569.00,1.728,-6.922
2026-04-03T12:56:04.215Z,212.043,pi:0,bottle,0.8720,695.00,311.00,776.00,569.00,1.721,-6.955
2026-04-03T12:56:04.277Z,212.105,pi:0,bottle,0.8793,695.00,312.00,776.00,568.00,1.734,-6.955
2026-04-03T12:56:04.332Z,212.160,pi:0,bottle,0.8648,696.00,312.00,776.00,569.00,1.728,-6.939
2026-04-03T12:56:04.364Z,212.192,pi:0,bottle,0.8684,696.00,312.00,777.00,569.00,1.728,-6.922
2026-04-03T12:56:04.412Z,212.240,pi:0,bottle,0.8684,696.00,312.00,776.00,569.00,1.728,-6.939
2026-04-03T12:56:04.456Z,212.284,pi:0,bottle,0.8757,695.00,312.00,776.00,569.00,1.728,-6.955
2026-04-03T12:56:04.521Z,212.349,pi:0,bottle,0.8793,696.00,311.00,776.00,569.00,1.721,-6.939
2026-04-03T12:56:04.552Z,212.380,pi:0,bottle,0.8720,695.00,312.00,777.00,569.00,1.728,-6.939
2026-04-03T12:56:04.588Z,212.416,pi:0,bottle,0.8575,695.00,313.00,776.00,569.00,1.734,-6.955
2026-04-03T12:56:04.644Z,212.472,pi:0,bottle,0.8611,695.00,312.00,777.00,569.00,1.728,-6.939
2026-04-03T12:56:04.719Z,212.547,pi:0,bottle,0.8648,695.00,312.00,777.00,569.00,1.728,-6.939
2026-04-03T12:56:04.757Z,212.585,pi:0,bottle,0.8539,696.00,311.00,777.00,569.00,1.721,-6.922
2026-04-03T12:56:04.791Z,212.619,pi:0,bottle,0.8684,696.00,312.00,776.00,569.00,1.728,-6.939
2026-04-03T12:56:04.855Z,212.683,pi:0,bottle,0.8611,696.00,311.00,777.00,569.00,1.721,-6.922
2026-04-03T12:56:04.919Z,212.747,pi:0,bottle,0.8757,696.00,312.00,776.00,570.00,1.721,-6.939
2026-04-03T12:56:04.957Z,212.785,pi:0,bottle,0.8684,695.00,313.00,778.00,569.00,1.734,-6.922
2026-04-03T12:56:04.999Z,212.827,pi:0,bottle,0.8648,696.00,311.00,776.00,569.00,1.721,-6.939
2026-04-03T12:56:05.052Z,212.880,pi:0,bottle,0.8720,696.00,312.00,777.00,569.00,1.728,-6.922
2026-04-03T12:56:05.124Z,212.952,pi:0,bottle,0.8757,695.00,312.00,776.00,569.00,1.728,-6.955
2026-04-03T12:56:05.166Z,212.993,pi:0,bottle,0.8648,695.00,312.00,776.00,570.00,1.721,-6.955
2026-04-03T12:56:05.194Z,213.022,pi:0,bottle,0.8684,695.00,312.00,777.00,569.00,1.728,-6.939
2026-04-03T12:56:05.260Z,213.088,pi:0,bottle,0.8648,696.00,312.00,777.00,569.00,1.728,-6.922
2026-04-03T12:56:05.333Z,213.161,pi:0,bottle,0.8539,695.00,312.00,777.00,570.00,1.721,-6.939
2026-04-03T12:56:05.365Z,213.192,pi:0,bottle,0.8793,696.00,311.00,776.00,569.00,1.721,-6.939
2026-04-03T12:56:05.412Z,213.240,pi:0,bottle,0.8793,696.00,311.00,776.00,570.00,1.714,-6.939
2026-04-03T12:56:05.464Z,213.292,pi:0,bottle,0.8684,695.00,311.00,777.00,570.00,1.714,-6.939
2026-04-03T12:56:05.535Z,213.363,pi:0,bottle,0.8684,695.00,312.00,777.00,570.00,1.721,-6.939
2026-04-03T12:56:05.569Z,213.397,pi:0,bottle,0.8611,695.00,312.00,776.00,569.00,1.728,-6.955
2026-04-03T12:56:05.612Z,213.440,pi:0,bottle,0.8720,696.00,312.00,776.00,569.00,1.728,-6.939
2026-04-03T12:56:05.666Z,213.493,pi:0,bottle,0.8502,696.00,312.00,777.00,570.00,1.721,-6.922
2026-04-03T12:56:05.734Z,213.562,pi:0,bottle,0.8720,696.00,312.00,777.00,570.00,1.721,-6.922
2026-04-03T12:56:05.779Z,213.607,pi:0,bottle,0.8757,695.00,312.00,777.00,569.00,1.728,-6.939
2026-04-03T12:56:05.825Z,213.653,pi:0,bottle,0.8757,696.00,311.00,777.00,570.00,1.714,-6.922
2026-04-03T12:56:05.906Z,213.734,pi:0,bottle,0.8648,695.00,312.00,777.00,569.00,1.728,-6.939
2026-04-03T12:56:05.949Z,213.777,pi:0,bottle,0.8720,696.00,312.00,776.00,570.00,1.721,-6.939
2026-04-03T12:56:05.990Z,213.818,pi:0,bottle,0.8466,696.00,312.00,777.00,570.00,1.721,-6.922
2026-04-03T12:56:06.026Z,213.854,pi:0,bottle,0.8684,696.00,311.00,777.00,570.00,1.714,-6.922
2026-04-03T12:56:06.084Z,213.912,pi:0,bottle,0.8611,696.00,311.00,777.00,569.00,1.721,-6.922
2026-04-03T12:56:06.154Z,213.982,pi:0,bottle,0.8502,696.00,311.00,776.00,569.00,1.721,-6.939
2026-04-03T12:56:06.190Z,214.018,pi:0,bottle,0.8611,696.00,311.00,777.00,569.00,1.721,-6.922
2026-04-03T12:56:06.228Z,214.055,pi:0,bottle,0.8539,696.00,312.00,777.00,569.00,1.728,-6.922
2026-04-03T12:56:06.283Z,214.111,pi:0,bottle,0.8684,696.00,312.00,777.00,570.00,1.721,-6.922
2026-04-03T12:56:06.352Z,214.180,pi:0,bottle,0.8684,696.00,312.00,777.00,569.00,1.728,-6.922
2026-04-03T12:56:06.392Z,214.219,pi:0,bottle,0.8793,695.00,312.00,777.00,569.00,1.728,-6.939
2026-04-03T12:56:06.436Z,214.263,pi:0,bottle,0.8611,695.00,312.00,777.00,569.00,1.728,-6.939
2026-04-03T12:56:06.490Z,214.318,pi:0,bottle,0.8648,695.00,312.00,777.00,569.00,1.728,-6.939
2026-04-03T12:56:06.544Z,214.372,pi:0,bottle,0.8866,696.00,312.00,777.00,569.00,1.728,-6.922
2026-04-03T12:56:06.585Z,214.412,pi:0,bottle,0.8757,695.00,312.00,777.00,569.00,1.728,-6.939
2026-04-03T12:56:06.630Z,214.458,pi:0,bottle,0.8611,695.00,311.00,776.00,569.00,1.721,-6.955
2026-04-03T12:56:06.699Z,214.527,pi:0,bottle,0.8720,695.00,313.00,775.00,569.00,1.734,-6.971
2026-04-03T12:56:06.754Z,214.582,pi:0,bottle,0.8539,696.00,310.00,776.00,569.00,1.714,-6.939
2026-04-03T12:56:06.792Z,214.619,pi:0,bottle,0.8793,696.00,312.00,777.00,570.00,1.721,-6.922
2026-04-03T12:56:06.870Z,214.698,pi:0,bottle,0.8684,695.00,311.00,777.00,569.00,1.721,-6.939
2026-04-03T12:56:06.938Z,214.766,pi:0,bottle,0.8648,695.00,313.00,777.00,569.00,1.734,-6.939
2026-04-03T12:56:06.986Z,214.814,pi:0,bottle,0.8611,695.00,312.00,776.00,570.00,1.721,-6.955
2026-04-03T12:56:07.026Z,214.854,pi:0,bottle,0.8684,696.00,312.00,777.00,570.00,1.721,-6.922
2026-04-03T12:56:07.115Z,214.943,pi:0,bottle,0.8611,695.00,312.00,776.00,570.00,1.721,-6.955
2026-04-03T12:56:07.178Z,215.005,pi:0,bottle,0.8684,695.00,313.00,777.00,570.00,1.728,-6.939
2026-04-03T12:56:07.216Z,215.044,pi:0,bottle,0.8720,696.00,311.00,776.00,570.00,1.714,-6.939
2026-04-03T12:56:07.275Z,215.102,pi:0,bottle,0.8793,696.00,312.00,777.00,569.00,1.728,-6.922
2026-04-03T12:56:07.352Z,215.180,pi:0,bottle,0.8720,695.00,312.00,776.00,570.00,1.721,-6.955
2026-04-03T12:56:07.398Z,215.225,pi:0,bottle,0.8684,695.00,311.00,776.00,569.00,1.721,-6.955
2026-04-03T12:56:07.463Z,215.291,pi:0,bottle,0.8757,695.00,312.00,777.00,569.00,1.728,-6.939
2026-04-03T12:56:07.522Z,215.350,pi:0,bottle,0.8466,695.00,312.00,777.00,569.00,1.728,-6.939
2026-04-03T12:56:07.585Z,215.412,pi:0,bottle,0.8611,695.00,311.00,776.00,569.00,1.721,-6.955
2026-04-03T12:56:07.626Z,215.454,pi:0,bottle,0.8575,696.00,311.00,776.00,569.00,1.721,-6.939
2026-04-03T12:56:07.677Z,215.505,pi:0,bottle,0.8648,696.00,311.00,777.00,569.00,1.721,-6.922
2026-04-03T12:56:07.718Z,215.546,pi:0,bottle,0.8575,696.00,310.00,776.00,569.00,1.714,-6.939
2026-04-03T12:56:07.772Z,215.599,pi:0,bottle,0.8648,696.00,312.00,776.00,569.00,1.728,-6.939
2026-04-03T12:56:07.850Z,215.678,pi:0,bottle,0.8466,695.00,313.00,776.00,569.00,1.734,-6.955
2026-04-03T12:56:07.906Z,215.734,pi:0,bottle,0.8611,695.00,312.00,777.00,569.00,1.728,-6.939
2026-04-03T12:56:07.952Z,215.779,pi:0,bottle,0.8793,695.00,312.00,777.00,569.00,1.728,-6.939
2026-04-03T12:56:08.029Z,215.857,pi:0,bottle,0.8720,695.00,312.00,776.00,569.00,1.728,-6.955
2026-04-03T12:56:08.092Z,215.920,pi:0,bottle,0.8757,695.00,312.00,776.00,569.00,1.728,-6.955
2026-04-03T12:56:08.124Z,215.952,pi:0,bottle,0.8648,695.00,312.00,777.00,569.00,1.728,-6.939
2026-04-03T12:56:08.179Z,216.007,pi:0,bottle,0.8684,695.00,312.00,776.00,569.00,1.728,-6.955
2026-04-03T12:56:08.239Z,216.067,pi:0,bottle,0.8684,695.00,312.00,777.00,569.00,1.728,-6.939
2026-04-03T12:56:08.290Z,216.118,pi:0,bottle,0.8575,695.00,312.00,776.00,569.00,1.728,-6.955
2026-04-03T12:56:08.325Z,216.152,pi:0,bottle,0.8684,696.00,312.00,777.00,569.00,1.728,-6.922
2026-04-03T12:56:08.405Z,216.233,pi:0,bottle,0.8611,696.00,312.00,776.00,569.00,1.728,-6.939
2026-04-03T12:56:08.458Z,216.286,pi:0,bottle,0.8575,696.00,312.00,776.00,569.00,1.728,-6.939
2026-04-03T12:56:08.528Z,216.356,pi:0,bottle,0.8793,696.00,313.00,777.00,569.00,1.734,-6.922
2026-04-03T12:56:08.572Z,216.400,pi:0,bottle,0.8720,696.00,311.00,776.00,569.00,1.721,-6.939
2026-04-03T12:56:08.644Z,216.472,pi:0,bottle,0.8575,696.00,311.00,776.00,570.00,1.714,-6.939
2026-04-03T12:56:08.689Z,216.516,pi:0,bottle,0.8648,696.00,312.00,777.00,570.00,1.721,-6.922
2026-04-03T12:56:08.729Z,216.557,pi:0,bottle,0.8575,696.00,312.00,777.00,570.00,1.721,-6.922
2026-04-03T12:56:08.784Z,216.612,pi:0,bottle,0.8648,695.00,311.00,776.00,569.00,1.721,-6.955
2026-04-03T12:56:08.852Z,216.680,pi:0,bottle,0.8793,695.00,312.00,777.00,569.00,1.728,-6.939
2026-04-03T12:56:08.890Z,216.718,pi:0,bottle,0.8684,695.00,312.00,777.00,570.00,1.721,-6.939
2026-04-03T12:56:08.930Z,216.758,pi:0,bottle,0.8793,696.00,311.00,777.00,569.00,1.721,-6.922
2026-04-03T12:56:08.971Z,216.799,pi:0,bottle,0.8611,696.00,311.00,777.00,569.00,1.721,-6.922
2026-04-03T12:56:09.002Z,216.830,pi:0,bottle,0.8720,696.00,311.00,776.00,569.00,1.721,-6.939
2026-04-03T12:56:09.041Z,216.869,pi:0,bottle,0.8648,696.00,312.00,777.00,570.00,1.721,-6.922
2026-04-03T12:56:09.104Z,216.932,pi:0,bottle,0.8611,696.00,312.00,776.00,570.00,1.721,-6.939
2026-04-03T12:56:09.171Z,216.999,pi:0,bottle,0.8648,696.00,311.00,776.00,569.00,1.721,-6.939
2026-04-03T12:56:09.211Z,217.039,pi:0,bottle,0.8575,696.00,312.00,776.00,569.00,1.728,-6.939
2026-04-03T12:56:09.248Z,217.075,pi:0,bottle,0.8648,696.00,312.00,776.00,569.00,1.728,-6.939
2026-04-03T12:56:09.324Z,217.152,pi:0,bottle,0.8611,696.00,312.00,776.00,569.00,1.728,-6.939
2026-04-03T12:56:09.364Z,217.192,pi:0,bottle,0.8611,696.00,312.00,777.00,569.00,1.728,-6.922
2026-04-03T12:56:09.412Z,217.240,pi:0,bottle,0.8539,696.00,311.00,776.00,570.00,1.714,-6.939
2026-04-03T12:56:09.447Z,217.275,pi:0,bottle,0.8539,696.00,312.00,777.00,569.00,1.728,-6.922
2026-04-03T12:56:09.495Z,217.322,pi:0,bottle,0.8648,695.00,312.00,777.00,569.00,1.728,-6.939
2026-04-03T12:56:09.567Z,217.395,pi:0,bottle,0.8611,696.00,312.00,776.00,570.00,1.721,-6.939
2026-04-03T12:56:09.605Z,217.433,pi:0,bottle,0.8684,696.00,312.00,777.00,570.00,1.721,-6.922
2026-04-03T12:56:09.644Z,217.472,pi:0,bottle,0.8648,696.00,311.00,776.00,569.00,1.721,-6.939
2026-04-03T12:56:09.702Z,217.530,pi:0,bottle,0.8720,695.00,312.00,776.00,569.00,1.728,-6.955
2026-04-03T12:56:09.773Z,217.601,pi:0,bottle,0.8684,695.00,312.00,777.00,569.00,1.728,-6.939
2026-04-03T12:56:09.818Z,217.646,pi:0,bottle,0.8793,696.00,311.00,776.00,569.00,1.721,-6.939
2026-04-03T12:56:09.849Z,217.677,pi:0,bottle,0.8793,695.00,312.00,776.00,570.00,1.721,-6.955
2026-04-03T12:56:09.907Z,217.735,pi:0,bottle,0.8720,696.00,312.00,776.00,569.00,1.728,-6.939
2026-04-03T12:56:09.978Z,217.805,pi:0,bottle,0.8684,695.00,311.00,777.00,570.00,1.714,-6.939
2026-04-03T12:56:10.014Z,217.842,pi:0,bottle,0.8829,696.00,312.00,776.00,569.00,1.728,-6.939
2026-04-03T12:56:10.054Z,217.882,pi:0,bottle,0.8793,696.00,311.00,777.00,570.00,1.714,-6.922
2026-04-03T12:56:10.116Z,217.944,pi:0,bottle,0.8793,695.00,311.00,777.00,569.00,1.721,-6.939
2026-04-03T12:56:10.179Z,218.007,pi:0,bottle,0.8757,696.00,310.00,776.00,569.00,1.714,-6.939
2026-04-03T12:56:10.217Z,218.045,pi:0,bottle,0.8757,696.00,312.00,776.00,569.00,1.728,-6.939
2026-04-03T12:56:10.259Z,218.087,pi:0,bottle,0.8684,696.00,310.00,777.00,569.00,1.714,-6.922
2026-04-03T12:56:10.309Z,218.136,pi:0,bottle,0.8684,695.00,311.00,777.00,569.00,1.721,-6.939
2026-04-03T12:56:10.381Z,218.209,pi:0,bottle,0.8793,696.00,311.00,777.00,569.00,1.721,-6.922
2026-04-03T12:56:10.419Z,218.247,pi:0,bottle,0.8793,695.00,312.00,776.00,569.00,1.728,-6.955
2026-04-03T12:56:10.459Z,218.287,pi:0,bottle,0.8793,695.00,313.00,777.00,569.00,1.734,-6.939
2026-04-03T12:56:10.509Z,218.337,pi:0,bottle,0.8720,696.00,312.00,777.00,569.00,1.728,-6.922
2026-04-03T12:56:10.566Z,218.394,pi:0,bottle,0.8648,696.00,311.00,776.00,569.00,1.721,-6.939
2026-04-03T12:56:10.612Z,218.439,pi:0,bottle,0.8757,696.00,311.00,777.00,569.00,1.721,-6.922
2026-04-03T12:56:10.645Z,218.473,pi:0,bottle,0.8611,695.00,311.00,777.00,570.00,1.714,-6.939
2026-04-03T12:56:10.696Z,218.524,pi:0,bottle,0.8720,695.00,311.00,776.00,569.00,1.721,-6.955
2026-04-03T12:56:10.786Z,218.614,pi:0,bottle,0.8684,696.00,311.00,777.00,569.00,1.721,-6.922
2026-04-03T12:56:10.858Z,218.686,pi:0,bottle,0.8757,696.00,311.00,777.00,570.00,1.714,-6.922
2026-04-03T12:56:10.893Z,218.720,pi:0,bottle,0.8720,696.00,311.00,776.00,570.00,1.714,-6.939
2026-04-03T12:56:11.003Z,218.831,pi:0,bottle,0.8575,696.00,311.00,777.00,569.00,1.721,-6.922
2026-04-03T12:56:11.056Z,218.884,pi:0,bottle,0.8611,696.00,311.00,777.00,569.00,1.721,-6.922
2026-04-03T12:56:11.085Z,218.913,pi:0,bottle,0.8720,696.00,312.00,777.00,569.00,1.728,-6.922
2026-04-03T12:56:11.130Z,218.958,pi:0,bottle,0.8720,695.00,312.00,778.00,570.00,1.721,-6.922
2026-04-03T12:56:11.183Z,219.011,pi:0,bottle,0.8757,696.00,312.00,777.00,570.00,1.721,-6.922
2026-04-03T12:56:11.246Z,219.074,pi:0,bottle,0.8793,696.00,311.00,777.00,570.00,1.714,-6.922
2026-04-03T12:56:11.289Z,219.117,pi:0,bottle,0.8684,695.00,311.00,777.00,570.00,1.714,-6.939
2026-04-03T12:56:11.324Z,219.152,pi:0,bottle,0.8793,696.00,311.00,776.00,569.00,1.721,-6.939
2026-04-03T12:56:11.378Z,219.206,pi:0,bottle,0.8684,696.00,311.00,776.00,569.00,1.721,-6.939
2026-04-03T12:56:11.448Z,219.276,pi:0,bottle,0.8720,696.00,311.00,776.00,570.00,1.714,-6.939
2026-04-03T12:56:11.492Z,219.320,pi:0,bottle,0.8757,696.00,312.00,776.00,569.00,1.728,-6.939
2026-04-03T12:56:11.529Z,219.357,pi:0,bottle,0.8720,695.00,311.00,777.00,569.00,1.721,-6.939
2026-04-03T12:56:11.581Z,219.408,pi:0,bottle,0.8648,695.00,310.00,776.00,569.00,1.714,-6.955
2026-04-03T12:56:11.653Z,219.481,pi:0,bottle,0.8757,696.00,311.00,777.00,569.00,1.721,-6.922
2026-04-03T12:56:11.690Z,219.517,pi:0,bottle,0.8684,695.00,312.00,777.00,569.00,1.728,-6.939
2026-04-03T12:56:11.725Z,219.553,pi:0,bottle,0.8757,696.00,312.00,777.00,569.00,1.728,-6.922
2026-04-03T12:56:11.787Z,219.615,pi:0,bottle,0.8793,695.00,311.00,776.00,569.00,1.721,-6.955
2026-04-03T12:56:11.839Z,219.667,pi:0,bottle,0.8757,695.00,312.00,776.00,569.00,1.728,-6.955
2026-04-03T12:56:11.947Z,219.775,pi:0,bottle,0.8720,695.00,313.00,777.00,569.00,1.734,-6.939
2026-04-03T12:56:11.984Z,219.812,pi:0,bottle,0.8793,695.00,312.00,777.00,569.00,1.728,-6.939
2026-04-03T12:56:12.068Z,219.896,pi:0,bottle,0.8648,696.00,311.00,777.00,570.00,1.714,-6.922
2026-04-03T12:56:12.123Z,219.951,pi:0,bottle,0.8793,696.00,312.00,776.00,569.00,1.728,-6.939
2026-04-03T12:56:12.207Z,220.035,pi:0,bottle,0.8793,695.00,311.00,776.00,570.00,1.714,-6.955
2026-04-03T12:56:12.252Z,220.080,pi:0,bottle,0.8611,695.00,311.00,777.00,569.00,1.721,-6.939
2026-04-03T12:56:12.291Z,220.119,pi:0,bottle,0.8720,696.00,312.00,777.00,569.00,1.728,-6.922
2026-04-03T12:56:12.355Z,220.182,pi:0,bottle,0.8720,696.00,312.00,777.00,569.00,1.728,-6.922
2026-04-03T12:56:12.410Z,220.238,pi:0,bottle,0.8684,695.00,311.00,777.00,569.00,1.721,-6.939
2026-04-03T12:56:12.456Z,220.284,pi:0,bottle,0.8757,695.00,311.00,777.00,569.00,1.721,-6.939
2026-04-03T12:56:12.490Z,220.318,pi:0,bottle,0.8720,696.00,311.00,776.00,569.00,1.721,-6.939
2026-04-03T12:56:12.553Z,220.381,pi:0,bottle,0.8648,695.00,312.00,777.00,569.00,1.728,-6.939
2026-04-03T12:56:12.601Z,220.428,pi:0,bottle,0.8757,696.00,312.00,776.00,570.00,1.721,-6.939
2026-04-03T12:56:12.638Z,220.466,pi:0,bottle,0.8684,695.00,313.00,777.00,569.00,1.734,-6.939
2026-04-03T12:56:12.700Z,220.527,pi:0,bottle,0.8611,695.00,312.00,776.00,569.00,1.728,-6.955
2026-04-03T12:56:12.763Z,220.591,pi:0,bottle,0.8684,695.00,312.00,776.00,569.00,1.728,-6.955
2026-04-03T12:56:12.813Z,220.641,pi:0,bottle,0.8611,695.00,311.00,776.00,569.00,1.721,-6.955
2026-04-03T12:56:12.848Z,220.675,pi:0,bottle,0.8648,695.00,311.00,776.00,569.00,1.721,-6.955
2026-04-03T12:56:12.901Z,220.729,pi:0,bottle,0.8648,695.00,312.00,777.00,569.00,1.728,-6.939
2026-04-03T12:56:12.973Z,220.801,pi:0,bottle,0.8793,696.00,311.00,777.00,570.00,1.714,-6.922
2026-04-03T12:56:13.016Z,220.843,pi:0,bottle,0.8648,696.00,313.00,777.00,569.00,1.734,-6.922
2026-04-03T12:56:13.049Z,220.877,pi:0,bottle,0.8684,696.00,311.00,777.00,569.00,1.721,-6.922
2026-04-03T12:56:13.116Z,220.944,pi:0,bottle,0.8720,696.00,312.00,777.00,570.00,1.721,-6.922
2026-04-03T12:56:13.187Z,221.015,pi:0,bottle,0.8720,696.00,312.00,777.00,569.00,1.728,-6.922
2026-04-03T12:56:13.237Z,221.065,pi:0,bottle,0.8793,695.00,312.00,777.00,569.00,1.728,-6.939
2026-04-03T12:56:13.282Z,221.110,pi:0,bottle,0.8648,696.00,312.00,777.00,569.00,1.728,-6.922
2026-04-03T12:56:13.359Z,221.187,pi:0,bottle,0.8793,696.00,312.00,777.00,569.00,1.728,-6.922
2026-04-03T12:56:13.421Z,221.249,pi:0,bottle,0.8793,695.00,311.00,776.00,569.00,1.721,-6.955
2026-04-03T12:56:13.459Z,221.286,pi:0,bottle,0.8720,696.00,312.00,777.00,569.00,1.728,-6.922
2026-04-03T12:56:13.512Z,221.340,pi:0,bottle,0.8720,695.00,312.00,777.00,569.00,1.728,-6.939
2026-04-03T12:56:13.593Z,221.421,pi:0,bottle,0.8648,695.00,311.00,777.00,569.00,1.721,-6.939
2026-04-03T12:56:13.656Z,221.483,pi:0,bottle,0.8757,696.00,311.00,776.00,569.00,1.721,-6.939
2026-04-03T12:56:13.689Z,221.517,pi:0,bottle,0.8684,696.00,311.00,777.00,569.00,1.721,-6.922
2026-04-03T12:56:13.763Z,221.591,pi:0,bottle,0.8648,696.00,311.00,777.00,569.00,1.721,-6.922
2026-04-03T12:56:13.832Z,221.660,pi:0,bottle,0.8575,695.00,311.00,777.00,569.00,1.721,-6.939
2026-04-03T12:56:13.886Z,221.714,pi:0,bottle,0.8611,696.00,312.00,776.00,569.00,1.728,-6.939
2026-04-03T12:56:13.950Z,221.778,pi:0,bottle,0.8720,696.00,312.00,776.00,569.00,1.728,-6.939
2026-04-03T12:56:14.021Z,221.849,pi:0,bottle,0.8575,696.00,311.00,777.00,569.00,1.721,-6.922
2026-04-03T12:56:14.076Z,221.904,pi:0,bottle,0.8720,696.00,311.00,776.00,570.00,1.714,-6.939
2026-04-03T12:56:14.131Z,221.959,pi:0,bottle,0.8648,696.00,311.00,777.00,569.00,1.721,-6.922
2026-04-03T12:56:14.192Z,222.019,pi:0,bottle,0.8720,696.00,311.00,776.00,569.00,1.721,-6.939
2026-04-03T12:56:14.252Z,222.080,pi:0,bottle,0.8866,696.00,312.00,777.00,569.00,1.728,-6.922
2026-04-03T12:56:14.299Z,222.127,pi:0,bottle,0.8684,696.00,312.00,777.00,569.00,1.728,-6.922
2026-04-03T12:56:14.364Z,222.192,pi:0,bottle,0.8648,695.00,312.00,777.00,569.00,1.728,-6.939
2026-04-03T12:56:14.436Z,222.264,pi:0,bottle,0.8793,695.00,311.00,776.00,569.00,1.721,-6.955
2026-04-03T12:56:14.475Z,222.303,pi:0,bottle,0.8611,695.00,311.00,776.00,569.00,1.721,-6.955
2026-04-03T12:56:14.510Z,222.338,pi:0,bottle,0.8648,696.00,311.00,776.00,569.00,1.721,-6.939
2026-04-03T12:56:14.575Z,222.403,pi:0,bottle,0.8684,696.00,312.00,776.00,569.00,1.728,-6.939
2026-04-03T12:56:14.620Z,222.448,pi:0,bottle,0.8648,696.00,311.00,777.00,569.00,1.721,-6.922
2026-04-03T12:56:14.652Z,222.480,pi:0,bottle,0.8684,696.00,312.00,776.00,569.00,1.728,-6.939
2026-04-03T12:56:14.701Z,222.529,pi:0,bottle,0.8648,696.00,311.00,776.00,569.00,1.721,-6.939
2026-04-03T12:56:14.796Z,222.623,pi:0,bottle,0.8648,696.00,312.00,776.00,570.00,1.721,-6.939
2026-04-03T12:56:14.833Z,222.661,pi:0,bottle,0.8684,696.00,311.00,777.00,569.00,1.721,-6.922
2026-04-03T12:56:14.922Z,222.750,pi:0,bottle,0.8648,696.00,312.00,776.00,570.00,1.721,-6.939
2026-04-03T12:56:14.976Z,222.804,pi:0,bottle,0.8539,696.00,312.00,777.00,569.00,1.728,-6.922
2026-04-03T12:56:15.035Z,222.863,pi:0,bottle,0.8684,696.00,312.00,776.00,569.00,1.728,-6.939
2026-04-03T12:56:15.069Z,222.897,pi:0,bottle,0.8575,696.00,311.00,776.00,569.00,1.721,-6.939
2026-04-03T12:56:15.129Z,222.957,pi:0,bottle,0.8611,695.00,312.00,777.00,569.00,1.728,-6.939
2026-04-03T12:56:15.190Z,223.017,pi:0,bottle,0.8793,695.00,312.00,777.00,569.00,1.728,-6.939
2026-04-03T12:56:15.237Z,223.065,pi:0,bottle,0.8684,696.00,312.00,777.00,568.00,1.734,-6.922
2026-04-03T12:56:15.275Z,223.103,pi:0,bottle,0.8648,695.00,311.00,776.00,569.00,1.721,-6.955
2026-04-03T12:56:15.331Z,223.159,pi:0,bottle,0.8611,695.00,312.00,776.00,569.00,1.728,-6.955
2026-04-03T12:56:15.397Z,223.224,pi:0,bottle,0.8684,695.00,312.00,776.00,569.00,1.728,-6.955
2026-04-03T12:56:15.439Z,223.267,pi:0,bottle,0.8720,696.00,312.00,776.00,570.00,1.721,-6.939
2026-04-03T12:56:15.476Z,223.304,pi:0,bottle,0.8720,696.00,311.00,776.00,569.00,1.721,-6.939
2026-04-03T12:56:15.522Z,223.350,pi:0,bottle,0.8793,696.00,313.00,777.00,569.00,1.734,-6.922
2026-04-03T12:56:15.587Z,223.415,pi:0,bottle,0.8720,696.00,312.00,776.00,569.00,1.728,-6.939
2026-04-03T12:56:15.633Z,223.461,pi:0,bottle,0.8793,696.00,312.00,776.00,569.00,1.728,-6.939
2026-04-03T12:56:15.669Z,223.497,pi:0,bottle,0.8757,695.00,311.00,777.00,568.00,1.728,-6.939
2026-04-03T12:56:15.728Z,223.556,pi:0,bottle,0.8648,696.00,312.00,777.00,570.00,1.721,-6.922
2026-04-03T12:56:15.782Z,223.610,pi:0,bottle,0.8684,695.00,312.00,777.00,569.00,1.728,-6.939
2026-04-03T12:56:15.836Z,223.664,pi:0,bottle,0.8720,696.00,312.00,777.00,569.00,1.728,-6.922
2026-04-03T12:56:15.873Z,223.701,pi:0,bottle,0.8684,696.00,311.00,776.00,569.00,1.721,-6.939
2026-04-03T12:56:15.908Z,223.736,pi:0,bottle,0.8793,696.00,311.00,777.00,569.00,1.721,-6.922
2026-04-03T12:56:15.976Z,223.804,pi:0,bottle,0.8757,695.00,312.00,776.00,569.00,1.728,-6.955
2026-04-03T12:56:16.030Z,223.858,pi:0,bottle,0.8793,696.00,311.00,776.00,569.00,1.721,-6.939
2026-04-03T12:56:16.074Z,223.902,pi:0,bottle,0.8757,695.00,311.00,777.00,570.00,1.714,-6.939
2026-04-03T12:56:16.109Z,223.937,pi:0,bottle,0.8829,696.00,312.00,776.00,570.00,1.721,-6.939
2026-04-03T12:56:16.160Z,223.988,pi:0,bottle,0.8684,696.00,310.00,777.00,569.00,1.714,-6.922
2026-04-03T12:56:16.227Z,224.055,pi:0,bottle,0.8684,696.00,312.00,777.00,569.00,1.728,-6.922
2026-04-03T12:56:16.273Z,224.101,pi:0,bottle,0.8757,695.00,312.00,776.00,570.00,1.721,-6.955
2026-04-03T12:56:16.308Z,224.135,pi:0,bottle,0.8793,696.00,312.00,777.00,569.00,1.728,-6.922
2026-04-03T12:56:16.365Z,224.193,pi:0,bottle,0.8684,696.00,311.00,776.00,570.00,1.714,-6.939
2026-04-03T12:56:16.435Z,224.263,pi:0,bottle,0.8793,695.00,313.00,776.00,569.00,1.734,-6.955
2026-04-03T12:56:16.480Z,224.308,pi:0,bottle,0.8720,696.00,311.00,777.00,570.00,1.714,-6.922
2026-04-03T12:56:16.510Z,224.338,pi:0,bottle,0.8757,695.00,311.00,777.00,570.00,1.714,-6.939
2026-04-03T12:56:16.638Z,224.466,pi:0,bottle,0.8684,696.00,313.00,777.00,569.00,1.734,-6.922
2026-04-03T12:56:16.696Z,224.524,pi:0,bottle,0.8757,695.00,312.00,776.00,570.00,1.721,-6.955
2026-04-03T12:56:16.764Z,224.592,pi:0,bottle,0.8793,695.00,312.00,776.00,570.00,1.721,-6.955
2026-04-03T12:56:16.806Z,224.634,pi:0,bottle,0.8793,695.00,312.00,777.00,570.00,1.721,-6.939
2026-04-03T12:56:16.845Z,224.673,pi:0,bottle,0.8757,696.00,312.00,776.00,570.00,1.721,-6.939
2026-04-03T12:56:16.899Z,224.727,pi:0,bottle,0.8793,695.00,312.00,776.00,570.00,1.721,-6.955
2026-04-03T12:56:16.970Z,224.798,pi:0,bottle,0.8720,696.00,312.00,776.00,569.00,1.728,-6.939
2026-04-03T12:56:17.014Z,224.841,pi:0,bottle,0.8829,696.00,312.00,777.00,569.00,1.728,-6.922
2026-04-03T12:56:17.050Z,224.878,pi:0,bottle,0.8793,696.00,310.00,776.00,569.00,1.714,-6.939
2026-04-03T12:56:17.113Z,224.941,pi:0,bottle,0.8793,695.00,311.00,776.00,570.00,1.714,-6.955
2026-04-03T12:56:17.168Z,224.996,pi:0,bottle,0.8793,695.00,312.00,775.00,570.00,1.721,-6.971
2026-04-03T12:56:17.217Z,225.044,pi:0,bottle,0.8829,695.00,312.00,777.00,570.00,1.721,-6.939
2026-04-03T12:56:17.251Z,225.079,pi:0,bottle,0.8757,695.00,312.00,777.00,569.00,1.728,-6.939
2026-04-03T12:56:17.305Z,225.133,pi:0,bottle,0.8757,695.00,311.00,776.00,570.00,1.714,-6.955
2026-04-03T12:56:17.373Z,225.201,pi:0,bottle,0.8866,695.00,311.00,776.00,570.00,1.714,-6.955
2026-04-03T12:56:17.424Z,225.252,pi:0,bottle,0.8648,695.00,313.00,776.00,570.00,1.728,-6.955
2026-04-03T12:56:17.464Z,225.292,pi:0,bottle,0.8793,696.00,312.00,776.00,570.00,1.721,-6.939
2026-04-03T12:56:17.515Z,225.343,pi:0,bottle,0.8793,695.00,312.00,776.00,570.00,1.721,-6.955
2026-04-03T12:56:17.587Z,225.415,pi:0,bottle,0.8793,696.00,312.00,777.00,570.00,1.721,-6.922
2026-04-03T12:56:17.629Z,225.456,pi:0,bottle,0.8829,696.00,313.00,776.00,569.00,1.734,-6.939
2026-04-03T12:56:17.669Z,225.497,pi:0,bottle,0.8684,695.00,309.00,777.00,569.00,1.708,-6.939
2026-04-03T12:56:17.728Z,225.556,pi:0,bottle,0.8793,696.00,312.00,776.00,569.00,1.728,-6.939
2026-04-03T12:56:17.796Z,225.624,pi:0,bottle,0.8720,696.00,313.00,776.00,570.00,1.728,-6.939
2026-04-03T12:56:17.836Z,225.664,pi:0,bottle,0.8829,695.00,313.00,777.00,569.00,1.734,-6.939
2026-04-03T12:56:17.873Z,225.701,pi:0,bottle,0.8793,695.00,312.00,777.00,570.00,1.721,-6.939
2026-04-03T12:56:17.923Z,225.751,pi:0,bottle,0.8720,695.00,312.00,777.00,570.00,1.721,-6.939
2026-04-03T12:56:18.000Z,225.828,pi:0,bottle,0.8539,695.00,313.00,776.00,571.00,1.721,-6.955
2026-04-03T12:56:18.078Z,225.906,pi:0,bottle,0.7630,696.00,299.00,775.00,571.00,1.632,-6.955
2026-04-03T12:56:18.129Z,225.956,pi:0,bottle,0.7267,712.00,312.00,775.00,571.00,1.714,-6.697
2026-04-03T12:56:21.454Z,229.282,pi:0,bottle,0.4178,686.00,344.00,775.00,571.00,1.956,-7.115
2026-04-03T12:56:21.526Z,229.354,pi:0,bottle,0.5159,694.00,330.00,776.00,571.00,1.842,-6.971
2026-04-03T12:56:21.604Z,229.432,pi:0,bottle,0.5922,698.00,307.00,777.00,572.00,1.676,-6.890
2026-04-03T12:56:21.683Z,229.510,pi:0,bottle,0.6104,698.00,304.00,775.00,571.00,1.663,-6.922
2026-04-03T12:56:21.731Z,229.559,pi:0,bottle,0.6649,694.00,307.00,776.00,572.00,1.676,-6.971
2026-04-03T12:56:21.789Z,229.617,pi:0,bottle,0.7012,690.00,310.00,776.00,572.00,1.695,-7.035
2026-04-03T12:56:21.889Z,229.717,pi:0,bottle,0.7376,695.00,314.00,776.00,571.00,1.728,-6.955
2026-04-03T12:56:21.974Z,229.801,pi:0,bottle,0.7122,693.00,312.00,775.00,572.00,1.708,-7.003
2026-04-03T12:56:22.021Z,229.849,pi:0,bottle,0.6576,700.00,308.00,776.00,571.00,1.688,-6.874
2026-04-03T12:56:22.068Z,229.896,pi:0,bottle,0.3088,715.00,332.00,775.00,572.00,1.850,-6.649
2026-04-03T12:56:22.392Z,230.220,pi:0,bottle,0.4760,719.00,322.00,774.00,571.00,1.783,-6.600
2026-04-03T12:56:22.424Z,230.252,pi:0,bottle,0.4832,723.00,295.00,777.00,571.00,1.609,-6.488
2026-04-03T12:56:23.602Z,231.430,pi:0,bottle,0.2652,733.00,338.00,775.00,571.00,1.906,-6.359
2026-04-03T12:56:23.638Z,231.466,pi:0,bottle,0.5341,725.00,313.00,776.00,572.00,1.714,-6.471
2026-04-03T12:56:23.679Z,231.507,pi:0,bottle,0.7594,715.00,314.00,772.00,573.00,1.714,-6.697
2026-04-03T12:56:23.749Z,231.577,pi:0,bottle,0.7630,699.00,314.00,776.00,573.00,1.714,-6.890
2026-04-03T12:56:23.808Z,231.635,pi:0,bottle,0.7630,694.00,314.00,776.00,571.00,1.728,-6.971
2026-04-03T12:56:23.847Z,231.675,pi:0,bottle,0.8502,695.00,313.00,777.00,570.00,1.728,-6.939
2026-04-03T12:56:23.847Z,231.675,pi:0,bottle,0.5523,230.00,117.00,395.00,269.00,2.921,-19.957
2026-04-03T12:56:23.893Z,231.721,pi:0,bottle,0.8720,695.00,313.00,777.00,571.00,1.721,-6.939
2026-04-03T12:56:23.893Z,231.721,pi:0,bottle,0.3924,186.00,125.00,351.00,276.00,2.941,-21.216
2026-04-03T12:56:23.955Z,231.783,pi:0,bottle,0.8575,695.00,312.00,776.00,569.00,1.728,-6.955
2026-04-03T12:56:23.955Z,231.783,pi:0,bottle,0.2761,151.00,138.00,305.00,276.00,3.218,-22.356
2026-04-03T12:56:24.013Z,231.841,pi:0,bottle,0.8611,695.00,313.00,777.00,570.00,1.728,-6.939
2026-04-03T12:56:24.054Z,231.882,pi:0,bottle,0.8502,695.00,313.00,777.00,569.00,1.734,-6.939
2026-04-03T12:56:24.113Z,231.941,pi:0,bottle,0.8502,696.00,311.00,775.00,570.00,1.714,-6.955
2026-04-03T12:56:24.184Z,232.012,pi:0,bottle,0.8611,695.00,314.00,776.00,569.00,1.741,-6.955
2026-04-03T12:56:24.222Z,232.050,pi:0,bottle,0.8539,695.00,312.00,777.00,569.00,1.728,-6.939
2026-04-03T12:56:24.262Z,232.089,pi:0,bottle,0.8720,695.00,312.00,776.00,570.00,1.721,-6.955
2026-04-03T12:56:24.317Z,232.145,pi:0,bottle,0.8684,695.00,312.00,777.00,570.00,1.721,-6.939
2026-04-03T12:56:24.372Z,232.200,pi:0,bottle,0.8575,695.00,313.00,776.00,570.00,1.728,-6.955
2026-04-03T12:56:24.422Z,232.250,pi:0,bottle,0.8466,696.00,311.00,775.00,570.00,1.714,-6.955
2026-04-03T12:56:24.453Z,232.281,pi:0,bottle,0.8502,695.00,313.00,777.00,569.00,1.734,-6.939
2026-04-03T12:56:24.507Z,232.335,pi:0,bottle,0.8757,695.00,313.00,776.00,570.00,1.728,-6.955
2026-04-03T12:56:24.558Z,232.386,pi:0,bottle,0.8539,695.00,312.00,776.00,570.00,1.721,-6.955
2026-04-03T12:56:24.640Z,232.468,pi:0,bottle,0.8502,695.00,312.00,777.00,570.00,1.721,-6.939
2026-04-03T12:56:24.700Z,232.528,pi:0,bottle,0.8611,695.00,313.00,776.00,571.00,1.721,-6.955
2026-04-03T12:56:24.774Z,232.602,pi:0,bottle,0.8757,695.00,313.00,776.00,569.00,1.734,-6.955
2026-04-03T12:56:24.828Z,232.656,pi:0,bottle,0.8757,695.00,314.00,777.00,570.00,1.734,-6.939
2026-04-03T12:56:24.865Z,232.692,pi:0,bottle,0.8829,695.00,314.00,775.00,571.00,1.728,-6.971
2026-04-03T12:56:24.865Z,232.692,pi:0,bottle,0.2689,242.00,24.00,343.00,176.00,2.921,-20.532
2026-04-03T12:56:24.934Z,232.762,pi:0,bottle,0.8611,695.00,315.00,776.00,570.00,1.741,-6.955
2026-04-03T12:56:24.996Z,232.824,pi:0,bottle,0.7957,697.00,311.00,774.00,571.00,1.708,-6.955
2026-04-03T12:56:25.024Z,232.852,pi:0,bottle,0.7703,695.00,310.00,774.00,572.00,1.695,-6.987
2026-04-03T12:56:25.064Z,232.892,pi:0,bottle,0.6794,693.00,299.00,776.00,572.00,1.626,-6.987
2026-04-03T12:56:25.125Z,232.953,pi:0,bottle,0.4142,273.00,43.00,375.00,208.00,2.691,-19.624
2026-04-03T12:56:25.125Z,232.953,pi:0,bottle,0.3561,702.00,344.00,774.00,571.00,1.956,-6.874
2026-04-03T12:56:25.984Z,233.812,pi:0,bottle,0.4505,706.00,322.00,774.00,571.00,1.783,-6.810
2026-04-03T12:56:26.064Z,233.891,pi:0,bottle,0.5959,701.00,309.00,775.00,572.00,1.688,-6.874
2026-04-03T12:56:26.132Z,233.959,pi:0,bottle,0.7885,697.00,314.00,775.00,572.00,1.721,-6.939
2026-04-03T12:56:26.184Z,234.012,pi:0,bottle,0.7994,695.00,314.00,776.00,571.00,1.728,-6.955
2026-04-03T12:56:26.232Z,234.059,pi:0,bottle,0.8539,695.00,314.00,776.00,571.00,1.728,-6.955
2026-04-03T12:56:26.314Z,234.142,pi:0,bottle,0.8357,695.00,313.00,777.00,571.00,1.721,-6.939
2026-04-03T12:56:26.364Z,234.191,pi:0,bottle,0.8575,695.00,313.00,777.00,570.00,1.728,-6.939
2026-04-03T12:56:26.419Z,234.247,pi:0,bottle,0.8466,695.00,313.00,776.00,569.00,1.734,-6.955
2026-04-03T12:56:26.511Z,234.339,pi:0,bottle,0.8502,695.00,312.00,776.00,570.00,1.721,-6.955
2026-04-03T12:56:26.554Z,234.382,pi:0,bottle,0.8575,696.00,310.00,776.00,570.00,1.708,-6.939
2026-04-03T12:56:26.604Z,234.432,pi:0,bottle,0.8575,695.00,314.00,776.00,570.00,1.734,-6.955
2026-04-03T12:56:26.680Z,234.508,pi:0,bottle,0.8575,696.00,312.00,777.00,570.00,1.721,-6.922
2026-04-03T12:56:26.731Z,234.559,pi:0,bottle,0.8684,695.00,312.00,775.00,570.00,1.721,-6.971
2026-04-03T12:56:26.770Z,234.598,pi:0,bottle,0.8757,696.00,311.00,776.00,569.00,1.721,-6.939
2026-04-03T12:56:26.822Z,234.650,pi:0,bottle,0.8720,695.00,312.00,776.00,569.00,1.728,-6.955
2026-04-03T12:56:26.866Z,234.694,pi:0,bottle,0.8720,695.00,312.00,777.00,569.00,1.728,-6.939
2026-04-03T12:56:26.933Z,234.761,pi:0,bottle,0.8757,695.00,310.00,776.00,569.00,1.714,-6.955
2026-04-03T12:56:27.006Z,234.834,pi:0,bottle,0.8793,696.00,311.00,776.00,569.00,1.721,-6.939
2026-04-03T12:56:27.091Z,234.918,pi:0,bottle,0.8793,695.00,312.00,777.00,569.00,1.728,-6.939
2026-04-03T12:56:27.171Z,234.999,pi:0,bottle,0.8757,695.00,311.00,777.00,569.00,1.721,-6.939
2026-04-03T12:56:27.247Z,235.075,pi:0,bottle,0.8793,695.00,312.00,776.00,570.00,1.721,-6.955
2026-04-03T12:56:27.281Z,235.109,pi:0,bottle,0.8611,696.00,311.00,776.00,569.00,1.721,-6.939
2026-04-03T12:56:27.323Z,235.151,pi:0,bottle,0.8720,695.00,312.00,777.00,569.00,1.728,-6.939
2026-04-03T12:56:27.360Z,235.188,pi:0,bottle,0.8829,695.00,312.00,777.00,568.00,1.734,-6.939
2026-04-03T12:56:27.403Z,235.231,pi:0,bottle,0.8684,695.00,311.00,777.00,569.00,1.721,-6.939
2026-04-03T12:56:27.484Z,235.311,pi:0,bottle,0.8648,695.00,311.00,777.00,569.00,1.721,-6.939
2026-04-03T12:56:27.537Z,235.365,pi:0,bottle,0.8793,695.00,311.00,776.00,569.00,1.721,-6.955
2026-04-03T12:56:27.602Z,235.430,pi:0,bottle,0.8757,695.00,313.00,776.00,568.00,1.741,-6.955
2026-04-03T12:56:27.690Z,235.518,pi:0,bottle,0.8793,696.00,311.00,777.00,568.00,1.728,-6.922
2026-04-03T12:56:27.732Z,235.559,pi:0,bottle,0.8793,695.00,311.00,776.00,569.00,1.721,-6.955
2026-04-03T12:56:27.773Z,235.601,pi:0,bottle,0.8793,695.00,310.00,776.00,569.00,1.714,-6.955
2026-04-03T12:56:27.828Z,235.656,pi:0,bottle,0.8648,696.00,311.00,777.00,569.00,1.721,-6.922
2026-04-03T12:56:27.895Z,235.722,pi:0,bottle,0.8648,695.00,312.00,776.00,569.00,1.728,-6.955
2026-04-03T12:56:27.945Z,235.773,pi:0,bottle,0.8648,696.00,311.00,777.00,569.00,1.721,-6.922
2026-04-03T12:56:27.986Z,235.813,pi:0,bottle,0.8757,695.00,311.00,776.00,569.00,1.721,-6.955
2026-04-03T12:56:28.031Z,235.858,pi:0,bottle,0.8684,695.00,311.00,777.00,570.00,1.714,-6.939
2026-04-03T12:56:28.108Z,235.936,pi:0,bottle,0.8720,696.00,311.00,776.00,569.00,1.721,-6.939
2026-04-03T12:56:28.147Z,235.975,pi:0,bottle,0.8648,696.00,312.00,777.00,569.00,1.728,-6.922
2026-04-03T12:56:28.180Z,236.007,pi:0,bottle,0.8793,696.00,312.00,777.00,569.00,1.728,-6.922
2026-04-03T12:56:28.250Z,236.078,pi:0,bottle,0.8648,695.00,311.00,776.00,569.00,1.721,-6.955
2026-04-03T12:56:28.312Z,236.140,pi:0,bottle,0.8684,695.00,311.00,777.00,569.00,1.721,-6.939
2026-04-03T12:56:28.355Z,236.183,pi:0,bottle,0.8720,696.00,311.00,776.00,569.00,1.721,-6.939
2026-04-03T12:56:28.392Z,236.219,pi:0,bottle,0.8720,695.00,311.00,777.00,569.00,1.721,-6.939
2026-04-03T12:56:28.452Z,236.280,pi:0,bottle,0.8539,696.00,311.00,777.00,570.00,1.714,-6.922
2026-04-03T12:56:28.520Z,236.348,pi:0,bottle,0.8720,695.00,311.00,777.00,569.00,1.721,-6.939
2026-04-03T12:56:28.558Z,236.386,pi:0,bottle,0.8684,695.00,312.00,776.00,569.00,1.728,-6.955
2026-04-03T12:56:28.593Z,236.421,pi:0,bottle,0.8757,695.00,311.00,777.00,569.00,1.721,-6.939
2026-04-03T12:56:28.647Z,236.475,pi:0,bottle,0.8720,695.00,312.00,778.00,569.00,1.728,-6.922
2026-04-03T12:56:28.714Z,236.542,pi:0,bottle,0.8611,695.00,312.00,777.00,569.00,1.728,-6.939
2026-04-03T12:56:28.749Z,236.576,pi:0,bottle,0.8720,695.00,312.00,776.00,569.00,1.728,-6.955
2026-04-03T12:56:28.785Z,236.613,pi:0,bottle,0.8720,696.00,311.00,776.00,569.00,1.721,-6.939
2026-04-03T12:56:28.836Z,236.663,pi:0,bottle,0.8684,696.00,312.00,777.00,569.00,1.728,-6.922
2026-04-03T12:56:28.908Z,236.736,pi:0,bottle,0.8793,696.00,311.00,777.00,570.00,1.714,-6.922
2026-04-03T12:56:28.952Z,236.780,pi:0,bottle,0.8575,696.00,312.00,777.00,569.00,1.728,-6.922
2026-04-03T12:56:28.991Z,236.819,pi:0,bottle,0.8575,696.00,312.00,777.00,570.00,1.721,-6.922
2026-04-03T12:56:29.054Z,236.882,pi:0,bottle,0.8793,696.00,312.00,777.00,570.00,1.721,-6.922
2026-04-03T12:56:29.110Z,236.938,pi:0,bottle,0.8684,696.00,312.00,777.00,569.00,1.728,-6.922
2026-04-03T12:56:29.153Z,236.981,pi:0,bottle,0.8575,696.00,311.00,777.00,569.00,1.721,-6.922
2026-04-03T12:56:29.196Z,237.024,pi:0,bottle,0.8611,695.00,312.00,777.00,569.00,1.728,-6.939
2026-04-03T12:56:29.225Z,237.053,pi:0,bottle,0.8575,696.00,311.00,777.00,569.00,1.721,-6.922
2026-04-03T12:56:29.271Z,237.099,pi:0,bottle,0.8611,695.00,311.00,777.00,569.00,1.721,-6.939
2026-04-03T12:56:29.311Z,237.139,pi:0,bottle,0.8648,696.00,311.00,777.00,570.00,1.714,-6.922
2026-04-03T12:56:29.357Z,237.185,pi:0,bottle,0.8720,696.00,311.00,777.00,569.00,1.721,-6.922
2026-04-03T12:56:29.426Z,237.254,pi:0,bottle,0.8684,696.00,311.00,777.00,569.00,1.721,-6.922
2026-04-03T12:56:29.467Z,237.295,pi:0,bottle,0.8684,696.00,312.00,777.00,570.00,1.721,-6.922
2026-04-03T12:56:29.505Z,237.333,pi:0,bottle,0.8611,695.00,312.00,777.00,569.00,1.728,-6.939
2026-04-03T12:56:29.562Z,237.390,pi:0,bottle,0.8793,695.00,312.00,777.00,569.00,1.728,-6.939
2026-04-03T12:56:29.627Z,237.455,pi:0,bottle,0.8430,695.00,311.00,777.00,569.00,1.721,-6.939
2026-04-03T12:56:29.660Z,237.488,pi:0,bottle,0.8575,695.00,311.00,776.00,569.00,1.721,-6.955
2026-04-03T12:56:29.705Z,237.533,pi:0,bottle,0.8684,695.00,312.00,777.00,569.00,1.728,-6.939
2026-04-03T12:56:29.772Z,237.600,pi:0,bottle,0.8757,695.00,311.00,777.00,569.00,1.721,-6.939
2026-04-03T12:56:29.834Z,237.662,pi:0,bottle,0.8575,695.00,311.00,777.00,569.00,1.721,-6.939
2026-04-03T12:56:29.874Z,237.702,pi:0,bottle,0.8793,696.00,312.00,776.00,570.00,1.721,-6.939
2026-04-03T12:56:29.913Z,237.741,pi:0,bottle,0.8757,696.00,311.00,777.00,570.00,1.714,-6.922
2026-04-03T12:56:29.962Z,237.790,pi:0,bottle,0.8793,696.00,312.00,776.00,570.00,1.721,-6.939
2026-04-03T12:56:30.033Z,237.861,pi:0,bottle,0.8757,696.00,313.00,777.00,569.00,1.734,-6.922
2026-04-03T12:56:30.084Z,237.912,pi:0,bottle,0.8793,695.00,312.00,776.00,569.00,1.728,-6.955
2026-04-03T12:56:30.126Z,237.953,pi:0,bottle,0.8611,695.00,312.00,777.00,569.00,1.728,-6.939
2026-04-03T12:56:30.195Z,238.023,pi:0,bottle,0.8575,695.00,313.00,777.00,569.00,1.734,-6.939
2026-04-03T12:56:30.257Z,238.085,pi:0,bottle,0.8575,695.00,312.00,776.00,569.00,1.728,-6.955
2026-04-03T12:56:30.294Z,238.122,pi:0,bottle,0.8648,696.00,312.00,776.00,569.00,1.728,-6.939
2026-04-03T12:56:30.334Z,238.162,pi:0,bottle,0.8575,696.00,311.00,776.00,569.00,1.721,-6.939
2026-04-03T12:56:30.389Z,238.217,pi:0,bottle,0.8720,696.00,311.00,776.00,570.00,1.714,-6.939
2026-04-03T12:56:30.469Z,238.297,pi:0,bottle,0.8648,695.00,311.00,776.00,569.00,1.721,-6.955
2026-04-03T12:56:30.508Z,238.336,pi:0,bottle,0.8502,695.00,312.00,776.00,569.00,1.728,-6.955
2026-04-03T12:56:30.566Z,238.394,pi:0,bottle,0.8793,696.00,312.00,776.00,569.00,1.728,-6.939
2026-04-03T12:56:30.638Z,238.466,pi:0,bottle,0.8648,695.00,312.00,777.00,569.00,1.728,-6.939
2026-04-03T12:56:30.682Z,238.510,pi:0,bottle,0.8684,695.00,313.00,777.00,569.00,1.734,-6.939
2026-04-03T12:56:30.735Z,238.563,pi:0,bottle,0.8575,696.00,312.00,777.00,569.00,1.728,-6.922
2026-04-03T12:56:30.795Z,238.622,pi:0,bottle,0.8611,696.00,312.00,776.00,570.00,1.721,-6.939
2026-04-03T12:56:30.850Z,238.678,pi:0,bottle,0.8575,695.00,311.00,777.00,569.00,1.721,-6.939
2026-04-03T12:56:30.882Z,238.710,pi:0,bottle,0.8720,695.00,312.00,776.00,569.00,1.728,-6.955
2026-04-03T12:56:30.929Z,238.757,pi:0,bottle,0.8648,696.00,312.00,776.00,570.00,1.721,-6.939
2026-04-03T12:56:31.001Z,238.829,pi:0,bottle,0.8757,696.00,312.00,776.00,570.00,1.721,-6.939
2026-04-03T12:56:31.053Z,238.881,pi:0,bottle,0.8757,695.00,312.00,777.00,569.00,1.728,-6.939
2026-04-03T12:56:31.089Z,238.917,pi:0,bottle,0.8684,696.00,312.00,777.00,569.00,1.728,-6.922
2026-04-03T12:56:31.144Z,238.972,pi:0,bottle,0.8611,695.00,313.00,777.00,569.00,1.734,-6.939
2026-04-03T12:56:31.202Z,239.029,pi:0,bottle,0.8575,695.00,312.00,776.00,569.00,1.728,-6.955
2026-04-03T12:56:31.251Z,239.079,pi:0,bottle,0.8684,695.00,312.00,777.00,569.00,1.728,-6.939
2026-04-03T12:56:31.297Z,239.125,pi:0,bottle,0.8684,695.00,312.00,777.00,569.00,1.728,-6.939
2026-04-03T12:56:31.343Z,239.171,pi:0,bottle,0.8757,695.00,312.00,776.00,569.00,1.728,-6.955
2026-04-03T12:56:31.409Z,239.237,pi:0,bottle,0.8611,695.00,311.00,777.00,569.00,1.721,-6.939
2026-04-03T12:56:31.460Z,239.288,pi:0,bottle,0.8720,695.00,312.00,777.00,569.00,1.728,-6.939
2026-04-03T12:56:31.504Z,239.332,pi:0,bottle,0.8611,696.00,312.00,777.00,569.00,1.728,-6.922
2026-04-03T12:56:31.550Z,239.378,pi:0,bottle,0.8793,696.00,312.00,777.00,569.00,1.728,-6.922
2026-04-03T12:56:31.613Z,239.440,pi:0,bottle,0.8684,696.00,312.00,777.00,569.00,1.728,-6.922
2026-04-03T12:56:31.665Z,239.493,pi:0,bottle,0.8757,695.00,312.00,777.00,569.00,1.728,-6.939
2026-04-03T12:56:31.705Z,239.532,pi:0,bottle,0.8611,695.00,312.00,777.00,569.00,1.728,-6.939
2026-04-03T12:56:31.753Z,239.581,pi:0,bottle,0.8793,696.00,311.00,777.00,569.00,1.721,-6.922
2026-04-03T12:56:31.832Z,239.660,pi:0,bottle,0.8684,696.00,312.00,777.00,569.00,1.728,-6.922
2026-04-03T12:56:31.868Z,239.696,pi:0,bottle,0.8757,696.00,312.00,777.00,570.00,1.721,-6.922
2026-04-03T12:56:31.905Z,239.733,pi:0,bottle,0.8684,696.00,311.00,777.00,569.00,1.721,-6.922
2026-04-03T12:56:31.958Z,239.786,pi:0,bottle,0.8648,695.00,312.00,776.00,569.00,1.728,-6.955
2026-04-03T12:56:32.037Z,239.865,pi:0,bottle,0.8611,696.00,312.00,777.00,569.00,1.728,-6.922
2026-04-03T12:56:32.086Z,239.914,pi:0,bottle,0.8611,695.00,312.00,777.00,569.00,1.728,-6.939
2026-04-03T12:56:32.118Z,239.946,pi:0,bottle,0.8720,696.00,313.00,777.00,570.00,1.728,-6.922
2026-04-03T12:56:32.181Z,240.009,pi:0,bottle,0.8575,695.00,312.00,776.00,570.00,1.721,-6.955
2026-04-03T12:56:32.232Z,240.060,pi:0,bottle,0.8720,695.00,311.00,777.00,569.00,1.721,-6.939
2026-04-03T12:56:32.293Z,240.121,pi:0,bottle,0.8575,695.00,311.00,777.00,569.00,1.721,-6.939
2026-04-03T12:56:32.336Z,240.163,pi:0,bottle,0.8575,696.00,311.00,776.00,569.00,1.721,-6.939
2026-04-03T12:56:32.409Z,240.237,pi:0,bottle,0.8648,696.00,311.00,776.00,569.00,1.721,-6.939
2026-04-03T12:56:32.477Z,240.305,pi:0,bottle,0.8648,695.00,312.00,777.00,569.00,1.728,-6.939
2026-04-03T12:56:32.521Z,240.349,pi:0,bottle,0.8575,695.00,312.00,776.00,569.00,1.728,-6.955
2026-04-03T12:56:32.581Z,240.409,pi:0,bottle,0.8575,696.00,311.00,776.00,569.00,1.721,-6.939
2026-04-03T12:56:32.649Z,240.477,pi:0,bottle,0.8502,696.00,312.00,777.00,569.00,1.728,-6.922
2026-04-03T12:56:32.701Z,240.529,pi:0,bottle,0.8539,696.00,313.00,776.00,569.00,1.734,-6.939
2026-04-03T12:56:32.758Z,240.586,pi:0,bottle,0.8720,695.00,313.00,777.00,569.00,1.734,-6.939
2026-04-03T12:56:32.836Z,240.664,pi:0,bottle,0.8757,696.00,312.00,777.00,569.00,1.728,-6.922
2026-04-03T12:56:32.879Z,240.707,pi:0,bottle,0.8720,695.00,312.00,777.00,570.00,1.721,-6.939
2026-04-03T12:56:32.913Z,240.741,pi:0,bottle,0.8757,696.00,311.00,777.00,570.00,1.714,-6.922
2026-04-03T12:56:32.975Z,240.803,pi:0,bottle,0.8684,695.00,312.00,776.00,570.00,1.721,-6.955
2026-04-03T12:56:33.047Z,240.875,pi:0,bottle,0.8793,695.00,312.00,777.00,570.00,1.721,-6.939
2026-04-03T12:56:33.093Z,240.920,pi:0,bottle,0.8648,695.00,312.00,777.00,569.00,1.728,-6.939
2026-04-03T12:56:33.136Z,240.964,pi:0,bottle,0.8757,696.00,311.00,777.00,570.00,1.714,-6.922
2026-04-03T12:56:33.192Z,241.020,pi:0,bottle,0.8648,696.00,312.00,776.00,569.00,1.728,-6.939
2026-04-03T12:56:33.266Z,241.094,pi:0,bottle,0.8611,696.00,312.00,777.00,569.00,1.728,-6.922
2026-04-03T12:56:33.312Z,241.140,pi:0,bottle,0.8720,696.00,312.00,777.00,570.00,1.721,-6.922
2026-04-03T12:56:33.360Z,241.188,pi:0,bottle,0.8684,695.00,312.00,776.00,570.00,1.721,-6.955
2026-04-03T12:56:33.456Z,241.284,pi:0,bottle,0.8648,696.00,312.00,777.00,569.00,1.728,-6.922
2026-04-03T12:56:33.492Z,241.320,pi:0,bottle,0.8684,696.00,311.00,777.00,569.00,1.721,-6.922
2026-04-03T12:56:33.547Z,241.375,pi:0,bottle,0.8757,695.00,311.00,777.00,569.00,1.721,-6.939
2026-04-03T12:56:33.623Z,241.451,pi:0,bottle,0.8757,696.00,312.00,776.00,570.00,1.721,-6.939
2026-04-03T12:56:33.683Z,241.511,pi:0,bottle,0.8648,696.00,312.00,777.00,569.00,1.728,-6.922
2026-04-03T12:56:33.727Z,241.555,pi:0,bottle,0.8575,696.00,311.00,777.00,569.00,1.721,-6.922
2026-04-03T12:56:33.816Z,241.644,pi:0,bottle,0.8648,696.00,312.00,776.00,570.00,1.721,-6.939
2026-04-03T12:56:33.865Z,241.693,pi:0,bottle,0.8684,695.00,311.00,776.00,569.00,1.721,-6.955
2026-04-03T12:56:33.909Z,241.739,pi:0,bottle,0.8430,696.00,312.00,777.00,570.00,1.721,-6.922
2026-04-03T12:56:33.949Z,241.777,pi:0,bottle,0.8539,696.00,312.00,776.00,570.00,1.721,-6.939
2026-04-03T12:56:34.020Z,241.848,pi:0,bottle,0.8502,696.00,312.00,776.00,569.00,1.728,-6.939
2026-04-03T12:56:34.072Z,241.900,pi:0,bottle,0.8648,696.00,312.00,777.00,569.00,1.728,-6.922
2026-04-03T12:56:34.133Z,241.961,pi:0,bottle,0.8430,695.00,311.00,777.00,569.00,1.721,-6.939
2026-04-03T12:56:34.190Z,242.018,pi:0,bottle,0.8611,695.00,311.00,777.00,569.00,1.721,-6.939
2026-04-03T12:56:34.279Z,242.107,pi:0,bottle,0.8611,696.00,312.00,777.00,569.00,1.728,-6.922
2026-04-03T12:56:34.316Z,242.144,pi:0,bottle,0.8793,696.00,312.00,776.00,569.00,1.728,-6.939
2026-04-03T12:56:34.357Z,242.185,pi:0,bottle,0.8575,696.00,312.00,776.00,569.00,1.728,-6.939
2026-04-03T12:56:34.394Z,242.222,pi:0,bottle,0.8648,695.00,312.00,777.00,569.00,1.728,-6.939
2026-04-03T12:56:34.429Z,242.257,pi:0,bottle,0.8757,696.00,311.00,776.00,569.00,1.721,-6.939
2026-04-03T12:56:34.467Z,242.295,pi:0,bottle,0.8684,695.00,312.00,777.00,569.00,1.728,-6.939
2026-04-03T12:56:34.537Z,242.365,pi:0,bottle,0.8720,695.00,312.00,778.00,569.00,1.728,-6.922
2026-04-03T12:56:34.590Z,242.418,pi:0,bottle,0.8757,696.00,312.00,777.00,569.00,1.728,-6.922
2026-04-03T12:56:34.630Z,242.458,pi:0,bottle,0.8720,695.00,312.00,776.00,569.00,1.728,-6.955
2026-04-03T12:56:34.667Z,242.495,pi:0,bottle,0.8575,695.00,312.00,776.00,569.00,1.728,-6.955
2026-04-03T12:56:34.738Z,242.566,pi:0,bottle,0.8793,695.00,313.00,777.00,570.00,1.728,-6.939
2026-04-03T12:56:34.783Z,242.611,pi:0,bottle,0.8648,695.00,311.00,776.00,570.00,1.714,-6.955
2026-04-03T12:56:34.825Z,242.653,pi:0,bottle,0.8793,696.00,312.00,776.00,569.00,1.728,-6.939
2026-04-03T12:56:34.875Z,242.703,pi:0,bottle,0.8648,695.00,312.00,777.00,569.00,1.728,-6.939
2026-04-03T12:56:34.943Z,242.771,pi:0,bottle,0.8611,695.00,312.00,777.00,569.00,1.728,-6.939
2026-04-03T12:56:34.989Z,242.817,pi:0,bottle,0.8720,696.00,312.00,776.00,569.00,1.728,-6.939
2026-04-03T12:56:35.025Z,242.853,pi:0,bottle,0.8648,696.00,312.00,776.00,569.00,1.728,-6.939
2026-04-03T12:56:35.081Z,242.909,pi:0,bottle,0.8430,696.00,313.00,777.00,569.00,1.734,-6.922
2026-04-03T12:56:35.133Z,242.961,pi:0,bottle,0.8575,696.00,313.00,776.00,570.00,1.728,-6.939
2026-04-03T12:56:35.195Z,243.023,pi:0,bottle,0.8575,696.00,313.00,776.00,569.00,1.734,-6.939
2026-04-03T12:56:35.231Z,243.059,pi:0,bottle,0.8611,696.00,311.00,777.00,570.00,1.714,-6.922
2026-04-03T12:56:35.276Z,243.104,pi:0,bottle,0.8684,696.00,312.00,777.00,570.00,1.721,-6.922
2026-04-03T12:56:35.331Z,243.159,pi:0,bottle,0.8502,695.00,313.00,776.00,569.00,1.734,-6.955
2026-04-03T12:56:35.388Z,243.216,pi:0,bottle,0.8466,695.00,313.00,777.00,568.00,1.741,-6.939
2026-04-03T12:56:35.424Z,243.252,pi:0,bottle,0.8757,696.00,312.00,776.00,570.00,1.721,-6.939
2026-04-03T12:56:35.456Z,243.284,pi:0,bottle,0.8611,695.00,312.00,776.00,570.00,1.721,-6.955
2026-04-03T12:56:35.526Z,243.354,pi:0,bottle,0.8502,695.00,312.00,777.00,569.00,1.728,-6.939
2026-04-03T12:56:35.590Z,243.418,pi:0,bottle,0.8575,696.00,311.00,777.00,570.00,1.714,-6.922
2026-04-03T12:56:35.620Z,243.448,pi:0,bottle,0.8720,695.00,312.00,776.00,569.00,1.728,-6.955
2026-04-03T12:56:35.661Z,243.489,pi:0,bottle,0.8720,696.00,313.00,776.00,570.00,1.728,-6.939
2026-04-03T12:56:35.718Z,243.546,pi:0,bottle,0.8684,696.00,312.00,776.00,569.00,1.728,-6.939
2026-04-03T12:56:35.785Z,243.613,pi:0,bottle,0.8684,696.00,312.00,777.00,569.00,1.728,-6.922
2026-04-03T12:56:35.822Z,243.650,pi:0,bottle,0.8720,696.00,311.00,777.00,570.00,1.714,-6.922
2026-04-03T12:56:35.861Z,243.689,pi:0,bottle,0.8575,696.00,312.00,777.00,569.00,1.728,-6.922
2026-04-03T12:56:35.929Z,243.757,pi:0,bottle,0.8611,696.00,312.00,777.00,569.00,1.728,-6.922
2026-04-03T12:56:35.990Z,243.817,pi:0,bottle,0.8502,695.00,312.00,777.00,569.00,1.728,-6.939
2026-04-03T12:56:36.028Z,243.855,pi:0,bottle,0.8793,696.00,311.00,777.00,569.00,1.721,-6.922
2026-04-03T12:56:36.071Z,243.899,pi:0,bottle,0.8575,696.00,312.00,777.00,569.00,1.728,-6.922
2026-04-03T12:56:36.129Z,243.956,pi:0,bottle,0.8757,696.00,313.00,776.00,570.00,1.728,-6.939
2026-04-03T12:56:36.189Z,244.017,pi:0,bottle,0.8720,696.00,312.00,776.00,569.00,1.728,-6.939
2026-04-03T12:56:36.225Z,244.052,pi:0,bottle,0.8684,696.00,312.00,777.00,570.00,1.721,-6.922
2026-04-03T12:56:36.271Z,244.099,pi:0,bottle,0.8611,696.00,312.00,777.00,569.00,1.728,-6.922
2026-04-03T12:56:36.335Z,244.163,pi:0,bottle,0.8757,696.00,313.00,777.00,569.00,1.734,-6.922
2026-04-03T12:56:36.390Z,244.218,pi:0,bottle,0.8575,695.00,313.00,777.00,569.00,1.734,-6.939
2026-04-03T12:56:36.433Z,244.261,pi:0,bottle,0.8757,696.00,313.00,776.00,569.00,1.734,-6.939
2026-04-03T12:56:36.468Z,244.296,pi:0,bottle,0.8684,695.00,312.00,777.00,569.00,1.728,-6.939
2026-04-03T12:56:36.533Z,244.360,pi:0,bottle,0.8720,696.00,312.00,776.00,570.00,1.721,-6.939
2026-04-03T12:56:36.595Z,244.423,pi:0,bottle,0.8502,695.00,313.00,776.00,569.00,1.734,-6.955
2026-04-03T12:56:36.636Z,244.464,pi:0,bottle,0.8648,696.00,313.00,777.00,570.00,1.728,-6.922
2026-04-03T12:56:36.669Z,244.497,pi:0,bottle,0.8575,695.00,312.00,777.00,569.00,1.728,-6.939
2026-04-03T12:56:36.728Z,244.556,pi:0,bottle,0.8648,695.00,312.00,776.00,569.00,1.728,-6.955
2026-04-03T12:56:36.776Z,244.604,pi:0,bottle,0.8648,695.00,312.00,776.00,569.00,1.728,-6.955
2026-04-03T12:56:36.811Z,244.639,pi:0,bottle,0.8720,696.00,312.00,777.00,569.00,1.728,-6.922
2026-04-03T12:56:36.852Z,244.679,pi:0,bottle,0.8611,695.00,313.00,777.00,569.00,1.734,-6.939
2026-04-03T12:56:36.928Z,244.756,pi:0,bottle,0.8430,695.00,312.00,777.00,569.00,1.728,-6.939
2026-04-03T12:56:36.974Z,244.802,pi:0,bottle,0.8648,696.00,312.00,777.00,570.00,1.721,-6.922
2026-04-03T12:56:37.009Z,244.837,pi:0,bottle,0.8575,696.00,312.00,777.00,569.00,1.728,-6.922
2026-04-03T12:56:37.049Z,244.877,pi:0,bottle,0.8720,696.00,312.00,776.00,569.00,1.728,-6.939
2026-04-03T12:56:37.093Z,244.921,pi:0,bottle,0.8539,695.00,313.00,776.00,570.00,1.728,-6.955
2026-04-03T12:56:37.171Z,244.999,pi:0,bottle,0.8648,695.00,312.00,777.00,569.00,1.728,-6.939
2026-04-03T12:56:37.214Z,245.042,pi:0,bottle,0.8611,696.00,311.00,777.00,569.00,1.721,-6.922
2026-04-03T12:56:37.253Z,245.081,pi:0,bottle,0.8648,695.00,311.00,777.00,569.00,1.721,-6.939
2026-04-03T12:56:37.308Z,245.136,pi:0,bottle,0.8793,696.00,311.00,777.00,570.00,1.714,-6.922
2026-04-03T12:56:37.357Z,245.185,pi:0,bottle,0.8720,696.00,312.00,776.00,570.00,1.721,-6.939
2026-04-03T12:56:37.408Z,245.236,pi:0,bottle,0.8611,696.00,312.00,777.00,569.00,1.728,-6.922
2026-04-03T12:56:37.453Z,245.281,pi:0,bottle,0.8539,695.00,312.00,777.00,569.00,1.728,-6.939
2026-04-03T12:56:37.502Z,245.329,pi:0,bottle,0.8793,695.00,312.00,777.00,569.00,1.728,-6.939
2026-04-03T12:56:37.576Z,245.403,pi:0,bottle,0.8648,695.00,312.00,777.00,570.00,1.721,-6.939
2026-04-03T12:56:37.619Z,245.447,pi:0,bottle,0.8793,696.00,312.00,776.00,570.00,1.721,-6.939
2026-04-03T12:56:37.653Z,245.481,pi:0,bottle,0.8684,695.00,312.00,777.00,570.00,1.721,-6.939
2026-04-03T12:56:37.697Z,245.524,pi:0,bottle,0.8684,696.00,312.00,777.00,570.00,1.721,-6.922
2026-04-03T12:56:37.780Z,245.608,pi:0,bottle,0.8648,696.00,311.00,776.00,569.00,1.721,-6.939
2026-04-03T12:56:37.820Z,245.648,pi:0,bottle,0.8793,696.00,311.00,777.00,569.00,1.721,-6.922
2026-04-03T12:56:37.853Z,245.681,pi:0,bottle,0.8466,695.00,312.00,777.00,569.00,1.728,-6.939
2026-04-03T12:56:37.917Z,245.745,pi:0,bottle,0.8684,696.00,312.00,777.00,569.00,1.728,-6.922
2026-04-03T12:56:37.987Z,245.814,pi:0,bottle,0.8684,695.00,311.00,777.00,569.00,1.721,-6.939
2026-04-03T12:56:38.027Z,245.854,pi:0,bottle,0.8648,695.00,313.00,777.00,569.00,1.734,-6.939
2026-04-03T12:56:38.066Z,245.894,pi:0,bottle,0.8720,696.00,313.00,777.00,570.00,1.728,-6.922
2026-04-03T12:56:38.120Z,245.948,pi:0,bottle,0.8793,696.00,312.00,776.00,570.00,1.721,-6.939
2026-04-03T12:56:38.179Z,246.007,pi:0,bottle,0.8757,696.00,312.00,776.00,569.00,1.728,-6.939
2026-04-03T12:56:38.232Z,246.060,pi:0,bottle,0.8793,695.00,311.00,777.00,570.00,1.714,-6.939
2026-04-03T12:56:38.263Z,246.090,pi:0,bottle,0.8611,695.00,312.00,777.00,569.00,1.728,-6.939
2026-04-03T12:56:38.319Z,246.147,pi:0,bottle,0.8720,696.00,312.00,776.00,570.00,1.721,-6.939
2026-04-03T12:56:38.379Z,246.206,pi:0,bottle,0.8757,695.00,313.00,776.00,570.00,1.728,-6.955
2026-04-03T12:56:38.429Z,246.257,pi:0,bottle,0.8720,696.00,312.00,776.00,570.00,1.721,-6.939
2026-04-03T12:56:38.466Z,246.294,pi:0,bottle,0.8793,695.00,312.00,777.00,570.00,1.721,-6.939
2026-04-03T12:56:38.519Z,246.347,pi:0,bottle,0.8829,695.00,312.00,776.00,570.00,1.721,-6.955
2026-04-03T12:56:38.576Z,246.403,pi:0,bottle,0.8575,695.00,311.00,777.00,569.00,1.721,-6.939
2026-04-03T12:56:38.636Z,246.463,pi:0,bottle,0.8757,695.00,311.00,776.00,570.00,1.714,-6.955
2026-04-03T12:56:38.675Z,246.503,pi:0,bottle,0.8684,695.00,311.00,776.00,569.00,1.721,-6.955
2026-04-03T12:56:38.704Z,246.532,pi:0,bottle,0.8720,695.00,312.00,777.00,570.00,1.721,-6.939
2026-04-03T12:56:38.772Z,246.600,pi:0,bottle,0.8793,695.00,311.00,777.00,570.00,1.714,-6.939
2026-04-03T12:56:38.822Z,246.650,pi:0,bottle,0.8793,695.00,311.00,778.00,570.00,1.714,-6.922
2026-04-03T12:56:38.893Z,246.725,pi:0,bottle,0.8175,694.00,313.00,776.00,570.00,1.728,-6.971
2026-04-03T12:56:38.953Z,246.781,pi:0,bottle,0.8212,695.00,314.00,776.00,572.00,1.721,-6.955
2026-04-03T12:56:39.103Z,246.931,pi:0,bottle,0.8611,695.00,310.00,777.00,569.00,1.714,-6.939
2026-04-03T12:56:39.143Z,246.971,pi:0,bottle,0.8248,694.00,306.00,777.00,570.00,1.682,-6.955
2026-04-03T12:56:39.204Z,247.032,pi:0,bottle,0.8248,695.00,311.00,776.00,570.00,1.714,-6.955
2026-04-03T12:56:39.272Z,247.100,pi:0,bottle,0.8757,695.00,311.00,775.00,571.00,1.708,-6.971
2026-04-03T12:56:39.331Z,247.159,pi:0,bottle,0.8430,694.00,309.00,774.00,571.00,1.695,-7.003
2026-04-03T12:56:39.373Z,247.201,pi:0,bottle,0.5559,711.00,312.00,776.00,572.00,1.708,-6.697
2026-04-03T12:56:39.786Z,247.613,pi:0,bottle,0.5813,976.00,211.00,1137.00,568.00,1.244,3.491
2026-04-03T12:56:39.843Z,247.670,pi:0,bottle,0.5414,1010.00,205.00,1186.00,577.00,1.194,4.839
2026-04-03T12:56:40.345Z,248.172,pi:0,bottle,0.7340,696.00,313.00,773.00,569.00,1.734,-6.987
2026-04-03T12:56:40.399Z,248.227,pi:0,bottle,0.8648,696.00,313.00,777.00,570.00,1.728,-6.922
2026-04-03T12:56:40.472Z,248.300,pi:0,bottle,0.8720,695.00,312.00,776.00,570.00,1.721,-6.955
2026-04-03T12:56:40.550Z,248.378,pi:0,bottle,0.8829,696.00,314.00,778.00,570.00,1.734,-6.906
2026-04-03T12:56:42.190Z,250.018,pi:0,bottle,0.4433,696.00,311.00,760.00,567.00,1.734,-7.196
2026-04-03T12:56:42.256Z,250.084,pi:0,bottle,0.7485,695.00,311.00,771.00,568.00,1.728,-7.035
2026-04-03T12:56:42.311Z,250.139,pi:0,bottle,0.8248,695.00,312.00,777.00,569.00,1.728,-6.939
2026-04-03T12:56:42.345Z,250.173,pi:0,bottle,0.8575,695.00,311.00,776.00,570.00,1.714,-6.955
2026-04-03T12:56:42.391Z,250.219,pi:0,bottle,0.8284,696.00,309.00,777.00,568.00,1.714,-6.922
2026-04-03T12:56:42.462Z,250.290,pi:0,bottle,0.8357,696.00,310.00,777.00,568.00,1.721,-6.922
2026-04-03T12:56:42.529Z,250.360,pi:0,bottle,0.8321,696.00,309.00,776.00,570.00,1.701,-6.939
2026-04-03T12:56:42.568Z,250.396,pi:0,bottle,0.8103,695.00,309.00,776.00,569.00,1.708,-6.955
2026-04-03T12:56:42.605Z,250.432,pi:0,bottle,0.7994,695.00,311.00,775.00,567.00,1.734,-6.971
2026-04-03T12:56:42.671Z,250.499,pi:0,bottle,0.7558,695.00,311.00,776.00,568.00,1.728,-6.955
2026-04-03T12:56:42.716Z,250.544,pi:0,bottle,0.7485,695.00,312.00,774.00,568.00,1.734,-6.987
2026-04-03T12:56:42.787Z,250.615,pi:0,bottle,0.5959,696.00,311.00,771.00,559.00,1.790,-7.019
2026-04-03T12:56:42.826Z,250.654,pi:0,bottle,0.6322,695.00,312.00,769.00,564.00,1.762,-7.067
2026-04-03T12:56:42.901Z,250.729,pi:0,bottle,0.5951,696.00,312.00,764.00,487.00,2.537,-7.132
2026-04-03T12:56:42.946Z,250.773,pi:0,bottle,0.5985,696.00,312.00,761.00,488.00,2.523,-7.180
2026-04-03T12:56:42.985Z,250.813,pi:0,bottle,0.3454,695.00,308.00,755.00,549.00,1.842,-7.292
