timestamp_utc,elapsed_s,camera,label,confidence,bbox_x1,bbox_y1,bbox_x2,bbox_y2,distance_m,angle_deg
2026-04-22T12:23:33.289Z,5.658,pi:0,duck,0.9275,732.92,313.92,1079.08,705.29,1.054,-1.420
2026-04-22T12:23:33.348Z,5.716,pi:0,duck,0.9237,610.89,331.22,931.49,727.03,1.042,-5.803
2026-04-22T12:23:33.409Z,5.777,pi:0,duck,0.8971,609.44,350.52,926.68,732.05,1.081,-5.905
2026-04-22T12:23:33.434Z,5.803,pi:0,duck,0.9389,620.40,355.50,952.55,734.56,1.088,-5.309
2026-04-22T12:23:33.464Z,5.833,pi:0,duck,0.9503,662.07,350.61,996.51,732.04,1.081,-3.920
2026-04-22T12:23:33.487Z,5.855,pi:0,duck,0.9085,703.90,335.76,1051.23,729.47,1.048,-2.348
2026-04-22T12:23:33.517Z,5.885,pi:0,duck,0.9199,719.96,324.97,1119.44,717.44,1.051,-0.973
2026-04-22T12:23:33.550Z,5.918,pi:0,duck,0.9237,754.27,321.33,1176.07,717.37,1.042,0.512
2026-04-22T12:23:33.580Z,5.949,pi:0,duck,0.9275,791.05,315.21,1261.35,719.73,1.020,2.504
2026-04-22T12:23:33.606Z,5.975,pi:0,duck,0.9503,825.85,318.09,1304.83,731.99,0.997,3.779
2026-04-22T12:23:33.626Z,5.995,pi:0,duck,0.9313,876.15,329.06,1334.22,741.84,0.999,5.072
2026-04-22T12:23:33.645Z,6.013,pi:0,duck,0.9351,1021.39,353.01,1367.14,760.42,1.012,7.944
2026-04-22T12:23:33.662Z,6.030,pi:0,duck,0.9655,1043.77,364.84,1388.99,763.52,1.035,8.651
2026-04-22T12:23:33.684Z,6.053,pi:0,duck,0.9655,1053.55,362.63,1391.03,760.41,1.037,8.839
2026-04-22T12:23:33.700Z,6.069,pi:0,duck,0.9655,1051.03,353.07,1387.44,748.84,1.042,8.742
2026-04-22T12:23:33.717Z,6.086,pi:0,duck,0.9503,1043.65,338.11,1394.36,729.51,1.054,8.735
2026-04-22T12:23:33.738Z,6.107,pi:0,duck,0.9541,1005.38,318.02,1370.71,727.01,1.009,7.744
2026-04-22T12:23:33.757Z,6.126,pi:0,duck,0.9617,988.47,304.75,1351.46,700.56,1.042,7.164
2026-04-22T12:23:33.779Z,6.147,pi:0,duck,0.9617,952.58,292.35,1315.18,686.72,1.046,6.001
2026-04-22T12:23:33.798Z,6.166,pi:0,duck,0.9503,935.07,281.95,1422.00,674.84,1.050,7.439
2026-04-22T12:23:33.815Z,6.184,pi:0,duck,0.9047,897.90,278.81,1242.91,665.96,1.065,3.943
2026-04-22T12:23:33.835Z,6.204,pi:0,duck,0.9275,904.47,283.49,1243.01,662.74,1.088,4.052
2026-04-22T12:23:33.853Z,6.221,pi:0,duck,0.9541,938.82,280.40,1418.36,662.74,1.079,7.441
2026-04-22T12:23:33.872Z,6.240,pi:0,duck,0.9617,955.02,282.01,1440.12,670.22,1.063,8.050
2026-04-22T12:23:33.892Z,6.260,pi:0,duck,0.9351,985.27,286.21,1424.70,671.56,1.070,8.287
2026-04-22T12:23:33.908Z,6.276,pi:0,duck,0.9351,1030.90,292.85,1525.36,680.76,1.063,10.611
2026-04-22T12:23:33.930Z,6.299,pi:0,duck,0.9389,1063.73,300.00,1479.41,689.48,1.059,10.404
2026-04-22T12:23:33.948Z,6.316,pi:0,duck,0.9427,1092.87,303.93,1494.55,703.63,1.032,11.102
2026-04-22T12:23:33.967Z,6.335,pi:0,duck,0.9351,1156.89,312.71,1533.53,724.52,1.002,12.712
2026-04-22T12:23:33.989Z,6.357,pi:0,duck,0.9275,1183.44,326.97,1536.01,732.01,1.018,13.162
2026-04-22T12:23:34.004Z,6.373,pi:0,duck,0.9427,1184.91,331.22,1538.50,732.01,1.029,13.224
2026-04-22T12:23:34.028Z,6.396,pi:0,duck,0.9351,1178.84,324.99,1541.00,726.97,1.026,13.169
2026-04-22T12:23:34.044Z,6.412,pi:0,duck,0.9541,1154.47,306.46,1533.50,717.43,1.004,12.674
2026-04-22T12:23:34.060Z,6.429,pi:0,duck,0.9427,1132.95,293.66,1506.95,693.55,1.032,11.925
2026-04-22T12:23:34.078Z,6.447,pi:0,duck,0.9427,1083.14,276.92,1463.18,677.03,1.031,10.454
2026-04-22T12:23:34.092Z,6.460,pi:0,duck,0.9617,1056.13,264.29,1436.73,662.84,1.035,9.608
2026-04-22T12:23:34.107Z,6.475,pi:0,duck,0.9351,1021.11,259.47,1376.26,641.03,1.081,8.085
2026-04-22T12:23:34.126Z,6.495,pi:0,duck,0.9047,991.50,249.51,1346.66,636.01,1.067,7.135
2026-04-22T12:23:34.143Z,6.511,pi:0,duck,0.9199,972.10,242.11,1324.02,628.54,1.067,6.458
2026-04-22T12:23:34.157Z,6.525,pi:0,duck,0.9199,959.87,237.38,1292.48,619.20,1.080,5.752
2026-04-22T12:23:34.175Z,6.544,pi:0,duck,0.9199,949.81,239.72,1276.74,614.97,1.099,5.334
2026-04-22T12:23:34.193Z,6.561,pi:0,duck,0.9161,944.65,242.12,1271.15,619.21,1.094,5.160
2026-04-22T12:23:34.208Z,6.577,pi:0,duck,0.9199,944.55,247.02,1271.14,626.13,1.088,5.158
2026-04-22T12:23:34.225Z,6.593,pi:0,duck,0.9237,944.72,249.54,1269.16,631.01,1.081,5.129
2026-04-22T12:23:34.244Z,6.612,pi:0,duck,0.9199,947.31,249.55,1269.17,628.56,1.088,5.171
2026-04-22T12:23:34.273Z,6.644,pi:0,duck,0.9161,944.81,249.55,1267.07,628.56,1.088,5.097
2026-04-22T12:23:34.293Z,6.662,pi:0,duck,0.9123,944.63,252.04,1269.14,631.01,1.088,5.127
2026-04-22T12:23:34.309Z,6.677,pi:0,duck,0.9199,942.47,249.55,1269.14,633.51,1.074,5.092
2026-04-22T12:23:34.323Z,6.692,pi:0,duck,0.9199,942.46,252.05,1267.07,633.51,1.081,5.059
2026-04-22T12:23:34.343Z,6.711,pi:0,duck,0.9237,939.96,252.04,1267.05,633.52,1.081,5.018
2026-04-22T12:23:34.359Z,6.728,pi:0,duck,0.9275,937.74,249.54,1264.89,633.52,1.074,4.947
2026-04-22T12:23:34.374Z,6.742,pi:0,duck,0.9237,928.55,252.04,1260.30,633.51,1.081,4.723
2026-04-22T12:23:34.388Z,6.757,pi:0,duck,0.9237,916.03,254.55,1253.02,633.52,1.088,4.402
2026-04-22T12:23:34.408Z,6.777,pi:0,duck,0.9161,903.61,261.95,1248.01,633.52,1.110,4.119
2026-04-22T12:23:34.424Z,6.792,pi:0,duck,0.9237,904.48,266.65,1248.00,633.53,1.124,4.133
2026-04-22T12:23:34.439Z,6.807,pi:0,duck,0.9123,900.29,271.08,1245.50,636.04,1.130,4.024
2026-04-22T12:23:34.480Z,6.849,pi:0,duck,0.9009,895.91,273.15,1248.00,650.63,1.093,3.994
2026-04-22T12:23:34.527Z,6.896,pi:0,duck,0.9123,894.75,280.49,1247.97,662.73,1.079,3.974
2026-04-22T12:23:34.564Z,6.933,pi:0,duck,0.9123,892.89,282.11,1247.96,668.89,1.066,3.944
2026-04-22T12:23:34.592Z,6.961,pi:0,duck,0.9275,889.52,291.52,1245.47,672.79,1.082,3.849
2026-04-22T12:23:34.610Z,6.978,pi:0,duck,0.9351,891.40,297.73,1245.48,677.99,1.085,3.879
2026-04-22T12:23:34.631Z,6.999,pi:0,duck,0.9389,891.80,303.27,1245.48,687.15,1.075,3.886
2026-04-22T12:23:34.651Z,7.019,pi:0,duck,0.9389,897.45,307.20,1245.49,690.87,1.075,3.978
2026-04-22T12:23:34.680Z,7.048,pi:0,duck,0.9199,904.99,309.63,1248.01,697.73,1.063,4.141
2026-04-22T12:23:34.713Z,7.081,pi:0,duck,0.9123,919.25,316.60,1260.27,705.21,1.061,4.572
2026-04-22T12:23:34.740Z,7.108,pi:0,duck,0.9161,931.90,321.22,1264.89,703.64,1.079,4.852
2026-04-22T12:23:34.775Z,7.143,pi:0,duck,0.9275,940.38,323.00,1276.63,709.00,1.069,5.180
2026-04-22T12:23:34.802Z,7.171,pi:0,duck,0.9237,946.89,326.85,1287.77,710.97,1.074,5.465
2026-04-22T12:23:34.836Z,7.205,pi:0,duck,0.9351,962.01,328.86,1301.41,710.97,1.080,5.930
2026-04-22T12:23:34.868Z,7.237,pi:0,duck,0.9275,964.72,328.92,1308.34,708.98,1.085,6.086
2026-04-22T12:23:34.900Z,7.268,pi:0,duck,0.9047,980.93,333.46,1317.13,712.97,1.087,6.490
2026-04-22T12:23:34.930Z,7.299,pi:0,duck,0.9009,996.50,333.46,1336.49,715.10,1.081,7.052
2026-04-22T12:23:34.960Z,7.329,pi:0,duck,0.8971,997.39,335.78,1339.00,713.07,1.093,7.107
2026-04-22T12:23:34.992Z,7.361,pi:0,duck,0.9199,1003.47,338.15,1346.53,719.76,1.081,7.325
2026-04-22T12:23:35.018Z,7.387,pi:0,duck,0.9123,1014.10,340.57,1358.63,719.75,1.088,7.690
2026-04-22T12:23:35.033Z,7.401,pi:0,duck,0.9123,1029.33,333.39,1365.13,717.43,1.074,8.039
2026-04-22T12:23:35.053Z,7.422,pi:0,duck,0.9047,1035.77,324.82,1370.82,707.10,1.079,8.233
2026-04-22T12:23:35.073Z,7.441,pi:0,duck,0.9085,1027.39,317.65,1370.83,695.51,1.092,8.099
2026-04-22T12:23:35.088Z,7.457,pi:0,duck,0.9085,1026.04,308.73,1379.45,689.16,1.084,8.215
2026-04-22T12:23:35.105Z,7.473,pi:0,duck,0.9161,1028.22,305.88,1385.06,672.79,1.124,8.340
2026-04-22T12:23:35.131Z,7.499,pi:0,duck,0.9199,1038.58,296.74,1400.79,670.21,1.105,8.756
2026-04-22T12:23:35.146Z,7.515,pi:0,duck,0.9237,1036.86,291.78,1406.11,662.77,1.112,8.814
2026-04-22T12:23:35.169Z,7.537,pi:0,duck,0.9085,1038.38,288.88,1418.65,659.21,1.114,9.038
2026-04-22T12:23:35.191Z,7.559,pi:0,duck,0.9313,1053.46,286.58,1434.87,652.97,1.126,9.536
2026-04-22T12:23:35.214Z,7.583,pi:0,duck,0.9199,1063.42,282.42,1437.35,643.58,1.142,9.733
2026-04-22T12:23:35.229Z,7.597,pi:0,duck,0.8971,1077.28,266.66,1440.01,638.60,1.109,9.995
2026-04-22T12:23:35.258Z,7.627,pi:0,duck,0.9009,1080.98,259.55,1454.59,611.06,1.173,10.284
2026-04-22T12:23:35.289Z,7.658,pi:0,duck,0.8287,1107.00,249.53,1463.03,599.71,1.178,10.828
2026-04-22T12:23:35.327Z,7.696,pi:0,duck,0.8743,1118.15,247.04,1466.74,593.18,1.192,11.062
2026-04-22T12:23:35.348Z,7.716,pi:0,duck,0.8933,1128.66,239.78,1475.60,587.45,1.186,11.366
2026-04-22T12:23:35.362Z,7.730,pi:0,duck,0.9389,1139.60,215.62,1493.77,574.31,1.150,11.823
2026-04-22T12:23:35.376Z,7.745,pi:0,duck,0.9275,1154.57,211.95,1497.58,566.72,1.163,12.116
2026-04-22T12:23:35.391Z,7.759,pi:0,duck,0.8759,1159.93,194.43,1502.10,535.99,1.208,12.270
2026-04-22T12:23:35.405Z,7.774,pi:0,duck,0.8467,1191.56,168.09,1505.93,512.68,1.197,12.822
2026-04-22T12:23:35.419Z,7.787,pi:0,duck,0.8102,1189.16,151.02,1508.58,498.08,1.189,12.826
2026-04-22T12:23:35.433Z,7.801,pi:0,duck,0.8591,1196.95,131.14,1504.25,483.59,1.170,12.880
2026-04-22T12:23:35.455Z,7.823,pi:0,duck,0.8321,1202.03,111.07,1513.02,464.17,1.168,13.094
2026-04-22T12:23:35.470Z,7.839,pi:0,duck,0.8211,1196.70,99.29,1511.88,447.13,1.186,12.994
2026-04-22T12:23:35.485Z,7.854,pi:0,duck,0.8430,1196.55,89.54,1510.51,440.99,1.174,12.971
2026-04-22T12:23:35.503Z,7.871,pi:0,duck,0.8576,1197.73,77.91,1510.09,431.09,1.168,12.982
2026-04-22T12:23:35.523Z,7.891,pi:0,duck,0.8248,1193.23,65.99,1513.30,420.01,1.165,12.962
2026-04-22T12:23:35.538Z,7.906,pi:0,duck,0.8743,1192.23,37.00,1519.20,400.75,1.134,13.038
2026-04-22T12:23:35.554Z,7.922,pi:0,duck,0.9047,1203.59,30.08,1521.45,395.23,1.130,13.249
2026-04-22T12:23:35.574Z,7.943,pi:0,duck,0.9237,1205.80,19.91,1531.01,392.04,1.108,13.431
2026-04-22T12:23:35.589Z,7.958,pi:0,duck,0.9427,1208.64,17.26,1533.51,388.17,1.112,13.514
2026-04-22T12:23:35.605Z,7.973,pi:0,duck,0.9465,1221.05,17.24,1543.51,386.70,1.117,13.859
2026-04-22T12:23:35.625Z,7.993,pi:0,duck,0.9579,1222.91,14.41,1559.07,383.68,1.117,14.127
2026-04-22T12:23:35.643Z,8.011,pi:0,duck,0.9617,1224.87,9.67,1560.97,383.60,1.103,14.186
2026-04-22T12:23:35.657Z,8.025,pi:0,duck,0.9503,1222.80,10.38,1559.05,384.79,1.102,14.125
2026-04-22T12:23:35.677Z,8.045,pi:0,duck,0.9389,1221.00,17.22,1548.28,396.02,1.089,13.932
2026-04-22T12:23:35.693Z,8.062,pi:0,duck,0.9351,1213.34,19.92,1538.53,397.07,1.094,13.663
2026-04-22T12:23:35.709Z,8.078,pi:0,duck,0.9275,1204.32,24.69,1533.51,399.97,1.099,13.447
2026-04-22T12:23:35.730Z,8.098,pi:0,duck,0.8819,1191.92,50.15,1526.14,412.41,1.139,13.141
2026-04-22T12:23:35.756Z,8.124,pi:0,duck,0.8971,1184.95,67.51,1523.72,422.97,1.160,12.995
2026-04-22T12:23:35.778Z,8.147,pi:0,duck,0.9047,1193.90,79.02,1514.87,441.52,1.138,12.997
2026-04-22T12:23:35.800Z,8.169,pi:0,duck,0.8895,1192.02,83.16,1509.10,444.05,1.143,12.878
2026-04-22T12:23:35.829Z,8.197,pi:0,duck,0.8971,1188.98,92.97,1507.08,451.51,1.150,12.800
2026-04-22T12:23:35.844Z,8.212,pi:0,duck,0.9009,1188.65,99.59,1505.42,465.09,1.129,12.769
2026-04-22T12:23:35.858Z,8.226,pi:0,duck,0.9389,1171.24,115.97,1499.91,487.77,1.109,12.412
2026-04-22T12:23:35.873Z,8.241,pi:0,duck,0.9085,1141.11,168.58,1463.27,535.01,1.126,11.368
2026-04-22T12:23:35.887Z,8.255,pi:0,duck,0.9085,1098.23,181.23,1452.33,540.02,1.150,10.521
2026-04-22T12:23:35.901Z,8.269,pi:0,duck,0.9389,1094.03,205.57,1440.02,576.79,1.111,10.260
2026-04-22T12:23:35.916Z,8.285,pi:0,duck,0.8895,1084.85,227.14,1430.13,586.26,1.149,9.959
2026-04-22T12:23:35.946Z,8.315,pi:0,duck,0.9047,1121.03,233.07,1442.56,577.97,1.196,10.727
2026-04-22T12:23:35.963Z,8.332,pi:0,duck,0.8868,1112.71,231.32,1445.99,588.04,1.156,10.650
2026-04-22T12:23:35.994Z,8.362,pi:0,duck,0.8868,1132.79,257.97,1429.45,624.66,1.125,10.705
2026-04-22T12:23:36.023Z,8.391,pi:0,duck,0.8941,1116.01,274.58,1403.32,636.04,1.141,10.027
2026-04-22T12:23:36.043Z,8.411,pi:0,duck,0.8978,1095.96,276.36,1388.96,639.07,1.137,9.482
2026-04-22T12:23:36.073Z,8.442,pi:0,duck,0.8759,1022.30,281.31,1338.94,671.17,1.058,7.506
2026-04-22T12:23:36.109Z,8.477,pi:0,duck,0.9199,897.09,329.10,1248.00,732.01,1.024,4.013
2026-04-22T12:23:36.139Z,8.507,pi:0,duck,0.9123,802.41,369.22,1152.01,737.04,1.121,0.906
2026-04-22T12:23:36.155Z,8.523,pi:0,duck,0.9275,755.68,376.88,1118.77,734.55,1.153,-0.400
2026-04-22T12:23:36.175Z,8.543,pi:0,duck,0.8795,624.96,338.48,969.25,699.55,1.142,-4.964
2026-04-22T12:23:36.205Z,8.573,pi:0,duck,0.9014,597.30,321.37,926.50,677.10,1.160,-6.103
2026-04-22T12:23:36.238Z,8.607,pi:0,duck,0.8759,568.86,311.30,887.75,654.05,1.203,-7.186
2026-04-22T12:23:36.280Z,8.649,pi:0,duck,0.8795,556.10,301.02,882.24,638.08,1.224,-7.480
2026-04-22T12:23:36.317Z,8.685,pi:0,duck,0.8868,559.67,300.01,885.16,637.09,1.224,-7.375
2026-04-22T12:23:36.357Z,8.726,pi:0,duck,0.8832,573.94,298.99,897.75,649.08,1.178,-6.943
2026-04-22T12:23:36.386Z,8.755,pi:0,duck,0.8795,607.97,305.97,942.30,667.09,1.142,-5.676
2026-04-22T12:23:36.429Z,8.797,pi:0,duck,0.9351,657.44,313.87,1166.62,671.12,1.155,-1.223
2026-04-22T12:23:36.456Z,8.825,pi:0,duck,0.9313,701.97,308.77,1072.83,672.57,1.134,-2.027
2026-04-22T12:23:36.494Z,8.863,pi:0,duck,0.9427,773.23,304.29,1154.56,664.50,1.145,0.471
2026-04-22T12:23:36.527Z,8.895,pi:0,duck,0.9123,894.10,277.08,1253.01,636.02,1.149,4.046
2026-04-22T12:23:36.566Z,8.934,pi:0,duck,0.8781,950.06,271.10,1284.17,633.50,1.138,5.458
2026-04-22T12:23:36.604Z,8.973,pi:0,duck,0.9009,957.41,266.72,1289.39,631.00,1.132,5.662
2026-04-22T12:23:36.636Z,9.005,pi:0,duck,0.9237,952.42,264.39,1287.17,631.01,1.125,5.545
2026-04-22T12:23:36.674Z,9.042,pi:0,duck,0.8971,940.86,271.14,1269.20,633.52,1.138,5.067
2026-04-22T12:23:36.706Z,9.074,pi:0,duck,0.8895,892.46,277.23,1248.00,636.02,1.150,3.938
2026-04-22T12:23:36.742Z,9.110,pi:0,duck,0.9275,861.51,283.85,1209.60,638.55,1.163,2.809
2026-04-22T12:23:36.779Z,9.147,pi:0,duck,0.9313,815.27,287.57,1164.28,638.54,1.175,1.316
2026-04-22T12:23:36.811Z,9.180,pi:0,duck,0.8613,791.38,288.64,1125.03,641.04,1.171,0.285
2026-04-22T12:23:36.850Z,9.218,pi:0,duck,0.8686,766.86,288.67,1097.97,641.02,1.171,-0.557
2026-04-22T12:23:36.889Z,9.258,pi:0,duck,0.8759,744.57,287.26,1076.02,638.09,1.176,-1.280
2026-04-22T12:23:36.922Z,9.291,pi:0,duck,0.9047,737.19,298.15,1056.09,641.06,1.203,-1.725
2026-04-22T12:23:36.955Z,9.324,pi:0,duck,0.9123,735.69,301.08,1053.57,643.52,1.205,-1.791
2026-04-22T12:23:37.017Z,9.385,pi:0,duck,0.9123,734.20,303.07,1056.06,643.53,1.212,-1.775
2026-04-22T12:23:37.062Z,9.430,pi:0,duck,0.9047,739.10,303.17,1056.09,645.95,1.203,-1.694
2026-04-22T12:23:37.099Z,9.467,pi:0,duck,0.8759,747.23,299.21,1069.20,648.03,1.183,-1.348
2026-04-22T12:23:37.141Z,9.510,pi:0,duck,0.8795,748.94,303.08,1071.89,653.56,1.177,-1.276
2026-04-22T12:23:37.177Z,9.546,pi:0,duck,0.8795,754.71,309.61,1071.12,658.08,1.184,-1.194
2026-04-22T12:23:37.210Z,9.579,pi:0,duck,0.8905,754.77,306.97,1073.38,661.34,1.164,-1.156
2026-04-22T12:23:37.253Z,9.622,pi:0,duck,0.8868,754.81,309.68,1073.97,661.98,1.171,-1.146
2026-04-22T12:23:37.289Z,9.658,pi:0,duck,0.8868,757.65,312.85,1073.62,663.71,1.176,-1.105
2026-04-22T12:23:37.324Z,9.693,pi:0,duck,0.8905,757.58,314.26,1073.62,664.43,1.178,-1.106
2026-04-22T12:23:37.365Z,9.734,pi:0,duck,0.8868,758.46,314.94,1074.74,664.08,1.181,-1.074
2026-04-22T12:23:37.405Z,9.773,pi:0,duck,0.8868,760.57,316.18,1075.31,664.89,1.183,-1.030
2026-04-22T12:23:37.444Z,9.812,pi:0,duck,0.8905,760.78,317.87,1081.59,666.20,1.184,-0.924
2026-04-22T12:23:37.477Z,9.846,pi:0,duck,0.8895,765.49,315.22,1083.41,670.26,1.162,-0.817
2026-04-22T12:23:37.516Z,9.884,pi:0,duck,0.9085,770.50,311.62,1090.58,668.94,1.154,-0.619
2026-04-22T12:23:37.548Z,9.916,pi:0,duck,0.8905,771.95,312.12,1103.97,664.46,1.171,-0.376
2026-04-22T12:23:37.583Z,9.952,pi:0,duck,0.8868,788.85,310.46,1116.98,661.44,1.175,0.112
2026-04-22T12:23:37.625Z,9.993,pi:0,duck,0.9123,808.25,302.41,1147.02,659.07,1.157,0.919
2026-04-22T12:23:37.665Z,10.034,pi:0,duck,0.8971,844.84,283.72,1171.09,641.05,1.154,1.909
2026-04-22T12:23:37.705Z,10.073,pi:0,duck,0.8759,888.45,244.10,1226.32,608.84,1.131,3.520
2026-04-22T12:23:37.737Z,10.106,pi:0,duck,0.8971,903.99,229.02,1245.52,581.98,1.169,4.085
2026-04-22T12:23:37.772Z,10.141,pi:0,duck,0.9009,931.72,225.35,1248.10,574.34,1.182,4.577
2026-04-22T12:23:37.806Z,10.175,pi:0,duck,0.8439,938.32,230.99,1248.08,591.16,1.145,4.684
2026-04-22T12:23:37.845Z,10.214,pi:0,duck,0.8971,905.70,254.57,1245.50,626.13,1.110,4.112
2026-04-22T12:23:37.877Z,10.245,pi:0,duck,0.8857,895.86,275.17,1228.99,638.56,1.135,3.684
2026-04-22T12:23:37.917Z,10.286,pi:0,duck,0.8933,874.01,305.84,1209.09,664.44,1.150,3.004
2026-04-22T12:23:37.953Z,10.322,pi:0,duck,0.8941,859.75,319.55,1180.55,666.29,1.190,2.307
2026-04-22T12:23:37.987Z,10.356,pi:0,duck,0.8905,842.28,322.57,1164.21,666.80,1.198,1.755
2026-04-22T12:23:38.017Z,10.385,pi:0,duck,0.8941,835.17,319.24,1144.90,658.56,1.216,1.324
2026-04-22T12:23:38.105Z,10.473,pi:0,duck,0.8759,830.89,309.74,1139.09,641.02,1.245,1.160
2026-04-22T12:23:38.158Z,10.526,pi:0,duck,0.8795,828.32,298.00,1137.45,631.02,1.239,1.091
2026-04-22T12:23:38.226Z,10.595,pi:0,duck,0.8978,845.26,279.03,1153.26,616.16,1.224,1.625
2026-04-22T12:23:38.281Z,10.649,pi:0,duck,0.8905,845.34,272.46,1171.22,609.59,1.224,1.920
2026-04-22T12:23:38.320Z,10.689,pi:0,duck,0.8868,877.05,234.79,1209.65,588.03,1.168,3.063
2026-04-22T12:23:38.368Z,10.736,pi:0,duck,0.8933,928.18,184.74,1245.54,552.37,1.122,4.478
2026-04-22T12:23:38.397Z,10.766,pi:0,duck,0.8649,963.63,136.72,1285.57,486.06,1.181,5.701
2026-04-22T12:23:38.437Z,10.806,pi:0,duck,0.8613,988.34,115.86,1305.14,471.02,1.161,6.416
2026-04-22T12:23:38.478Z,10.846,pi:0,duck,0.8576,1005.85,103.94,1318.47,455.45,1.174,6.913
2026-04-22T12:23:38.509Z,10.878,pi:0,duck,0.8503,1016.69,89.83,1329.18,439.03,1.181,7.259
2026-04-22T12:23:38.545Z,10.914,pi:0,duck,0.8832,1025.82,86.41,1333.51,429.13,1.204,7.475
2026-04-22T12:23:38.602Z,10.971,pi:0,duck,0.8759,1025.37,81.11,1344.24,421.71,1.211,7.640
2026-04-22T12:23:38.630Z,10.999,pi:0,duck,0.8759,1054.50,78.23,1352.23,411.17,1.239,8.235
2026-04-22T12:23:38.658Z,11.027,pi:0,duck,0.8394,1062.39,73.56,1354.70,401.05,1.260,8.401
2026-04-22T12:23:38.697Z,11.066,pi:0,duck,0.8066,1032.94,76.73,1356.20,393.98,1.300,7.953
2026-04-22T12:23:38.738Z,11.106,pi:0,duck,0.8430,1027.54,87.75,1352.79,404.90,1.301,7.812
2026-04-22T12:23:38.767Z,11.136,pi:0,duck,0.8613,1018.46,108.03,1317.43,435.26,1.261,7.099
2026-04-22T12:23:38.805Z,11.174,pi:0,duck,0.8759,1008.98,127.34,1295.10,472.52,1.195,6.587
2026-04-22T12:23:38.838Z,11.206,pi:0,duck,0.8905,982.25,149.11,1272.46,484.17,1.231,5.790
2026-04-22T12:23:38.874Z,11.242,pi:0,duck,0.8467,973.51,173.19,1242.87,503.22,1.250,5.170
2026-04-22T12:23:38.909Z,11.277,pi:0,duck,0.8905,959.81,188.48,1214.97,503.59,1.309,4.495
2026-04-22T12:23:38.945Z,11.314,pi:0,duck,0.8649,926.08,199.98,1187.84,515.47,1.307,3.506
2026-04-22T12:23:38.987Z,11.356,pi:0,duck,0.8430,902.09,187.07,1160.15,503.49,1.304,2.664
2026-04-22T12:23:39.020Z,11.389,pi:0,duck,0.8102,875.24,166.24,1129.85,476.76,1.328,1.733
2026-04-22T12:23:39.058Z,11.426,pi:0,duck,0.8540,843.33,161.00,1097.96,461.14,1.374,0.691
2026-04-22T12:23:39.095Z,11.463,pi:0,duck,0.8066,798.31,153.34,1043.13,438.77,1.445,-0.939
2026-04-22T12:23:39.136Z,11.505,pi:0,duck,0.7737,779.08,151.79,1014.22,440.83,1.427,-1.725
2026-04-22T12:23:39.167Z,11.536,pi:0,duck,0.7737,758.78,157.08,995.91,436.44,1.477,-2.355
2026-04-22T12:23:39.211Z,11.579,pi:0,duck,0.5219,748.58,159.20,975.71,435.89,1.491,-2.850
2026-04-22T12:23:39.307Z,11.676,pi:0,duck,0.7591,677.91,181.95,906.06,463.57,1.465,-5.130
2026-04-22T12:23:39.342Z,11.710,pi:0,duck,0.7701,650.70,193.08,895.00,474.03,1.468,-5.750
2026-04-22T12:23:39.385Z,11.753,pi:0,duck,0.8430,626.95,211.35,853.56,483.04,1.518,-6.801
2026-04-22T12:23:39.414Z,11.783,pi:0,duck,0.8503,610.48,240.90,834.33,493.02,1.636,-7.376
2026-04-22T12:23:39.446Z,11.814,pi:0,duck,0.8722,600.36,259.84,822.08,508.46,1.659,-7.735
2026-04-22T12:23:39.483Z,11.852,pi:0,duck,0.8649,593.17,284.35,810.07,527.95,1.693,-8.042
2026-04-22T12:23:39.520Z,11.889,pi:0,duck,0.8795,593.92,307.82,804.79,540.01,1.777,-8.115
2026-04-22T12:23:39.557Z,11.926,pi:0,duck,0.8248,594.45,327.12,802.53,571.78,1.686,-8.143
2026-04-22T12:23:39.590Z,11.958,pi:0,duck,0.8686,602.87,349.02,803.25,591.07,1.704,-7.996
2026-04-22T12:23:39.633Z,12.002,pi:0,duck,0.8175,606.27,370.35,809.14,594.04,1.844,-7.847
2026-04-22T12:23:39.665Z,12.034,pi:0,duck,0.8795,614.11,408.77,817.09,638.05,1.799,-7.594
2026-04-22T12:23:39.701Z,12.069,pi:0,duck,0.8686,613.87,427.28,822.17,645.76,1.888,-7.516
2026-04-22T12:23:39.734Z,12.103,pi:0,duck,0.8649,618.85,433.96,823.92,660.06,1.824,-7.408
2026-04-22T12:23:39.774Z,12.142,pi:0,duck,0.8649,622.76,444.71,822.97,661.13,1.906,-7.361
2026-04-22T12:23:39.810Z,12.179,pi:0,duck,0.8540,614.68,443.71,817.03,661.09,1.898,-7.586
2026-04-22T12:23:39.849Z,12.217,pi:0,duck,0.8686,616.90,444.89,808.20,664.07,1.882,-7.692
2026-04-22T12:23:39.881Z,12.250,pi:0,duck,0.8613,611.66,444.94,804.79,662.94,1.892,-7.831
2026-04-22T12:23:39.918Z,12.287,pi:0,duck,0.8467,610.76,443.95,803.25,663.45,1.879,-7.870
2026-04-22T12:23:39.947Z,12.315,pi:0,duck,0.8759,610.83,443.99,802.55,663.14,1.882,-7.880
2026-04-22T12:23:39.986Z,12.355,pi:0,duck,0.8503,609.44,447.02,801.87,662.66,1.913,-7.913
2026-04-22T12:23:40.020Z,12.388,pi:0,duck,0.8649,609.40,447.02,801.23,663.78,1.903,-7.924
2026-04-22T12:23:40.057Z,12.426,pi:0,duck,0.8613,610.14,448.02,801.87,663.14,1.918,-7.902
2026-04-22T12:23:40.094Z,12.462,pi:0,duck,0.8576,610.11,447.02,801.87,663.08,1.909,-7.902
2026-04-22T12:23:40.133Z,12.502,pi:0,duck,0.8540,609.43,448.02,802.55,663.55,1.914,-7.902
2026-04-22T12:23:40.173Z,12.542,pi:0,duck,0.8540,610.01,448.02,802.56,663.39,1.915,-7.893
2026-04-22T12:23:40.212Z,12.580,pi:0,duck,0.8540,610.82,448.02,803.26,663.39,1.915,-7.869
2026-04-22T12:23:40.245Z,12.614,pi:0,duck,0.8649,610.86,448.03,802.55,663.14,1.918,-7.879
2026-04-22T12:23:40.281Z,12.650,pi:0,duck,0.8540,610.88,449.97,802.55,663.39,1.933,-7.879
2026-04-22T12:23:40.321Z,12.690,pi:0,duck,0.8613,610.94,451.83,801.87,663.14,1.952,-7.889
2026-04-22T12:23:40.353Z,12.721,pi:0,duck,0.8686,610.96,452.73,801.87,663.55,1.957,-7.889
2026-04-22T12:23:40.393Z,12.762,pi:0,duck,0.8576,610.91,451.83,801.87,663.19,1.952,-7.890
2026-04-22T12:23:40.433Z,12.802,pi:0,duck,0.8686,610.98,452.72,802.55,663.19,1.960,-7.878
2026-04-22T12:23:40.463Z,12.831,pi:0,duck,0.8576,612.43,447.03,804.04,663.93,1.902,-7.830
2026-04-22T12:23:40.503Z,12.871,pi:0,duck,0.8613,608.01,451.84,807.28,661.84,1.964,-7.849
2026-04-22T12:23:40.534Z,12.903,pi:0,duck,0.8576,613.27,448.02,804.86,664.40,1.906,-7.804
2026-04-22T12:23:40.575Z,12.943,pi:0,duck,0.8613,613.26,447.03,804.80,664.37,1.898,-7.805
2026-04-22T12:23:40.609Z,12.977,pi:0,duck,0.8759,612.55,448.02,804.01,663.60,1.913,-7.829
2026-04-22T12:23:40.645Z,13.014,pi:0,duck,0.8686,612.50,447.03,803.26,663.13,1.909,-7.842
2026-04-22T12:23:40.681Z,13.049,pi:0,duck,0.8759,610.82,448.02,803.27,664.01,1.910,-7.869
2026-04-22T12:23:40.718Z,13.086,pi:0,duck,0.8759,610.93,448.02,804.01,663.19,1.917,-7.855
2026-04-22T12:23:40.746Z,13.115,pi:0,duck,0.8759,610.92,448.99,804.01,663.97,1.919,-7.855
2026-04-22T12:23:40.787Z,13.156,pi:0,duck,0.8795,611.75,448.99,804.79,663.97,1.919,-7.829
2026-04-22T12:23:40.822Z,13.190,pi:0,duck,0.8795,611.77,448.02,803.26,662.14,1.926,-7.853
2026-04-22T12:23:40.851Z,13.219,pi:0,duck,0.8759,611.73,447.02,803.26,662.72,1.912,-7.854
2026-04-22T12:23:40.897Z,13.266,pi:0,duck,0.8759,611.73,447.02,804.01,663.19,1.908,-7.842
2026-04-22T12:23:40.929Z,13.298,pi:0,duck,0.8795,611.73,448.02,804.01,663.19,1.917,-7.842
2026-04-22T12:23:40.970Z,13.338,pi:0,duck,0.8759,611.75,448.99,804.01,662.72,1.930,-7.842
2026-04-22T12:23:40.998Z,13.367,pi:0,duck,0.8795,611.00,448.99,804.79,662.46,1.932,-7.841
2026-04-22T12:23:41.042Z,13.410,pi:0,duck,0.8795,611.72,448.01,804.02,663.01,1.919,-7.842
2026-04-22T12:23:41.074Z,13.442,pi:0,duck,0.8759,611.79,447.02,804.02,663.19,1.908,-7.841
2026-04-22T12:23:41.114Z,13.483,pi:0,duck,0.8759,611.74,447.02,804.01,662.46,1.915,-7.842
2026-04-22T12:23:41.147Z,13.516,pi:0,duck,0.8832,611.77,447.02,804.02,663.08,1.909,-7.841
2026-04-22T12:23:41.181Z,13.550,pi:0,duck,0.8759,611.74,447.02,804.79,662.90,1.911,-7.829
2026-04-22T12:23:41.221Z,13.589,pi:0,duck,0.8759,611.77,448.02,803.27,662.72,1.921,-7.853
2026-04-22T12:23:41.253Z,13.621,pi:0,duck,0.8795,612.54,447.02,804.78,662.85,1.911,-7.817
2026-04-22T12:23:41.286Z,13.655,pi:0,duck,0.8795,611.70,448.01,804.01,663.14,1.917,-7.842
2026-04-22T12:23:41.324Z,13.693,pi:0,duck,0.8795,611.76,447.02,804.79,662.79,1.912,-7.829
2026-04-22T12:23:41.357Z,13.726,pi:0,duck,0.8795,611.03,447.02,804.01,663.93,1.902,-7.853
2026-04-22T12:23:41.396Z,13.765,pi:0,duck,0.8795,611.78,447.02,804.78,662.85,1.911,-7.829
2026-04-22T12:23:41.436Z,13.805,pi:0,duck,0.8795,611.77,447.02,804.01,663.19,1.908,-7.842
2026-04-22T12:23:41.468Z,13.836,pi:0,duck,0.8795,611.78,447.02,804.01,662.85,1.911,-7.841
2026-04-22T12:23:41.503Z,13.872,pi:0,duck,0.8795,612.54,447.02,804.01,663.24,1.908,-7.829
2026-04-22T12:23:41.540Z,13.908,pi:0,duck,0.8795,611.76,448.02,804.79,663.19,1.917,-7.829
2026-04-22T12:23:41.573Z,13.941,pi:0,duck,0.8759,611.76,448.01,804.01,663.24,1.917,-7.842
2026-04-22T12:23:41.607Z,13.975,pi:0,duck,0.8832,611.00,447.02,804.01,663.64,1.904,-7.854
2026-04-22T12:23:41.644Z,14.013,pi:0,duck,0.8759,611.75,447.02,804.79,663.24,1.908,-7.829
2026-04-22T12:23:41.675Z,14.043,pi:0,duck,0.8795,611.77,448.01,804.01,663.24,1.917,-7.841
2026-04-22T12:23:41.713Z,14.082,pi:0,duck,0.8832,611.76,448.99,804.00,663.24,1.925,-7.842
2026-04-22T12:23:41.747Z,14.116,pi:0,duck,0.8832,611.76,447.02,804.01,663.64,1.904,-7.842
2026-04-22T12:23:41.786Z,14.155,pi:0,duck,0.8759,612.53,448.02,804.78,662.95,1.919,-7.817
2026-04-22T12:23:41.820Z,14.188,pi:0,duck,0.8795,611.79,448.02,804.01,663.14,1.918,-7.841
2026-04-22T12:23:41.862Z,14.231,pi:0,duck,0.8795,612.54,448.02,804.79,663.24,1.917,-7.817
2026-04-22T12:23:41.898Z,14.266,pi:0,duck,0.8795,611.74,447.02,804.01,663.24,1.908,-7.842
2026-04-22T12:23:41.934Z,14.302,pi:0,duck,0.8795,611.77,448.01,804.78,663.14,1.917,-7.829
2026-04-22T12:23:41.974Z,14.342,pi:0,duck,0.8795,611.02,448.01,804.00,663.60,1.913,-7.854
2026-04-22T12:23:42.004Z,14.372,pi:0,duck,0.8759,611.72,447.02,805.59,663.50,1.905,-7.817
2026-04-22T12:23:42.039Z,14.408,pi:0,duck,0.8759,611.02,447.02,804.01,663.19,1.908,-7.854
2026-04-22T12:23:42.084Z,14.452,pi:0,duck,0.8795,611.74,448.02,804.01,663.19,1.917,-7.842
2026-04-22T12:23:42.111Z,14.480,pi:0,duck,0.8832,610.96,448.01,804.01,663.14,1.917,-7.854
2026-04-22T12:23:42.154Z,14.523,pi:0,duck,0.8795,611.75,447.02,804.00,663.64,1.904,-7.842
2026-04-22T12:23:42.191Z,14.559,pi:0,duck,0.8759,611.02,448.02,804.01,663.19,1.917,-7.854
2026-04-22T12:23:42.230Z,14.599,pi:0,duck,0.8795,612.54,447.02,804.78,663.60,1.905,-7.817
2026-04-22T12:23:42.263Z,14.631,pi:0,duck,0.8795,611.74,447.03,804.01,663.14,1.909,-7.842
2026-04-22T12:23:42.310Z,14.678,pi:0,duck,0.8832,611.75,448.02,804.01,663.14,1.918,-7.842
2026-04-22T12:23:42.337Z,14.706,pi:0,duck,0.8795,611.04,447.03,804.79,663.24,1.908,-7.841
2026-04-22T12:23:42.380Z,14.749,pi:0,duck,0.8759,611.74,447.03,804.01,662.90,1.911,-7.842
2026-04-22T12:23:42.413Z,14.782,pi:0,duck,0.8795,611.74,447.03,804.01,663.19,1.908,-7.842
2026-04-22T12:23:42.442Z,14.811,pi:0,duck,0.8795,612.54,448.02,804.79,663.64,1.913,-7.817
2026-04-22T12:23:42.485Z,14.854,pi:0,duck,0.8795,611.03,448.99,804.02,663.60,1.922,-7.853
2026-04-22T12:23:42.520Z,14.889,pi:0,duck,0.8795,612.57,448.99,804.01,663.24,1.925,-7.829
2026-04-22T12:23:42.561Z,14.929,pi:0,duck,0.8759,612.59,448.99,804.01,663.19,1.926,-7.828
2026-04-22T12:23:42.601Z,14.970,pi:0,duck,0.8795,612.58,448.01,804.01,663.19,1.917,-7.829
2026-04-22T12:23:42.635Z,15.003,pi:0,duck,0.8759,612.57,448.01,804.79,663.64,1.913,-7.816
2026-04-22T12:23:42.671Z,15.040,pi:0,duck,0.8759,612.59,448.99,804.78,663.60,1.922,-7.816
2026-04-22T12:23:42.701Z,15.070,pi:0,duck,0.8795,611.81,448.99,804.01,663.19,1.926,-7.841
2026-04-22T12:23:42.739Z,15.107,pi:0,duck,0.8795,612.58,448.01,804.01,663.24,1.917,-7.829
2026-04-22T12:23:42.776Z,15.144,pi:0,duck,0.8795,612.55,448.01,804.79,663.88,1.911,-7.816
2026-04-22T12:23:42.811Z,15.180,pi:0,duck,0.8759,612.58,448.02,804.01,663.24,1.917,-7.829
2026-04-22T12:23:42.845Z,15.214,pi:0,duck,0.8722,611.80,448.02,804.79,663.24,1.917,-7.829
2026-04-22T12:23:42.881Z,15.250,pi:0,duck,0.8759,611.82,448.99,804.78,662.79,1.929,-7.828
2026-04-22T12:23:42.911Z,15.280,pi:0,duck,0.8759,611.82,447.02,804.01,663.24,1.908,-7.841
2026-04-22T12:23:42.955Z,15.324,pi:0,duck,0.8759,612.59,448.01,804.01,663.64,1.913,-7.828
2026-04-22T12:23:42.993Z,15.361,pi:0,duck,0.8759,611.81,448.99,804.01,663.19,1.926,-7.841
2026-04-22T12:23:43.024Z,15.393,pi:0,duck,0.8759,612.59,448.01,804.01,663.50,1.914,-7.828
2026-04-22T12:23:43.059Z,15.427,pi:0,duck,0.8759,612.59,447.02,804.01,663.19,1.908,-7.828
2026-04-22T12:23:43.093Z,15.461,pi:0,duck,0.8795,611.78,448.01,804.01,662.90,1.920,-7.841
2026-04-22T12:23:43.127Z,15.495,pi:0,duck,0.8759,611.81,448.01,804.01,663.55,1.914,-7.841
2026-04-22T12:23:43.162Z,15.530,pi:0,duck,0.8795,612.58,448.01,804.79,662.85,1.920,-7.816
2026-04-22T12:23:43.205Z,15.573,pi:0,duck,0.8759,611.79,448.01,804.78,663.19,1.917,-7.829
2026-04-22T12:23:43.235Z,15.603,pi:0,duck,0.8759,611.81,448.02,804.01,663.64,1.913,-7.841
2026-04-22T12:23:43.277Z,15.646,pi:0,duck,0.8795,611.78,448.01,804.78,663.19,1.917,-7.829
2026-04-22T12:23:43.304Z,15.673,pi:0,duck,0.8795,611.04,447.02,804.01,663.60,1.905,-7.853
2026-04-22T12:23:43.345Z,15.714,pi:0,duck,0.8795,611.02,448.99,804.01,663.19,1.926,-7.854
2026-04-22T12:23:43.376Z,15.745,pi:0,duck,0.8759,611.76,448.02,804.78,663.60,1.913,-7.829
2026-04-22T12:23:43.417Z,15.786,pi:0,duck,0.8795,611.76,448.99,804.00,663.19,1.926,-7.842
2026-04-22T12:23:43.453Z,15.822,pi:0,duck,0.8759,611.76,448.02,804.01,663.19,1.917,-7.842
2026-04-22T12:23:43.489Z,15.858,pi:0,duck,0.8759,611.74,448.02,804.01,663.19,1.917,-7.842
2026-04-22T12:23:43.525Z,15.894,pi:0,duck,0.8795,611.73,448.99,804.01,663.50,1.923,-7.842
2026-04-22T12:23:43.562Z,15.931,pi:0,duck,0.8759,607.53,451.83,807.28,661.36,1.969,-7.857
2026-04-22T12:23:43.595Z,15.963,pi:0,duck,0.8795,611.76,448.99,804.01,663.19,1.926,-7.842
2026-04-22T12:23:43.629Z,15.998,pi:0,duck,0.8795,611.03,449.95,803.26,663.29,1.934,-7.865
2026-04-22T12:23:43.660Z,16.029,pi:0,duck,0.8686,610.88,450.89,804.01,663.39,1.941,-7.856
2026-04-22T12:23:43.703Z,16.072,pi:0,duck,0.8686,610.94,450.89,804.01,663.13,1.944,-7.855
2026-04-22T12:23:43.736Z,16.104,pi:0,duck,0.8649,610.98,451.81,804.78,663.50,1.949,-7.842
2026-04-22T12:23:43.773Z,16.141,pi:0,duck,0.8613,611.69,450.90,804.78,663.19,1.943,-7.830
2026-04-22T12:23:43.805Z,16.174,pi:0,duck,0.8613,610.98,450.90,803.26,663.24,1.943,-7.866
2026-04-22T12:23:43.841Z,16.209,pi:0,duck,0.8613,610.95,450.90,804.01,663.44,1.941,-7.855
2026-04-22T12:23:43.881Z,16.249,pi:0,duck,0.8649,611.69,449.96,804.78,662.85,1.938,-7.830
2026-04-22T12:23:43.918Z,16.287,pi:0,duck,0.8613,610.99,451.81,804.78,663.07,1.953,-7.842
2026-04-22T12:23:43.949Z,16.318,pi:0,duck,0.8686,610.32,451.82,804.78,663.24,1.951,-7.852
2026-04-22T12:23:43.981Z,16.350,pi:0,duck,0.8576,607.02,451.85,807.28,660.89,1.973,-7.865
2026-04-22T12:23:44.021Z,16.390,pi:0,duck,0.8649,610.95,453.54,804.78,663.19,1.968,-7.842
2026-04-22T12:23:44.062Z,16.430,pi:0,duck,0.8576,610.23,451.81,804.78,663.88,1.945,-7.854
2026-04-22T12:23:44.089Z,16.458,pi:0,duck,0.8576,609.56,451.80,804.78,663.13,1.952,-7.864
2026-04-22T12:23:44.129Z,16.498,pi:0,duck,0.8649,609.56,452.70,804.01,663.13,1.960,-7.877
2026-04-22T12:23:44.159Z,16.527,pi:0,duck,0.8613,610.22,452.70,804.01,663.50,1.957,-7.866
2026-04-22T12:23:44.201Z,16.570,pi:0,duck,0.8540,607.48,451.84,807.28,661.00,1.972,-7.858
2026-04-22T12:23:44.232Z,16.600,pi:0,duck,0.8649,606.98,451.84,807.28,661.13,1.971,-7.866
2026-04-22T12:23:44.281Z,16.650,pi:0,duck,0.8613,607.44,452.73,808.17,660.96,1.981,-7.844
2026-04-22T12:23:44.318Z,16.686,pi:0,duck,0.8540,606.93,452.74,808.17,660.96,1.981,-7.852
2026-04-22T12:23:44.365Z,16.734,pi:0,duck,0.8613,610.93,449.96,804.00,663.13,1.935,-7.855
2026-04-22T12:23:44.405Z,16.773,pi:0,duck,0.8613,606.93,452.74,808.17,660.89,1.982,-7.852
2026-04-22T12:23:44.441Z,16.810,pi:0,duck,0.8686,606.98,452.74,808.18,661.09,1.980,-7.851
2026-04-22T12:23:44.476Z,16.844,pi:0,duck,0.8540,606.88,453.60,808.17,660.92,1.990,-7.853
2026-04-22T12:23:44.513Z,16.881,pi:0,duck,0.8613,607.49,452.73,808.17,660.81,1.982,-7.843
2026-04-22T12:23:44.548Z,16.916,pi:0,duck,0.8722,606.98,452.73,807.28,661.00,1.981,-7.866
2026-04-22T12:23:44.580Z,16.948,pi:0,duck,0.8649,606.98,452.74,807.28,661.30,1.978,-7.866
2026-04-22T12:23:44.621Z,16.989,pi:0,duck,0.8722,606.93,452.73,807.28,660.96,1.981,-7.867
2026-04-22T12:23:44.657Z,17.026,pi:0,duck,0.8722,606.88,452.73,808.17,661.09,1.980,-7.853
2026-04-22T12:23:44.713Z,17.082,pi:0,duck,0.8759,612.50,448.02,804.01,663.29,1.916,-7.830
2026-04-22T12:23:44.763Z,17.131,pi:0,duck,0.8759,607.43,451.83,807.28,661.13,1.971,-7.858
2026-04-22T12:23:44.805Z,17.173,pi:0,duck,0.8686,606.93,451.83,807.28,661.26,1.970,-7.867
2026-04-22T12:23:44.847Z,17.215,pi:0,duck,0.8686,607.48,451.83,807.28,661.26,1.970,-7.858
2026-04-22T12:23:44.873Z,17.241,pi:0,duck,0.8649,614.16,448.02,804.00,662.46,1.924,-7.803
2026-04-22T12:23:44.913Z,17.282,pi:0,duck,0.8686,606.97,451.84,807.28,660.85,1.974,-7.866
2026-04-22T12:23:44.944Z,17.312,pi:0,duck,0.8649,606.93,452.73,808.17,661.00,1.981,-7.852
2026-04-22T12:23:44.978Z,17.346,pi:0,duck,0.8613,613.30,449.96,804.00,662.52,1.941,-7.817
2026-04-22T12:23:45.013Z,17.382,pi:0,duck,0.8649,607.48,451.84,807.28,660.85,1.974,-7.858
2026-04-22T12:23:45.051Z,17.419,pi:0,duck,0.8649,612.47,449.00,804.00,663.24,1.925,-7.830
2026-04-22T12:23:45.108Z,17.477,pi:0,duck,0.8576,613.29,449.96,804.01,663.24,1.934,-7.817
2026-04-22T12:23:45.162Z,17.531,pi:0,duck,0.8613,612.23,449.00,804.01,663.55,1.923,-7.834
2026-04-22T12:23:45.235Z,17.603,pi:0,duck,0.8649,611.60,449.96,804.01,663.19,1.934,-7.844
2026-04-22T12:23:45.301Z,17.670,pi:0,duck,0.8503,612.42,449.00,804.01,663.24,1.925,-7.831
2026-04-22T12:23:45.365Z,17.734,pi:0,duck,0.8686,606.93,452.74,806.41,661.09,1.980,-7.880
2026-04-22T12:23:45.433Z,17.802,pi:0,duck,0.8722,613.29,449.00,804.00,662.85,1.929,-7.817
2026-04-22T12:23:45.481Z,17.850,pi:0,duck,0.8686,611.77,448.99,804.00,662.72,1.930,-7.842
2026-04-22T12:23:45.568Z,17.936,pi:0,duck,0.8722,612.57,448.99,804.00,663.55,1.923,-7.829
2026-04-22T12:23:45.613Z,17.982,pi:0,duck,0.8795,611.78,448.02,804.78,663.29,1.916,-7.829
2026-04-22T12:23:45.689Z,18.058,pi:0,duck,0.8832,611.78,448.01,804.00,662.52,1.923,-7.841
2026-04-22T12:23:45.730Z,18.099,pi:0,duck,0.8795,612.58,448.01,804.78,662.85,1.920,-7.816
2026-04-22T12:23:45.779Z,18.148,pi:0,duck,0.8832,611.77,447.02,804.78,662.85,1.911,-7.829
2026-04-22T12:23:45.828Z,18.196,pi:0,duck,0.8759,612.59,448.02,804.00,662.52,1.923,-7.828
2026-04-22T12:23:45.875Z,18.243,pi:0,duck,0.8795,612.57,448.01,804.00,662.85,1.920,-7.829
2026-04-22T12:23:45.913Z,18.282,pi:0,duck,0.8759,612.57,448.02,804.78,662.85,1.920,-7.816
2026-04-22T12:23:45.951Z,18.320,pi:0,duck,0.8795,612.54,447.02,804.00,663.19,1.908,-7.829
2026-04-22T12:23:45.987Z,18.356,pi:0,duck,0.8759,611.77,447.03,804.00,662.85,1.911,-7.842
2026-04-22T12:23:46.034Z,18.402,pi:0,duck,0.8759,611.75,447.03,804.00,663.55,1.905,-7.842
2026-04-22T12:23:46.068Z,18.437,pi:0,duck,0.8722,612.52,446.02,804.00,662.79,1.903,-7.829
2026-04-22T12:23:46.102Z,18.471,pi:0,duck,0.8795,612.56,447.03,804.00,663.14,1.909,-7.829
2026-04-22T12:23:46.146Z,18.515,pi:0,duck,0.8759,611.77,447.02,804.00,663.93,1.902,-7.842
2026-04-22T12:23:46.197Z,18.565,pi:0,duck,0.8759,612.54,447.02,804.00,663.14,1.909,-7.829
2026-04-22T12:23:46.249Z,18.617,pi:0,duck,0.8795,612.56,447.02,804.00,663.14,1.909,-7.829
2026-04-22T12:23:46.293Z,18.661,pi:0,duck,0.8795,613.37,447.02,804.01,663.24,1.908,-7.816
2026-04-22T12:23:46.339Z,18.707,pi:0,duck,0.8795,612.54,446.02,804.01,663.60,1.896,-7.829
2026-04-22T12:23:46.371Z,18.740,pi:0,duck,0.8795,612.57,447.02,804.00,663.19,1.908,-7.829
2026-04-22T12:23:46.418Z,18.787,pi:0,duck,0.8795,611.78,446.02,804.00,663.19,1.899,-7.841
2026-04-22T12:23:46.468Z,18.837,pi:0,duck,0.8795,612.53,446.02,804.00,663.60,1.896,-7.829
2026-04-22T12:23:46.501Z,18.870,pi:0,duck,0.8759,612.56,446.02,804.78,663.60,1.896,-7.816
2026-04-22T12:23:46.530Z,18.898,pi:0,duck,0.8795,612.54,446.02,803.26,663.60,1.896,-7.841
2026-04-22T12:23:46.574Z,18.943,pi:0,duck,0.8868,612.52,447.02,804.00,662.85,1.911,-7.829
2026-04-22T12:23:46.608Z,18.976,pi:0,duck,0.8795,612.57,447.02,803.26,663.55,1.905,-7.841
2026-04-22T12:23:46.641Z,19.010,pi:0,duck,0.8795,612.56,447.02,804.01,663.60,1.905,-7.829
2026-04-22T12:23:46.684Z,19.052,pi:0,duck,0.8795,612.56,447.02,804.00,663.60,1.905,-7.829
2026-04-22T12:23:46.728Z,19.096,pi:0,duck,0.8795,612.56,447.02,804.00,663.60,1.905,-7.829
2026-04-22T12:23:46.789Z,19.157,pi:0,duck,0.8795,612.55,446.02,803.26,663.24,1.899,-7.841
2026-04-22T12:23:46.849Z,19.217,pi:0,duck,0.8759,612.54,447.02,804.00,663.24,1.908,-7.829
2026-04-22T12:23:46.885Z,19.253,pi:0,duck,0.8795,613.37,447.02,804.00,663.64,1.904,-7.816
2026-04-22T12:23:46.942Z,19.310,pi:0,duck,0.8795,612.57,446.02,804.00,663.97,1.893,-7.829
2026-04-22T12:23:46.985Z,19.353,pi:0,duck,0.8759,612.55,447.02,803.26,663.55,1.905,-7.841
2026-04-22T12:23:47.017Z,19.386,pi:0,duck,0.8832,613.36,447.02,804.00,663.24,1.908,-7.816
2026-04-22T12:23:47.071Z,19.440,pi:0,duck,0.8795,613.36,447.02,803.26,663.55,1.905,-7.828
2026-04-22T12:23:47.138Z,19.507,pi:0,duck,0.8795,613.38,447.02,803.26,663.60,1.905,-7.828
2026-04-22T12:23:47.182Z,19.551,pi:0,duck,0.8832,612.56,446.02,804.01,663.97,1.893,-7.829
2026-04-22T12:23:47.284Z,19.652,pi:0,duck,0.8795,613.39,447.02,804.00,663.55,1.905,-7.816
2026-04-22T12:23:47.327Z,19.696,pi:0,duck,0.8832,612.56,446.02,804.00,663.60,1.896,-7.829
2026-04-22T12:23:47.368Z,19.737,pi:0,duck,0.8795,612.54,447.02,804.00,663.93,1.902,-7.829
2026-04-22T12:23:47.410Z,19.778,pi:0,duck,0.8795,613.37,448.02,803.26,663.24,1.917,-7.828
2026-04-22T12:23:47.455Z,19.823,pi:0,duck,0.8759,612.57,447.02,804.00,662.85,1.911,-7.829
2026-04-22T12:23:47.493Z,19.862,pi:0,duck,0.8795,613.36,448.01,804.00,663.14,1.917,-7.816
2026-04-22T12:23:47.533Z,19.902,pi:0,duck,0.8795,613.38,447.02,804.78,663.29,1.907,-7.803
2026-04-22T12:23:47.581Z,19.950,pi:0,duck,0.8832,611.80,447.02,804.78,664.01,1.901,-7.829
2026-04-22T12:23:47.621Z,19.990,pi:0,duck,0.8759,612.57,447.02,804.78,663.24,1.908,-7.816
2026-04-22T12:23:47.661Z,20.030,pi:0,duck,0.8795,612.55,448.02,804.00,663.64,1.913,-7.829
2026-04-22T12:23:47.723Z,20.091,pi:0,duck,0.8795,612.55,448.01,803.26,663.29,1.916,-7.841
2026-04-22T12:23:47.758Z,20.126,pi:0,duck,0.8759,607.48,450.91,808.17,661.33,1.960,-7.843
2026-04-22T12:23:47.808Z,20.176,pi:0,duck,0.8795,612.54,448.01,804.78,663.55,1.914,-7.817
2026-04-22T12:23:47.858Z,20.226,pi:0,duck,0.8759,611.77,447.02,804.78,663.19,1.908,-7.829
2026-04-22T12:23:47.912Z,20.281,pi:0,duck,0.8832,612.52,447.03,804.78,663.50,1.906,-7.817
2026-04-22T12:23:47.965Z,20.334,pi:0,duck,0.8795,611.75,447.02,804.00,663.97,1.901,-7.842
2026-04-22T12:23:48.022Z,20.390,pi:0,duck,0.8832,612.50,447.03,804.78,663.64,1.904,-7.817
2026-04-22T12:23:48.100Z,20.468,pi:0,duck,0.8795,613.34,447.02,804.00,663.60,1.905,-7.816
2026-04-22T12:23:48.183Z,20.552,pi:0,duck,0.8759,612.53,447.03,803.26,663.97,1.901,-7.841
2026-04-22T12:23:48.275Z,20.643,pi:0,duck,0.8795,612.53,447.02,804.00,663.93,1.902,-7.829
2026-04-22T12:23:48.344Z,20.713,pi:0,duck,0.8795,612.55,448.02,804.00,664.01,1.910,-7.829
2026-04-22T12:23:48.410Z,20.779,pi:0,duck,0.8795,612.55,447.03,804.00,663.55,1.905,-7.829
2026-04-22T12:23:48.457Z,20.829,pi:0,duck,0.8759,611.73,447.03,804.00,664.01,1.901,-7.842
2026-04-22T12:23:48.504Z,20.872,pi:0,duck,0.8832,612.53,448.02,804.00,663.19,1.917,-7.829
2026-04-22T12:23:48.536Z,20.905,pi:0,duck,0.8722,611.77,447.03,804.00,663.68,1.904,-7.842
2026-04-22T12:23:48.584Z,20.954,pi:0,duck,0.8795,612.52,447.03,803.26,663.55,1.905,-7.841
2026-04-22T12:23:48.622Z,20.990,pi:0,duck,0.8795,611.77,447.03,804.00,663.50,1.906,-7.842
2026-04-22T12:23:48.673Z,21.042,pi:0,duck,0.8832,610.96,447.03,804.00,663.60,1.905,-7.855
2026-04-22T12:23:48.714Z,21.082,pi:0,duck,0.8759,612.55,447.03,803.26,663.64,1.904,-7.841
2026-04-22T12:23:48.769Z,21.138,pi:0,duck,0.8795,611.73,447.03,804.01,663.60,1.905,-7.842
2026-04-22T12:23:48.809Z,21.178,pi:0,duck,0.8795,612.53,448.02,803.26,664.01,1.910,-7.841
2026-04-22T12:23:48.852Z,21.221,pi:0,duck,0.8759,612.53,447.03,803.26,663.97,1.901,-7.841
2026-04-22T12:23:48.897Z,21.266,pi:0,duck,0.8759,611.76,448.02,803.26,663.97,1.910,-7.854
2026-04-22T12:23:48.936Z,21.304,pi:0,duck,0.8759,612.51,448.02,803.26,663.64,1.913,-7.842
2026-04-22T12:23:48.972Z,21.341,pi:0,duck,0.8759,612.53,448.02,803.26,663.24,1.917,-7.841
2026-04-22T12:23:49.006Z,21.374,pi:0,duck,0.8759,611.76,448.02,804.00,663.68,1.913,-7.842
2026-04-22T12:23:49.059Z,21.427,pi:0,duck,0.8795,611.73,448.02,804.00,663.60,1.913,-7.842
2026-04-22T12:23:49.107Z,21.475,pi:0,duck,0.8759,611.71,447.03,803.26,663.24,1.908,-7.854
2026-04-22T12:23:49.165Z,21.533,pi:0,duck,0.8759,612.52,448.02,803.26,663.33,1.916,-7.841
2026-04-22T12:23:49.239Z,21.607,pi:0,duck,0.8759,611.79,448.02,803.26,663.60,1.913,-7.853
2026-04-22T12:23:49.325Z,21.694,pi:0,duck,0.8759,612.53,448.02,803.26,663.64,1.913,-7.841
2026-04-22T12:23:49.436Z,21.805,pi:0,duck,0.8759,612.53,448.02,803.26,663.97,1.910,-7.841
2026-04-22T12:23:49.503Z,21.872,pi:0,duck,0.8795,611.73,448.02,804.00,663.64,1.913,-7.842
2026-04-22T12:23:49.577Z,21.946,pi:0,duck,0.8759,612.53,448.02,803.26,663.97,1.910,-7.841
2026-04-22T12:23:49.667Z,22.036,pi:0,duck,0.8759,612.57,448.02,803.26,663.64,1.913,-7.841
2026-04-22T12:23:49.745Z,22.113,pi:0,duck,0.8832,612.53,448.02,803.26,663.60,1.913,-7.841
2026-04-22T12:23:49.883Z,22.252,pi:0,duck,0.8759,611.76,447.02,803.26,663.60,1.905,-7.854
2026-04-22T12:23:49.946Z,22.315,pi:0,duck,0.8759,611.73,448.02,803.26,663.64,1.913,-7.854
2026-04-22T12:23:50.051Z,22.419,pi:0,duck,0.8759,611.73,448.02,803.26,663.50,1.914,-7.854
2026-04-22T12:23:50.139Z,22.507,pi:0,duck,0.8759,611.73,447.03,804.00,663.55,1.905,-7.842
2026-04-22T12:23:50.206Z,22.574,pi:0,duck,0.8722,610.97,447.03,803.26,663.60,1.905,-7.866
2026-04-22T12:23:50.293Z,22.662,pi:0,duck,0.8795,612.53,448.02,803.26,663.60,1.913,-7.841
2026-04-22T12:23:50.343Z,22.712,pi:0,duck,0.8722,612.53,448.02,804.00,663.29,1.916,-7.829
2026-04-22T12:23:50.393Z,22.762,pi:0,duck,0.8686,612.51,448.02,803.26,663.33,1.916,-7.842
2026-04-22T12:23:50.441Z,22.809,pi:0,duck,0.8722,612.54,448.02,804.00,663.64,1.913,-7.829
2026-04-22T12:23:50.475Z,22.843,pi:0,duck,0.8722,612.51,448.02,804.00,663.29,1.916,-7.830
2026-04-22T12:23:50.520Z,22.889,pi:0,duck,0.8759,612.54,448.02,804.78,663.29,1.916,-7.817
2026-04-22T12:23:50.556Z,22.924,pi:0,duck,0.8759,612.53,448.02,804.01,663.68,1.913,-7.829
2026-04-22T12:23:50.602Z,22.970,pi:0,duck,0.8795,610.98,447.03,804.00,663.24,1.908,-7.854
2026-04-22T12:23:50.650Z,23.018,pi:0,duck,0.8795,610.98,448.02,803.26,663.60,1.913,-7.866
2026-04-22T12:23:50.690Z,23.059,pi:0,duck,0.8759,613.34,448.02,804.00,663.19,1.917,-7.816
2026-04-22T12:23:50.729Z,23.097,pi:0,duck,0.8686,612.50,448.02,804.01,663.24,1.917,-7.830
2026-04-22T12:23:50.776Z,23.145,pi:0,duck,0.8759,612.52,448.02,804.00,662.95,1.919,-7.829
2026-04-22T12:23:50.825Z,23.193,pi:0,duck,0.8686,611.77,448.02,803.26,662.95,1.919,-7.853
2026-04-22T12:23:50.869Z,23.238,pi:0,duck,0.8759,612.51,448.02,804.00,662.96,1.919,-7.830
2026-04-22T12:23:50.906Z,23.275,pi:0,duck,0.8722,608.06,451.83,807.28,661.26,1.970,-7.848
2026-04-22T12:23:50.945Z,23.314,pi:0,duck,0.8759,611.77,448.02,804.00,663.33,1.916,-7.842
2026-04-22T12:23:50.985Z,23.353,pi:0,duck,0.8759,611.77,448.02,804.00,663.29,1.916,-7.842
2026-04-22T12:23:51.019Z,23.387,pi:0,duck,0.8722,612.57,448.02,804.00,663.29,1.916,-7.829
2026-04-22T12:23:51.056Z,23.424,pi:0,duck,0.8722,612.57,448.02,804.00,663.29,1.916,-7.829
2026-04-22T12:23:51.079Z,23.448,pi:0,duck,0.8759,612.51,447.02,804.00,663.60,1.905,-7.830
2026-04-22T12:23:51.127Z,23.495,pi:0,duck,0.8795,611.73,447.02,804.00,663.55,1.905,-7.842
2026-04-22T12:23:51.166Z,23.534,pi:0,duck,0.8722,611.71,448.02,804.00,663.64,1.913,-7.842
2026-04-22T12:23:51.208Z,23.577,pi:0,duck,0.8759,611.75,448.02,804.00,663.93,1.911,-7.842
2026-04-22T12:23:51.249Z,23.617,pi:0,duck,0.8759,612.51,448.02,804.00,663.55,1.914,-7.830
2026-04-22T12:23:51.292Z,23.661,pi:0,duck,0.8795,611.69,448.02,804.00,663.14,1.918,-7.843
2026-04-22T12:23:51.334Z,23.703,pi:0,duck,0.8686,613.36,448.02,803.26,663.97,1.910,-7.828
2026-04-22T12:23:51.381Z,23.750,pi:0,duck,0.8832,611.71,448.02,804.00,664.01,1.910,-7.843
2026-04-22T12:23:51.427Z,23.796,pi:0,duck,0.8795,611.73,448.02,804.00,663.97,1.910,-7.842
2026-04-22T12:23:51.465Z,23.833,pi:0,duck,0.8832,611.73,448.02,804.00,663.55,1.914,-7.842
2026-04-22T12:23:51.508Z,23.876,pi:0,duck,0.8759,611.79,448.02,804.00,663.64,1.913,-7.841
2026-04-22T12:23:51.542Z,23.911,pi:0,duck,0.8795,611.75,448.02,804.00,663.60,1.913,-7.842
2026-04-22T12:23:51.588Z,23.957,pi:0,duck,0.8795,612.53,448.02,803.26,664.33,1.907,-7.841
2026-04-22T12:23:51.625Z,23.994,pi:0,duck,0.8795,611.73,448.02,803.26,664.01,1.910,-7.854
2026-04-22T12:23:51.673Z,24.042,pi:0,duck,0.8795,611.78,447.02,803.26,663.24,1.908,-7.853
2026-04-22T12:23:51.712Z,24.081,pi:0,duck,0.8795,611.76,448.02,803.26,663.64,1.913,-7.854
2026-04-22T12:23:51.755Z,24.123,pi:0,duck,0.8832,611.69,448.02,803.26,663.33,1.916,-7.855
2026-04-22T12:23:51.793Z,24.162,pi:0,duck,0.8795,611.74,448.02,803.26,663.97,1.910,-7.854
2026-04-22T12:23:51.838Z,24.206,pi:0,duck,0.8759,611.77,448.02,803.26,663.97,1.910,-7.853
2026-04-22T12:23:51.878Z,24.246,pi:0,duck,0.8795,611.75,448.02,804.00,663.64,1.913,-7.842
2026-04-22T12:23:51.922Z,24.291,pi:0,duck,0.8795,612.51,448.02,804.00,663.33,1.916,-7.830
2026-04-22T12:23:51.957Z,24.325,pi:0,duck,0.8795,611.75,448.01,804.00,663.64,1.913,-7.842
2026-04-22T12:23:52.005Z,24.374,pi:0,duck,0.8759,612.55,448.01,804.00,663.29,1.916,-7.829
2026-04-22T12:23:52.050Z,24.418,pi:0,duck,0.8795,610.99,448.02,804.00,663.24,1.917,-7.854
2026-04-22T12:23:52.091Z,24.459,pi:0,duck,0.8759,611.75,448.02,804.00,663.60,1.913,-7.842
2026-04-22T12:23:52.135Z,24.503,pi:0,duck,0.8722,611.75,448.02,803.26,663.68,1.913,-7.854
2026-04-22T12:23:52.181Z,24.549,pi:0,duck,0.8795,611.73,448.02,803.26,663.29,1.916,-7.854
2026-04-22T12:23:52.241Z,24.609,pi:0,duck,0.8686,611.75,448.02,803.26,664.05,1.909,-7.854
2026-04-22T12:23:52.281Z,24.650,pi:0,duck,0.8795,611.72,448.02,803.26,663.64,1.913,-7.854
2026-04-22T12:23:52.328Z,24.697,pi:0,duck,0.8759,611.77,448.02,804.00,663.64,1.913,-7.842
2026-04-22T12:23:52.385Z,24.754,pi:0,duck,0.8759,611.72,448.02,804.00,663.33,1.916,-7.842
2026-04-22T12:23:52.434Z,24.803,pi:0,duck,0.8759,611.75,448.02,803.26,663.97,1.910,-7.854
2026-04-22T12:23:52.489Z,24.858,pi:0,duck,0.8759,611.73,448.02,803.26,663.60,1.913,-7.854
2026-04-22T12:23:52.549Z,24.917,pi:0,duck,0.8686,611.75,448.02,804.00,663.64,1.913,-7.842
2026-04-22T12:23:52.622Z,24.990,pi:0,duck,0.8759,611.73,448.02,803.26,663.60,1.913,-7.854
2026-04-22T12:23:52.663Z,25.032,pi:0,duck,0.8686,608.01,450.92,807.28,661.60,1.958,-7.849
2026-04-22T12:23:52.725Z,25.094,pi:0,duck,0.8759,612.51,448.02,803.26,663.68,1.913,-7.842
2026-04-22T12:23:52.767Z,25.135,pi:0,duck,0.8686,608.01,450.92,807.28,661.48,1.959,-7.849
2026-04-22T12:23:52.811Z,25.180,pi:0,duck,0.8722,611.73,448.02,804.00,663.64,1.913,-7.842
2026-04-22T12:23:52.864Z,25.233,pi:0,duck,0.8759,611.76,448.02,803.26,663.24,1.917,-7.854
2026-04-22T12:23:52.904Z,25.273,pi:0,duck,0.8795,611.70,448.02,804.78,663.60,1.913,-7.830
2026-04-22T12:23:52.945Z,25.313,pi:0,duck,0.8759,612.49,447.03,804.00,663.64,1.904,-7.830
2026-04-22T12:23:52.993Z,25.362,pi:0,duck,0.8795,611.75,448.02,804.01,663.19,1.917,-7.842
2026-04-22T12:23:53.032Z,25.400,pi:0,duck,0.8759,611.75,448.02,804.01,662.85,1.920,-7.842
2026-04-22T12:23:53.072Z,25.440,pi:0,duck,0.8722,611.77,448.02,804.00,663.19,1.917,-7.842
2026-04-22T12:23:53.117Z,25.485,pi:0,duck,0.8759,607.48,451.83,808.17,661.44,1.968,-7.844
2026-04-22T12:23:53.162Z,25.531,pi:0,duck,0.8759,612.53,448.02,803.26,663.50,1.914,-7.841
2026-04-22T12:23:53.215Z,25.583,pi:0,duck,0.8649,612.52,448.02,803.26,663.29,1.916,-7.841
2026-04-22T12:23:53.257Z,25.626,pi:0,duck,0.8759,611.73,447.03,804.00,663.60,1.905,-7.842
2026-04-22T12:23:53.302Z,25.670,pi:0,duck,0.8686,608.01,451.83,807.28,661.13,1.971,-7.849
2026-04-22T12:23:53.346Z,25.715,pi:0,duck,0.8686,611.73,448.02,803.26,664.01,1.910,-7.854
2026-04-22T12:23:53.389Z,25.758,pi:0,duck,0.8722,612.54,448.02,804.01,663.64,1.913,-7.829
2026-04-22T12:23:53.435Z,25.803,pi:0,duck,0.8722,611.76,448.02,803.26,663.64,1.913,-7.854
2026-04-22T12:23:53.475Z,25.844,pi:0,duck,0.8759,607.43,450.91,807.28,661.09,1.963,-7.859
2026-04-22T12:23:53.510Z,25.878,pi:0,duck,0.8759,608.01,451.83,806.41,661.44,1.968,-7.863
2026-04-22T12:23:53.548Z,25.916,pi:0,duck,0.8686,611.77,448.02,804.01,663.33,1.916,-7.842
2026-04-22T12:23:53.589Z,25.957,pi:0,duck,0.8759,611.75,448.02,803.26,663.60,1.913,-7.854
2026-04-22T12:23:53.629Z,25.998,pi:0,duck,0.8722,612.50,448.02,804.78,663.60,1.913,-7.817
2026-04-22T12:23:53.662Z,26.030,pi:0,duck,0.8759,606.93,451.83,807.28,661.16,1.971,-7.867
2026-04-22T12:23:53.692Z,26.060,pi:0,duck,0.8686,611.74,448.02,804.00,663.64,1.913,-7.842
2026-04-22T12:23:53.735Z,26.103,pi:0,duck,0.8759,607.43,450.91,807.28,661.44,1.959,-7.859
2026-04-22T12:23:53.770Z,26.138,pi:0,duck,0.8722,612.54,448.02,804.01,663.64,1.913,-7.829
2026-04-22T12:23:53.807Z,26.175,pi:0,duck,0.8722,611.75,448.02,804.01,663.72,1.912,-7.842
2026-04-22T12:23:53.845Z,26.213,pi:0,duck,0.8722,608.01,450.91,807.28,661.44,1.959,-7.849
2026-04-22T12:23:53.883Z,26.251,pi:0,duck,0.8759,606.93,450.91,807.28,661.44,1.959,-7.867
2026-04-22T12:23:53.920Z,26.288,pi:0,duck,0.8759,607.48,450.92,806.41,661.60,1.958,-7.872
2026-04-22T12:23:53.955Z,26.323,pi:0,duck,0.8759,606.97,450.91,806.41,661.33,1.960,-7.880
2026-04-22T12:23:54.000Z,26.368,pi:0,duck,0.8795,611.77,448.02,803.26,663.64,1.913,-7.853
2026-04-22T12:23:54.040Z,26.408,pi:0,duck,0.8795,611.75,448.02,803.26,663.24,1.917,-7.854
2026-04-22T12:23:54.077Z,26.445,pi:0,duck,0.8759,612.54,448.02,803.26,664.01,1.910,-7.841
2026-04-22T12:23:54.129Z,26.497,pi:0,duck,0.8759,607.43,451.83,806.41,661.44,1.968,-7.872
2026-04-22T12:23:54.161Z,26.530,pi:0,duck,0.8722,606.97,450.91,806.42,661.26,1.961,-7.880
2026-04-22T12:23:54.195Z,26.564,pi:0,duck,0.8759,612.50,448.02,803.26,663.60,1.913,-7.842
2026-04-22T12:23:54.233Z,26.602,pi:0,duck,0.8759,606.93,450.91,806.41,661.09,1.963,-7.881
2026-04-22T12:23:54.269Z,26.638,pi:0,duck,0.8722,606.97,450.91,806.41,661.41,1.960,-7.880
2026-04-22T12:23:54.309Z,26.678,pi:0,duck,0.8759,606.97,451.83,806.41,661.60,1.966,-7.880
2026-04-22T12:23:54.345Z,26.714,pi:0,duck,0.8759,611.02,448.02,803.26,663.24,1.917,-7.865
2026-04-22T12:23:54.389Z,26.758,pi:0,duck,0.8722,611.77,448.02,804.00,663.93,1.911,-7.842
2026-04-22T12:23:54.432Z,26.800,pi:0,duck,0.8759,607.43,451.83,806.41,661.41,1.968,-7.873
2026-04-22T12:23:54.478Z,26.846,pi:0,duck,0.8722,611.79,448.02,803.26,663.64,1.913,-7.853
2026-04-22T12:23:54.521Z,26.890,pi:0,duck,0.8722,611.75,448.02,803.26,663.60,1.913,-7.854
2026-04-22T12:23:54.556Z,26.924,pi:0,duck,0.8759,611.76,448.02,803.26,663.24,1.917,-7.854
2026-04-22T12:23:54.595Z,26.964,pi:0,duck,0.8759,607.48,450.91,806.41,661.44,1.959,-7.872
2026-04-22T12:23:54.626Z,26.995,pi:0,duck,0.8759,612.50,448.02,804.01,663.64,1.913,-7.830
2026-04-22T12:23:54.677Z,27.045,pi:0,duck,0.8759,607.52,450.92,807.28,661.84,1.956,-7.857
2026-04-22T12:23:54.711Z,27.080,pi:0,duck,0.8759,611.75,448.02,803.26,663.68,1.913,-7.854
2026-04-22T12:23:54.763Z,27.132,pi:0,duck,0.8759,607.48,450.91,806.41,661.48,1.959,-7.872
2026-04-22T12:23:54.801Z,27.169,pi:0,duck,0.8722,606.93,450.91,806.41,661.26,1.961,-7.881
2026-04-22T12:23:54.831Z,27.199,pi:0,duck,0.8722,606.97,451.83,806.41,661.64,1.966,-7.880
2026-04-22T12:23:54.873Z,27.242,pi:0,duck,0.8722,611.78,448.99,804.00,663.55,1.923,-7.841
2026-04-22T12:23:54.901Z,27.269,pi:0,duck,0.8722,611.75,448.02,803.26,663.97,1.910,-7.854
2026-04-22T12:23:54.945Z,27.313,pi:0,duck,0.8722,611.73,448.02,803.26,663.64,1.913,-7.854
2026-04-22T12:23:54.978Z,27.347,pi:0,duck,0.8722,606.98,451.83,806.41,661.44,1.968,-7.880
2026-04-22T12:23:55.018Z,27.386,pi:0,duck,0.8722,611.75,448.02,803.26,663.64,1.913,-7.854
2026-04-22T12:23:55.054Z,27.423,pi:0,duck,0.8795,611.78,448.02,803.26,663.60,1.913,-7.853
2026-04-22T12:23:55.091Z,27.460,pi:0,duck,0.8759,606.93,450.91,806.41,661.26,1.961,-7.881
2026-04-22T12:23:55.137Z,27.506,pi:0,duck,0.8686,611.72,449.00,802.55,663.29,1.925,-7.866
2026-04-22T12:23:55.168Z,27.536,pi:0,duck,0.8759,607.43,451.83,806.41,661.33,1.969,-7.872
2026-04-22T12:23:55.215Z,27.584,pi:0,duck,0.8759,606.93,450.91,806.41,661.30,1.961,-7.880
2026-04-22T12:23:55.249Z,27.618,pi:0,duck,0.8722,612.54,449.00,803.26,663.64,1.922,-7.841
2026-04-22T12:23:55.285Z,27.654,pi:0,duck,0.8759,612.58,448.02,804.00,663.68,1.913,-7.829
2026-04-22T12:23:55.325Z,27.693,pi:0,duck,0.8832,611.75,448.02,803.26,663.60,1.913,-7.854
2026-04-22T12:23:55.360Z,27.728,pi:0,duck,0.8686,607.43,450.91,808.17,661.41,1.960,-7.844
2026-04-22T12:23:55.400Z,27.769,pi:0,duck,0.8759,607.48,451.83,806.41,661.41,1.968,-7.872
2026-04-22T12:23:55.445Z,27.814,pi:0,duck,0.8759,611.75,448.02,803.26,663.60,1.913,-7.854
2026-04-22T12:23:55.486Z,27.855,pi:0,duck,0.8722,606.93,451.83,807.28,661.44,1.968,-7.867
2026-04-22T12:23:55.519Z,27.887,pi:0,duck,0.8722,612.55,448.02,803.26,663.68,1.913,-7.841
2026-04-22T12:23:55.561Z,27.930,pi:0,duck,0.8759,606.97,451.83,807.28,661.64,1.966,-7.866
2026-04-22T12:23:55.601Z,27.969,pi:0,duck,0.8759,611.80,448.02,804.00,663.97,1.910,-7.841
2026-04-22T12:23:55.639Z,28.008,pi:0,duck,0.8759,607.48,451.83,807.28,661.41,1.968,-7.858
2026-04-22T12:23:55.673Z,28.041,pi:0,duck,0.8722,611.75,448.02,804.00,664.05,1.909,-7.842
2026-04-22T12:23:55.705Z,28.074,pi:0,duck,0.8722,612.55,448.02,803.26,663.64,1.913,-7.841
2026-04-22T12:23:55.742Z,28.111,pi:0,duck,0.8722,612.56,448.02,804.00,663.97,1.910,-7.829
2026-04-22T12:23:55.785Z,28.154,pi:0,duck,0.8759,607.43,450.92,806.41,661.81,1.956,-7.872
2026-04-22T12:23:55.825Z,28.194,pi:0,duck,0.8722,611.76,448.02,804.00,663.68,1.913,-7.842
2026-04-22T12:23:55.877Z,28.245,pi:0,duck,0.8795,611.75,448.02,803.26,664.01,1.910,-7.854
2026-04-22T12:23:55.971Z,28.339,pi:0,duck,0.8722,607.48,451.83,807.28,661.41,1.968,-7.858
2026-04-22T12:23:56.047Z,28.416,pi:0,duck,0.8759,607.52,450.91,807.28,661.81,1.956,-7.857
2026-04-22T12:23:56.145Z,28.514,pi:0,duck,0.8722,612.53,448.02,803.26,663.29,1.916,-7.841
2026-04-22T12:23:56.220Z,28.589,pi:0,duck,0.8759,607.48,451.83,806.41,661.26,1.970,-7.872
2026-04-22T12:23:56.302Z,28.670,pi:0,duck,0.8759,611.75,448.02,804.00,663.29,1.916,-7.842
2026-04-22T12:23:56.348Z,28.717,pi:0,duck,0.8759,611.74,449.00,803.26,662.90,1.928,-7.854
2026-04-22T12:23:56.409Z,28.777,pi:0,duck,0.8686,612.55,448.02,804.00,663.60,1.913,-7.829
2026-04-22T12:23:56.464Z,28.833,pi:0,duck,0.8722,611.75,447.03,804.78,663.29,1.907,-7.829
2026-04-22T12:23:56.525Z,28.894,pi:0,duck,0.8686,611.77,448.02,804.00,663.24,1.917,-7.842
2026-04-22T12:23:56.608Z,28.977,pi:0,duck,0.8759,607.48,451.83,807.28,661.26,1.970,-7.858
2026-04-22T12:23:56.685Z,29.054,pi:0,duck,0.8759,611.77,448.02,803.26,664.01,1.910,-7.854
2026-04-22T12:23:56.734Z,29.102,pi:0,duck,0.8686,607.48,450.91,808.17,661.44,1.959,-7.844
2026-04-22T12:23:56.792Z,29.161,pi:0,duck,0.8759,607.48,450.91,807.28,661.44,1.959,-7.858
2026-04-22T12:23:56.859Z,29.227,pi:0,duck,0.8686,608.01,450.92,808.17,661.13,1.962,-7.835
2026-04-22T12:23:56.962Z,29.330,pi:0,duck,0.8722,612.55,448.02,804.01,664.05,1.909,-7.829
2026-04-22T12:23:57.031Z,29.399,pi:0,duck,0.8759,606.93,451.83,806.41,661.26,1.970,-7.881
2026-04-22T12:23:57.081Z,29.450,pi:0,duck,0.8722,612.54,448.02,803.26,663.60,1.913,-7.841
2026-04-22T12:23:57.148Z,29.516,pi:0,duck,0.8759,612.55,448.02,803.26,663.64,1.913,-7.841
2026-04-22T12:23:57.190Z,29.558,pi:0,duck,0.8759,612.58,448.02,803.26,663.64,1.913,-7.841
2026-04-22T12:23:57.233Z,29.602,pi:0,duck,0.8759,607.52,450.91,807.28,661.44,1.959,-7.857
2026-04-22T12:23:57.297Z,29.665,pi:0,duck,0.8759,607.48,451.83,806.41,661.60,1.966,-7.872
2026-04-22T12:23:57.349Z,29.717,pi:0,duck,0.8759,612.54,447.03,804.01,663.64,1.904,-7.829
2026-04-22T12:23:57.408Z,29.777,pi:0,duck,0.8686,606.93,451.83,806.41,661.44,1.968,-7.881
2026-04-22T12:23:57.444Z,29.813,pi:0,duck,0.8759,611.77,448.02,804.00,663.29,1.916,-7.842
2026-04-22T12:23:57.487Z,29.855,pi:0,duck,0.8759,611.75,448.02,804.01,663.68,1.913,-7.842
2026-04-22T12:23:57.531Z,29.899,pi:0,duck,0.8832,611.00,448.02,803.26,663.93,1.911,-7.866
2026-04-22T12:23:57.574Z,29.943,pi:0,duck,0.8759,611.79,448.02,803.26,664.01,1.910,-7.853
2026-04-22T12:23:57.621Z,29.989,pi:0,duck,0.8759,611.75,448.02,803.26,663.68,1.913,-7.854
2026-04-22T12:23:57.669Z,30.038,pi:0,duck,0.8759,612.54,447.02,803.26,663.64,1.904,-7.841
2026-04-22T12:23:57.714Z,30.082,pi:0,duck,0.8795,612.55,447.02,803.26,663.97,1.901,-7.841
2026-04-22T12:23:57.760Z,30.129,pi:0,duck,0.8759,612.54,447.02,804.01,663.64,1.904,-7.829
2026-04-22T12:23:57.803Z,30.171,pi:0,duck,0.8759,612.57,447.03,804.01,664.40,1.898,-7.829
2026-04-22T12:23:57.841Z,30.209,pi:0,duck,0.8795,612.54,448.02,803.26,663.64,1.913,-7.841
2026-04-22T12:23:57.889Z,30.257,pi:0,duck,0.8759,612.56,447.02,804.00,664.40,1.898,-7.829
2026-04-22T12:23:57.938Z,30.307,pi:0,duck,0.8759,613.39,447.02,804.00,664.01,1.901,-7.816
2026-04-22T12:23:57.985Z,30.354,pi:0,duck,0.8795,612.57,448.01,804.00,664.05,1.909,-7.829
2026-04-22T12:23:58.019Z,30.388,pi:0,duck,0.8759,606.93,450.91,807.28,661.44,1.959,-7.867
2026-04-22T12:23:58.068Z,30.437,pi:0,duck,0.8759,606.97,451.83,807.28,661.60,1.966,-7.866
2026-04-22T12:23:58.111Z,30.479,pi:0,duck,0.8759,612.54,448.02,804.01,663.24,1.917,-7.829
2026-04-22T12:23:58.154Z,30.522,pi:0,duck,0.8795,611.76,448.02,803.26,663.64,1.913,-7.854
2026-04-22T12:23:58.192Z,30.561,pi:0,duck,0.8759,606.93,451.83,806.41,661.67,1.966,-7.881
2026-04-22T12:23:58.273Z,30.642,pi:0,duck,0.8759,611.78,448.02,804.78,663.64,1.913,-7.829
2026-04-22T12:23:58.334Z,30.703,pi:0,duck,0.8759,611.76,448.02,804.01,663.68,1.913,-7.842
2026-04-22T12:23:58.409Z,30.778,pi:0,duck,0.8795,612.52,448.02,804.01,663.97,1.910,-7.829
2026-04-22T12:23:58.466Z,30.835,pi:0,duck,0.8759,612.54,448.02,804.01,663.72,1.912,-7.829
2026-04-22T12:23:58.529Z,30.898,pi:0,duck,0.8759,612.57,448.02,804.00,663.64,1.913,-7.829
2026-04-22T12:23:58.602Z,30.970,pi:0,duck,0.8759,612.56,448.02,804.00,664.01,1.910,-7.829
2026-04-22T12:23:58.692Z,31.060,pi:0,duck,0.8759,612.56,448.02,803.26,664.01,1.910,-7.841
2026-04-22T12:23:58.803Z,31.172,pi:0,duck,0.8759,611.77,448.99,803.26,663.64,1.922,-7.853
2026-04-22T12:23:58.910Z,31.278,pi:0,duck,0.8759,611.77,448.02,804.00,663.64,1.913,-7.842
2026-04-22T12:23:59.020Z,31.389,pi:0,duck,0.8759,612.57,448.02,804.00,664.01,1.910,-7.829
2026-04-22T12:23:59.125Z,31.494,pi:0,duck,0.8759,612.54,448.02,804.00,663.60,1.913,-7.829
2026-04-22T12:23:59.234Z,31.602,pi:0,duck,0.8759,612.55,447.03,804.00,663.68,1.904,-7.829
2026-04-22T12:23:59.289Z,31.657,pi:0,duck,0.8795,611.73,447.03,803.26,664.40,1.898,-7.854
2026-04-22T12:23:59.330Z,31.699,pi:0,duck,0.8795,611.73,447.03,804.01,664.01,1.901,-7.842
2026-04-22T12:23:59.364Z,31.733,pi:0,duck,0.8759,612.50,448.02,804.00,664.01,1.910,-7.830
2026-04-22T12:23:59.413Z,31.782,pi:0,duck,0.8759,611.75,448.02,803.26,663.97,1.910,-7.854
2026-04-22T12:23:59.453Z,31.822,pi:0,duck,0.8759,612.52,448.02,804.00,663.68,1.913,-7.830
2026-04-22T12:23:59.496Z,31.864,pi:0,duck,0.8759,611.74,448.02,804.01,663.97,1.910,-7.842
2026-04-22T12:23:59.537Z,31.906,pi:0,duck,0.8759,611.77,447.03,803.26,663.97,1.901,-7.853
2026-04-22T12:23:59.581Z,31.950,pi:0,duck,0.8759,611.73,447.03,804.01,664.01,1.901,-7.842
2026-04-22T12:23:59.617Z,31.985,pi:0,duck,0.8795,611.73,448.02,804.01,663.64,1.913,-7.842
2026-04-22T12:23:59.685Z,32.053,pi:0,duck,0.8795,611.76,448.02,804.01,663.68,1.913,-7.842
2026-04-22T12:23:59.734Z,32.102,pi:0,duck,0.8795,612.53,448.02,804.01,663.29,1.916,-7.829
2026-04-22T12:23:59.790Z,32.158,pi:0,duck,0.8722,607.53,450.91,806.41,661.22,1.961,-7.871
2026-04-22T12:23:59.837Z,32.205,pi:0,duck,0.8759,612.52,448.02,804.01,662.90,1.920,-7.829
2026-04-22T12:23:59.873Z,32.242,pi:0,duck,0.8795,612.53,448.02,804.00,663.55,1.914,-7.829
2026-04-22T12:23:59.913Z,32.282,pi:0,duck,0.8759,611.75,448.02,804.01,663.50,1.914,-7.842
2026-04-22T12:23:59.952Z,32.321,pi:0,duck,0.8722,612.55,448.02,804.00,663.24,1.917,-7.829
2026-04-22T12:23:59.992Z,32.361,pi:0,duck,0.8759,612.52,447.03,804.01,663.24,1.908,-7.829
2026-04-22T12:24:00.039Z,32.407,pi:0,duck,0.8795,612.54,448.02,804.78,663.64,1.913,-7.817
2026-04-22T12:24:00.088Z,32.456,pi:0,duck,0.8832,611.75,447.03,804.01,663.60,1.905,-7.842
2026-04-22T12:24:00.169Z,32.538,pi:0,duck,0.8759,611.73,448.02,804.01,663.19,1.917,-7.842
2026-04-22T12:24:00.230Z,32.598,pi:0,duck,0.8759,612.54,447.03,804.78,663.24,1.908,-7.817
2026-04-22T12:24:00.277Z,32.646,pi:0,duck,0.8795,612.52,448.02,804.01,663.64,1.913,-7.829
2026-04-22T12:24:00.317Z,32.685,pi:0,duck,0.8722,612.55,448.02,804.00,663.29,1.916,-7.829
2026-04-22T12:24:00.369Z,32.738,pi:0,duck,0.8795,612.55,448.02,804.00,663.60,1.913,-7.829
2026-04-22T12:24:00.437Z,32.805,pi:0,duck,0.8759,612.57,448.02,804.01,663.29,1.916,-7.829
2026-04-22T12:24:00.486Z,32.854,pi:0,duck,0.8795,611.77,448.02,804.78,663.55,1.914,-7.829
2026-04-22T12:24:00.559Z,32.928,pi:0,duck,0.8759,611.74,448.02,804.00,663.60,1.913,-7.842
2026-04-22T12:24:00.623Z,32.991,pi:0,duck,0.8759,611.72,448.99,804.78,663.64,1.922,-7.830
2026-04-22T12:24:00.670Z,33.038,pi:0,duck,0.8759,612.52,447.03,804.00,663.19,1.908,-7.829
2026-04-22T12:24:00.714Z,33.082,pi:0,duck,0.8759,612.52,447.03,804.00,663.14,1.909,-7.829
2026-04-22T12:24:00.748Z,33.116,pi:0,duck,0.8722,612.52,448.99,804.00,663.55,1.923,-7.829
2026-04-22T12:24:00.787Z,33.156,pi:0,duck,0.8795,612.55,447.03,804.00,663.29,1.907,-7.829
2026-04-22T12:24:00.828Z,33.196,pi:0,duck,0.8759,612.55,448.02,804.00,663.24,1.917,-7.829
2026-04-22T12:24:00.862Z,33.230,pi:0,duck,0.8795,610.99,448.02,804.78,663.64,1.913,-7.842
2026-04-22T12:24:00.900Z,33.269,pi:0,duck,0.8832,611.71,448.02,803.26,663.55,1.914,-7.854
2026-04-22T12:24:00.935Z,33.303,pi:0,duck,0.8795,612.55,448.02,804.00,663.24,1.917,-7.829
2026-04-22T12:24:00.971Z,33.340,pi:0,duck,0.8759,611.72,448.02,804.00,663.29,1.916,-7.842
2026-04-22T12:24:01.008Z,33.376,pi:0,duck,0.8759,611.75,449.00,804.01,663.55,1.923,-7.842
2026-04-22T12:24:01.047Z,33.416,pi:0,duck,0.8795,611.77,448.02,804.00,663.60,1.913,-7.842
2026-04-22T12:24:01.088Z,33.456,pi:0,duck,0.8832,611.75,448.02,803.26,663.64,1.913,-7.854
2026-04-22T12:24:01.121Z,33.489,pi:0,duck,0.8832,612.51,448.99,804.00,663.64,1.922,-7.830
2026-04-22T12:24:01.158Z,33.527,pi:0,duck,0.8759,610.96,448.02,804.01,663.97,1.910,-7.855
2026-04-22T12:24:01.201Z,33.569,pi:0,duck,0.8795,611.72,448.99,804.00,663.93,1.919,-7.842
2026-04-22T12:24:01.234Z,33.602,pi:0,duck,0.8832,611.73,448.02,804.00,663.24,1.917,-7.842
2026-04-22T12:24:01.275Z,33.643,pi:0,duck,0.8832,611.73,448.02,804.00,663.64,1.913,-7.842
2026-04-22T12:24:01.323Z,33.691,pi:0,duck,0.8832,611.01,448.02,804.00,663.24,1.917,-7.854
2026-04-22T12:24:01.358Z,33.726,pi:0,duck,0.8868,611.73,448.02,804.00,663.64,1.913,-7.842
2026-04-22T12:24:01.397Z,33.766,pi:0,duck,0.8795,611.01,449.00,804.78,663.55,1.923,-7.841
2026-04-22T12:24:01.432Z,33.801,pi:0,duck,0.8795,611.75,449.00,804.01,663.64,1.922,-7.842
2026-04-22T12:24:01.478Z,33.847,pi:0,duck,0.8795,612.53,448.02,804.01,663.64,1.913,-7.829
2026-04-22T12:24:01.521Z,33.890,pi:0,duck,0.8832,611.70,449.00,804.00,663.55,1.923,-7.843
2026-04-22T12:24:01.565Z,33.934,pi:0,duck,0.8759,612.55,448.02,803.26,663.64,1.913,-7.841
2026-04-22T12:24:01.604Z,33.973,pi:0,duck,0.8832,611.71,448.02,804.00,663.64,1.913,-7.843
2026-04-22T12:24:01.651Z,34.019,pi:0,duck,0.8795,612.55,449.00,804.78,664.01,1.918,-7.817
2026-04-22T12:24:01.683Z,34.051,pi:0,duck,0.8759,611.00,448.02,804.00,663.97,1.910,-7.854
2026-04-22T12:24:01.720Z,34.089,pi:0,duck,0.8795,611.00,448.02,804.01,663.97,1.910,-7.854
2026-04-22T12:24:01.767Z,34.135,pi:0,duck,0.8832,611.73,448.02,804.00,664.01,1.910,-7.842
2026-04-22T12:24:01.817Z,34.186,pi:0,duck,0.8868,611.71,449.00,804.00,663.97,1.919,-7.843
2026-04-22T12:24:01.853Z,34.221,pi:0,duck,0.8795,612.57,448.02,804.00,663.93,1.911,-7.829
2026-04-22T12:24:01.901Z,34.270,pi:0,duck,0.8795,612.51,448.02,804.00,663.60,1.913,-7.830
2026-04-22T12:24:01.950Z,34.318,pi:0,duck,0.8795,612.54,448.02,804.00,663.93,1.910,-7.829
2026-04-22T12:24:01.997Z,34.366,pi:0,duck,0.8795,611.75,448.99,804.01,663.60,1.922,-7.842
2026-04-22T12:24:02.033Z,34.402,pi:0,duck,0.8759,612.53,448.02,803.26,664.01,1.910,-7.841
2026-04-22T12:24:02.073Z,34.442,pi:0,duck,0.8832,611.73,448.02,804.01,663.97,1.910,-7.842
2026-04-22T12:24:02.117Z,34.485,pi:0,duck,0.8868,611.76,448.02,804.01,663.93,1.911,-7.842
2026-04-22T12:24:02.156Z,34.525,pi:0,duck,0.8759,611.79,448.02,804.78,663.68,1.913,-7.829
2026-04-22T12:24:02.201Z,34.570,pi:0,duck,0.8759,611.77,448.02,804.01,663.93,1.910,-7.842
2026-04-22T12:24:02.243Z,34.611,pi:0,duck,0.8795,612.56,448.01,804.00,663.55,1.914,-7.829
2026-04-22T12:24:02.282Z,34.650,pi:0,duck,0.8795,611.77,448.01,804.01,664.01,1.910,-7.841
2026-04-22T12:24:02.338Z,34.707,pi:0,duck,0.8759,611.76,448.01,804.00,664.01,1.910,-7.842
2026-04-22T12:24:02.378Z,34.747,pi:0,duck,0.8795,611.79,448.01,804.00,663.68,1.913,-7.841
2026-04-22T12:24:02.432Z,34.801,pi:0,duck,0.8795,611.78,448.01,804.00,663.64,1.913,-7.841
2026-04-22T12:24:02.472Z,34.841,pi:0,duck,0.8686,611.79,448.99,804.00,663.97,1.919,-7.841
2026-04-22T12:24:02.509Z,34.878,pi:0,duck,0.8686,611.77,448.01,804.00,663.64,1.913,-7.841
2026-04-22T12:24:02.561Z,34.930,pi:0,duck,0.8759,612.56,448.01,804.00,664.36,1.907,-7.829
2026-04-22T12:24:02.609Z,34.977,pi:0,duck,0.8832,611.05,448.01,804.78,664.01,1.910,-7.841
2026-04-22T12:24:02.646Z,35.015,pi:0,duck,0.8759,611.75,448.01,803.26,664.01,1.910,-7.854
2026-04-22T12:24:02.688Z,35.057,pi:0,duck,0.8832,611.77,448.99,804.00,663.97,1.919,-7.842
2026-04-22T12:24:02.731Z,35.099,pi:0,duck,0.8759,611.77,448.01,804.00,664.01,1.910,-7.842
2026-04-22T12:24:02.770Z,35.138,pi:0,duck,0.8795,611.77,448.01,804.00,663.68,1.913,-7.842
2026-04-22T12:24:02.802Z,35.170,pi:0,duck,0.8759,610.99,448.01,804.01,663.97,1.910,-7.854
2026-04-22T12:24:02.841Z,35.210,pi:0,duck,0.8759,611.76,448.01,804.00,664.01,1.910,-7.842
2026-04-22T12:24:02.888Z,35.257,pi:0,duck,0.8795,611.75,448.01,804.00,663.64,1.913,-7.842
2026-04-22T12:24:02.925Z,35.294,pi:0,duck,0.8832,611.76,448.02,804.78,663.64,1.913,-7.829
2026-04-22T12:24:02.969Z,35.337,pi:0,duck,0.8759,611.03,448.99,804.00,663.64,1.922,-7.853
2026-04-22T12:24:03.014Z,35.382,pi:0,duck,0.8832,611.73,448.01,804.78,663.93,1.910,-7.830
2026-04-22T12:24:03.053Z,35.422,pi:0,duck,0.8832,611.75,448.02,804.00,664.01,1.910,-7.842
2026-04-22T12:24:03.084Z,35.452,pi:0,duck,0.8868,611.73,448.02,804.00,664.01,1.910,-7.842
2026-04-22T12:24:03.126Z,35.494,pi:0,duck,0.8832,612.53,448.02,804.00,663.97,1.910,-7.829
2026-04-22T12:24:03.156Z,35.524,pi:0,duck,0.8832,611.73,448.02,804.01,663.64,1.913,-7.842
2026-04-22T12:24:03.198Z,35.567,pi:0,duck,0.8795,610.99,448.02,804.00,663.64,1.913,-7.854
2026-04-22T12:24:03.227Z,35.596,pi:0,duck,0.8759,611.75,447.03,804.00,664.01,1.901,-7.842
2026-04-22T12:24:03.269Z,35.638,pi:0,duck,0.8795,611.73,448.02,804.00,663.64,1.913,-7.842
2026-04-22T12:24:03.333Z,35.701,pi:0,duck,0.8832,610.96,448.02,804.01,663.97,1.910,-7.854
2026-04-22T12:24:03.414Z,35.782,pi:0,duck,0.8759,607.43,450.91,806.41,661.64,1.958,-7.872
2026-04-22T12:24:03.470Z,35.838,pi:0,duck,0.8686,611.76,448.02,803.26,663.97,1.910,-7.854
2026-04-22T12:24:03.528Z,35.896,pi:0,duck,0.8759,610.99,448.02,804.00,664.01,1.910,-7.854
2026-04-22T12:24:03.577Z,35.946,pi:0,duck,0.8759,611.73,447.03,804.01,663.64,1.904,-7.842
2026-04-22T12:24:03.619Z,35.987,pi:0,duck,0.8795,610.98,448.02,804.01,663.93,1.910,-7.854
2026-04-22T12:24:03.651Z,36.020,pi:0,duck,0.8759,610.87,448.02,804.01,663.64,1.913,-7.856
2026-04-22T12:24:03.705Z,36.074,pi:0,duck,0.8759,610.94,448.02,804.00,663.55,1.914,-7.855
2026-04-22T12:24:03.756Z,36.124,pi:0,duck,0.8795,610.94,448.01,804.78,664.32,1.907,-7.842
2026-04-22T12:24:03.817Z,36.185,pi:0,duck,0.8832,610.94,447.02,804.00,663.97,1.901,-7.855
2026-04-22T12:24:03.876Z,36.244,pi:0,duck,0.8832,611.73,448.01,804.78,663.97,1.910,-7.830
2026-04-22T12:24:03.928Z,36.296,pi:0,duck,0.8832,610.94,448.02,804.01,663.60,1.913,-7.855
2026-04-22T12:24:03.966Z,36.334,pi:0,duck,0.8795,610.96,448.02,804.00,663.60,1.913,-7.854
2026-04-22T12:24:04.009Z,36.378,pi:0,duck,0.8832,610.99,448.02,804.00,663.60,1.913,-7.854
2026-04-22T12:24:04.036Z,36.405,pi:0,duck,0.8759,611.73,447.02,804.01,663.60,1.905,-7.842
2026-04-22T12:24:04.080Z,36.448,pi:0,duck,0.8722,610.94,447.03,804.01,663.64,1.904,-7.855
2026-04-22T12:24:04.113Z,36.482,pi:0,duck,0.8759,611.79,448.02,803.26,663.64,1.913,-7.853
2026-04-22T12:24:04.155Z,36.524,pi:0,duck,0.8759,611.78,447.03,803.26,663.64,1.904,-7.853
2026-04-22T12:24:04.193Z,36.562,pi:0,duck,0.8759,611.75,447.03,803.26,663.93,1.902,-7.854
2026-04-22T12:24:04.229Z,36.598,pi:0,duck,0.8759,611.78,448.02,804.00,663.33,1.916,-7.841
2026-04-22T12:24:04.269Z,36.638,pi:0,duck,0.8759,611.00,447.03,804.78,663.93,1.902,-7.841
2026-04-22T12:24:04.309Z,36.677,pi:0,duck,0.8759,611.75,447.03,804.00,663.64,1.904,-7.842
2026-04-22T12:24:04.345Z,36.714,pi:0,duck,0.8759,607.48,451.83,807.28,661.67,1.966,-7.858
2026-04-22T12:24:04.381Z,36.750,pi:0,duck,0.8759,607.48,450.91,807.28,661.60,1.958,-7.858
2026-04-22T12:24:04.428Z,36.796,pi:0,duck,0.8759,611.76,448.02,804.78,663.97,1.910,-7.829
2026-04-22T12:24:04.468Z,36.837,pi:0,duck,0.8759,611.79,448.02,804.01,663.55,1.914,-7.841
2026-04-22T12:24:04.514Z,36.883,pi:0,duck,0.8722,611.77,447.03,804.78,663.24,1.908,-7.829
2026-04-22T12:24:04.572Z,36.940,pi:0,duck,0.8759,611.75,448.02,804.00,664.01,1.910,-7.842
2026-04-22T12:24:04.625Z,36.994,pi:0,duck,0.8795,611.75,448.02,804.01,663.93,1.911,-7.842
2026-04-22T12:24:04.683Z,37.051,pi:0,duck,0.8759,611.01,448.02,804.01,663.24,1.917,-7.854
2026-04-22T12:24:04.719Z,37.087,pi:0,duck,0.8832,611.70,448.02,804.01,663.60,1.913,-7.843
2026-04-22T12:24:04.770Z,37.139,pi:0,duck,0.8795,611.76,448.02,804.78,663.64,1.913,-7.829
2026-04-22T12:24:04.828Z,37.197,pi:0,duck,0.8795,611.73,448.02,804.00,663.55,1.914,-7.842
2026-04-22T12:24:04.873Z,37.242,pi:0,duck,0.8759,611.76,448.99,803.26,664.01,1.918,-7.853
2026-04-22T12:24:04.925Z,37.294,pi:0,duck,0.8832,611.73,448.02,804.78,663.29,1.916,-7.830
2026-04-22T12:24:04.969Z,37.338,pi:0,duck,0.8759,611.03,449.00,803.26,663.64,1.922,-7.865
2026-04-22T12:24:05.011Z,37.380,pi:0,duck,0.8832,611.01,448.99,804.01,664.01,1.918,-7.854
2026-04-22T12:24:05.057Z,37.425,pi:0,duck,0.8759,611.77,449.00,804.00,663.64,1.922,-7.842
2026-04-22T12:24:05.100Z,37.468,pi:0,duck,0.8795,611.75,448.02,804.00,663.55,1.914,-7.842
2026-04-22T12:24:05.145Z,37.513,pi:0,duck,0.8759,611.75,448.99,804.78,663.55,1.923,-7.829
2026-04-22T12:24:05.202Z,37.570,pi:0,duck,0.8832,610.98,448.02,804.01,663.29,1.916,-7.854
2026-04-22T12:24:05.225Z,37.593,pi:0,duck,0.8795,611.68,448.02,804.01,663.64,1.913,-7.843
2026-04-22T12:24:05.327Z,37.695,pi:0,duck,0.8795,611.74,448.02,804.01,663.55,1.914,-7.842
2026-04-22T12:24:05.362Z,37.730,pi:0,duck,0.8795,611.00,448.02,804.01,663.55,1.914,-7.854
2026-04-22T12:24:05.406Z,37.774,pi:0,duck,0.8795,611.75,448.02,804.01,663.19,1.917,-7.842
2026-04-22T12:24:05.450Z,37.818,pi:0,duck,0.8795,611.00,448.02,803.26,663.29,1.916,-7.866
2026-04-22T12:24:05.505Z,37.874,pi:0,duck,0.8759,610.98,448.02,804.01,663.29,1.916,-7.854
2026-04-22T12:24:05.538Z,37.906,pi:0,duck,0.8759,611.00,448.02,804.00,663.60,1.913,-7.854
2026-04-22T12:24:05.588Z,37.957,pi:0,duck,0.8795,612.55,448.02,804.00,663.33,1.916,-7.829
2026-04-22T12:24:05.622Z,37.990,pi:0,duck,0.8795,611.74,448.99,804.01,663.50,1.923,-7.842
2026-04-22T12:24:05.665Z,38.034,pi:0,duck,0.8759,611.76,448.02,804.01,663.60,1.913,-7.842
2026-04-22T12:24:05.707Z,38.075,pi:0,duck,0.8832,611.71,448.02,804.00,663.93,1.910,-7.843
2026-04-22T12:24:05.754Z,38.123,pi:0,duck,0.8832,611.75,448.02,804.01,663.60,1.913,-7.842
2026-04-22T12:24:05.790Z,38.159,pi:0,duck,0.8795,611.00,448.02,804.01,663.55,1.914,-7.854
2026-04-22T12:24:05.829Z,38.198,pi:0,duck,0.8795,611.76,448.02,804.78,663.64,1.913,-7.829
2026-04-22T12:24:05.866Z,38.235,pi:0,duck,0.8795,611.73,448.02,804.01,663.93,1.910,-7.842
2026-04-22T12:24:05.905Z,38.274,pi:0,duck,0.8832,610.99,448.02,804.00,663.55,1.914,-7.854
2026-04-22T12:24:05.940Z,38.308,pi:0,duck,0.8759,611.73,448.02,804.01,663.55,1.914,-7.842
2026-04-22T12:24:05.983Z,38.351,pi:0,duck,0.8832,611.73,448.02,804.78,663.24,1.917,-7.830
2026-04-22T12:24:06.024Z,38.393,pi:0,duck,0.8832,611.73,448.99,804.00,663.93,1.919,-7.842
2026-04-22T12:24:06.069Z,38.437,pi:0,duck,0.8795,611.01,448.02,804.01,663.55,1.914,-7.854
2026-04-22T12:24:06.105Z,38.473,pi:0,duck,0.8795,610.96,448.02,804.00,663.88,1.911,-7.854
2026-04-22T12:24:06.146Z,38.514,pi:0,duck,0.8832,611.75,448.02,804.01,663.60,1.913,-7.842
2026-04-22T12:24:06.193Z,38.562,pi:0,duck,0.8832,611.75,448.99,804.00,663.97,1.919,-7.842
2026-04-22T12:24:06.228Z,38.597,pi:0,duck,0.8795,612.53,448.02,803.26,663.97,1.910,-7.841
2026-04-22T12:24:06.267Z,38.635,pi:0,duck,0.8759,611.75,448.02,803.26,663.97,1.910,-7.854
2026-04-22T12:24:06.304Z,38.673,pi:0,duck,0.8759,611.78,448.02,804.01,663.64,1.913,-7.841
2026-04-22T12:24:06.338Z,38.707,pi:0,duck,0.8795,611.76,448.02,804.00,663.64,1.913,-7.842
2026-04-22T12:24:06.373Z,38.741,pi:0,duck,0.8795,611.76,449.00,804.01,664.05,1.918,-7.842
2026-04-22T12:24:06.427Z,38.795,pi:0,duck,0.8795,611.74,448.02,804.01,663.60,1.913,-7.842
2026-04-22T12:24:06.458Z,38.827,pi:0,duck,0.8795,611.00,448.02,804.01,663.97,1.910,-7.854
2026-04-22T12:24:06.509Z,38.877,pi:0,duck,0.8795,611.76,448.02,804.01,663.29,1.916,-7.842
2026-04-22T12:24:06.552Z,38.921,pi:0,duck,0.8795,611.74,449.00,803.26,663.97,1.919,-7.854
2026-04-22T12:24:06.588Z,38.957,pi:0,duck,0.8795,611.77,448.02,804.01,663.64,1.913,-7.842
2026-04-22T12:24:06.638Z,39.007,pi:0,duck,0.8795,611.73,448.02,803.26,663.97,1.910,-7.854
2026-04-22T12:24:06.672Z,39.040,pi:0,duck,0.8795,611.00,448.02,804.00,663.64,1.913,-7.854
2026-04-22T12:24:06.719Z,39.087,pi:0,duck,0.8795,612.55,448.99,804.01,663.55,1.923,-7.829
2026-04-22T12:24:06.759Z,39.128,pi:0,duck,0.8832,611.72,447.03,804.00,664.01,1.901,-7.842
2026-04-22T12:24:06.801Z,39.170,pi:0,duck,0.8759,606.97,451.83,807.28,661.81,1.965,-7.866
2026-04-22T12:24:06.838Z,39.207,pi:0,duck,0.8759,610.99,449.00,803.26,663.64,1.922,-7.866
2026-04-22T12:24:06.881Z,39.249,pi:0,duck,0.8795,611.77,448.02,804.00,663.64,1.913,-7.841
2026-04-22T12:24:06.927Z,39.295,pi:0,duck,0.8832,611.03,448.02,804.78,663.64,1.913,-7.841
2026-04-22T12:24:06.961Z,39.330,pi:0,duck,0.8759,611.73,448.02,804.00,663.29,1.916,-7.842
2026-04-22T12:24:06.996Z,39.365,pi:0,duck,0.8832,611.77,448.99,804.00,663.24,1.925,-7.842
2026-04-22T12:24:07.039Z,39.408,pi:0,duck,0.8759,611.75,448.02,804.01,663.64,1.913,-7.842
2026-04-22T12:24:07.079Z,39.448,pi:0,duck,0.8832,611.73,448.02,804.00,663.64,1.913,-7.842
2026-04-22T12:24:07.115Z,39.484,pi:0,duck,0.8795,611.00,448.02,804.78,663.60,1.913,-7.841
2026-04-22T12:24:07.154Z,39.522,pi:0,duck,0.8795,611.75,448.99,803.26,664.05,1.918,-7.854
2026-04-22T12:24:07.202Z,39.570,pi:0,duck,0.8795,611.00,448.02,804.01,664.01,1.910,-7.854
2026-04-22T12:24:07.250Z,39.618,pi:0,duck,0.8832,611.77,448.02,804.00,663.60,1.913,-7.842
2026-04-22T12:24:07.289Z,39.657,pi:0,duck,0.8759,611.77,448.02,804.00,663.55,1.914,-7.842
2026-04-22T12:24:07.337Z,39.706,pi:0,duck,0.8832,610.28,448.99,804.00,663.93,1.919,-7.865
2026-04-22T12:24:07.402Z,39.771,pi:0,duck,0.8795,611.73,448.02,803.26,663.60,1.913,-7.854
2026-04-22T12:24:07.497Z,39.866,pi:0,duck,0.8795,610.99,448.02,804.00,663.55,1.914,-7.854
2026-04-22T12:24:07.571Z,39.940,pi:0,duck,0.8795,610.98,449.00,803.26,663.55,1.923,-7.866
2026-04-22T12:24:07.626Z,39.994,pi:0,duck,0.8795,611.73,448.02,804.00,663.93,1.910,-7.842
2026-04-22T12:24:07.701Z,40.069,pi:0,duck,0.8795,612.55,448.02,804.00,663.24,1.917,-7.829
2026-04-22T12:24:07.760Z,40.129,pi:0,duck,0.8795,611.76,448.99,804.78,663.60,1.922,-7.829
2026-04-22T12:24:07.825Z,40.193,pi:0,duck,0.8759,611.79,448.02,803.26,663.50,1.914,-7.853
2026-04-22T12:24:07.885Z,40.253,pi:0,duck,0.8832,611.02,448.02,804.00,664.05,1.909,-7.854
2026-04-22T12:24:07.941Z,40.310,pi:0,duck,0.8759,611.75,448.02,804.00,663.50,1.914,-7.842
2026-04-22T12:24:07.992Z,40.360,pi:0,duck,0.8759,610.99,448.99,804.00,663.55,1.923,-7.854
2026-04-22T12:24:08.033Z,40.402,pi:0,duck,0.8759,610.96,448.99,804.01,663.64,1.922,-7.854
2026-04-22T12:24:08.089Z,40.458,pi:0,duck,0.8868,610.99,448.99,804.00,663.97,1.919,-7.854
2026-04-22T12:24:08.153Z,40.522,pi:0,duck,0.8832,610.96,449.00,804.00,663.64,1.922,-7.855
2026-04-22T12:24:08.203Z,40.572,pi:0,duck,0.8795,611.00,449.00,804.00,663.60,1.922,-7.854
2026-04-22T12:24:08.253Z,40.621,pi:0,duck,0.8832,611.75,448.99,804.78,663.60,1.922,-7.829
2026-04-22T12:24:08.301Z,40.669,pi:0,duck,0.8795,611.76,448.99,804.78,663.55,1.923,-7.829
2026-04-22T12:24:08.341Z,40.710,pi:0,duck,0.8832,610.98,448.02,804.78,663.50,1.914,-7.842
2026-04-22T12:24:08.381Z,40.750,pi:0,duck,0.8832,611.75,448.02,804.00,663.55,1.914,-7.842
2026-04-22T12:24:08.426Z,40.795,pi:0,duck,0.8795,611.75,448.99,804.78,663.29,1.925,-7.829
2026-04-22T12:24:08.474Z,40.842,pi:0,duck,0.8832,611.00,448.02,804.00,663.97,1.910,-7.854
2026-04-22T12:24:08.520Z,40.889,pi:0,duck,0.8795,612.54,448.02,804.00,663.64,1.913,-7.829
2026-04-22T12:24:08.565Z,40.934,pi:0,duck,0.8832,611.73,448.99,804.00,663.60,1.922,-7.842
2026-04-22T12:24:08.616Z,40.984,pi:0,duck,0.8795,611.74,448.99,804.78,663.24,1.925,-7.830
2026-04-22T12:24:08.653Z,41.022,pi:0,duck,0.8832,610.98,448.99,804.01,663.50,1.923,-7.854
2026-04-22T12:24:08.697Z,41.065,pi:0,duck,0.8795,611.72,448.99,804.78,663.55,1.923,-7.830
2026-04-22T12:24:08.733Z,41.102,pi:0,duck,0.8832,611.70,448.02,804.01,663.93,1.911,-7.843
2026-04-22T12:24:08.773Z,41.142,pi:0,duck,0.8795,610.99,448.02,804.00,663.19,1.917,-7.854
2026-04-22T12:24:08.816Z,41.185,pi:0,duck,0.8795,611.75,448.02,804.00,663.60,1.913,-7.842
2026-04-22T12:24:08.851Z,41.220,pi:0,duck,0.8795,611.76,448.99,804.00,663.14,1.926,-7.842
2026-04-22T12:24:08.892Z,41.261,pi:0,duck,0.8795,611.75,448.02,804.00,663.55,1.914,-7.842
2026-04-22T12:24:08.944Z,41.312,pi:0,duck,0.8722,611.00,449.00,804.01,663.64,1.922,-7.854
2026-04-22T12:24:08.994Z,41.362,pi:0,duck,0.8795,610.97,448.99,804.00,663.55,1.923,-7.854
2026-04-22T12:24:09.051Z,41.419,pi:0,duck,0.8795,611.00,449.00,804.01,663.60,1.922,-7.854
2026-04-22T12:24:09.080Z,41.448,pi:0,duck,0.8795,612.52,448.02,804.01,663.55,1.914,-7.829
2026-04-22T12:24:09.128Z,41.496,pi:0,duck,0.8795,611.00,448.02,804.01,663.14,1.918,-7.854
2026-04-22T12:24:09.173Z,41.542,pi:0,duck,0.8759,610.99,448.99,804.00,663.55,1.923,-7.854
2026-04-22T12:24:09.197Z,41.566,pi:0,duck,0.8795,610.97,448.02,803.26,663.97,1.910,-7.866
2026-04-22T12:24:09.241Z,41.609,pi:0,duck,0.8759,611.00,447.03,804.01,663.64,1.904,-7.854
2026-04-22T12:24:09.273Z,41.642,pi:0,duck,0.8795,611.75,448.99,804.78,663.55,1.923,-7.829
2026-04-22T12:24:09.311Z,41.680,pi:0,duck,0.8759,611.70,448.99,804.01,664.01,1.918,-7.843
2026-04-22T12:24:09.356Z,41.724,pi:0,duck,0.8795,611.70,448.02,804.78,663.93,1.910,-7.830
2026-04-22T12:24:09.388Z,41.757,pi:0,duck,0.8795,611.74,448.02,804.01,663.64,1.913,-7.842
2026-04-22T12:24:09.425Z,41.794,pi:0,duck,0.8832,610.98,449.00,804.01,663.97,1.919,-7.854
2026-04-22T12:24:09.468Z,41.836,pi:0,duck,0.8795,611.75,448.02,804.01,663.60,1.913,-7.842
2026-04-22T12:24:09.515Z,41.884,pi:0,duck,0.8795,611.78,448.02,804.01,663.60,1.913,-7.841
2026-04-22T12:24:09.561Z,41.930,pi:0,duck,0.8795,611.73,448.02,804.00,663.24,1.917,-7.842
2026-04-22T12:24:09.596Z,41.964,pi:0,duck,0.8832,611.69,448.02,804.00,663.93,1.911,-7.843
2026-04-22T12:24:09.641Z,42.009,pi:0,duck,0.8832,611.75,448.02,804.00,663.93,1.910,-7.842
2026-04-22T12:24:09.676Z,42.044,pi:0,duck,0.8795,611.72,448.02,804.01,663.55,1.914,-7.842
2026-04-22T12:24:09.717Z,42.085,pi:0,duck,0.8759,607.43,451.83,808.18,661.41,1.968,-7.844
2026-04-22T12:24:09.753Z,42.122,pi:0,duck,0.8832,611.00,448.02,804.00,663.60,1.913,-7.854
2026-04-22T12:24:09.793Z,42.161,pi:0,duck,0.8795,612.53,448.02,804.78,663.29,1.916,-7.817
2026-04-22T12:24:09.828Z,42.197,pi:0,duck,0.8759,611.73,449.00,804.78,663.60,1.922,-7.830
2026-04-22T12:24:09.863Z,42.231,pi:0,duck,0.8795,610.99,448.99,804.00,663.55,1.923,-7.854
2026-04-22T12:24:09.910Z,42.278,pi:0,duck,0.8795,611.75,448.99,804.00,663.60,1.922,-7.842
2026-04-22T12:24:09.946Z,42.315,pi:0,duck,0.8795,611.01,448.02,803.26,663.24,1.917,-7.866
2026-04-22T12:24:09.979Z,42.347,pi:0,duck,0.8759,611.75,448.02,804.00,663.60,1.913,-7.842
2026-04-22T12:24:10.022Z,42.390,pi:0,duck,0.8795,611.77,448.02,804.01,663.97,1.910,-7.842
2026-04-22T12:24:10.063Z,42.432,pi:0,duck,0.8795,611.01,448.02,803.26,663.64,1.913,-7.866
2026-04-22T12:24:10.098Z,42.467,pi:0,duck,0.8759,611.75,448.99,804.00,663.60,1.922,-7.842
2026-04-22T12:24:10.139Z,42.508,pi:0,duck,0.8759,611.75,448.02,804.00,663.68,1.913,-7.842
2026-04-22T12:24:10.185Z,42.553,pi:0,duck,0.8759,611.75,448.02,804.00,663.50,1.914,-7.842
2026-04-22T12:24:10.214Z,42.582,pi:0,duck,0.8759,611.76,448.99,804.01,663.64,1.922,-7.842
2026-04-22T12:24:10.257Z,42.625,pi:0,duck,0.8759,611.72,448.02,804.01,663.24,1.917,-7.842
2026-04-22T12:24:10.293Z,42.662,pi:0,duck,0.8759,611.79,449.00,804.00,663.64,1.922,-7.841
2026-04-22T12:24:10.328Z,42.696,pi:0,duck,0.8759,610.98,449.00,804.78,663.24,1.925,-7.842
2026-04-22T12:24:10.363Z,42.732,pi:0,duck,0.8759,611.76,448.02,804.01,663.60,1.913,-7.842
2026-04-22T12:24:10.397Z,42.765,pi:0,duck,0.8759,611.75,449.00,804.00,663.93,1.919,-7.842
2026-04-22T12:24:10.442Z,42.811,pi:0,duck,0.8795,610.96,448.02,803.26,663.97,1.910,-7.866
2026-04-22T12:24:10.483Z,42.852,pi:0,duck,0.8832,610.99,448.02,804.78,663.29,1.916,-7.842
2026-04-22T12:24:10.528Z,42.897,pi:0,duck,0.8795,611.00,448.02,804.78,663.64,1.913,-7.841
2026-04-22T12:24:10.574Z,42.943,pi:0,duck,0.8832,611.75,448.99,804.78,663.19,1.926,-7.829
2026-04-22T12:24:10.616Z,42.985,pi:0,duck,0.8832,611.73,448.99,804.00,663.97,1.919,-7.842
2026-04-22T12:24:10.653Z,43.022,pi:0,duck,0.8759,611.74,448.99,804.78,663.55,1.923,-7.830
2026-04-22T12:24:10.693Z,43.062,pi:0,duck,0.8795,611.00,448.02,804.00,664.32,1.907,-7.854
2026-04-22T12:24:10.739Z,43.107,pi:0,duck,0.8795,611.73,448.02,804.00,663.60,1.913,-7.842
2026-04-22T12:24:10.773Z,43.142,pi:0,duck,0.8759,611.73,448.02,804.78,663.19,1.917,-7.830
2026-04-22T12:24:10.823Z,43.192,pi:0,duck,0.8795,610.99,448.02,804.00,663.29,1.916,-7.854
2026-04-22T12:24:10.870Z,43.238,pi:0,duck,0.8832,611.71,448.02,803.26,663.55,1.914,-7.854
2026-04-22T12:24:10.921Z,43.289,pi:0,duck,0.8795,611.75,448.02,804.00,663.93,1.910,-7.842
2026-04-22T12:24:10.975Z,43.344,pi:0,duck,0.8795,610.94,448.02,804.78,663.64,1.913,-7.842
2026-04-22T12:24:11.020Z,43.389,pi:0,duck,0.8759,610.94,448.02,804.01,663.60,1.913,-7.855
2026-04-22T12:24:11.050Z,43.418,pi:0,duck,0.8795,611.74,448.02,804.00,663.19,1.917,-7.842
2026-04-22T12:24:11.087Z,43.455,pi:0,duck,0.8795,611.73,449.00,804.01,663.97,1.919,-7.842
2026-04-22T12:24:11.122Z,43.491,pi:0,duck,0.8795,611.73,448.02,804.00,663.55,1.914,-7.842
2026-04-22T12:24:11.164Z,43.533,pi:0,duck,0.8832,611.00,448.99,804.00,663.88,1.920,-7.854
2026-04-22T12:24:11.196Z,43.564,pi:0,duck,0.8795,611.73,448.02,804.00,663.97,1.910,-7.842
2026-04-22T12:24:11.243Z,43.612,pi:0,duck,0.8759,612.51,448.02,804.00,663.55,1.914,-7.830
2026-04-22T12:24:11.277Z,43.645,pi:0,duck,0.8795,611.75,448.99,804.00,663.44,1.923,-7.842
2026-04-22T12:24:11.317Z,43.685,pi:0,duck,0.8832,610.99,448.02,804.78,663.93,1.911,-7.842
2026-04-22T12:24:11.345Z,43.714,pi:0,duck,0.8759,611.75,448.99,803.26,663.55,1.923,-7.854
2026-04-22T12:24:11.397Z,43.766,pi:0,duck,0.8832,611.77,448.99,804.00,663.55,1.923,-7.842
2026-04-22T12:24:11.441Z,43.810,pi:0,duck,0.8795,611.75,448.99,804.00,663.55,1.923,-7.842
2026-04-22T12:24:11.485Z,43.853,pi:0,duck,0.8832,610.96,448.99,803.26,663.60,1.922,-7.866
2026-04-22T12:24:11.523Z,43.892,pi:0,duck,0.8759,611.73,448.02,804.00,664.01,1.910,-7.842
2026-04-22T12:24:11.554Z,43.922,pi:0,duck,0.8759,612.55,448.02,804.00,663.64,1.913,-7.829
2026-04-22T12:24:11.592Z,43.960,pi:0,duck,0.8795,611.75,448.99,804.00,663.97,1.919,-7.842
2026-04-22T12:24:11.633Z,44.001,pi:0,duck,0.8795,611.71,448.02,804.00,663.64,1.913,-7.842
2026-04-22T12:24:11.672Z,44.040,pi:0,duck,0.8832,611.77,448.99,804.78,663.55,1.923,-7.829
2026-04-22T12:24:11.720Z,44.089,pi:0,duck,0.8795,611.75,449.00,803.26,664.05,1.918,-7.854
2026-04-22T12:24:11.755Z,44.124,pi:0,duck,0.8795,610.97,448.99,804.00,664.01,1.918,-7.854
2026-04-22T12:24:11.795Z,44.163,pi:0,duck,0.8795,610.99,448.02,803.26,663.97,1.910,-7.866
2026-04-22T12:24:11.841Z,44.209,pi:0,duck,0.8795,611.73,449.00,804.78,663.60,1.922,-7.830
2026-04-22T12:24:11.889Z,44.258,pi:0,duck,0.8795,611.75,448.99,804.00,662.90,1.928,-7.842
2026-04-22T12:24:11.926Z,44.295,pi:0,duck,0.8832,611.75,448.99,803.26,663.97,1.919,-7.854
2026-04-22T12:24:11.969Z,44.338,pi:0,duck,0.8759,612.55,448.99,804.00,663.60,1.922,-7.829
2026-04-22T12:24:12.008Z,44.377,pi:0,duck,0.8795,610.99,449.00,803.26,664.01,1.918,-7.866
2026-04-22T12:24:12.042Z,44.411,pi:0,duck,0.8795,610.98,448.02,803.26,664.33,1.907,-7.866
2026-04-22T12:24:12.083Z,44.452,pi:0,duck,0.8795,611.77,448.02,803.26,663.97,1.910,-7.853
2026-04-22T12:24:12.121Z,44.490,pi:0,duck,0.8759,610.94,449.00,804.00,664.01,1.918,-7.855
2026-04-22T12:24:12.155Z,44.524,pi:0,duck,0.8832,611.01,448.02,804.00,663.64,1.913,-7.854
2026-04-22T12:24:12.199Z,44.567,pi:0,duck,0.8759,611.73,448.02,803.26,663.64,1.913,-7.854
2026-04-22T12:24:12.242Z,44.610,pi:0,duck,0.8759,611.66,448.02,804.01,663.60,1.913,-7.843
2026-04-22T12:24:12.295Z,44.664,pi:0,duck,0.8759,611.75,448.99,804.00,663.60,1.922,-7.842
2026-04-22T12:24:12.329Z,44.698,pi:0,duck,0.8759,610.98,448.02,804.78,663.60,1.913,-7.842
2026-04-22T12:24:12.381Z,44.749,pi:0,duck,0.8759,611.78,449.00,804.00,663.64,1.922,-7.841
2026-04-22T12:24:12.422Z,44.790,pi:0,duck,0.8795,611.01,449.00,803.26,663.97,1.919,-7.866
2026-04-22T12:24:12.504Z,44.873,pi:0,duck,0.8795,611.01,449.00,804.01,663.64,1.922,-7.854
2026-04-22T12:24:12.573Z,44.942,pi:0,duck,0.8759,611.72,448.02,804.00,663.60,1.913,-7.842
2026-04-22T12:24:12.638Z,45.007,pi:0,duck,0.8795,611.00,448.02,803.26,663.64,1.913,-7.866
2026-04-22T12:24:12.708Z,45.077,pi:0,duck,0.8795,611.77,448.02,804.78,663.72,1.912,-7.829
2026-04-22T12:24:12.764Z,45.133,pi:0,duck,0.8795,611.77,448.02,804.00,664.01,1.910,-7.842
2026-04-22T12:24:12.817Z,45.185,pi:0,duck,0.8795,611.75,448.02,804.00,663.72,1.912,-7.842
2026-04-22T12:24:12.850Z,45.219,pi:0,duck,0.8795,611.73,448.02,804.01,663.97,1.910,-7.842
2026-04-22T12:24:12.893Z,45.262,pi:0,duck,0.8795,611.73,448.02,803.26,664.36,1.907,-7.854
2026-04-22T12:24:12.927Z,45.295,pi:0,duck,0.8795,611.68,448.02,804.00,664.05,1.909,-7.843
2026-04-22T12:24:12.980Z,45.348,pi:0,duck,0.8832,611.73,447.02,803.26,664.05,1.901,-7.854
2026-04-22T12:24:13.026Z,45.395,pi:0,duck,0.8832,610.96,448.02,803.26,664.43,1.906,-7.866
2026-04-22T12:24:13.073Z,45.442,pi:0,duck,0.8759,611.74,448.02,804.00,664.01,1.910,-7.842
2026-04-22T12:24:13.112Z,45.480,pi:0,duck,0.8759,610.99,447.03,803.26,664.05,1.901,-7.866
2026-04-22T12:24:13.161Z,45.530,pi:0,duck,0.8759,610.97,447.03,804.00,663.64,1.904,-7.854
2026-04-22T12:24:13.201Z,45.570,pi:0,duck,0.8759,610.92,448.02,804.00,663.97,1.910,-7.855
2026-04-22T12:24:13.245Z,45.614,pi:0,duck,0.8795,611.73,448.02,804.00,664.01,1.910,-7.842
2026-04-22T12:24:13.290Z,45.659,pi:0,duck,0.8759,607.52,450.91,807.28,661.48,1.959,-7.857
2026-04-22T12:24:13.329Z,45.697,pi:0,duck,0.8759,612.53,448.02,804.00,663.60,1.913,-7.829
2026-04-22T12:24:13.375Z,45.743,pi:0,duck,0.8759,606.93,450.92,807.28,661.64,1.958,-7.867
2026-04-22T12:24:13.422Z,45.791,pi:0,duck,0.8759,611.73,448.02,804.00,664.01,1.910,-7.842
2026-04-22T12:24:13.461Z,45.829,pi:0,duck,0.8759,612.56,448.02,804.00,663.64,1.913,-7.829
2026-04-22T12:24:13.497Z,45.865,pi:0,duck,0.8722,611.78,448.02,804.00,664.36,1.907,-7.841
2026-04-22T12:24:13.541Z,45.910,pi:0,duck,0.8759,612.55,448.02,804.00,664.01,1.910,-7.829
2026-04-22T12:24:13.571Z,45.940,pi:0,duck,0.8795,612.53,448.02,804.00,663.64,1.913,-7.829
2026-04-22T12:24:13.616Z,45.984,pi:0,duck,0.8722,611.72,448.02,804.00,663.60,1.913,-7.842
2026-04-22T12:24:13.649Z,46.017,pi:0,duck,0.8759,612.51,447.03,804.00,663.64,1.904,-7.830
2026-04-22T12:24:13.686Z,46.055,pi:0,duck,0.8759,611.75,448.02,804.00,663.64,1.913,-7.842
2026-04-22T12:24:13.729Z,46.097,pi:0,duck,0.8759,611.71,447.03,804.78,663.55,1.905,-7.830
2026-04-22T12:24:13.794Z,46.162,pi:0,duck,0.8795,611.75,448.02,804.00,663.68,1.913,-7.842
2026-04-22T12:24:13.894Z,46.263,pi:0,duck,0.8795,610.95,447.03,803.26,663.44,1.906,-7.867
2026-04-22T12:24:13.936Z,46.305,pi:0,duck,0.8759,611.73,447.03,804.00,663.93,1.902,-7.842
2026-04-22T12:24:13.979Z,46.347,pi:0,duck,0.8759,611.72,447.03,804.00,663.19,1.908,-7.842
2026-04-22T12:24:14.012Z,46.381,pi:0,duck,0.8759,611.73,448.02,804.00,663.55,1.914,-7.842
2026-04-22T12:24:14.059Z,46.427,pi:0,duck,0.8759,612.51,448.02,804.00,663.24,1.917,-7.830
2026-04-22T12:24:14.096Z,46.464,pi:0,duck,0.8795,611.66,448.02,804.00,663.97,1.910,-7.843
2026-04-22T12:24:14.165Z,46.534,pi:0,duck,0.8722,611.75,448.02,803.26,663.60,1.913,-7.854
2026-04-22T12:24:14.223Z,46.591,pi:0,duck,0.8759,611.69,448.02,804.00,663.55,1.914,-7.843
2026-04-22T12:24:14.289Z,46.657,pi:0,duck,0.8759,610.99,447.03,804.00,663.64,1.904,-7.854
2026-04-22T12:24:14.351Z,46.720,pi:0,duck,0.8759,611.77,448.02,804.00,663.60,1.913,-7.842
2026-04-22T12:24:14.415Z,46.783,pi:0,duck,0.8759,611.78,448.02,804.00,663.64,1.913,-7.841
2026-04-22T12:24:14.493Z,46.862,pi:0,duck,0.8686,612.53,447.03,804.00,663.64,1.904,-7.829
2026-04-22T12:24:14.602Z,46.970,pi:0,duck,0.8759,611.76,447.02,804.78,663.60,1.905,-7.829
2026-04-22T12:24:14.663Z,47.031,pi:0,duck,0.8759,612.51,448.02,804.00,663.60,1.913,-7.830
2026-04-22T12:24:14.747Z,47.116,pi:0,duck,0.8759,611.72,448.02,804.00,663.97,1.910,-7.842
2026-04-22T12:24:14.802Z,47.171,pi:0,duck,0.8759,611.73,448.02,803.26,664.32,1.907,-7.854
2026-04-22T12:24:14.852Z,47.220,pi:0,duck,0.8759,612.51,448.02,804.78,663.24,1.917,-7.817
2026-04-22T12:24:14.906Z,47.274,pi:0,duck,0.8832,612.51,447.02,804.00,664.01,1.901,-7.830
2026-04-22T12:24:14.948Z,47.317,pi:0,duck,0.8795,611.79,448.02,804.01,663.97,1.910,-7.841
2026-04-22T12:24:14.992Z,47.360,pi:0,duck,0.8759,611.73,447.02,803.26,664.01,1.901,-7.854
2026-04-22T12:24:15.034Z,47.402,pi:0,duck,0.8795,611.76,448.01,804.00,663.97,1.910,-7.842
2026-04-22T12:24:15.078Z,47.446,pi:0,duck,0.8759,611.76,447.02,804.00,663.97,1.901,-7.842
2026-04-22T12:24:15.117Z,47.486,pi:0,duck,0.8759,610.99,447.02,804.01,663.97,1.901,-7.854
2026-04-22T12:24:15.164Z,47.533,pi:0,duck,0.8795,611.69,447.02,804.00,664.08,1.900,-7.843
2026-04-22T12:24:15.202Z,47.570,pi:0,duck,0.8759,612.47,448.01,803.26,664.01,1.910,-7.842
2026-04-22T12:24:15.240Z,47.609,pi:0,duck,0.8759,611.75,447.02,804.00,663.60,1.905,-7.842
2026-04-22T12:24:15.287Z,47.656,pi:0,duck,0.8759,611.74,447.02,804.00,663.97,1.901,-7.842
2026-04-22T12:24:15.328Z,47.696,pi:0,duck,0.8759,612.53,448.01,804.78,663.55,1.914,-7.817
2026-04-22T12:24:15.363Z,47.732,pi:0,duck,0.8759,611.73,447.02,804.78,664.01,1.901,-7.830
2026-04-22T12:24:15.396Z,47.764,pi:0,duck,0.8759,611.74,446.02,804.00,663.50,1.897,-7.842
2026-04-22T12:24:15.432Z,47.800,pi:0,duck,0.8759,611.75,447.02,804.00,663.14,1.909,-7.842
2026-04-22T12:24:15.470Z,47.838,pi:0,duck,0.8795,611.73,447.02,804.00,663.60,1.905,-7.842
2026-04-22T12:24:15.509Z,47.878,pi:0,duck,0.8759,612.53,447.02,804.00,663.55,1.905,-7.829
2026-04-22T12:24:15.544Z,47.913,pi:0,duck,0.8795,611.73,447.02,804.01,663.55,1.905,-7.842
2026-04-22T12:24:15.582Z,47.951,pi:0,duck,0.8759,612.51,447.02,804.00,663.60,1.905,-7.830
2026-04-22T12:24:15.615Z,47.983,pi:0,duck,0.8795,612.56,447.02,804.01,663.97,1.901,-7.829
2026-04-22T12:24:15.650Z,48.018,pi:0,duck,0.8759,612.55,447.02,804.00,664.33,1.898,-7.829
2026-04-22T12:24:15.695Z,48.064,pi:0,duck,0.8759,612.53,446.02,804.00,663.19,1.899,-7.829
2026-04-22T12:24:15.742Z,48.110,pi:0,duck,0.8759,612.52,447.02,804.00,663.55,1.905,-7.829
2026-04-22T12:24:15.813Z,48.182,pi:0,duck,0.8832,611.77,446.02,804.00,663.55,1.896,-7.842
2026-04-22T12:24:15.852Z,48.220,pi:0,duck,0.8759,612.55,446.02,804.00,663.93,1.893,-7.829
2026-04-22T12:24:15.887Z,48.255,pi:0,duck,0.8759,612.53,446.02,804.00,663.29,1.899,-7.829
2026-04-22T12:24:15.936Z,48.304,pi:0,duck,0.8759,612.53,447.02,803.26,663.64,1.904,-7.841
2026-04-22T12:24:16.010Z,48.378,pi:0,duck,0.8759,611.78,446.02,803.26,663.97,1.893,-7.853
2026-04-22T12:24:16.087Z,48.455,pi:0,duck,0.8759,612.55,447.02,804.00,663.93,1.902,-7.829
2026-04-22T12:24:16.159Z,48.528,pi:0,duck,0.8759,613.32,447.02,804.78,663.60,1.905,-7.804
2026-04-22T12:24:16.217Z,48.586,pi:0,duck,0.8795,612.51,447.02,804.00,663.93,1.902,-7.830
2026-04-22T12:24:16.270Z,48.638,pi:0,duck,0.8759,612.58,446.02,803.26,663.64,1.895,-7.841
2026-04-22T12:24:16.311Z,48.680,pi:0,duck,0.8759,613.35,446.02,804.00,663.60,1.896,-7.816
2026-04-22T12:24:16.356Z,48.724,pi:0,duck,0.8759,613.39,446.02,804.00,663.14,1.900,-7.816
2026-04-22T12:24:16.387Z,48.755,pi:0,duck,0.8795,612.54,447.02,803.25,663.60,1.905,-7.841
2026-04-22T12:24:16.426Z,48.795,pi:0,duck,0.8795,613.36,447.02,804.00,663.14,1.909,-7.816
2026-04-22T12:24:16.467Z,48.836,pi:0,duck,0.8759,613.37,446.02,804.00,663.14,1.900,-7.816
2026-04-22T12:24:16.509Z,48.878,pi:0,duck,0.8759,612.56,447.02,803.26,663.24,1.908,-7.841
2026-04-22T12:24:16.544Z,48.913,pi:0,duck,0.8832,612.54,446.02,804.01,663.24,1.899,-7.829
2026-04-22T12:24:16.577Z,48.946,pi:0,duck,0.8759,612.52,446.02,804.00,663.60,1.896,-7.830
2026-04-22T12:24:16.617Z,48.986,pi:0,duck,0.8759,612.53,445.01,804.00,662.95,1.893,-7.829
2026-04-22T12:24:16.652Z,49.020,pi:0,duck,0.8832,612.58,447.02,804.00,663.29,1.907,-7.829
2026-04-22T12:24:16.691Z,49.059,pi:0,duck,0.8795,612.51,446.02,804.00,663.24,1.899,-7.830
2026-04-22T12:24:16.737Z,49.105,pi:0,duck,0.8759,612.55,447.02,803.26,663.55,1.905,-7.841
2026-04-22T12:24:16.768Z,49.137,pi:0,duck,0.8759,611.75,446.02,804.00,663.19,1.899,-7.842
2026-04-22T12:24:16.810Z,49.179,pi:0,duck,0.8795,612.55,446.02,804.00,662.90,1.902,-7.829
2026-04-22T12:24:16.856Z,49.224,pi:0,duck,0.8795,612.53,446.02,804.00,662.90,1.902,-7.829
2026-04-22T12:24:16.898Z,49.267,pi:0,duck,0.8759,607.43,449.97,807.28,660.92,1.955,-7.859
2026-04-22T12:24:16.950Z,49.318,pi:0,duck,0.8832,611.77,446.02,804.00,663.29,1.899,-7.842
2026-04-22T12:24:16.999Z,49.368,pi:0,duck,0.8795,611.69,446.02,804.00,664.01,1.892,-7.843
2026-04-22T12:24:17.065Z,49.434,pi:0,duck,0.8759,611.72,446.02,803.26,664.01,1.892,-7.854
2026-04-22T12:24:17.105Z,49.473,pi:0,duck,0.8832,611.69,446.02,803.26,663.55,1.896,-7.855
2026-04-22T12:24:17.145Z,49.514,pi:0,duck,0.8759,611.70,446.02,804.00,663.29,1.899,-7.843
2026-04-22T12:24:17.185Z,49.554,pi:0,duck,0.8759,610.99,446.02,804.00,663.50,1.897,-7.854
2026-04-22T12:24:17.225Z,49.594,pi:0,duck,0.8795,612.53,446.02,804.00,663.29,1.899,-7.829
2026-04-22T12:24:17.277Z,49.646,pi:0,duck,0.8795,611.72,446.02,804.01,663.24,1.899,-7.842
2026-04-22T12:24:17.319Z,49.687,pi:0,duck,0.8759,611.73,446.02,804.78,663.24,1.899,-7.830
2026-04-22T12:24:17.355Z,49.723,pi:0,duck,0.8759,611.75,447.02,803.26,664.01,1.901,-7.854
2026-04-22T12:24:17.398Z,49.766,pi:0,duck,0.8759,610.99,447.02,804.00,663.60,1.905,-7.854
2026-04-22T12:24:17.436Z,49.804,pi:0,duck,0.8759,611.79,447.02,803.26,663.60,1.905,-7.853
2026-04-22T12:24:17.479Z,49.848,pi:0,duck,0.8795,612.54,447.02,803.26,663.60,1.905,-7.841
2026-04-22T12:24:17.526Z,49.895,pi:0,duck,0.8795,612.56,446.02,803.26,663.64,1.896,-7.841
2026-04-22T12:24:17.564Z,49.932,pi:0,duck,0.8759,612.55,446.02,804.00,663.97,1.893,-7.829
2026-04-22T12:24:17.601Z,49.969,pi:0,duck,0.8759,612.51,446.02,804.78,663.60,1.896,-7.817
2026-04-22T12:24:17.642Z,50.011,pi:0,duck,0.8795,612.57,446.02,803.26,663.97,1.893,-7.841
2026-04-22T12:24:17.697Z,50.065,pi:0,duck,0.8795,612.51,447.02,804.00,663.97,1.901,-7.830
2026-04-22T12:24:17.729Z,50.098,pi:0,duck,0.8795,611.75,446.02,804.00,663.64,1.895,-7.842
2026-04-22T12:24:17.778Z,50.147,pi:0,duck,0.8832,611.76,446.02,803.26,663.60,1.896,-7.854
2026-04-22T12:24:17.821Z,50.190,pi:0,duck,0.8795,611.73,446.02,804.00,663.29,1.899,-7.842
2026-04-22T12:24:17.858Z,50.226,pi:0,duck,0.8795,611.73,446.02,804.00,663.64,1.895,-7.842
2026-04-22T12:24:17.887Z,50.256,pi:0,duck,0.8832,611.73,446.02,804.78,663.93,1.893,-7.830
2026-04-22T12:24:17.937Z,50.306,pi:0,duck,0.8759,611.73,446.02,804.01,663.60,1.896,-7.842
2026-04-22T12:24:17.977Z,50.346,pi:0,duck,0.8795,611.73,446.02,804.78,663.93,1.893,-7.830
2026-04-22T12:24:18.014Z,50.382,pi:0,duck,0.8795,611.73,446.02,804.01,663.60,1.896,-7.842
2026-04-22T12:24:18.053Z,50.421,pi:0,duck,0.8832,611.69,445.01,804.00,663.97,1.884,-7.843
2026-04-22T12:24:18.089Z,50.457,pi:0,duck,0.8832,611.69,446.02,804.00,663.60,1.896,-7.843
2026-04-22T12:24:18.132Z,50.500,pi:0,duck,0.8832,611.72,446.02,803.26,663.68,1.895,-7.854
2026-04-22T12:24:18.165Z,50.533,pi:0,duck,0.8759,611.71,446.02,804.78,663.64,1.896,-7.830
2026-04-22T12:24:18.208Z,50.576,pi:0,duck,0.8795,611.70,445.01,804.00,663.60,1.887,-7.843
2026-04-22T12:24:18.250Z,50.619,pi:0,duck,0.8722,611.70,446.02,803.26,663.60,1.896,-7.855
2026-04-22T12:24:18.292Z,50.661,pi:0,duck,0.8759,611.71,446.02,804.00,663.97,1.893,-7.843
2026-04-22T12:24:18.324Z,50.693,pi:0,duck,0.8759,611.71,446.02,803.26,663.64,1.895,-7.854
2026-04-22T12:24:18.364Z,50.732,pi:0,duck,0.8759,611.68,446.02,803.26,663.60,1.896,-7.855
2026-04-22T12:24:18.405Z,50.774,pi:0,duck,0.8795,611.68,446.02,804.00,663.97,1.893,-7.843
2026-04-22T12:24:18.440Z,50.809,pi:0,duck,0.8759,612.43,446.02,804.00,663.64,1.896,-7.831
2026-04-22T12:24:18.489Z,50.857,pi:0,duck,0.8759,610.91,446.02,804.00,663.14,1.900,-7.855
2026-04-22T12:24:18.525Z,50.893,pi:0,duck,0.8759,611.73,446.02,804.00,663.55,1.896,-7.842
2026-04-22T12:24:18.569Z,50.938,pi:0,duck,0.8722,611.73,446.02,804.00,663.97,1.893,-7.842
2026-04-22T12:24:18.603Z,50.971,pi:0,duck,0.8686,610.97,447.02,804.00,664.01,1.901,-7.854
2026-04-22T12:24:18.645Z,51.014,pi:0,duck,0.8759,610.96,446.02,804.00,665.30,1.881,-7.855
2026-04-22T12:24:18.690Z,51.058,pi:0,duck,0.8759,611.71,446.02,804.00,664.84,1.885,-7.843
2026-04-22T12:24:18.731Z,51.099,pi:0,duck,0.8759,612.51,446.02,804.00,664.84,1.885,-7.830
2026-04-22T12:24:18.782Z,51.151,pi:0,duck,0.8759,611.75,446.02,804.00,664.36,1.889,-7.842
2026-04-22T12:24:18.824Z,51.193,pi:0,duck,0.8795,611.72,447.02,804.78,664.46,1.897,-7.830
2026-04-22T12:24:18.861Z,51.229,pi:0,duck,0.8759,611.75,447.02,804.00,664.43,1.897,-7.842
2026-04-22T12:24:18.912Z,51.280,pi:0,duck,0.8759,611.74,446.02,804.00,664.01,1.892,-7.842
2026-04-22T12:24:18.956Z,51.324,pi:0,duck,0.8759,611.69,447.02,803.26,664.87,1.893,-7.855
2026-04-22T12:24:18.994Z,51.363,pi:0,duck,0.8759,612.53,447.02,803.26,664.43,1.897,-7.841
2026-04-22T12:24:19.031Z,51.399,pi:0,duck,0.8722,611.73,447.02,804.01,665.33,1.890,-7.842
2026-04-22T12:24:19.072Z,51.440,pi:0,duck,0.8722,611.01,447.02,803.26,664.81,1.894,-7.866
2026-04-22T12:24:19.114Z,51.483,pi:0,duck,0.8759,612.51,447.02,804.00,664.40,1.898,-7.830
2026-04-22T12:24:19.151Z,51.519,pi:0,duck,0.8759,612.55,447.02,804.00,664.05,1.901,-7.829
2026-04-22T12:24:19.193Z,51.561,pi:0,duck,0.8759,612.55,447.02,804.01,663.97,1.901,-7.829
2026-04-22T12:24:19.237Z,51.606,pi:0,duck,0.8759,612.57,447.02,803.26,663.97,1.901,-7.841
2026-04-22T12:24:19.296Z,51.665,pi:0,duck,0.8759,613.35,448.01,804.00,663.60,1.913,-7.816
2026-04-22T12:24:19.337Z,51.706,pi:0,duck,0.8759,612.54,448.02,804.00,664.81,1.903,-7.829
2026-04-22T12:24:19.377Z,51.745,pi:0,duck,0.8759,607.43,451.83,807.28,661.48,1.968,-7.859
2026-04-22T12:24:19.427Z,51.796,pi:0,duck,0.8759,613.38,447.02,803.26,663.97,1.901,-7.828
2026-04-22T12:24:19.470Z,51.839,pi:0,duck,0.8795,612.58,447.02,803.26,663.97,1.901,-7.840
2026-04-22T12:24:19.529Z,51.898,pi:0,duck,0.8759,606.97,451.83,807.28,661.51,1.967,-7.866
2026-04-22T12:24:19.570Z,51.938,pi:0,duck,0.8722,612.58,448.01,804.00,663.60,1.913,-7.829
2026-04-22T12:24:19.617Z,51.986,pi:0,duck,0.8759,612.56,448.01,804.00,663.64,1.913,-7.829
2026-04-22T12:24:19.653Z,52.022,pi:0,duck,0.8759,612.58,448.01,804.01,663.60,1.913,-7.829
2026-04-22T12:24:19.689Z,52.058,pi:0,duck,0.8759,612.58,447.02,804.00,663.93,1.902,-7.829
2026-04-22T12:24:19.733Z,52.102,pi:0,duck,0.8686,612.58,447.02,804.00,663.97,1.901,-7.829
2026-04-22T12:24:19.766Z,52.135,pi:0,duck,0.8759,612.58,447.02,804.00,663.93,1.902,-7.829
2026-04-22T12:24:19.808Z,52.177,pi:0,duck,0.8759,612.58,447.02,804.00,663.97,1.901,-7.829
2026-04-22T12:24:19.851Z,52.220,pi:0,duck,0.8759,607.48,451.83,807.28,661.51,1.967,-7.858
2026-04-22T12:24:19.897Z,52.266,pi:0,duck,0.8686,613.39,446.02,804.01,664.01,1.892,-7.816
2026-04-22T12:24:19.937Z,52.306,pi:0,duck,0.8759,607.52,450.91,807.28,661.87,1.955,-7.857
2026-04-22T12:24:19.981Z,52.350,pi:0,duck,0.8759,612.56,447.02,804.01,664.05,1.901,-7.829
2026-04-22T12:24:20.017Z,52.386,pi:0,duck,0.8759,611.79,447.02,804.79,664.84,1.894,-7.829
2026-04-22T12:24:20.057Z,52.426,pi:0,duck,0.8759,612.56,447.02,804.01,664.40,1.898,-7.829
2026-04-22T12:24:20.111Z,52.480,pi:0,duck,0.8759,612.58,447.02,804.01,664.81,1.894,-7.828
2026-04-22T12:24:20.164Z,52.532,pi:0,duck,0.8759,611.77,447.02,804.01,664.78,1.894,-7.841
2026-04-22T12:24:20.199Z,52.567,pi:0,duck,0.8759,612.58,446.02,804.01,664.01,1.892,-7.828
2026-04-22T12:24:20.246Z,52.615,pi:0,duck,0.8686,612.56,447.02,804.01,663.93,1.902,-7.829
2026-04-22T12:24:20.287Z,52.656,pi:0,duck,0.8795,612.58,448.01,804.01,663.68,1.913,-7.828
2026-04-22T12:24:20.323Z,52.692,pi:0,duck,0.8759,612.57,447.02,804.01,663.68,1.904,-7.829
2026-04-22T12:24:20.372Z,52.741,pi:0,duck,0.8686,610.98,447.02,804.79,664.87,1.893,-7.842
2026-04-22T12:24:20.420Z,52.788,pi:0,duck,0.8686,611.73,447.02,804.01,664.32,1.898,-7.842
2026-04-22T12:24:20.448Z,52.816,pi:0,duck,0.8759,606.78,451.83,808.17,661.81,1.965,-7.855
2026-04-22T12:24:20.494Z,52.862,pi:0,duck,0.8759,613.37,447.02,804.79,664.01,1.901,-7.803
2026-04-22T12:24:20.534Z,52.902,pi:0,duck,0.8759,611.73,447.02,804.79,664.43,1.897,-7.830
2026-04-22T12:24:20.565Z,52.934,pi:0,duck,0.8759,611.73,447.02,804.01,664.81,1.894,-7.842
2026-04-22T12:24:20.611Z,52.980,pi:0,duck,0.8759,611.73,447.02,804.01,663.97,1.901,-7.842
2026-04-22T12:24:20.657Z,53.025,pi:0,duck,0.8759,611.66,447.02,804.78,664.78,1.894,-7.831
2026-04-22T12:24:20.693Z,53.061,pi:0,duck,0.8759,612.49,447.01,804.00,664.28,1.899,-7.830
2026-04-22T12:24:20.733Z,53.101,pi:0,duck,0.8722,612.47,446.00,804.78,665.25,1.881,-7.818
2026-04-22T12:24:20.773Z,53.142,pi:0,duck,0.8759,614.03,446.00,804.01,665.68,1.878,-7.805
2026-04-22T12:24:20.813Z,53.182,pi:0,duck,0.4963,489.86,444.87,806.58,765.74,1.286,-9.745
2026-04-22T12:24:20.914Z,53.283,pi:0,duck,0.8795,605.68,450.92,810.04,662.69,1.948,-7.842
2026-04-22T12:24:20.960Z,53.329,pi:0,duck,0.8795,606.91,451.83,808.17,661.79,1.965,-7.853
2026-04-22T12:24:21.011Z,53.379,pi:0,duck,0.8759,607.93,450.91,808.18,661.57,1.958,-7.836
2026-04-22T12:24:21.076Z,53.445,pi:0,duck,0.8649,615.13,445.99,803.27,665.62,1.878,-7.799
2026-04-22T12:24:21.127Z,53.496,pi:0,duck,0.8759,613.29,445.96,804.79,664.40,1.888,-7.805
2026-04-22T12:24:21.190Z,53.558,pi:0,duck,0.8540,613.23,445.98,804.78,663.83,1.894,-7.806
2026-04-22T12:24:21.231Z,53.600,pi:0,duck,0.8649,613.29,446.99,804.01,664.28,1.898,-7.817
2026-04-22T12:24:21.266Z,53.634,pi:0,duck,0.8686,613.28,445.98,804.79,663.97,1.892,-7.805
2026-04-22T12:24:21.302Z,53.671,pi:0,duck,0.8576,613.29,445.99,804.79,664.32,1.889,-7.804
2026-04-22T12:24:21.341Z,53.709,pi:0,duck,0.8649,613.29,446.00,804.01,663.97,1.892,-7.817
2026-04-22T12:24:21.393Z,53.761,pi:0,duck,0.8686,612.45,447.99,804.79,664.36,1.906,-7.818
2026-04-22T12:24:21.440Z,53.808,pi:0,duck,0.8722,613.30,447.00,804.01,664.78,1.894,-7.817
2026-04-22T12:24:21.490Z,53.859,pi:0,duck,0.8649,613.29,445.92,804.01,664.33,1.889,-7.817
2026-04-22T12:24:21.536Z,53.905,pi:0,duck,0.8613,612.42,445.93,804.78,664.24,1.890,-7.819
2026-04-22T12:24:21.581Z,53.950,pi:0,duck,0.8759,612.47,444.84,804.79,664.33,1.879,-7.818
2026-04-22T12:24:21.627Z,53.996,pi:0,duck,0.8686,612.42,444.94,804.78,665.25,1.872,-7.819
2026-04-22T12:24:21.671Z,54.040,pi:0,duck,0.8394,612.34,445.99,804.79,664.75,1.886,-7.820
2026-04-22T12:24:21.716Z,54.085,pi:0,duck,0.8503,612.41,444.97,804.01,665.18,1.873,-7.831
2026-04-22T12:24:21.759Z,54.128,pi:0,duck,0.8467,613.21,445.94,805.60,664.75,1.885,-7.793
2026-04-22T12:24:21.810Z,54.178,pi:0,duck,0.8686,613.28,445.98,804.01,664.37,1.889,-7.817
2026-04-22T12:24:21.856Z,54.225,pi:0,duck,0.8649,612.49,446.96,804.79,664.24,1.898,-7.817
2026-04-22T12:24:21.939Z,54.308,pi:0,duck,0.8686,613.31,445.99,804.78,664.28,1.890,-7.804
2026-04-22T12:24:22.030Z,54.399,pi:0,duck,0.8649,611.74,445.99,804.01,663.93,1.893,-7.842
2026-04-22T12:24:22.113Z,54.482,pi:0,duck,0.8686,613.35,446.00,804.00,663.97,1.892,-7.816
2026-04-22T12:24:22.162Z,54.531,pi:0,duck,0.8722,611.76,446.00,804.01,664.36,1.889,-7.842
2026-04-22T12:24:22.214Z,54.582,pi:0,duck,0.8722,613.36,446.00,804.79,663.97,1.892,-7.803
2026-04-22T12:24:22.262Z,54.631,pi:0,duck,0.8686,612.54,446.00,804.78,664.28,1.890,-7.817
2026-04-22T12:24:22.309Z,54.678,pi:0,duck,0.8649,613.33,446.01,804.01,663.88,1.893,-7.817
2026-04-22T12:24:22.375Z,54.744,pi:0,duck,0.8759,612.56,444.98,804.00,663.24,1.890,-7.829
2026-04-22T12:24:22.428Z,54.796,pi:0,duck,0.8759,611.79,446.00,804.01,663.97,1.892,-7.841
2026-04-22T12:24:22.469Z,54.837,pi:0,duck,0.8759,612.55,443.97,804.00,664.37,1.872,-7.829
2026-04-22T12:24:22.523Z,54.891,pi:0,duck,0.8795,612.52,446.00,804.00,664.37,1.889,-7.829
2026-04-22T12:24:22.574Z,54.942,pi:0,duck,0.8759,612.55,446.00,804.00,664.37,1.889,-7.829
2026-04-22T12:24:22.622Z,54.990,pi:0,duck,0.8759,613.31,446.00,804.00,664.29,1.890,-7.817
2026-04-22T12:24:22.679Z,55.048,pi:0,duck,0.8686,613.35,446.00,804.78,664.33,1.889,-7.804
2026-04-22T12:24:22.722Z,55.090,pi:0,duck,0.8722,612.52,447.01,804.78,664.37,1.898,-7.817
2026-04-22T12:24:22.769Z,55.138,pi:0,duck,0.8649,613.35,447.00,804.00,664.40,1.897,-7.816
2026-04-22T12:24:22.812Z,55.180,pi:0,duck,0.8686,612.52,447.01,804.00,664.33,1.898,-7.830
2026-04-22T12:24:22.856Z,55.224,pi:0,duck,0.8686,612.53,446.00,804.00,663.93,1.893,-7.829
2026-04-22T12:24:22.886Z,55.254,pi:0,duck,0.8722,612.55,446.00,804.00,664.01,1.892,-7.829
2026-04-22T12:24:22.929Z,55.297,pi:0,duck,0.8686,612.53,447.00,804.00,664.28,1.898,-7.829
2026-04-22T12:24:22.986Z,55.354,pi:0,duck,0.8759,612.58,444.99,804.00,663.55,1.887,-7.829
2026-04-22T12:24:23.020Z,55.388,pi:0,duck,0.8759,612.54,445.99,804.01,664.28,1.890,-7.829
2026-04-22T12:24:23.070Z,55.439,pi:0,duck,0.8759,612.56,444.99,803.26,664.36,1.880,-7.841
2026-04-22T12:24:23.115Z,55.484,pi:0,duck,0.8686,612.53,444.99,804.01,664.33,1.881,-7.829
2026-04-22T12:24:23.165Z,55.534,pi:0,duck,0.8722,613.36,444.96,804.78,663.97,1.883,-7.804
2026-04-22T12:24:23.217Z,55.585,pi:0,duck,0.8759,612.51,444.95,804.78,664.37,1.880,-7.817
2026-04-22T12:24:23.253Z,55.622,pi:0,duck,0.8686,613.36,445.97,804.78,664.28,1.889,-7.804
2026-04-22T12:24:23.296Z,55.665,pi:0,duck,0.8722,612.53,445.95,804.00,664.28,1.889,-7.829
2026-04-22T12:24:23.335Z,55.704,pi:0,duck,0.8722,612.56,445.95,804.01,664.28,1.889,-7.829
2026-04-22T12:24:23.367Z,55.735,pi:0,duck,0.8759,611.75,445.90,804.01,664.75,1.885,-7.842
2026-04-22T12:24:23.416Z,55.785,pi:0,duck,0.8722,612.53,444.95,804.01,664.37,1.880,-7.829
2026-04-22T12:24:23.448Z,55.817,pi:0,duck,0.8759,611.75,445.95,804.00,664.40,1.888,-7.842
2026-04-22T12:24:23.505Z,55.874,pi:0,duck,0.8686,612.48,444.96,804.78,664.33,1.880,-7.818
2026-04-22T12:24:23.537Z,55.906,pi:0,duck,0.8759,612.48,445.97,804.78,664.33,1.889,-7.818
2026-04-22T12:24:23.592Z,55.961,pi:0,duck,0.8686,611.69,444.97,804.78,664.28,1.881,-7.830
2026-04-22T12:24:23.621Z,55.993,pi:0,duck,0.8686,612.47,445.98,804.01,664.28,1.890,-7.830
2026-04-22T12:24:23.672Z,56.040,pi:0,duck,0.8649,611.73,445.97,804.01,664.28,1.889,-7.842
2026-04-22T12:24:23.712Z,56.080,pi:0,duck,0.8649,612.46,445.97,804.01,664.74,1.886,-7.830
2026-04-22T12:24:23.749Z,56.117,pi:0,duck,0.8686,610.99,445.98,804.79,664.32,1.889,-7.841
2026-04-22T12:24:23.794Z,56.162,pi:0,duck,0.8613,611.73,445.96,804.78,665.22,1.881,-7.830
2026-04-22T12:24:23.826Z,56.194,pi:0,duck,0.8649,611.70,446.94,804.78,664.75,1.894,-7.830
2026-04-22T12:24:23.861Z,56.230,pi:0,duck,0.8759,611.79,445.93,804.00,664.74,1.885,-7.841
2026-04-22T12:24:23.900Z,56.268,pi:0,duck,0.8759,611.71,444.87,804.79,664.40,1.879,-7.830
2026-04-22T12:24:23.945Z,56.313,pi:0,duck,0.8649,611.67,444.89,804.79,664.71,1.877,-7.831
2026-04-22T12:24:23.987Z,56.355,pi:0,duck,0.8649,612.54,445.89,804.79,664.78,1.884,-7.817
2026-04-22T12:24:24.025Z,56.394,pi:0,duck,0.8759,611.74,445.83,804.78,664.23,1.889,-7.830
2026-04-22T12:24:24.066Z,56.434,pi:0,duck,0.8759,611.78,444.86,804.00,664.28,1.880,-7.841
2026-04-22T12:24:24.106Z,56.475,pi:0,duck,0.8759,611.77,444.88,804.78,663.93,1.883,-7.829
2026-04-22T12:24:24.147Z,56.516,pi:0,duck,0.8759,611.75,444.84,804.78,664.28,1.880,-7.829
2026-04-22T12:24:24.187Z,56.556,pi:0,duck,0.8722,612.54,445.82,804.78,663.93,1.891,-7.817
2026-04-22T12:24:24.230Z,56.598,pi:0,duck,0.8795,611.74,444.87,804.78,664.37,1.879,-7.830
2026-04-22T12:24:24.272Z,56.641,pi:0,duck,0.8759,612.51,445.84,804.78,664.37,1.888,-7.817
2026-04-22T12:24:24.305Z,56.674,pi:0,duck,0.8759,611.76,444.82,804.78,664.37,1.879,-7.829
2026-04-22T12:24:24.342Z,56.711,pi:0,duck,0.8759,610.98,445.86,804.01,664.37,1.888,-7.854
2026-04-22T12:24:24.378Z,56.747,pi:0,duck,0.8759,611.75,445.90,804.01,664.78,1.885,-7.842
2026-04-22T12:24:24.424Z,56.792,pi:0,duck,0.8722,611.73,444.76,804.78,664.81,1.874,-7.830
2026-04-22T12:24:24.466Z,56.834,pi:0,duck,0.8795,611.72,445.83,804.78,664.81,1.884,-7.830
2026-04-22T12:24:24.506Z,56.874,pi:0,duck,0.8686,612.50,443.89,804.78,664.71,1.868,-7.817
2026-04-22T12:24:24.543Z,56.912,pi:0,duck,0.8722,612.49,444.97,804.00,664.75,1.877,-7.830
2026-04-22T12:24:24.591Z,56.960,pi:0,duck,0.8649,612.49,445.99,804.78,664.84,1.885,-7.818
2026-04-22T12:24:24.620Z,56.988,pi:0,duck,0.8576,613.30,445.97,804.00,664.33,1.889,-7.817
2026-04-22T12:24:24.654Z,57.023,pi:0,duck,0.8722,611.75,444.91,804.78,664.01,1.883,-7.829
2026-04-22T12:24:24.702Z,57.071,pi:0,duck,0.8759,612.51,443.85,804.00,663.93,1.874,-7.830
2026-04-22T12:24:24.731Z,57.100,pi:0,duck,0.8759,611.00,444.86,804.78,664.71,1.876,-7.841
2026-04-22T12:24:24.770Z,57.139,pi:0,duck,0.8759,612.53,444.78,804.78,664.71,1.876,-7.817
2026-04-22T12:24:24.813Z,57.182,pi:0,duck,0.8759,611.75,444.80,804.78,664.37,1.879,-7.829
2026-04-22T12:24:24.845Z,57.214,pi:0,duck,0.8759,611.72,444.82,804.79,664.37,1.879,-7.830
2026-04-22T12:24:24.893Z,57.261,pi:0,duck,0.8759,610.96,444.68,804.78,665.19,1.871,-7.842
2026-04-22T12:24:24.938Z,57.306,pi:0,duck,0.8759,611.01,443.76,804.01,664.40,1.870,-7.854
2026-04-22T12:24:24.981Z,57.350,pi:0,duck,0.8759,610.97,443.74,804.78,664.75,1.866,-7.842
2026-04-22T12:24:25.033Z,57.401,pi:0,duck,0.8759,611.05,444.90,804.00,662.85,1.893,-7.853
2026-04-22T12:24:25.087Z,57.455,pi:0,duck,0.8795,611.04,444.89,804.78,663.55,1.886,-7.841
2026-04-22T12:24:25.138Z,57.506,pi:0,duck,0.8722,611.81,445.91,804.78,663.44,1.896,-7.828
2026-04-22T12:24:25.201Z,57.570,pi:0,duck,0.8722,611.80,445.88,804.78,663.97,1.891,-7.829
2026-04-22T12:24:25.281Z,57.650,pi:0,duck,0.8759,611.06,445.83,804.00,664.33,1.888,-7.853
2026-04-22T12:24:25.375Z,57.743,pi:0,duck,0.8795,611.81,445.84,804.00,663.93,1.891,-7.841
2026-04-22T12:24:25.462Z,57.830,pi:0,duck,0.8686,611.84,443.88,804.00,663.88,1.875,-7.840
2026-04-22T12:24:25.526Z,57.894,pi:0,duck,0.8795,611.78,444.91,804.78,664.75,1.876,-7.829
2026-04-22T12:24:25.606Z,57.975,pi:0,duck,0.8722,611.81,445.94,804.78,665.25,1.881,-7.828
2026-04-22T12:24:25.682Z,58.051,pi:0,duck,0.8759,611.05,445.95,804.78,664.43,1.888,-7.841
2026-04-22T12:24:25.758Z,58.126,pi:0,duck,0.8759,611.80,444.96,804.78,664.40,1.880,-7.829
2026-04-22T12:24:25.834Z,58.203,pi:0,duck,0.8686,611.80,445.98,804.00,664.87,1.884,-7.841
2026-04-22T12:24:25.910Z,58.278,pi:0,duck,0.8759,607.43,449.96,808.18,661.48,1.950,-7.844
2026-04-22T12:24:25.968Z,58.336,pi:0,duck,0.8759,611.81,445.99,804.00,664.36,1.889,-7.841
2026-04-22T12:24:26.014Z,58.383,pi:0,duck,0.8759,612.57,445.98,804.00,663.60,1.896,-7.829
2026-04-22T12:24:26.053Z,58.422,pi:0,duck,0.8759,613.40,447.00,804.78,663.93,1.901,-7.803
2026-04-22T12:24:26.097Z,58.466,pi:0,duck,0.8759,611.81,447.00,804.78,663.60,1.904,-7.828
2026-04-22T12:24:26.143Z,58.512,pi:0,duck,0.8759,612.59,446.99,804.00,663.50,1.905,-7.828
2026-04-22T12:24:26.186Z,58.555,pi:0,duck,0.8759,612.59,447.99,804.00,663.97,1.910,-7.828
2026-04-22T12:24:26.230Z,58.598,pi:0,duck,0.8759,611.81,446.00,804.00,663.88,1.893,-7.841
2026-04-22T12:24:26.273Z,58.641,pi:0,duck,0.8759,612.61,447.98,804.78,664.28,1.907,-7.816
2026-04-22T12:24:26.321Z,58.690,pi:0,duck,0.8759,612.61,446.99,804.01,663.93,1.901,-7.828
2026-04-22T12:24:26.374Z,58.743,pi:0,duck,0.8759,613.39,447.98,804.78,664.05,1.909,-7.803
2026-04-22T12:24:26.408Z,58.776,pi:0,duck,0.8759,613.40,446.99,804.01,664.32,1.898,-7.815
2026-04-22T12:24:26.452Z,58.821,pi:0,duck,0.8759,612.60,447.99,804.00,663.93,1.910,-7.828
2026-04-22T12:24:26.495Z,58.863,pi:0,duck,0.8722,612.59,448.00,804.79,664.32,1.907,-7.816
2026-04-22T12:24:26.535Z,58.903,pi:0,duck,0.8759,613.42,447.00,804.78,663.64,1.904,-7.803
2026-04-22T12:24:26.589Z,58.958,pi:0,duck,0.8795,612.58,447.01,804.78,664.01,1.901,-7.816
2026-04-22T12:24:26.630Z,58.998,pi:0,duck,0.8759,612.62,447.01,804.00,663.68,1.904,-7.828
2026-04-22T12:24:26.676Z,59.045,pi:0,duck,0.8795,612.58,447.01,804.01,663.68,1.904,-7.828
2026-04-22T12:24:26.718Z,59.087,pi:0,duck,0.8795,612.58,447.01,804.01,663.64,1.904,-7.828
2026-04-22T12:24:26.767Z,59.135,pi:0,duck,0.8795,612.60,448.00,804.01,664.05,1.909,-7.828
2026-04-22T12:24:26.801Z,59.170,pi:0,duck,0.8795,612.58,447.00,804.78,663.55,1.905,-7.816
2026-04-22T12:24:26.849Z,59.218,pi:0,duck,0.8795,612.61,447.99,804.01,664.36,1.906,-7.828
2026-04-22T12:24:26.897Z,59.266,pi:0,duck,0.8795,612.56,447.01,804.79,663.97,1.901,-7.816
2026-04-22T12:24:26.930Z,59.299,pi:0,duck,0.8795,612.60,447.01,804.01,663.64,1.904,-7.828
2026-04-22T12:24:26.974Z,59.343,pi:0,duck,0.8759,611.81,447.01,804.01,663.97,1.901,-7.841
2026-04-22T12:24:27.010Z,59.378,pi:0,duck,0.8759,612.58,447.01,804.01,663.60,1.905,-7.828
2026-04-22T12:24:27.057Z,59.426,pi:0,duck,0.8759,612.60,447.00,804.79,663.97,1.901,-7.816
2026-04-22T12:24:27.096Z,59.465,pi:0,duck,0.8795,612.60,447.00,804.78,663.60,1.904,-7.816
2026-04-22T12:24:27.138Z,59.506,pi:0,duck,0.8795,612.60,447.00,804.00,663.97,1.901,-7.828
2026-04-22T12:24:27.176Z,59.544,pi:0,duck,0.8759,612.60,447.99,804.78,663.50,1.914,-7.816
2026-04-22T12:24:27.228Z,59.597,pi:0,duck,0.8759,612.58,446.99,804.00,663.64,1.904,-7.829
2026-04-22T12:24:27.269Z,59.637,pi:0,duck,0.8759,612.60,446.98,805.59,664.01,1.901,-7.803
2026-04-22T12:24:27.321Z,59.690,pi:0,duck,0.8759,612.59,446.99,804.78,663.60,1.904,-7.816
2026-04-22T12:24:27.363Z,59.731,pi:0,duck,0.8759,613.40,448.00,804.78,664.01,1.910,-7.803
2026-04-22T12:24:27.429Z,59.798,pi:0,duck,0.8759,612.58,446.01,804.01,663.64,1.895,-7.828
2026-04-22T12:24:27.509Z,59.878,pi:0,duck,0.8795,612.59,447.00,804.78,664.43,1.897,-7.816
2026-04-22T12:24:27.600Z,59.968,pi:0,duck,0.8759,611.82,447.00,804.78,664.08,1.900,-7.828
2026-04-22T12:24:27.673Z,60.041,pi:0,duck,0.8759,611.83,447.97,803.26,664.33,1.907,-7.853
2026-04-22T12:24:27.734Z,60.102,pi:0,duck,0.8795,612.59,446.99,804.78,664.01,1.901,-7.816
2026-04-22T12:24:27.789Z,60.158,pi:0,duck,0.8795,612.59,447.99,804.78,664.01,1.910,-7.816
2026-04-22T12:24:27.848Z,60.217,pi:0,duck,0.8759,612.58,447.99,804.00,664.01,1.910,-7.829
2026-04-22T12:24:27.900Z,60.269,pi:0,duck,0.8722,612.59,447.98,804.00,664.32,1.907,-7.828
2026-04-22T12:24:27.946Z,60.314,pi:0,duck,0.8795,612.57,447.01,804.78,663.55,1.905,-7.816
2026-04-22T12:24:28.002Z,60.370,pi:0,duck,0.8759,612.57,448.97,804.78,663.97,1.919,-7.816
2026-04-22T12:24:28.052Z,60.420,pi:0,duck,0.8795,613.38,447.01,804.00,663.55,1.905,-7.816
2026-04-22T12:24:28.108Z,60.476,pi:0,duck,0.8795,612.54,447.02,804.00,663.19,1.908,-7.829
2026-04-22T12:24:28.167Z,60.536,pi:0,duck,0.8832,611.73,447.02,804.00,663.50,1.906,-7.842
2026-04-22T12:24:28.211Z,60.579,pi:0,duck,0.8795,611.72,447.02,804.01,663.60,1.905,-7.842
2026-04-22T12:24:28.252Z,60.621,pi:0,duck,0.8832,612.48,447.02,804.00,663.55,1.905,-7.830
2026-04-22T12:24:28.297Z,60.665,pi:0,duck,0.8832,610.98,447.02,804.00,663.60,1.905,-7.854
2026-04-22T12:24:28.345Z,60.714,pi:0,duck,0.8795,611.71,447.02,804.00,663.93,1.902,-7.843
2026-04-22T12:24:28.383Z,60.752,pi:0,duck,0.8722,612.52,446.02,804.00,663.88,1.893,-7.830
2026-04-22T12:24:28.430Z,60.799,pi:0,duck,0.8759,611.75,447.02,804.00,663.14,1.909,-7.842
2026-04-22T12:24:28.487Z,60.855,pi:0,duck,0.8759,611.76,448.01,804.00,663.55,1.914,-7.842
2026-04-22T12:24:28.527Z,60.896,pi:0,duck,0.8795,610.97,447.02,804.01,663.55,1.905,-7.854
2026-04-22T12:24:28.569Z,60.938,pi:0,duck,0.8759,611.74,448.02,803.26,663.19,1.917,-7.854
2026-04-22T12:24:28.614Z,60.982,pi:0,duck,0.8759,611.75,448.02,804.00,662.90,1.920,-7.842
2026-04-22T12:24:28.664Z,61.032,pi:0,duck,0.8722,611.78,447.02,804.78,662.85,1.911,-7.829
2026-04-22T12:24:28.716Z,61.085,pi:0,duck,0.8686,612.58,448.01,804.01,662.52,1.923,-7.829
2026-04-22T12:24:28.757Z,61.126,pi:0,duck,0.8686,611.75,448.01,804.00,662.79,1.921,-7.842
2026-04-22T12:24:28.796Z,61.165,pi:0,duck,0.8722,612.56,448.01,803.26,662.79,1.921,-7.841
2026-04-22T12:24:28.853Z,61.222,pi:0,duck,0.8759,611.01,447.93,804.00,663.88,1.910,-7.854
2026-04-22T12:24:28.890Z,61.258,pi:0,duck,0.8686,606.93,449.98,807.28,661.16,1.953,-7.867
2026-04-22T12:24:28.939Z,61.307,pi:0,duck,0.8759,610.23,446.98,804.79,663.55,1.905,-7.854
2026-04-22T12:24:28.982Z,61.351,pi:0,duck,0.8686,610.20,448.95,804.78,663.88,1.919,-7.854
2026-04-22T12:24:29.018Z,61.386,pi:0,duck,0.8613,607.96,449.97,809.09,661.44,1.951,-7.821
2026-04-22T12:24:29.057Z,61.425,pi:0,duck,0.8649,608.02,450.91,807.28,661.41,1.960,-7.849
2026-04-22T12:24:29.093Z,61.462,pi:0,duck,0.8722,609.48,445.00,804.01,663.60,1.887,-7.878
2026-04-22T12:24:29.135Z,61.504,pi:0,duck,0.8759,608.01,449.97,808.18,661.81,1.947,-7.835
2026-04-22T12:24:29.177Z,61.546,pi:0,duck,0.8686,609.48,446.01,804.79,663.19,1.899,-7.866
2026-04-22T12:24:29.222Z,61.591,pi:0,duck,0.8686,610.10,445.00,804.79,663.60,1.887,-7.856
2026-04-22T12:24:29.273Z,61.642,pi:0,duck,0.8686,607.48,449.97,807.28,661.09,1.954,-7.858
2026-04-22T12:24:29.315Z,61.684,pi:0,duck,0.8686,609.48,446.02,803.27,663.50,1.897,-7.890
2026-04-22T12:24:29.350Z,61.718,pi:0,duck,0.8722,607.43,449.97,807.28,661.48,1.950,-7.859
2026-04-22T12:24:29.429Z,61.798,pi:0,duck,0.8686,609.51,447.01,804.01,663.44,1.906,-7.878
2026-04-22T12:24:29.469Z,61.837,pi:0,duck,0.8613,609.48,446.01,804.01,663.55,1.896,-7.878
2026-04-22T12:24:29.503Z,61.872,pi:0,duck,0.8686,607.43,449.97,808.18,661.48,1.950,-7.844
2026-04-22T12:24:29.542Z,61.911,pi:0,duck,0.8613,609.51,447.01,804.01,663.55,1.905,-7.878
2026-04-22T12:24:29.580Z,61.948,pi:0,duck,0.8686,610.19,446.98,804.79,663.88,1.902,-7.854
2026-04-22T12:24:29.621Z,61.989,pi:0,duck,0.8759,609.51,445.99,804.79,663.50,1.896,-7.865
2026-04-22T12:24:29.665Z,62.034,pi:0,duck,0.8759,610.22,446.99,804.79,663.88,1.902,-7.854
2026-04-22T12:24:29.705Z,62.074,pi:0,duck,0.8722,610.96,445.99,804.78,663.55,1.896,-7.842
2026-04-22T12:24:29.746Z,62.115,pi:0,duck,0.8759,610.25,446.95,804.79,664.32,1.898,-7.853
2026-04-22T12:24:29.783Z,62.152,pi:0,duck,0.8759,611.78,446.94,804.01,664.33,1.898,-7.841
2026-04-22T12:24:29.823Z,62.192,pi:0,duck,0.8759,611.00,446.96,804.78,664.70,1.894,-7.841
2026-04-22T12:24:29.861Z,62.230,pi:0,duck,0.8759,612.57,446.98,804.78,663.93,1.901,-7.816
2026-04-22T12:24:29.910Z,62.278,pi:0,duck,0.8722,606.97,450.92,808.18,661.48,1.959,-7.852
2026-04-22T12:24:29.947Z,62.315,pi:0,duck,0.8722,607.48,450.91,808.18,661.64,1.958,-7.843
2026-04-22T12:24:29.993Z,62.362,pi:0,duck,0.8722,611.77,448.01,804.01,664.87,1.902,-7.841
2026-04-22T12:24:30.028Z,62.397,pi:0,duck,0.8686,607.43,451.83,808.17,661.84,1.964,-7.844
2026-04-22T12:24:30.074Z,62.443,pi:0,duck,0.8722,607.52,451.83,808.18,662.25,1.960,-7.843
2026-04-22T12:24:30.111Z,62.480,pi:0,duck,0.8759,611.00,448.01,804.00,665.30,1.898,-7.854
2026-04-22T12:24:30.153Z,62.522,pi:0,duck,0.8759,607.02,451.83,809.09,662.10,1.962,-7.836
2026-04-22T12:24:30.189Z,62.558,pi:0,duck,0.8759,611.02,448.01,804.01,665.32,1.898,-7.853
2026-04-22T12:24:30.227Z,62.596,pi:0,duck,0.8722,611.75,448.01,804.78,665.28,1.899,-7.829
2026-04-22T12:24:30.266Z,62.634,pi:0,duck,0.8759,611.02,448.99,804.01,665.73,1.903,-7.853
2026-04-22T12:24:30.306Z,62.674,pi:0,duck,0.8759,606.97,450.92,808.18,662.08,1.953,-7.851
2026-04-22T12:24:30.340Z,62.708,pi:0,duck,0.8759,607.53,451.83,807.28,662.08,1.962,-7.857
2026-04-22T12:24:30.380Z,62.749,pi:0,duck,0.8759,607.53,451.83,807.28,661.70,1.966,-7.857
2026-04-22T12:24:30.416Z,62.784,pi:0,duck,0.8686,606.97,450.91,806.41,661.33,1.960,-7.880
2026-04-22T12:24:30.454Z,62.823,pi:0,duck,0.8686,606.97,451.83,807.28,661.30,1.969,-7.866
2026-04-22T12:24:30.482Z,62.851,pi:0,duck,0.8759,606.97,451.83,807.28,661.30,1.969,-7.866
2026-04-22T12:24:30.525Z,62.893,pi:0,duck,0.8722,612.56,448.01,803.26,663.14,1.917,-7.841
2026-04-22T12:24:30.560Z,62.929,pi:0,duck,0.8722,612.58,448.01,803.26,663.55,1.914,-7.840
2026-04-22T12:24:30.609Z,62.978,pi:0,duck,0.8722,612.56,448.01,803.26,663.93,1.910,-7.841
2026-04-22T12:24:30.661Z,63.029,pi:0,duck,0.8722,606.93,450.91,806.42,660.89,1.964,-7.880
2026-04-22T12:24:30.737Z,63.105,pi:0,duck,0.8722,606.93,451.83,806.41,660.96,1.972,-7.880
2026-04-22T12:24:30.812Z,63.181,pi:0,duck,0.8759,606.93,450.91,806.41,660.70,1.966,-7.880
2026-04-22T12:24:30.895Z,63.264,pi:0,duck,0.8686,606.97,450.91,807.28,661.00,1.963,-7.866
2026-04-22T12:24:31.046Z,63.414,pi:0,duck,0.8759,612.55,448.01,804.00,663.68,1.913,-7.829
2026-04-22T12:24:31.129Z,63.497,pi:0,duck,0.8759,607.48,451.83,807.28,662.51,1.958,-7.858
2026-04-22T12:24:31.209Z,63.578,pi:0,duck,0.8686,611.69,448.01,804.01,664.87,1.902,-7.843
2026-04-22T12:24:31.294Z,63.663,pi:0,duck,0.8722,613.28,448.02,804.01,663.60,1.913,-7.817
2026-04-22T12:24:31.406Z,63.775,pi:0,duck,0.8686,612.49,448.01,804.01,663.93,1.910,-7.830
2026-04-22T12:24:31.489Z,63.858,pi:0,duck,0.8686,611.77,447.02,804.79,663.93,1.902,-7.829
2026-04-22T12:24:31.568Z,63.936,pi:0,duck,0.8759,611.73,448.99,804.01,663.93,1.919,-7.842
2026-04-22T12:24:31.654Z,64.023,pi:0,duck,0.8686,611.68,447.02,804.01,663.93,1.902,-7.843
2026-04-22T12:24:31.745Z,64.114,pi:0,duck,0.8759,611.68,448.01,804.01,664.78,1.903,-7.843
2026-04-22T12:24:31.857Z,64.226,pi:0,duck,0.8686,610.91,448.01,804.78,664.33,1.907,-7.843
2026-04-22T12:24:31.935Z,64.303,pi:0,duck,0.8686,617.50,448.01,804.01,665.22,1.899,-7.750
2026-04-22T12:24:32.002Z,64.371,pi:0,duck,0.8795,610.30,450.91,808.18,661.57,1.958,-7.798
2026-04-22T12:24:32.093Z,64.462,pi:0,duck,0.8102,653.36,447.03,810.06,659.67,1.940,-7.077
2026-04-22T12:24:32.389Z,64.757,pi:0,duck,0.2518,1836.56,896.73,1922.06,1088.34,2.153,27.926
2026-04-22T12:24:33.358Z,65.727,pi:0,duck,0.2518,1834.64,866.53,1922.06,1088.44,1.859,27.901
2026-04-22T12:24:33.501Z,65.869,pi:0,duck,0.2628,1833.48,858.59,1921.04,1088.74,1.792,27.873
2026-04-22T12:24:33.574Z,65.942,pi:0,duck,0.2518,1834.98,863.01,1921.05,1088.15,1.832,27.893
2026-04-22T12:24:33.693Z,66.062,pi:0,duck,0.2518,1833.78,874.84,1922.06,1088.38,1.932,27.890
2026-04-22T12:24:33.740Z,66.109,pi:0,duck,0.3285,1835.14,867.57,1922.06,1089.08,1.862,27.907
2026-04-22T12:24:33.859Z,66.227,pi:0,duck,0.2920,1834.99,882.79,1922.06,1087.97,2.010,27.906
2026-04-22T12:24:34.516Z,66.885,pi:0,duck,0.2555,1833.64,875.75,1921.05,1088.34,1.940,27.875
2026-04-22T12:24:38.101Z,70.469,pi:0,duck,0.2920,1834.55,875.05,1922.06,1088.83,1.930,27.900
2026-04-22T12:24:38.457Z,70.826,pi:0,duck,0.2555,1834.45,895.40,1922.05,1088.59,2.135,27.899
2026-04-22T12:24:41.019Z,73.387,pi:0,duck,0.7226,689.19,448.95,807.30,654.51,2.007,-6.544
2026-04-22T12:24:41.057Z,73.426,pi:0,duck,0.8175,654.34,448.99,811.02,660.14,1.954,-7.045
2026-04-22T12:24:41.097Z,73.465,pi:0,duck,0.7883,648.17,449.98,810.06,659.70,1.967,-7.160
2026-04-22T12:24:41.140Z,73.509,pi:0,duck,0.8248,640.25,450.95,806.36,659.68,1.976,-7.347
2026-04-22T12:24:41.181Z,73.550,pi:0,duck,0.8686,610.19,449.97,807.28,661.09,1.954,-7.814
2026-04-22T12:24:41.233Z,73.602,pi:0,duck,0.8759,608.78,448.02,804.01,662.85,1.920,-7.889
2026-04-22T12:24:41.275Z,73.644,pi:0,duck,0.8576,609.29,448.01,804.01,662.79,1.921,-7.881
2026-04-22T12:24:41.317Z,73.685,pi:0,duck,0.8686,610.17,452.75,806.42,660.82,1.982,-7.828
2026-04-22T12:24:41.357Z,73.725,pi:0,duck,0.8613,616.73,448.01,804.01,663.78,1.912,-7.762
2026-04-22T12:24:41.397Z,73.766,pi:0,duck,0.8613,612.42,448.99,804.01,663.88,1.920,-7.831
2026-04-22T12:24:41.442Z,73.810,pi:0,duck,0.8613,613.14,448.02,804.01,663.39,1.915,-7.820
2026-04-22T12:24:41.479Z,73.847,pi:0,duck,0.8759,611.66,447.02,804.01,663.93,1.902,-7.843
2026-04-22T12:24:41.518Z,73.887,pi:0,duck,0.8795,612.49,448.02,804.79,663.08,1.918,-7.817
2026-04-22T12:24:41.559Z,73.928,pi:0,duck,0.8759,611.71,448.02,804.01,663.14,1.918,-7.842
2026-04-22T12:24:41.610Z,73.979,pi:0,duck,0.8795,612.51,448.02,804.01,662.72,1.921,-7.830
2026-04-22T12:24:41.648Z,74.017,pi:0,duck,0.8759,611.74,448.02,804.00,662.72,1.921,-7.842
2026-04-22T12:24:41.690Z,74.058,pi:0,duck,0.8795,611.68,448.01,804.01,663.24,1.917,-7.843
2026-04-22T12:24:41.733Z,74.101,pi:0,duck,0.8759,611.67,448.01,803.26,662.85,1.920,-7.855
2026-04-22T12:24:41.796Z,74.165,pi:0,duck,0.8759,611.67,447.02,804.01,664.33,1.898,-7.843
2026-04-22T12:24:41.867Z,74.235,pi:0,duck,0.8759,611.63,448.01,804.01,663.14,1.917,-7.844
2026-04-22T12:24:41.924Z,74.292,pi:0,duck,0.8759,612.33,448.01,804.01,664.33,1.907,-7.832
2026-04-22T12:24:41.977Z,74.346,pi:0,duck,0.8759,612.50,448.01,804.78,663.19,1.917,-7.817
2026-04-22T12:24:42.024Z,74.393,pi:0,duck,0.8795,611.72,448.00,804.78,663.19,1.917,-7.830
2026-04-22T12:24:42.073Z,74.441,pi:0,duck,0.8795,611.72,448.01,804.78,663.60,1.913,-7.830
2026-04-22T12:24:42.124Z,74.493,pi:0,duck,0.8795,612.51,448.00,804.00,663.97,1.910,-7.830
2026-04-22T12:24:42.163Z,74.532,pi:0,duck,0.8759,611.74,448.00,804.01,663.93,1.910,-7.842
2026-04-22T12:24:42.216Z,74.584,pi:0,duck,0.8759,611.67,448.01,804.01,663.93,1.910,-7.843
2026-04-22T12:24:42.262Z,74.631,pi:0,duck,0.8759,612.52,448.00,804.78,663.93,1.910,-7.817
2026-04-22T12:24:42.314Z,74.682,pi:0,duck,0.8759,611.70,448.01,804.01,663.97,1.910,-7.843
2026-04-22T12:24:42.366Z,74.734,pi:0,duck,0.8722,612.47,448.01,804.01,663.60,1.913,-7.830
2026-04-22T12:24:42.404Z,74.773,pi:0,duck,0.8759,612.47,448.01,804.78,664.33,1.907,-7.818
2026-04-22T12:24:42.457Z,74.825,pi:0,duck,0.8795,612.50,448.00,804.01,663.88,1.911,-7.830
2026-04-22T12:24:42.493Z,74.862,pi:0,duck,0.8759,612.43,448.01,804.01,664.37,1.907,-7.831
2026-04-22T12:24:42.529Z,74.898,pi:0,duck,0.8759,612.50,448.00,804.78,663.19,1.917,-7.817
2026-04-22T12:24:42.573Z,74.942,pi:0,duck,0.8832,611.77,448.98,804.00,663.97,1.919,-7.841
2026-04-22T12:24:42.625Z,74.993,pi:0,duck,0.8759,611.70,447.02,804.00,663.14,1.909,-7.843
2026-04-22T12:24:42.664Z,75.033,pi:0,duck,0.8795,612.47,448.01,804.78,664.37,1.907,-7.818
2026-04-22T12:24:42.705Z,75.074,pi:0,duck,0.8795,612.47,448.01,804.78,663.93,1.910,-7.818
2026-04-22T12:24:42.770Z,75.138,pi:0,duck,0.8722,611.70,448.01,804.01,664.33,1.907,-7.843
2026-04-22T12:24:42.811Z,75.179,pi:0,duck,0.8759,611.70,448.99,803.26,664.33,1.916,-7.855
2026-04-22T12:24:42.858Z,75.226,pi:0,duck,0.8759,611.75,447.02,804.01,663.14,1.909,-7.842
2026-04-22T12:24:42.904Z,75.272,pi:0,duck,0.8795,611.74,448.01,804.01,663.55,1.914,-7.842
2026-04-22T12:24:42.937Z,75.306,pi:0,duck,0.8759,613.31,447.02,804.78,662.79,1.912,-7.804
2026-04-22T12:24:42.982Z,75.350,pi:0,duck,0.8795,612.52,448.01,804.01,663.55,1.914,-7.830
2026-04-22T12:24:43.029Z,75.397,pi:0,duck,0.8759,612.52,447.02,804.00,663.60,1.905,-7.830
2026-04-22T12:24:43.063Z,75.432,pi:0,duck,0.8795,610.97,448.01,804.78,663.55,1.914,-7.842
2026-04-22T12:24:43.117Z,75.485,pi:0,duck,0.8759,613.28,448.01,804.78,663.88,1.911,-7.805
2026-04-22T12:24:43.141Z,75.510,pi:0,duck,0.8759,611.69,447.02,804.00,664.01,1.901,-7.843
2026-04-22T12:24:43.192Z,75.560,pi:0,duck,0.8759,612.48,448.00,804.01,663.93,1.910,-7.830
2026-04-22T12:24:43.225Z,75.594,pi:0,duck,0.8795,612.53,448.01,804.00,663.60,1.913,-7.829
2026-04-22T12:24:43.276Z,75.644,pi:0,duck,0.8795,612.45,448.02,804.78,664.05,1.909,-7.818
2026-04-22T12:24:43.317Z,75.685,pi:0,duck,0.8759,612.50,447.02,804.00,663.64,1.904,-7.830
2026-04-22T12:24:43.346Z,75.714,pi:0,duck,0.8795,611.75,448.01,804.00,663.97,1.910,-7.842
2026-04-22T12:24:43.391Z,75.759,pi:0,duck,0.8759,612.55,448.01,804.00,663.19,1.917,-7.829
2026-04-22T12:24:43.427Z,75.795,pi:0,duck,0.8795,613.36,447.02,804.00,664.01,1.901,-7.816
2026-04-22T12:24:43.473Z,75.842,pi:0,duck,0.8759,612.49,447.02,804.01,663.93,1.902,-7.830
2026-04-22T12:24:43.507Z,75.876,pi:0,duck,0.8759,612.53,448.02,804.00,663.93,1.910,-7.829
2026-04-22T12:24:43.551Z,75.920,pi:0,duck,0.8759,611.71,448.02,804.78,662.85,1.920,-7.830
2026-04-22T12:24:43.585Z,75.954,pi:0,duck,0.8759,612.57,448.02,804.01,662.85,1.920,-7.829
2026-04-22T12:24:43.624Z,75.993,pi:0,duck,0.8759,612.53,448.01,804.78,663.97,1.910,-7.817
2026-04-22T12:24:43.663Z,76.031,pi:0,duck,0.8759,612.52,448.01,804.00,662.90,1.920,-7.830
2026-04-22T12:24:43.701Z,76.070,pi:0,duck,0.8759,611.67,448.02,804.01,663.19,1.917,-7.843
2026-04-22T12:24:43.745Z,76.114,pi:0,duck,0.8759,612.48,448.01,804.00,663.93,1.910,-7.830
2026-04-22T12:24:43.793Z,76.161,pi:0,duck,0.8759,612.45,448.01,804.00,663.45,1.915,-7.831
2026-04-22T12:24:43.832Z,76.201,pi:0,duck,0.8795,612.51,448.01,804.78,663.93,1.910,-7.817
2026-04-22T12:24:43.865Z,76.234,pi:0,duck,0.8649,614.93,448.02,804.01,664.33,1.907,-7.791
2026-04-22T12:24:43.905Z,76.273,pi:0,duck,0.8722,615.03,448.01,804.00,663.14,1.917,-7.789
2026-04-22T12:24:43.946Z,76.314,pi:0,duck,0.8795,613.29,448.02,804.00,663.64,1.913,-7.817
2026-04-22T12:24:43.975Z,76.344,pi:0,duck,0.8795,603.27,448.02,804.78,663.19,1.917,-7.965
2026-04-22T12:24:44.021Z,76.389,pi:0,duck,0.8832,614.08,449.95,808.18,661.03,1.954,-7.738
2026-04-22T12:24:44.057Z,76.425,pi:0,duck,0.8430,633.56,449.95,805.59,661.13,1.953,-7.466
2026-04-22T12:24:44.094Z,76.462,pi:0,duck,0.8211,641.39,448.96,806.45,658.90,1.965,-7.327
2026-04-22T12:24:44.137Z,76.505,pi:0,duck,0.7810,661.36,446.95,808.18,659.81,1.938,-6.978
2026-04-22T12:24:44.185Z,76.553,pi:0,duck,0.6934,678.75,446.98,808.19,654.43,1.988,-6.698
2026-04-22T12:24:45.881Z,78.250,pi:0,duck,0.7299,608.11,447.64,756.00,667.64,1.875,-8.668
2026-04-22T12:24:45.935Z,78.303,pi:0,duck,0.7810,609.90,446.98,774.02,665.64,1.886,-8.351
2026-04-22T12:24:45.998Z,78.366,pi:0,duck,0.8029,609.81,447.96,791.15,664.75,1.903,-8.079
2026-04-22T12:24:46.029Z,78.397,pi:0,duck,0.8467,611.03,448.98,795.77,663.19,1.926,-7.985
2026-04-22T12:24:46.069Z,78.438,pi:0,duck,0.8430,611.04,447.99,795.64,662.80,1.920,-7.987
2026-04-22T12:24:46.114Z,78.483,pi:0,duck,0.8503,611.76,448.98,795.85,663.73,1.921,-7.972
2026-04-22T12:24:46.164Z,78.532,pi:0,duck,0.8540,611.76,448.97,796.44,663.67,1.921,-7.963
2026-04-22T12:24:46.211Z,78.579,pi:0,duck,0.8503,610.81,448.96,794.05,663.53,1.922,-8.016
2026-04-22T12:24:46.258Z,78.626,pi:0,duck,0.8029,607.06,448.97,761.10,661.65,1.940,-8.603
2026-04-22T12:24:46.304Z,78.672,pi:0,duck,0.5255,604.42,441.65,751.39,662.42,1.868,-8.800
2026-04-22T12:24:46.396Z,78.764,pi:0,duck,0.7263,607.18,487.14,747.71,661.46,2.366,-8.815
2026-04-22T12:24:46.455Z,78.823,pi:0,duck,0.7883,606.84,463.01,755.20,661.48,2.078,-8.701
2026-04-22T12:24:46.508Z,78.877,pi:0,duck,0.7847,611.63,448.02,762.05,665.43,1.897,-8.515
2026-04-22T12:24:46.564Z,78.932,pi:0,duck,0.7336,606.66,448.96,761.77,662.09,1.935,-8.599
2026-04-22T12:24:46.609Z,78.978,pi:0,duck,0.5657,605.93,448.92,751.91,661.92,1.937,-8.768
