id,category,latitude,longitude,heading
0,destination,51.044674,3.681999,0.0
0,gps,51.0453017095,3.6827949895,162.7643
1,gps,51.045301540833336,3.6827950853333333,162.7643
2,gps,51.045301540833336,3.6827950853333333,162.7643
3,gps,51.045301540833336,3.6827950853333333,162.5939
4,gps,51.045301307833334,3.682795266,162.5939
5,gps,51.045301307833334,3.682795266,162.5939
6,gps,51.045301307833334,3.682795266,162.5014
7,gps,51.0453010885,3.682795308,162.5014
8,gps,51.0453010885,3.682795308,162.5014
9,gps,51.0453010885,3.682795308,162.0613
10,gps,51.04530093583333,3.682795312,162.0613
11,gps,51.04530093583333,3.682795312,162.0613
12,gps,51.04530093583333,3.682795312,161.5465
13,gps,51.04530080033334,3.682795389333333,161.5465
14,gps,51.04530080033334,3.682795389333333,161.5465
15,gps,51.04530080033334,3.682795389333333,161.267
16,gps,51.04530063033334,3.682795466,161.267
17,gps,51.04530063033334,3.682795466,161.267
18,gps,51.04530063033334,3.682795466,161.1237
19,gps,51.04530052766667,3.6827960356666667,161.1237
20,gps,51.04530052766667,3.6827960356666667,161.1237
21,gps,51.04530052766667,3.6827960356666667,161.254
22,gps,51.04530029233333,3.6827961356666665,161.254
23,gps,51.04530029233333,3.6827961356666665,161.254
24,gps,51.04530029233333,3.6827961356666665,161.4369
25,gps,51.0453000055,3.6827963925000002,161.4369
26,gps,51.0453000055,3.6827963925000002,161.4369
27,gps,51.0453000055,3.6827963925000002,161.7428
28,gps,51.04529985883333,3.682796559333333,161.7428
29,gps,51.04529985883333,3.682796559333333,161.7428
30,gps,51.04529985883333,3.682796559333333,162.3974
31,gps,51.04529969116667,3.6827967326666666,162.3974
32,gps,51.04529969116667,3.6827967326666666,162.3974
33,gps,51.04529969116667,3.6827967326666666,163.0423
34,gps,51.04529950366667,3.6827968576666668,163.0423
35,gps,51.04529950366667,3.6827968576666668,163.0423
36,gps,51.04529950366667,3.6827968576666668,163.4269
37,gps,51.04529925766667,3.6827970761666666,163.4269
38,gps,51.04529925766667,3.6827970761666666,163.4269
39,gps,51.04529925766667,3.6827970761666666,164.0063
40,gps,51.045299148,3.682797273833333,164.0063
41,gps,51.045299148,3.682797273833333,164.0063
42,gps,51.045299148,3.682797273833333,164.7525
43,gps,51.04529920583333,3.6827972328333334,164.7525
44,gps,51.04529920583333,3.6827972328333334,164.7525
45,gps,51.04529920583333,3.6827972328333334,164.9416
46,gps,51.04529919066667,3.682797629,164.9416
47,gps,51.04529919066667,3.682797629,164.9416
48,gps,51.04529919066667,3.682797629,167.0838
49,gps,51.04529888383333,3.6827981983333333,167.0838
50,gps,51.04529888383333,3.6827981983333333,167.0838
51,gps,51.04529888383333,3.6827981983333333,170.6877
52,gps,51.045298594,3.682798223833333,170.6877
53,gps,51.045298594,3.682798223833333,170.6877
54,gps,51.045298594,3.682798223833333,172.502
55,gps,51.045298419666665,3.6827986501666667,172.502
56,gps,51.045298419666665,3.6827986501666667,172.502
57,gps,51.045298419666665,3.6827986501666667,175.9454
58,gps,51.04529813766667,3.682799365666667,175.9454
59,gps,51.04529813766667,3.682799365666667,175.9454
60,gps,51.04529813766667,3.682799365666667,181.0809
61,gps,51.045297748,3.6828001216666664,181.0809
62,gps,51.045297748,3.6828001216666664,181.0809
63,gps,51.045297748,3.6828001216666664,185.9361
64,gps,51.0452972535,3.6828005548333334,185.9361
65,gps,51.0452972535,3.6828005548333334,185.9361
66,gps,51.0452972535,3.6828005548333334,189.9152
67,gps,51.045295484166665,3.6828001656666665,189.9152
68,gps,51.045295484166665,3.6828001656666665,189.9152
69,gps,51.045295484166665,3.6828001656666665,192.9671
70,gps,51.04529362233333,3.6827993781666666,192.9671
71,gps,51.04529362233333,3.6827993781666666,192.9671
72,gps,51.04529362233333,3.6827993781666666,194.891
73,gps,51.045291713333334,3.6827986496666667,194.891
74,gps,51.045291713333334,3.6827986496666667,194.891
75,gps,51.045291713333334,3.6827986496666667,196.5559
76,gps,51.045289886666666,3.682797797666667,196.5559
77,gps,51.045289886666666,3.682797797666667,196.5559
78,gps,51.045289886666666,3.682797797666667,197.8751
79,gps,51.045288183833335,3.682796869833333,197.8751
80,gps,51.045288183833335,3.682796869833333,197.8751
81,gps,51.045288183833335,3.682796869833333,199.0129
82,gps,51.0452865195,3.682796028333333,199.0129
83,gps,51.0452865195,3.682796028333333,199.0129
84,gps,51.0452865195,3.682796028333333,199.9195
85,gps,51.045284718,3.6827950628333332,199.9195
86,gps,51.045284718,3.6827950628333332,199.9195
87,gps,51.045284718,3.6827950628333332,200.6766
88,gps,51.0452829135,3.682794058833333,200.6766
89,gps,51.0452829135,3.682794058833333,200.6766
90,gps,51.0452829135,3.682794058833333,201.3632
91,gps,51.04528112766667,3.6827930023333333,201.3632
92,gps,51.04528112766667,3.6827930023333333,201.3632
93,gps,51.04528112766667,3.6827930023333333,201.9196
94,gps,51.04527941116667,3.6827920196666666,201.9196
95,gps,51.04527941116667,3.6827920196666666,201.9196
96,gps,51.04527941116667,3.6827920196666666,202.4236
97,gps,51.0452778645,3.6827910711666667,202.4236
98,gps,51.0452778645,3.6827910711666667,202.4236
99,gps,51.0452778645,3.6827910711666667,202.7948
100,gps,51.045276253,3.682790155666667,202.7948
101,gps,51.045276253,3.682790155666667,202.7948
102,gps,51.045276253,3.682790155666667,203.1127
103,gps,51.045274729666666,3.682789194333333,203.1127
104,gps,51.045274729666666,3.682789194333333,203.1127
105,gps,51.045274729666666,3.682789194333333,203.4443
106,gps,51.04527326316666,3.682788289,203.4443
107,gps,51.04527326316666,3.682788289,203.4443
108,gps,51.04527326316666,3.682788289,203.733
109,gps,51.0452718145,3.68278736,203.733
110,gps,51.0452718145,3.68278736,203.733
111,gps,51.0452718145,3.68278736,204.0868
112,gps,51.045270395,3.6827865258333334,204.0868
113,gps,51.045270395,3.6827865258333334,204.0868
114,gps,51.045270395,3.6827865258333334,204.4226
115,gps,51.045268977333336,3.682785661,204.4226
116,gps,51.045268977333336,3.682785661,204.4226
117,gps,51.045268977333336,3.682785661,204.6349
118,gps,51.045267658166665,3.6827848,204.6349
119,gps,51.045267658166665,3.6827848,204.6349
120,gps,51.045267658166665,3.6827848,204.8857
121,gps,51.045266296166666,3.6827839636666666,204.8857
122,gps,51.045266296166666,3.6827839636666666,204.8857
123,gps,51.045266296166666,3.6827839636666666,204.9692
124,gps,51.04526500716667,3.682783156166667,204.9692
125,gps,51.04526500716667,3.682783156166667,204.9692
126,gps,51.04526500716667,3.682783156166667,205.1292
127,gps,51.04526370666667,3.6827823431666666,205.1292
128,gps,51.04526370666667,3.6827823431666666,205.1292
129,gps,51.04526370666667,3.6827823431666666,205.3424
130,gps,51.045262471,3.6827815545,205.3424
131,gps,51.045262471,3.6827815545,205.3424
132,gps,51.045262471,3.6827815545,205.7173
133,gps,51.0452612775,3.6827808109999998,205.7173
134,gps,51.0452612775,3.6827808109999998,205.7173
135,gps,51.0452612775,3.6827808109999998,205.7103
136,gps,51.04526003633333,3.682780057,205.7103
137,gps,51.04526003633333,3.682780057,205.7103
138,gps,51.04526003633333,3.682780057,205.5626
139,gps,51.045258828166666,3.6827793591666667,205.5626
140,gps,51.045258828166666,3.6827793591666667,205.5626
141,gps,51.045258828166666,3.6827793591666667,206.2976
142,gps,51.04525766183333,3.6827786293333333,206.2976
143,gps,51.04525766183333,3.6827786293333333,206.2976
144,gps,51.04525766183333,3.6827786293333333,206.3457
145,gps,51.045256589666664,3.6827778631666668,206.3457
146,gps,51.045256589666664,3.6827778631666668,206.3457
147,gps,51.045256589666664,3.6827778631666668,206.5645
148,gps,51.04525553883333,3.682777124833333,206.5645
149,gps,51.04525553883333,3.682777124833333,206.5645
150,gps,51.04525553883333,3.682777124833333,206.5552
151,gps,51.04525432716667,3.682776499,206.5552
152,gps,51.04525432716667,3.682776499,206.5552
153,gps,51.04525432716667,3.682776499,206.8024
154,gps,51.045253286833336,3.682775787333333,206.8024
155,gps,51.045253286833336,3.682775787333333,206.8024
156,gps,51.045253286833336,3.682775787333333,206.8882
157,gps,51.045252248,3.6827750771666667,206.8882
158,gps,51.045252248,3.6827750771666667,206.8882
159,gps,51.045252248,3.6827750771666667,207.0241
160,gps,51.045251192,3.6827744285,207.0241
161,gps,51.045251192,3.6827744285,207.0241
162,gps,51.045251192,3.6827744285,207.0019
163,gps,51.045250192333334,3.6827737613333333,207.0019
164,gps,51.045250192333334,3.6827737613333333,207.0019
165,gps,51.045250192333334,3.6827737613333333,207.0727
166,gps,51.045249180666666,3.682773113166667,207.0727
167,gps,51.045249180666666,3.682773113166667,207.0727
168,gps,51.045249180666666,3.682773113166667,207.1734
169,gps,51.045248209,3.682772438833333,207.1734
170,gps,51.045248209,3.682772438833333,207.1734
171,gps,51.045248209,3.682772438833333,207.2384
172,gps,51.04524724866667,3.6827718078333334,207.2384
173,gps,51.04524724866667,3.6827718078333334,207.2384
174,gps,51.04524724866667,3.6827718078333334,207.4079
175,gps,51.045246223166664,3.682771289833333,207.4079
176,gps,51.045246223166664,3.682771289833333,207.4079
177,gps,51.045246223166664,3.682771289833333,208.5078
178,gps,51.045244997833336,3.682770843166667,208.5078
179,gps,51.045244997833336,3.682770843166667,208.5078
180,gps,51.045244997833336,3.682770843166667,210.0292
181,gps,51.0452435055,3.682770499666667,210.0292
182,gps,51.0452435055,3.682770499666667,210.0292
183,gps,51.0452435055,3.682770499666667,213.1516
184,gps,51.04524179683333,3.682770168833333,213.1516
185,gps,51.04524179683333,3.682770168833333,213.1516
186,gps,51.04524179683333,3.682770168833333,217.2311
187,gps,51.0452400485,3.682769466,217.2311
188,gps,51.0452400485,3.682769466,217.2311
189,gps,51.0452400485,3.682769466,221.3182
190,gps,51.04523813283333,3.6827685601666666,221.3182
191,gps,51.04523813283333,3.6827685601666666,221.3182
192,gps,51.04523813283333,3.6827685601666666,225.0613
193,gps,51.04523611683334,3.6827673813333335,225.0613
194,gps,51.04523611683334,3.6827673813333335,225.0613
195,gps,51.04523611683334,3.6827673813333335,228.7368
196,gps,51.04523401033333,3.682766007166667,228.7368
197,gps,51.04523401033333,3.682766007166667,228.7368
198,gps,51.04523401033333,3.682766007166667,232.6376
199,gps,51.0452319395,3.682764273,232.6376
200,gps,51.0452319395,3.682764273,232.6376
201,gps,51.0452319395,3.682764273,236.1399
202,gps,51.04522980266667,3.6827623513333334,236.1399
203,gps,51.04522980266667,3.6827623513333334,236.1399
204,gps,51.04522980266667,3.6827623513333334,239.8266
205,gps,51.045227776833336,3.6827601436666666,239.8266
206,gps,51.045227776833336,3.6827601436666666,239.8266
207,gps,51.045227776833336,3.6827601436666666,243.3736
208,gps,51.04522574766667,3.6827577028333334,243.3736
209,gps,51.04522574766667,3.6827577028333334,243.3736
210,gps,51.04522574766667,3.6827577028333334,246.8941
211,gps,51.045223732833335,3.6827550403333333,246.8941
212,gps,51.045223732833335,3.6827550403333333,246.8941
213,gps,51.045223732833335,3.6827550403333333,250.2403
214,gps,51.04522176183333,3.6827521671666665,250.2403
215,gps,51.04522176183333,3.6827521671666665,250.2403
216,gps,51.04522176183333,3.6827521671666665,253.8586
217,gps,51.045219948,3.682748995,253.8586
218,gps,51.045219948,3.682748995,253.8586
219,gps,51.045219948,3.682748995,257.2648
220,gps,51.045218237,3.6827457023333334,257.2648
221,gps,51.045218237,3.6827457023333334,257.2648
222,gps,51.045218237,3.6827457023333334,260.6649
223,gps,51.04521648833333,3.6827422495,260.6649
224,gps,51.04521648833333,3.6827422495,260.6649
225,gps,51.04521648833333,3.6827422495,263.8941
226,gps,51.04521498733333,3.6827386051666666,263.8941
227,gps,51.04521498733333,3.6827386051666666,263.8941
228,gps,51.04521498733333,3.6827386051666666,267.1187
229,gps,51.0452134855,3.6827348408333336,267.1187
230,gps,51.0452134855,3.6827348408333336,267.1187
231,gps,51.0452134855,3.6827348408333336,270.5618
232,gps,51.04521218833333,3.6827308888333334,270.5618
233,gps,51.04521218833333,3.6827308888333334,270.5618
234,gps,51.04521218833333,3.6827308888333334,273.7432
235,gps,51.04521101866667,3.6827268965,273.7432
236,gps,51.04521101866667,3.6827268965,273.7432
237,gps,51.04521101866667,3.6827268965,276.913
238,gps,51.045209998333334,3.6827226918333333,276.913
239,gps,51.045209998333334,3.6827226918333333,276.913
240,gps,51.045209998333334,3.6827226918333333,280.3436
241,gps,51.04520932383333,3.6827184366666668,280.3436
242,gps,51.04520932383333,3.6827184366666668,280.3436
243,gps,51.04520932383333,3.6827184366666668,281.6066
244,gps,51.04520895783333,3.6827141853333334,281.6066
245,gps,51.04520895783333,3.6827141853333334,281.6066
246,gps,51.04520895783333,3.6827141853333334,281.7048
247,gps,51.04520893983333,3.6827098646666667,281.7048
248,gps,51.04520893983333,3.6827098646666667,281.7048
249,gps,51.04520893983333,3.6827098646666667,280.3427
250,gps,51.04520906616667,3.682705529333333,280.3427
251,gps,51.04520906616667,3.682705529333333,280.3427
252,gps,51.04520906616667,3.682705529333333,277.7228
253,gps,51.04520942933333,3.6827010854999997,277.7228
254,gps,51.04520942933333,3.6827010854999997,277.7228
255,gps,51.04520942933333,3.6827010854999997,273.8049
256,gps,51.04520996483333,3.682696556333333,273.8049
257,gps,51.04520996483333,3.682696556333333,273.8049
258,gps,51.04520996483333,3.682696556333333,268.8211
259,gps,51.045210624666666,3.6826918996666667,268.8211
260,gps,51.045210624666666,3.6826918996666667,268.8211
261,gps,51.045210624666666,3.6826918996666667,261.7842
262,gps,51.0452114325,3.6826870755,261.7842
263,gps,51.0452114325,3.6826870755,261.7842
264,gps,51.0452114325,3.6826870755,253.015
265,gps,51.0452119705,3.682682101166667,253.015
266,gps,51.0452119705,3.682682101166667,253.015
267,gps,51.0452119705,3.682682101166667,245.1171
268,gps,51.04521192083333,3.682677222166667,245.1171
269,gps,51.04521192083333,3.682677222166667,245.1171
270,gps,51.04521192083333,3.682677222166667,239.9758
271,gps,51.04521140316667,3.682672584666667,239.9758
272,gps,51.04521140316667,3.682672584666667,239.9758
273,gps,51.04521140316667,3.682672584666667,237.1933
274,gps,51.045210656,3.6826680101666667,237.1933
275,gps,51.045210656,3.6826680101666667,237.1933
276,gps,51.045210656,3.6826680101666667,235.6678
277,gps,51.0452096175,3.6826636351666666,235.6678
278,gps,51.0452096175,3.6826636351666666,235.6678
279,gps,51.0452096175,3.6826636351666666,234.8429
280,gps,51.0452085605,3.6826592186666667,234.8429
281,gps,51.0452085605,3.6826592186666667,234.8429
282,gps,51.0452085605,3.6826592186666667,233.9705
283,gps,51.04520741183333,3.6826548201666665,233.9705
284,gps,51.04520741183333,3.6826548201666665,233.9705
285,gps,51.04520741183333,3.6826548201666665,233.0209
286,gps,51.04520616283333,3.6826504545,233.0209
287,gps,51.04520616283333,3.6826504545,233.0209
288,gps,51.04520616283333,3.6826504545,231.9531
289,gps,51.04520470766667,3.6826462115,231.9531
290,gps,51.04520470766667,3.6826462115,231.9531
291,gps,51.04520470766667,3.6826462115,231.1575
0,camera,51.04519747640681,3.682630905069203,0.0
1,camera,51.04520049964693,3.682629037860224,0.0
292,gps,51.04520328983333,3.6826419663333336,231.1575
293,gps,51.04520328983333,3.6826419663333336,231.1575
294,gps,51.04520328983333,3.6826419663333336,230.2476
295,gps,51.04520174066667,3.6826377651666666,230.2476
296,gps,51.04520174066667,3.6826377651666666,230.2476
297,gps,51.04520174066667,3.6826377651666666,229.7778
298,gps,51.04520023733333,3.6826335645,229.7778
299,gps,51.04520023733333,3.6826335645,229.7778
300,gps,51.04520023733333,3.6826335645,229.2018
301,gps,51.045198525,3.682629508833333,229.2018
302,gps,51.045198525,3.682629508833333,229.2018
303,gps,51.045198525,3.682629508833333,228.3057
2,camera,51.045193893431716,3.6826130818995835,0.0
304,gps,51.045196815333334,3.6826254001666667,228.3057
305,gps,51.045196815333334,3.6826254001666667,228.3057
306,gps,51.045196815333334,3.6826254001666667,227.7749
307,gps,51.045195189666664,3.682621282,227.7749
308,gps,51.045195189666664,3.682621282,227.7749
309,gps,51.045195189666664,3.682621282,227.2723
310,gps,51.0451934025,3.682617242,227.2723
311,gps,51.0451934025,3.682617242,227.2723
312,gps,51.0451934025,3.682617242,226.6565
3,camera,51.0451883583115,3.682600647982038,0.0
313,gps,51.0451915845,3.6826131986666666,226.6565
314,gps,51.0451915845,3.6826131986666666,226.6565
315,gps,51.0451915845,3.6826131986666666,226.3867
316,gps,51.04518979816667,3.6826092191666664,226.3867
317,gps,51.04518979816667,3.6826092191666664,226.3867
318,gps,51.04518979816667,3.6826092191666664,226.096
319,gps,51.045187738,3.6826053831666665,226.096
320,gps,51.045187738,3.6826053831666665,226.096
321,gps,51.045187738,3.6826053831666665,225.5803
4,camera,51.04518241569095,3.68258868935639,0.0
322,gps,51.0451858085,3.6826014345,225.5803
323,gps,51.0451858085,3.6826014345,225.5803
324,gps,51.0451858085,3.6826014345,225.2213
325,gps,51.04518379633333,3.6825975696666666,225.2213
326,gps,51.04518379633333,3.6825975696666666,225.2213
327,gps,51.04518379633333,3.6825975696666666,224.4785
328,gps,51.045181736,3.6825938308333335,224.4785
329,gps,51.045181736,3.6825938308333335,224.4785
330,gps,51.045181736,3.6825938308333335,224.4235
5,camera,51.04517650198043,3.6825781911481505,0.0
331,gps,51.04517968133333,3.682590025,224.4235
332,gps,51.04517968133333,3.682590025,224.4235
333,gps,51.04517968133333,3.682590025,224.1471
334,gps,51.04517755883333,3.6825862621666667,224.1471
335,gps,51.04517755883333,3.6825862621666667,224.1471
336,gps,51.04517755883333,3.6825862621666667,223.9429
337,gps,51.04517547816667,3.6825824406666667,223.9429
338,gps,51.04517547816667,3.6825824406666667,223.9429
339,gps,51.04517547816667,3.6825824406666667,223.4581
340,gps,51.045173332666664,3.6825787875,223.4581
341,gps,51.045173332666664,3.6825787875,223.4581
342,gps,51.045173332666664,3.6825787875,223.1309
6,camera,51.04516684840153,3.6825650904395384,0.0
7,camera,51.04516809973517,3.682563961042104,0.0
343,gps,51.04517117766667,3.6825750441666667,223.1309
344,gps,51.04517117766667,3.6825750441666667,223.1309
345,gps,51.04517117766667,3.6825750441666667,223.0887
346,gps,51.04516896966667,3.6825713413333334,223.0887
347,gps,51.04516896966667,3.6825713413333334,223.0887
348,gps,51.04516896966667,3.6825713413333334,222.9778
349,gps,51.04516674916667,3.6825676571666666,222.9778
350,gps,51.04516674916667,3.6825676571666666,222.9778
351,gps,51.04516674916667,3.6825676571666666,223.0366
352,gps,51.045164524,3.682563964,223.0366
353,gps,51.045164524,3.682563964,223.0366
354,gps,51.045164524,3.682563964,222.4779
355,gps,51.04516238633333,3.682560332,222.4779
356,gps,51.04516238633333,3.682560332,222.4779
357,gps,51.04516238633333,3.682560332,221.8231
358,gps,51.045160111166666,3.6825567276666664,221.8231
359,gps,51.045160111166666,3.6825567276666664,221.8231
360,gps,51.045160111166666,3.6825567276666664,221.6745
361,gps,51.0451578115,3.6825531236666667,221.6745
362,gps,51.0451578115,3.6825531236666667,221.6745
363,gps,51.0451578115,3.6825531236666667,221.8324
364,gps,51.0451555895,3.6825494603333335,221.8324
365,gps,51.0451555895,3.6825494603333335,221.8324
366,gps,51.0451555895,3.6825494603333335,221.3765
367,gps,51.0451532415,3.682546003,221.3765
368,gps,51.0451532415,3.682546003,221.3765
369,gps,51.0451532415,3.682546003,220.9577
370,gps,51.0451508605,3.6825425496666666,220.9577
371,gps,51.0451508605,3.6825425496666666,220.9577
372,gps,51.0451508605,3.6825425496666666,221.5157
373,gps,51.04514849983333,3.6825389546666667,221.5157
374,gps,51.04514849983333,3.6825389546666667,221.5157
375,gps,51.04514849983333,3.6825389546666667,221.283
376,gps,51.0451460885,3.6825355413333334,221.283
377,gps,51.0451460885,3.6825355413333334,221.283
378,gps,51.0451460885,3.6825355413333334,220.7764
379,gps,51.04514377666667,3.682532103833333,220.7764
380,gps,51.04514377666667,3.682532103833333,220.7764
381,gps,51.04514377666667,3.682532103833333,220.9624
382,gps,51.045141379,3.6825285753333334,220.9624
383,gps,51.045141379,3.6825285753333334,220.9624
384,gps,51.045141379,3.6825285753333334,220.8111
385,gps,51.0451390005,3.6825250318333334,220.8111
386,gps,51.0451390005,3.6825250318333334,220.8111
387,gps,51.0451390005,3.6825250318333334,220.6546
388,gps,51.045136666833336,3.6825215605,220.6546
389,gps,51.045136666833336,3.6825215605,220.6546
390,gps,51.045136666833336,3.6825215605,220.168
391,gps,51.0451342845,3.6825181875,220.168
392,gps,51.0451342845,3.6825181875,220.168
393,gps,51.0451342845,3.6825181875,220.1364
394,gps,51.04513185016667,3.6825146823333332,220.1364
395,gps,51.04513185016667,3.6825146823333332,220.1364
396,gps,51.04513185016667,3.6825146823333332,220.0925
397,gps,51.04512937283334,3.6825113055000003,220.0925
398,gps,51.04512937283334,3.6825113055000003,220.0925
399,gps,51.04512937283334,3.6825113055000003,219.6726
400,gps,51.045127021,3.682507934166667,219.6726
401,gps,51.045127021,3.682507934166667,219.6726
402,gps,51.045127021,3.682507934166667,219.3693
403,gps,51.0451244915,3.6825047586666666,219.3693
404,gps,51.0451244915,3.6825047586666666,219.3693
405,gps,51.0451244915,3.6825047586666666,219.5684
406,gps,51.04512200166667,3.682501436,219.5684
407,gps,51.04512200166667,3.682501436,219.5684
408,gps,51.04512200166667,3.682501436,219.3167
8,camera,51.04511818334114,3.682492607005604,0.0
409,gps,51.04511962583334,3.6824980951666664,219.3167
410,gps,51.04511962583334,3.6824980951666664,219.3167
411,gps,51.04511962583334,3.6824980951666664,219.057
412,gps,51.045117172,3.6824948723333333,219.057
413,gps,51.045117172,3.6824948723333333,219.057
414,gps,51.045117172,3.6824948723333333,219.1489
415,gps,51.04511461483333,3.6824916535,219.1489
416,gps,51.04511461483333,3.6824916535,219.1489
417,gps,51.04511461483333,3.6824916535,218.9298
418,gps,51.04511210983333,3.6824883523333334,218.9298
419,gps,51.04511210983333,3.6824883523333334,218.9298
420,gps,51.04511210983333,3.6824883523333334,218.6019
9,camera,51.04510835343828,3.6824796290300865,0.0
421,gps,51.04510970816666,3.6824850815,218.6019
422,gps,51.04510970816666,3.6824850815,218.6019
423,gps,51.04510970816666,3.6824850815,218.0387
424,gps,51.045107209166666,3.682481988,218.0387
425,gps,51.045107209166666,3.682481988,218.0387
426,gps,51.045107209166666,3.682481988,218.9415
427,gps,51.04510461066667,3.682478756,218.9415
428,gps,51.04510461066667,3.682478756,218.9415
429,gps,51.04510461066667,3.682478756,218.9722
430,gps,51.04510207366667,3.6824756185,218.9722
431,gps,51.04510207366667,3.6824756185,218.9722
432,gps,51.04510207366667,3.6824756185,218.9995
433,gps,51.045099566333334,3.682472504333333,218.9995
434,gps,51.045099566333334,3.682472504333333,218.9995
435,gps,51.045099566333334,3.682472504333333,219.0868
436,gps,51.04509700733333,3.682469353166667,219.0868
437,gps,51.04509700733333,3.682469353166667,219.0868
438,gps,51.04509700733333,3.682469353166667,219.3404
439,gps,51.04509448016667,3.682466101666667,219.3404
440,gps,51.04509448016667,3.682466101666667,219.3404
441,gps,51.04509448016667,3.682466101666667,219.2656
442,gps,51.045092030666666,3.682462857,219.2656
443,gps,51.045092030666666,3.682462857,219.2656
444,gps,51.045092030666666,3.682462857,219.1811
445,gps,51.045089454,3.6824598043333334,219.1811
446,gps,51.045089454,3.6824598043333334,219.1811
447,gps,51.045089454,3.6824598043333334,219.439
448,gps,51.04508687483333,3.6824566606666664,219.439
449,gps,51.04508687483333,3.6824566606666664,219.439
450,gps,51.04508687483333,3.6824566606666664,219.2649
451,gps,51.045084312166665,3.6824535358333335,219.2649
452,gps,51.045084312166665,3.6824535358333335,219.2649
453,gps,51.045084312166665,3.6824535358333335,219.3722
454,gps,51.04508188316667,3.682450306,219.3722
455,gps,51.04508188316667,3.682450306,219.3722
456,gps,51.04508188316667,3.682450306,219.3434
457,gps,51.0450792585,3.682447225833333,219.3434
458,gps,51.0450792585,3.682447225833333,219.3434
459,gps,51.0450792585,3.682447225833333,219.4159
460,gps,51.04507678466667,3.6824439855,219.4159
461,gps,51.04507678466667,3.6824439855,219.4159
462,gps,51.04507678466667,3.6824439855,219.3539
463,gps,51.0450741835,3.6824408705,219.3539
464,gps,51.0450741835,3.6824408705,219.3539
465,gps,51.0450741835,3.6824408705,219.2226
466,gps,51.04507166883333,3.6824377316666665,219.2226
467,gps,51.04507166883333,3.6824377316666665,219.2226
468,gps,51.04507166883333,3.6824377316666665,219.2936
469,gps,51.0450689775,3.6824348566666667,219.2936
470,gps,51.0450689775,3.6824348566666667,219.2936
471,gps,51.0450689775,3.6824348566666667,220.917
472,gps,51.045066141333336,3.6824322521666666,220.917
473,gps,51.045066141333336,3.6824322521666666,220.917
474,gps,51.045066141333336,3.6824322521666666,224.5938
475,gps,51.04506317516667,3.6824297638333334,224.5938
476,gps,51.04506317516667,3.6824297638333334,224.5938
477,gps,51.04506317516667,3.6824297638333334,229.355
478,gps,51.0450601385,3.6824273764999997,229.355
479,gps,51.0450601385,3.6824273764999997,229.355
480,gps,51.0450601385,3.6824273764999997,235.8671
481,gps,51.0450573405,3.6824246555,235.8671
482,gps,51.0450573405,3.6824246555,235.8671
483,gps,51.0450573405,3.6824246555,241.4536
484,gps,51.0450546435,3.6824216626666666,241.4536
485,gps,51.0450546435,3.6824216626666666,241.4536
486,gps,51.0450546435,3.6824216626666666,246.1567
487,gps,51.04505209166667,3.6824184348333335,246.1567
488,gps,51.04505209166667,3.6824184348333335,246.1567
489,gps,51.04505209166667,3.6824184348333335,250.7741
490,gps,51.04504978083333,3.682414966666667,250.7741
491,gps,51.04504978083333,3.682414966666667,250.7741
492,gps,51.04504978083333,3.682414966666667,254.6771
10,camera,51.04505020593129,3.6823972622255865,0.0
493,gps,51.04504769583333,3.682411226,254.6771
494,gps,51.04504769583333,3.682411226,254.6771
495,gps,51.04504769583333,3.682411226,259.0308
496,gps,51.04504578983333,3.682407420166667,259.0308
497,gps,51.04504578983333,3.682407420166667,259.0308
498,gps,51.04504578983333,3.682407420166667,262.3181
499,gps,51.04504405483333,3.6824035386666667,262.3181
500,gps,51.04504405483333,3.6824035386666667,262.3181
501,gps,51.04504405483333,3.6824035386666667,264.2271
502,gps,51.0450429315,3.6823993311666667,264.2271
503,gps,51.0450429315,3.6823993311666667,264.2271
504,gps,51.0450429315,3.6823993311666667,263.8761
505,gps,51.0450418465,3.6823951521666665,263.8761
506,gps,51.0450418465,3.6823951521666665,263.8761
507,gps,51.0450418465,3.6823951521666665,262.887
508,gps,51.04504119883333,3.682390722666667,262.887
509,gps,51.04504119883333,3.682390722666667,262.887
510,gps,51.04504119883333,3.682390722666667,260.1951
511,gps,51.04504063233333,3.6823861213333333,260.1951
512,gps,51.04504063233333,3.6823861213333333,260.1951
513,gps,51.04504063233333,3.6823861213333333,256.0601
514,gps,51.045040261333334,3.6823814009999998,256.0601
515,gps,51.045040261333334,3.6823814009999998,256.0601
516,gps,51.045040261333334,3.6823814009999998,250.3275
517,gps,51.045040041166665,3.682376417,250.3275
518,gps,51.045040041166665,3.682376417,250.3275
519,gps,51.045040041166665,3.682376417,243.1889
520,gps,51.045039772,3.6823712606666668,243.1889
521,gps,51.045039772,3.6823712606666668,243.1889
522,gps,51.045039772,3.6823712606666668,234.8471
523,gps,51.045039018,3.682366393666667,234.8471
524,gps,51.045039018,3.682366393666667,234.8471
525,gps,51.045039018,3.682366393666667,229.1461
526,gps,51.04503778383334,3.682361960333333,229.1461
527,gps,51.04503778383334,3.682361960333333,229.1461
528,gps,51.04503778383334,3.682361960333333,226.2576
529,gps,51.04503654616666,3.6823574105,226.2576
530,gps,51.04503654616666,3.6823574105,226.2576
531,gps,51.04503654616666,3.6823574105,221.8741
532,gps,51.045035542166666,3.682352577666667,221.8741
533,gps,51.045035542166666,3.682352577666667,221.8741
534,gps,51.045035542166666,3.682352577666667,214.908
535,gps,51.045033612833336,3.682349078166667,214.908
536,gps,51.045033612833336,3.682349078166667,214.908
537,gps,51.045033612833336,3.682349078166667,212.6267
538,gps,51.0450315245,3.682345583,212.6267
539,gps,51.0450315245,3.682345583,212.6267
540,gps,51.0450315245,3.682345583,207.3387
541,gps,51.0450295775,3.6823415515,207.3387
542,gps,51.0450295775,3.6823415515,207.3387
543,gps,51.0450295775,3.6823415515,199.3805
544,gps,51.04502739316667,3.6823378023333335,199.3805
545,gps,51.04502739316667,3.6823378023333335,199.3805
546,gps,51.04502739316667,3.6823378023333335,191.7054
547,gps,51.04502505,3.682334390333333,191.7054
548,gps,51.04502505,3.682334390333333,191.7054
549,gps,51.04502505,3.682334390333333,185.098
550,gps,51.04502251733334,3.6823314235,185.098
551,gps,51.04502251733334,3.6823314235,185.098
552,gps,51.04502251733334,3.6823314235,178.9834
553,gps,51.04501983316667,3.682329477166667,178.9834
554,gps,51.04501983316667,3.682329477166667,178.9834
555,gps,51.04501983316667,3.682329477166667,176.25
556,gps,51.045017095333336,3.682328244333333,176.25
557,gps,51.045017095333336,3.682328244333333,176.25
558,gps,51.045017095333336,3.682328244333333,175.5366
559,gps,51.04501422116667,3.68232769,175.5366
560,gps,51.04501422116667,3.68232769,175.5366
561,gps,51.04501422116667,3.68232769,176.7068
562,gps,51.045011337666665,3.6823274241666666,176.7068
563,gps,51.045011337666665,3.6823274241666666,176.7068
564,gps,51.045011337666665,3.6823274241666666,179.2987
565,gps,51.04500838533333,3.6823274525,179.2987
566,gps,51.04500838533333,3.6823274525,179.2987
567,gps,51.04500838533333,3.6823274525,182.8933
568,gps,51.045005323666665,3.6823278215,182.8933
569,gps,51.045005323666665,3.6823278215,182.8933
570,gps,51.045005323666665,3.6823278215,187.9695
571,gps,51.04500231983333,3.6823281443333333,187.9695
572,gps,51.04500231983333,3.6823281443333333,187.9695
573,gps,51.04500231983333,3.6823281443333333,193.8834
574,gps,51.044999213833336,3.6823282373333335,193.8834
575,gps,51.044999213833336,3.6823282373333335,193.8834
576,gps,51.044999213833336,3.6823282373333335,198.942
577,gps,51.044996131666664,3.6823278491666667,198.942
578,gps,51.044996131666664,3.6823278491666667,198.942
579,gps,51.044996131666664,3.6823278491666667,202.5909
580,gps,51.044993131666665,3.682327007,202.5909
581,gps,51.044993131666665,3.682327007,202.5909
582,gps,51.044993131666665,3.682327007,204.6542
583,gps,51.044990161166666,3.6823259046666665,204.6542
584,gps,51.044990161166666,3.6823259046666665,204.6542
585,gps,51.044990161166666,3.6823259046666665,206.3941
586,gps,51.04498723566667,3.6823245605,206.3941
587,gps,51.04498723566667,3.6823245605,206.3941
588,gps,51.04498723566667,3.6823245605,207.0589
589,gps,51.044984277833336,3.6823231141666666,207.0589
590,gps,51.044984277833336,3.6823231141666666,207.0589
591,gps,51.044984277833336,3.6823231141666666,207.2492
592,gps,51.0449813815,3.6823216025,207.2492
593,gps,51.0449813815,3.6823216025,207.2492
594,gps,51.0449813815,3.6823216025,207.4701
595,gps,51.04497841883333,3.6823201088333333,207.4701
596,gps,51.04497841883333,3.6823201088333333,207.4701
597,gps,51.04497841883333,3.6823201088333333,208.6897
598,gps,51.044975572666665,3.682318421833333,208.6897
599,gps,51.044975572666665,3.682318421833333,208.6897
600,gps,51.044975572666665,3.682318421833333,209.0644
601,gps,51.04497266933333,3.682316687166667,209.0644
602,gps,51.04497266933333,3.682316687166667,209.0644
603,gps,51.04497266933333,3.682316687166667,209.5828
604,gps,51.0449697985,3.6823148426666665,209.5828
605,gps,51.0449697985,3.6823148426666665,209.5828
606,gps,51.0449697985,3.6823148426666665,210.1816
607,gps,51.0449668785,3.6823130191666666,210.1816
608,gps,51.0449668785,3.6823130191666666,210.1816
609,gps,51.0449668785,3.6823130191666666,210.3109
610,gps,51.044964034833335,3.6823110441666667,210.3109
611,gps,51.044964034833335,3.6823110441666667,210.3109
612,gps,51.044964034833335,3.6823110441666667,210.53
613,gps,51.044961199166664,3.6823090643333334,210.53
614,gps,51.044961199166664,3.6823090643333334,210.53
615,gps,51.044961199166664,3.6823090643333334,210.9973
616,gps,51.04495841916667,3.6823069765,210.9973
617,gps,51.04495841916667,3.6823069765,210.9973
618,gps,51.04495841916667,3.6823069765,210.9907
619,gps,51.044955573,3.6823049691666667,210.9907
620,gps,51.044955573,3.6823049691666667,210.9907
621,gps,51.044955573,3.6823049691666667,211.8375
622,gps,51.044952691166664,3.6823028861666667,211.8375
623,gps,51.044952691166664,3.6823028861666667,211.8375
624,gps,51.044952691166664,3.6823028861666667,212.4149
625,gps,51.044949965,3.682300547,212.4149
626,gps,51.044949965,3.682300547,212.4149
627,gps,51.044949965,3.682300547,212.6474
628,gps,51.04494717083333,3.6822982905,212.6474
629,gps,51.04494717083333,3.6822982905,212.6474
630,gps,51.04494717083333,3.6822982905,213.0244
631,gps,51.044944423833336,3.6822959478333335,213.0244
632,gps,51.044944423833336,3.6822959478333335,213.0244
633,gps,51.044944423833336,3.6822959478333335,213.461
634,gps,51.044941696,3.682293539333333,213.461
635,gps,51.044941696,3.682293539333333,213.461
636,gps,51.044941696,3.682293539333333,213.7041
637,gps,51.044938788833335,3.682291358666667,213.7041
638,gps,51.044938788833335,3.682291358666667,213.7041
639,gps,51.044938788833335,3.682291358666667,214.2487
640,gps,51.044936041166665,3.6822889241666665,214.2487
641,gps,51.044936041166665,3.6822889241666665,214.2487
642,gps,51.044936041166665,3.6822889241666665,214.7315
643,gps,51.044933341833335,3.6822864373333335,214.7315
644,gps,51.044933341833335,3.6822864373333335,214.7315
645,gps,51.044933341833335,3.6822864373333335,215.2562
646,gps,51.044930592,3.6822839528333335,215.2562
647,gps,51.044930592,3.6822839528333335,215.2562
648,gps,51.044930592,3.6822839528333335,215.8318
649,gps,51.0449279555,3.6822813473333333,215.8318
650,gps,51.0449279555,3.6822813473333333,215.8318
651,gps,51.0449279555,3.6822813473333333,216.128
652,gps,51.044925279,3.6822787485,216.128
653,gps,51.044925279,3.6822787485,216.128
654,gps,51.044925279,3.6822787485,217.0023
655,gps,51.044922566333334,3.682276079166667,217.0023
656,gps,51.044922566333334,3.682276079166667,217.0023
657,gps,51.044922566333334,3.682276079166667,217.1926
658,gps,51.04491990766667,3.682273411833333,217.1926
659,gps,51.04491990766667,3.682273411833333,217.1926
660,gps,51.04491990766667,3.682273411833333,217.7566
661,gps,51.044917226833334,3.6822707438333335,217.7566
662,gps,51.044917226833334,3.6822707438333335,217.7566
663,gps,51.044917226833334,3.6822707438333335,218.4299
664,gps,51.0449146245,3.68226791,218.4299
665,gps,51.0449146245,3.68226791,218.4299
666,gps,51.0449146245,3.68226791,218.5635
667,gps,51.0449120115,3.68226511,218.5635
668,gps,51.0449120115,3.68226511,218.5635
669,gps,51.0449120115,3.68226511,219.0388
670,gps,51.0449094605,3.6822622364999997,219.0388
671,gps,51.0449094605,3.6822622364999997,219.0388
672,gps,51.0449094605,3.6822622364999997,219.0453
673,gps,51.04490690833333,3.6822593301666666,219.0453
674,gps,51.04490690833333,3.6822593301666666,219.0453
675,gps,51.04490690833333,3.6822593301666666,219.3413
676,gps,51.044904329666664,3.682256441333333,219.3413
677,gps,51.044904329666664,3.682256441333333,219.3413
678,gps,51.044904329666664,3.682256441333333,219.8566
679,gps,51.04490179533333,3.6822535063333333,219.8566
680,gps,51.04490179533333,3.6822535063333333,219.8566
681,gps,51.04490179533333,3.6822535063333333,219.7066
682,gps,51.04489925833333,3.6822505338333333,219.7066
683,gps,51.04489925833333,3.6822505338333333,219.7066
684,gps,51.04489925833333,3.6822505338333333,219.7464
685,gps,51.04489673583333,3.6822476198333334,219.7464
686,gps,51.04489673583333,3.6822476198333334,219.7464
687,gps,51.04489673583333,3.6822476198333334,220.076
688,gps,51.0448943155,3.6822445525000003,220.076
689,gps,51.0448943155,3.6822445525000003,220.076
690,gps,51.0448943155,3.6822445525000003,219.769
691,gps,51.04489179,3.682241616333333,219.769
692,gps,51.04489179,3.682241616333333,219.769
693,gps,51.04489179,3.682241616333333,220.1276
694,gps,51.044889275833334,3.6822386705,220.1276
695,gps,51.044889275833334,3.6822386705,220.1276
696,gps,51.044889275833334,3.6822386705,220.5117
697,gps,51.0448868835,3.6822355703333334,220.5117
698,gps,51.0448868835,3.6822355703333334,220.5117
699,gps,51.0448868835,3.6822355703333334,220.6074
700,gps,51.0448844555,3.6822324811666665,220.6074
701,gps,51.0448844555,3.6822324811666665,220.6074
702,gps,51.0448844555,3.6822324811666665,220.4543
703,gps,51.044882121,3.6822293901666665,220.4543
704,gps,51.044882121,3.6822293901666665,220.4543
705,gps,51.044882121,3.6822293901666665,220.4746
706,gps,51.04487973383333,3.6822262685,220.4746
707,gps,51.04487973383333,3.6822262685,220.4746
708,gps,51.04487973383333,3.6822262685,220.5432
709,gps,51.044877274,3.6822232185,220.5432
710,gps,51.044877274,3.6822232185,220.5432
711,gps,51.044877274,3.6822232185,220.452
712,gps,51.044874869,3.6822201741666665,220.452
713,gps,51.044874869,3.6822201741666665,220.452
714,gps,51.044874869,3.6822201741666665,220.6616
715,gps,51.044872426333335,3.6822171360000002,220.6616
716,gps,51.044872426333335,3.6822171360000002,220.6616
717,gps,51.044872426333335,3.6822171360000002,220.8386
718,gps,51.044870122166664,3.6822139073333333,220.8386
719,gps,51.044870122166664,3.6822139073333333,220.8386
720,gps,51.044870122166664,3.6822139073333333,220.8652
721,gps,51.044867742166666,3.682210798,220.8652
722,gps,51.044867742166666,3.682210798,220.8652
723,gps,51.044867742166666,3.682210798,221.0875
724,gps,51.044865302,3.682207769,221.0875
725,gps,51.044865302,3.682207769,221.0875
726,gps,51.044865302,3.682207769,221.3113
727,gps,51.044863168166664,3.6822044301666668,221.3113
728,gps,51.044863168166664,3.6822044301666668,221.3113
729,gps,51.044863168166664,3.6822044301666668,220.8438
730,gps,51.04486080633333,3.6822012985,220.8438
731,gps,51.04486080633333,3.6822012985,220.8438
732,gps,51.04486080633333,3.6822012985,221.0431
733,gps,51.04485831233333,3.6821983285,221.0431
734,gps,51.04485831233333,3.6821983285,221.0431
735,gps,51.04485831233333,3.6821983285,221.1275
736,gps,51.044855983666665,3.682195118,221.1275
737,gps,51.044855983666665,3.682195118,221.1275
738,gps,51.044855983666665,3.682195118,220.7713
739,gps,51.044853698666664,3.682191946,220.7713
740,gps,51.044853698666664,3.682191946,220.7713
741,gps,51.044853698666664,3.682191946,220.8566
742,gps,51.04485139683333,3.68218874,220.8566
743,gps,51.04485139683333,3.68218874,220.8566
744,gps,51.04485139683333,3.68218874,220.8535
745,gps,51.04484904183333,3.6821856546666667,220.8535
746,gps,51.04484904183333,3.6821856546666667,220.8535
747,gps,51.04484904183333,3.6821856546666667,220.9487
748,gps,51.0448467515,3.6821824673333334,220.9487
749,gps,51.0448467515,3.6821824673333334,220.9487
750,gps,51.0448467515,3.6821824673333334,220.9352
751,gps,51.04484445766666,3.6821792743333335,220.9352
752,gps,51.04484445766666,3.6821792743333335,220.9352
753,gps,51.04484445766666,3.6821792743333335,220.6852
754,gps,51.04484205466667,3.682176245,220.6852
755,gps,51.04484205466667,3.682176245,220.6852
756,gps,51.04484205466667,3.682176245,221.0379
757,gps,51.04483985466667,3.6821729243333334,221.0379
758,gps,51.04483985466667,3.6821729243333334,221.0379
759,gps,51.04483985466667,3.6821729243333334,220.9713
760,gps,51.04483759233333,3.6821697481666664,220.9713
761,gps,51.04483759233333,3.6821697481666664,220.9713
762,gps,51.04483759233333,3.6821697481666664,220.7507
763,gps,51.04483519666667,3.6821666538333333,220.7507
764,gps,51.04483519666667,3.6821666538333333,220.7507
765,gps,51.04483519666667,3.6821666538333333,220.6373
766,gps,51.04483288633333,3.6821634198333335,220.6373
767,gps,51.04483288633333,3.6821634198333335,220.6373
768,gps,51.04483288633333,3.6821634198333335,220.7068
769,gps,51.04483066,3.6821601245,220.7068
770,gps,51.04483066,3.6821601245,220.7068
771,gps,51.04483066,3.6821601245,220.7928
772,gps,51.04482840266667,3.6821569155000002,220.7928
773,gps,51.04482840266667,3.6821569155000002,220.7928
774,gps,51.04482840266667,3.6821569155000002,220.608
775,gps,51.04482604733333,3.682153685333333,220.608
776,gps,51.04482604733333,3.682153685333333,220.608
777,gps,51.04482604733333,3.682153685333333,219.8786
778,gps,51.044823758666666,3.6821503918333334,219.8786
779,gps,51.044823758666666,3.6821503918333334,219.8786
780,gps,51.044823758666666,3.6821503918333334,220.1219
781,gps,51.04482141766667,3.6821472048333335,220.1219
782,gps,51.04482141766667,3.6821472048333335,220.1219
783,gps,51.04482141766667,3.6821472048333335,219.8128
784,gps,51.044819134166666,3.6821440926666664,219.8128
785,gps,51.044819134166666,3.6821440926666664,219.8128
786,gps,51.044819134166666,3.6821440926666664,219.4805
787,gps,51.04481678183333,3.6821409138333334,219.4805
788,gps,51.04481678183333,3.6821409138333334,219.4805
789,gps,51.04481678183333,3.6821409138333334,219.4047
790,gps,51.044814462666665,3.6821377833333333,219.4047
791,gps,51.044814462666665,3.6821377833333333,219.4047
792,gps,51.044814462666665,3.6821377833333333,219.1618
793,gps,51.044812171,3.682134574,219.1618
794,gps,51.044812171,3.682134574,219.1618
795,gps,51.044812171,3.682134574,218.4974
796,gps,51.04480975933333,3.6821315275,218.4974
797,gps,51.04480975933333,3.6821315275,218.4974
798,gps,51.04480975933333,3.6821315275,218.0031
799,gps,51.04480740383333,3.682128554166667,218.0031
800,gps,51.04480740383333,3.682128554166667,218.0031
801,gps,51.04480740383333,3.682128554166667,217.746
802,gps,51.0448049895,3.6821256333333334,217.746
803,gps,51.0448049895,3.6821256333333334,217.746
804,gps,51.0448049895,3.6821256333333334,217.4516
805,gps,51.04480260533333,3.682122634166667,217.4516
806,gps,51.04480260533333,3.682122634166667,217.4516
807,gps,51.04480260533333,3.682122634166667,216.6457
808,gps,51.04480013733333,3.682119682833333,216.6457
809,gps,51.04480013733333,3.682119682833333,216.6457
810,gps,51.04480013733333,3.682119682833333,216.2116
811,gps,51.04479766,3.6821168953333334,216.2116
812,gps,51.04479766,3.6821168953333334,216.2116
813,gps,51.04479766,3.6821168953333334,215.7086
814,gps,51.0447952205,3.6821139478333333,215.7086
815,gps,51.0447952205,3.6821139478333333,215.7086
816,gps,51.0447952205,3.6821139478333333,215.3595
817,gps,51.04479267316667,3.6821111958333335,215.3595
818,gps,51.04479267316667,3.6821111958333335,215.3595
819,gps,51.04479267316667,3.6821111958333335,214.8407
820,gps,51.0447902315,3.6821084576666667,214.8407
821,gps,51.0447902315,3.6821084576666667,214.8407
822,gps,51.0447902315,3.6821084576666667,214.342
823,gps,51.044787624166666,3.682105729,214.342
824,gps,51.044787624166666,3.682105729,214.342
825,gps,51.044787624166666,3.682105729,214.1907
826,gps,51.044785058833334,3.6821030236666665,214.1907
827,gps,51.044785058833334,3.6821030236666665,214.1907
828,gps,51.044785058833334,3.6821030236666665,213.9508
829,gps,51.044782608666665,3.682100220833333,213.9508
830,gps,51.044782608666665,3.682100220833333,213.9508
831,gps,51.044782608666665,3.682100220833333,213.8089
832,gps,51.04478002483334,3.6820975608333333,213.8089
833,gps,51.04478002483334,3.6820975608333333,213.8089
834,gps,51.04478002483334,3.6820975608333333,213.8069
835,gps,51.044777452333335,3.682094815166667,213.8069
836,gps,51.044777452333335,3.682094815166667,213.8069
837,gps,51.044777452333335,3.682094815166667,213.6298
838,gps,51.044774848833335,3.682092018,213.6298
839,gps,51.044774848833335,3.682092018,213.6298
840,gps,51.044774848833335,3.682092018,213.3434
841,gps,51.044772328166665,3.682089438166667,213.3434
842,gps,51.044772328166665,3.682089438166667,213.3434
843,gps,51.044772328166665,3.682089438166667,213.2193
844,gps,51.044769737,3.682086717333333,213.2193
845,gps,51.044769737,3.682086717333333,213.2193
846,gps,51.044769737,3.682086717333333,212.8494
847,gps,51.0447671375,3.6820839706666666,212.8494
848,gps,51.0447671375,3.6820839706666666,212.8494
849,gps,51.0447671375,3.6820839706666666,212.8773
850,gps,51.04476454983333,3.682081258166667,212.8773
851,gps,51.04476454983333,3.682081258166667,212.8773
852,gps,51.04476454983333,3.682081258166667,212.9877
853,gps,51.044761941,3.6820786248333333,212.9877
854,gps,51.044761941,3.6820786248333333,212.9877
855,gps,51.044761941,3.6820786248333333,212.7937
856,gps,51.04475938816667,3.6820758626666668,212.7937
857,gps,51.04475938816667,3.6820758626666668,212.7937
858,gps,51.04475938816667,3.6820758626666668,212.7695
859,gps,51.044756617333334,3.6820732836666665,212.7695
860,gps,51.044756617333334,3.6820732836666665,212.7695
861,gps,51.044756617333334,3.6820732836666665,212.6092
862,gps,51.04475401766667,3.6820706,212.6092
863,gps,51.04475401766667,3.6820706,212.6092
864,gps,51.04475401766667,3.6820706,212.6368
865,gps,51.044751469333335,3.6820677718333332,212.6368
866,gps,51.044751469333335,3.6820677718333332,212.6368
867,gps,51.044751469333335,3.6820677718333332,212.7444
868,gps,51.04474884733333,3.682065060333333,212.7444
869,gps,51.04474884733333,3.682065060333333,212.7444
870,gps,51.04474884733333,3.682065060333333,212.8808
871,gps,51.0447462975,3.6820623265,212.8808
872,gps,51.0447462975,3.6820623265,212.8808
873,gps,51.0447462975,3.6820623265,212.5238
874,gps,51.04474369766667,3.6820596251666666,212.5238
875,gps,51.04474369766667,3.6820596251666666,212.5238
876,gps,51.04474369766667,3.6820596251666666,213.253
877,gps,51.04474086716667,3.682056952,213.253
878,gps,51.04474086716667,3.682056952,213.253
879,gps,51.04474086716667,3.682056952,213.3134
880,gps,51.044738243,3.682054239,213.3134
881,gps,51.044738243,3.682054239,213.3134
882,gps,51.044738243,3.682054239,213.5576
883,gps,51.04473569583333,3.682051329,213.5576
884,gps,51.04473569583333,3.682051329,213.5576
885,gps,51.04473569583333,3.682051329,212.6202
886,gps,51.04473308683333,3.6820485945,212.6202
887,gps,51.04473308683333,3.6820485945,212.6202
888,gps,51.04473308683333,3.6820485945,213.2301
889,gps,51.0447303785,3.682045901,213.2301
890,gps,51.0447303785,3.682045901,213.2301
891,gps,51.0447303785,3.682045901,213.2553
892,gps,51.04472770216667,3.6820431345,213.2553
893,gps,51.04472770216667,3.6820431345,213.2553
894,gps,51.04472770216667,3.6820431345,213.3742
895,gps,51.0447250695,3.682040361,213.3742
896,gps,51.0447250695,3.682040361,213.3742
897,gps,51.0447250695,3.682040361,213.5143
898,gps,51.044722492333335,3.6820374841666665,213.5143
899,gps,51.044722492333335,3.6820374841666665,213.5143
900,gps,51.044722492333335,3.6820374841666665,213.2562
901,gps,51.044719856,3.682034605,213.2562
902,gps,51.044719856,3.682034605,213.2562
903,gps,51.044719856,3.682034605,213.731
904,gps,51.044717177,3.682031776666667,213.731
905,gps,51.044717177,3.682031776666667,213.731
906,gps,51.044717177,3.682031776666667,212.6192
907,gps,51.044714656,3.6820288923333333,212.6192
908,gps,51.044714656,3.6820288923333333,212.6192
909,gps,51.044714656,3.6820288923333333,212.5346
910,gps,51.044712147333335,3.6820261175,212.5346
911,gps,51.044712147333335,3.6820261175,212.5346
912,gps,51.044712147333335,3.6820261175,212.9841
913,gps,51.044709710166664,3.6820235503333336,212.9841
914,gps,51.044709710166664,3.6820235503333336,212.9841
915,gps,51.044709710166664,3.6820235503333336,214.5725
11,camera,51.0447045808367,3.6820130618479427,0.0
916,gps,51.04470756116667,3.6820209206666665,214.5725
917,gps,51.04470756116667,3.6820209206666665,214.5725
918,gps,51.04470756116667,3.6820209206666665,215.3453
919,gps,51.04470551316667,3.6820183941666667,215.3453
920,gps,51.04470551316667,3.6820183941666667,215.3453
921,gps,51.04470551316667,3.6820183941666667,214.5585
922,gps,51.044703491166665,3.6820160123333334,214.5585
923,gps,51.044703491166665,3.6820160123333334,214.5585
924,gps,51.044703491166665,3.6820160123333334,214.7363
925,gps,51.044701487666664,3.6820134733333334,214.7363
926,gps,51.044701487666664,3.6820134733333334,214.7363
927,gps,51.044701487666664,3.6820134733333334,214.6919
928,gps,51.044699604,3.682011114333333,214.6919
929,gps,51.044699604,3.682011114333333,214.6919
930,gps,51.044699604,3.682011114333333,215.1887
931,gps,51.044697861,3.6820089421666666,215.1887
932,gps,51.044697861,3.6820089421666666,215.1887
933,gps,51.044697861,3.6820089421666666,215.4079
934,gps,51.04469623733333,3.6820069333333336,215.4079
935,gps,51.04469623733333,3.6820069333333336,215.4079
936,gps,51.04469623733333,3.6820069333333336,215.2854
937,gps,51.0446946475,3.6820049631666665,215.2854
938,gps,51.0446946475,3.6820049631666665,215.2854
939,gps,51.0446946475,3.6820049631666665,214.0706
940,gps,51.04469302766667,3.6820031401666666,214.0706
941,gps,51.04469302766667,3.6820031401666666,214.0706
942,gps,51.04469302766667,3.6820031401666666,213.7013
943,gps,51.04469147133333,3.6820014683333335,213.7013
944,gps,51.04469147133333,3.6820014683333335,213.7013
945,gps,51.04469147133333,3.6820014683333335,213.5084
946,gps,51.04468997066667,3.681999698166667,213.5084
947,gps,51.04468997066667,3.681999698166667,213.5084
948,gps,51.04468997066667,3.681999698166667,212.4151
949,gps,51.044688516166666,3.6819979954999997,212.4151
950,gps,51.044688516166666,3.6819979954999997,212.4151
951,gps,51.044688516166666,3.6819979954999997,211.4803
952,gps,51.04468712116667,3.6819963925,211.4803
953,gps,51.04468712116667,3.6819963925,211.4803
954,gps,51.04468712116667,3.6819963925,210.7646
955,gps,51.04468573133333,3.6819948075,210.7646
956,gps,51.04468573133333,3.6819948075,210.7646
957,gps,51.04468573133333,3.6819948075,210.8584
958,gps,51.04468434766667,3.681993359333333,210.8584
959,gps,51.04468434766667,3.681993359333333,210.8584
960,gps,51.04468434766667,3.681993359333333,210.4236
961,gps,51.04468293866667,3.6819920198333334,210.4236
962,gps,51.04468293866667,3.6819920198333334,210.4236
963,gps,51.04468293866667,3.6819920198333334,210.5706
964,gps,51.04468165466667,3.6819905745,210.5706
965,gps,51.04468165466667,3.6819905745,210.5706
966,gps,51.04468165466667,3.6819905745,210.4552
967,gps,51.044680367333335,3.6819891921666668,210.4552
968,gps,51.044680367333335,3.6819891921666668,210.4552
969,gps,51.044680367333335,3.6819891921666668,210.2612
970,gps,51.044679173666665,3.681987795,210.2612
971,gps,51.044679173666665,3.681987795,210.2612
972,gps,51.044679173666665,3.681987795,209.3436
973,gps,51.04467793916667,3.681986471666667,209.3436
974,gps,51.04467793916667,3.681986471666667,209.3436
975,gps,51.04467793916667,3.681986471666667,208.81
976,gps,51.0446767315,3.6819852233333332,208.81
977,gps,51.0446767315,3.6819852233333332,208.81
978,gps,51.0446767315,3.6819852233333332,208.4816
979,gps,51.0446755455,3.681983977333333,208.4816
980,gps,51.0446755455,3.681983977333333,208.4816
981,gps,51.0446755455,3.681983977333333,207.9356
982,gps,51.04467434866667,3.6819828408333333,207.9356
983,gps,51.04467434866667,3.6819828408333333,207.9356
984,gps,51.04467434866667,3.6819828408333333,207.8879
985,gps,51.04467319783333,3.6819815526666666,207.8879
986,gps,51.04467319783333,3.6819815526666666,207.8879
987,gps,51.04467319783333,3.6819815526666666,206.985
988,gps,51.044671885,3.6819802988333334,206.985
989,gps,51.044671885,3.6819802988333334,206.985
990,gps,51.044671885,3.6819802988333334,205.8754
991,gps,51.04467064633333,3.6819785664999998,205.8754
992,gps,51.04467064633333,3.6819785664999998,205.8754
993,gps,51.04467064633333,3.6819785664999998,204.0177
994,gps,51.04466910066667,3.6819770453333334,204.0177
995,gps,51.04466910066667,3.6819770453333334,204.0177
996,gps,51.04466910066667,3.6819770453333334,202.6274
997,gps,51.04466746166667,3.681975308,202.6274
998,gps,51.04466746166667,3.681975308,202.6274
999,gps,51.04466746166667,3.681975308,201.3684
1000,gps,51.044666011333334,3.6819737248333335,201.3684
1001,gps,51.044666011333334,3.6819737248333335,201.3684
1002,gps,51.044666011333334,3.6819737248333335,197.4732
1003,gps,51.044664351,3.6819726601666667,197.4732
1004,gps,51.044664351,3.6819726601666667,197.4732
1005,gps,51.044664351,3.6819726601666667,194.6099
1006,gps,51.044662792666664,3.681971556666667,194.6099
1007,gps,51.044662792666664,3.681971556666667,194.6099
1008,gps,51.044662792666664,3.681971556666667,192.3883
1009,gps,51.0446613315,3.681970800166667,192.3883
1010,gps,51.0446613315,3.681970800166667,192.3883
1011,gps,51.0446613315,3.681970800166667,190.9661
1012,gps,51.04465990083333,3.6819695611666665,190.9661
1013,gps,51.04465990083333,3.6819695611666665,190.9661
1014,gps,51.04465990083333,3.6819695611666665,188.9959
1015,gps,51.0446587605,3.6819692088333333,188.9959
1016,gps,51.0446587605,3.6819692088333333,188.9959
1017,gps,51.0446587605,3.6819692088333333,190.8748
1018,gps,51.04465756566667,3.6819688795,190.8748
1019,gps,51.04465756566667,3.6819688795,190.8748
1020,gps,51.04465756566667,3.6819688795,190.683
1021,gps,51.044656519,3.681968441,190.683
1022,gps,51.044656519,3.681968441,190.683
1023,gps,51.044656519,3.681968441,190.3008
1024,gps,51.04465539783333,3.681968155,190.3008
1025,gps,51.04465539783333,3.681968155,190.3008
1026,gps,51.04465539783333,3.681968155,184.9831
1027,gps,51.044654183,3.6819683341666667,184.9831
1028,gps,51.044654183,3.6819683341666667,184.9831
1029,gps,51.044654183,3.6819683341666667,170.6949
1030,gps,51.04465273933333,3.6819694011666666,170.6949
1031,gps,51.04465273933333,3.6819694011666666,170.6949
1032,gps,51.04465273933333,3.6819694011666666,160.1285
1033,gps,51.04465119666666,3.681970626,160.1285
1034,gps,51.04465119666666,3.681970626,160.1285
1035,gps,51.04465119666666,3.681970626,150.3941
1036,gps,51.04464972216667,3.6819724868333332,150.3941
1037,gps,51.04464972216667,3.6819724868333332,150.3941
1038,gps,51.04464972216667,3.6819724868333332,144.1413
1039,gps,51.044648265333336,3.681974559,144.1413
1040,gps,51.044648265333336,3.681974559,144.1413
1041,gps,51.044648265333336,3.681974559,138.7425
1042,gps,51.04464694466667,3.6819767508333334,138.7425
1043,gps,51.04464694466667,3.6819767508333334,138.7425
1044,gps,51.04464694466667,3.6819767508333334,134.4826
1045,gps,51.044645696833335,3.6819789441666666,134.4826
1046,gps,51.044645696833335,3.6819789441666666,134.4826
1047,gps,51.044645696833335,3.6819789441666666,131.326
1048,gps,51.044644505166666,3.6819812968333334,131.326
1049,gps,51.044644505166666,3.6819812968333334,131.326
1050,gps,51.044644505166666,3.6819812968333334,128.4477
1051,gps,51.044643512166665,3.6819835728333334,128.4477
1052,gps,51.044643512166665,3.6819835728333334,128.4477
1053,gps,51.044643512166665,3.6819835728333334,126.3097
1054,gps,51.0446425215,3.681985806666667,126.3097
1055,gps,51.0446425215,3.681985806666667,126.3097
1056,gps,51.0446425215,3.681985806666667,124.4183
1057,gps,51.044641569,3.6819880413333332,124.4183
1058,gps,51.044641569,3.6819880413333332,124.4183
1059,gps,51.044641569,3.6819880413333332,122.8434
1060,gps,51.04464068833333,3.6819902620000002,122.8434
1061,gps,51.04464068833333,3.6819902620000002,122.8434
1062,gps,51.04464068833333,3.6819902620000002,121.6961
1063,gps,51.044639867,3.6819925345,121.6961
1064,gps,51.044639867,3.6819925345,121.6961
1065,gps,51.044639867,3.6819925345,120.6349
1066,gps,51.04463905633333,3.6819946703333333,120.6349
1067,gps,51.04463905633333,3.6819946703333333,120.6349
1068,gps,51.04463905633333,3.6819946703333333,119.5976
1069,gps,51.044638217333336,3.681996837,119.5976
1070,gps,51.044638217333336,3.681996837,119.5976
1071,gps,51.044638217333336,3.681996837,118.9022
1072,gps,51.0446374125,3.6819989318333333,118.9022
1073,gps,51.0446374125,3.6819989318333333,118.9022
1074,gps,51.0446374125,3.6819989318333333,118.0865
1075,gps,51.0446368,3.6820008431666666,118.0865
1076,gps,51.0446368,3.6820008431666666,118.0865
1077,gps,51.0446368,3.6820008431666666,117.4644
1078,gps,51.0446360765,3.6820028065,117.4644
1079,gps,51.0446360765,3.6820028065,117.4644
1080,gps,51.0446360765,3.6820028065,116.6904
1081,gps,51.044635252333336,3.6820049496666667,116.6904
1082,gps,51.044635252333336,3.6820049496666667,116.6904
1083,gps,51.044635252333336,3.6820049496666667,116.1808
1084,gps,51.0446345695,3.6820068866666666,116.1808
1085,gps,51.0446345695,3.6820068866666666,116.1808
1086,gps,51.0446345695,3.6820068866666666,115.605
1087,gps,51.0446339725,3.6820087763333333,115.605
1088,gps,51.0446339725,3.6820087763333333,115.605
1089,gps,51.0446339725,3.6820087763333333,115.2582
1090,gps,51.044633343166666,3.6820106273333333,115.2582
1091,gps,51.044633343166666,3.6820106273333333,115.2582
1092,gps,51.044633343166666,3.6820106273333333,114.837
1093,gps,51.044632717333336,3.6820124861666668,114.837
1094,gps,51.044632717333336,3.6820124861666668,114.837
1095,gps,51.044632717333336,3.6820124861666668,114.4999
1096,gps,51.04463213566667,3.682014215833333,114.4999
1097,gps,51.04463213566667,3.682014215833333,114.4999
1098,gps,51.04463213566667,3.682014215833333,114.0506
1099,gps,51.044631569833335,3.682016029333333,114.0506
1100,gps,51.044631569833335,3.682016029333333,114.0506
1101,gps,51.044631569833335,3.682016029333333,113.698
1102,gps,51.04463101216667,3.6820177750000003,113.698
1103,gps,51.04463101216667,3.6820177750000003,113.698
1104,gps,51.04463101216667,3.6820177750000003,113.7022
1105,gps,51.04463045233334,3.6820193968333332,113.7022
1106,gps,51.04463045233334,3.6820193968333332,113.7022
1107,gps,51.04463045233334,3.6820193968333332,113.0432
1108,gps,51.04462995316667,3.6820210408333334,113.0432
1109,gps,51.04462995316667,3.6820210408333334,113.0432
1110,gps,51.04462995316667,3.6820210408333334,113.0112
1111,gps,51.0446293815,3.682022764666667,113.0112
1112,gps,51.0446293815,3.682022764666667,113.0112
1113,gps,51.0446293815,3.682022764666667,112.8815
1114,gps,51.04462885466667,3.6820243863333335,112.8815
1115,gps,51.04462885466667,3.6820243863333335,112.8815
1116,gps,51.04462885466667,3.6820243863333335,112.4156
1117,gps,51.044629115666666,3.6820261348333334,112.4156
1118,gps,51.044629115666666,3.6820261348333334,112.4156
1119,gps,51.044629115666666,3.6820261348333334,117.0006
1120,gps,51.044629666166664,3.682027607,117.0006
1121,gps,51.044629666166664,3.682027607,117.0006
1122,gps,51.044629666166664,3.682027607,124.4134
1123,gps,51.044630011,3.6820282703333334,124.4134
1124,gps,51.044630011,3.6820282703333334,124.4134
1125,gps,51.044630011,3.6820282703333334,128.8108
1126,gps,51.044630098666666,3.6820280645,128.8108
1127,gps,51.044630098666666,3.6820280645,128.8108
1128,gps,51.044630098666666,3.6820280645,127.949
1129,gps,51.04463029433333,3.682028042,127.949
1130,gps,51.04463029433333,3.682028042,127.949
1131,gps,51.04463029433333,3.682028042,127.8386
1132,gps,51.044630608333335,3.682028702166667,127.8386
1133,gps,51.044630608333335,3.682028702166667,127.8386
1134,gps,51.044630608333335,3.682028702166667,129.8226
1135,gps,51.044631132333336,3.682028946,129.8226
1136,gps,51.044631132333336,3.682028946,129.8226
1137,gps,51.044631132333336,3.682028946,130.8972
1138,gps,51.044631766,3.6820292996666666,130.8972
1139,gps,51.044631766,3.6820292996666666,130.8972
1140,gps,51.044631766,3.6820292996666666,132.8563
1141,gps,51.044632527,3.6820294271666665,132.8563
1142,gps,51.044632527,3.6820294271666665,132.8563
1143,gps,51.044632527,3.6820294271666665,133.6518
1144,gps,51.0446333325,3.682029932,133.6518
1145,gps,51.0446333325,3.682029932,133.6518
1146,gps,51.0446333325,3.682029932,135.5854
1147,gps,51.044634420166666,3.6820310906666665,135.5854
1148,gps,51.044634420166666,3.6820310906666665,135.5854
1149,gps,51.044634420166666,3.6820310906666665,137.4681
1150,gps,51.044635221,3.682031777166667,137.4681
1151,gps,51.044635221,3.682031777166667,137.4681
1152,gps,51.044635221,3.682031777166667,134.1123
1153,gps,51.044635559166665,3.6820323745,134.1123
1154,gps,51.044635559166665,3.6820323745,134.1123
1155,gps,51.044635559166665,3.6820323745,126.4192
1156,gps,51.044635552,3.682033049833333,126.4192
1157,gps,51.044635552,3.682033049833333,126.4192
1158,gps,51.044635552,3.682033049833333,118.2329
1159,gps,51.044635713666665,3.6820338893333333,118.2329
1160,gps,51.044635713666665,3.6820338893333333,118.2329
1161,gps,51.044635713666665,3.6820338893333333,111.8961
1162,gps,51.0446356855,3.682034600833333,111.8961
1163,gps,51.0446356855,3.682034600833333,111.8961
1164,gps,51.0446356855,3.682034600833333,109.6887
1165,gps,51.04463558816666,3.6820347175,109.6887
1166,gps,51.04463558816666,3.6820347175,109.6887
1167,gps,51.04463558816666,3.6820347175,107.8527
1168,gps,51.044635645166665,3.6820349556666665,107.8527
1169,gps,51.044635645166665,3.6820349556666665,107.8527
1170,gps,51.044635645166665,3.6820349556666665,105.5254
1171,gps,51.04463577533333,3.6820353341666667,105.5254
1172,gps,51.04463577533333,3.6820353341666667,105.5254
1173,gps,51.04463577533333,3.6820353341666667,102.8381
1174,gps,51.044635924,3.6820358015,102.8381
1175,gps,51.044635924,3.6820358015,102.8381
1176,gps,51.044635924,3.6820358015,99.6373
1177,gps,51.044635922333335,3.6820365253333334,99.6373
1178,gps,51.044635922333335,3.6820365253333334,99.6373
1179,gps,51.044635922333335,3.6820365253333334,96.9965
1180,gps,51.044636129333334,3.682037088,96.9965
1181,gps,51.044636129333334,3.682037088,96.9965
1182,gps,51.044636129333334,3.682037088,94.5042
1183,gps,51.044636161166665,3.682037771,94.5042
1184,gps,51.044636161166665,3.682037771,94.5042
1185,gps,51.044636161166665,3.682037771,91.6
1186,gps,51.044636351166666,3.6820385901666666,91.6
1187,gps,51.044636351166666,3.6820385901666666,91.6
1188,gps,51.044636351166666,3.6820385901666666,91.4701
1189,gps,51.0446364105,3.6820394553333333,91.4701
1190,gps,51.0446364105,3.6820394553333333,91.4701
1191,gps,51.0446364105,3.6820394553333333,90.8838
1192,gps,51.044636861,3.6820398493333335,90.8838
1193,gps,51.044636861,3.6820398493333335,90.8838
1194,gps,51.044636861,3.6820398493333335,92.3652
1195,gps,51.0446370605,3.682040596,92.3652
1196,gps,51.0446370605,3.682040596,92.3652
1197,gps,51.0446370605,3.682040596,93.2734
1198,gps,51.044637183166664,3.682042224,93.2734
1199,gps,51.044637183166664,3.682042224,93.2734
1200,gps,51.044637183166664,3.682042224,93.1213
1201,gps,51.04463738966667,3.682043992166667,93.1213
1202,gps,51.04463738966667,3.682043992166667,93.1213
1203,gps,51.04463738966667,3.682043992166667,93.4445
1204,gps,51.04463719766667,3.6820454833333334,93.4445
1205,gps,51.04463719766667,3.6820454833333334,93.4445
1206,gps,51.04463719766667,3.6820454833333334,93.5253
1207,gps,51.044637113166665,3.6820462885,93.5253
1208,gps,51.044637113166665,3.6820462885,93.5253
1209,gps,51.044637113166665,3.6820462885,93.6071
12,camera,51.04463701330803,3.682056431776475,0.0
1210,gps,51.04463711566667,3.6820469080000002,93.6071
1211,gps,51.04463711566667,3.6820469080000002,93.6071
1212,gps,51.04463711566667,3.6820469080000002,93.7648
1213,gps,51.044636981,3.682047257,93.7648
1214,gps,51.044636981,3.682047257,93.7648
1215,gps,51.044636981,3.682047257,92.1567
1216,gps,51.044636919666665,3.6820472096666665,92.1567
1217,gps,51.044636919666665,3.6820472096666665,92.1567
1218,gps,51.044636919666665,3.6820472096666665,88.7815
1219,gps,51.0446368725,3.6820472973333334,88.7815
1220,gps,51.0446368725,3.6820472973333334,88.7815
1221,gps,51.0446368725,3.6820472973333334,83.9914
1222,gps,51.04463665716667,3.6820478485,83.9914
1223,gps,51.04463665716667,3.6820478485,83.9914
1224,gps,51.04463665716667,3.6820478485,78.1958
1225,gps,51.04463659016667,3.6820487965,78.1958
1226,gps,51.04463659016667,3.6820487965,78.1958
1227,gps,51.04463659016667,3.6820487965,73.5774
1228,gps,51.044636481333335,3.6820499488333334,73.5774
1229,gps,51.044636481333335,3.6820499488333334,73.5774
1230,gps,51.044636481333335,3.6820499488333334,68.7324
1231,gps,51.044636239666666,3.6820511741666664,68.7324
1232,gps,51.044636239666666,3.6820511741666664,68.7324
1233,gps,51.044636239666666,3.6820511741666664,63.2046
1234,gps,51.044636108,3.6820518218333333,63.2046
1235,gps,51.044636108,3.6820518218333333,63.2046
1236,gps,51.044636108,3.6820518218333333,60.9849
1237,gps,51.04463579983334,3.68205214,60.9849
1238,gps,51.04463579983334,3.68205214,60.9849
1239,gps,51.04463579983334,3.68205214,58.1306
1240,gps,51.0446354735,3.6820522385,58.1306
1241,gps,51.0446354735,3.6820522385,58.1306
1242,gps,51.0446354735,3.6820522385,55.6684
1243,gps,51.044635271333334,3.6820522688333335,55.6684
1244,gps,51.044635271333334,3.6820522688333335,55.6684
1245,gps,51.044635271333334,3.6820522688333335,52.6234
1246,gps,51.04463529783333,3.6820526823333335,52.6234
1247,gps,51.04463529783333,3.6820526823333335,52.6234
1248,gps,51.04463529783333,3.6820526823333335,50.9802
1249,gps,51.04463566733333,3.682053476,50.9802
1250,gps,51.04463566733333,3.682053476,50.9802
1251,gps,51.04463566733333,3.682053476,49.1855
1252,gps,51.0446360945,3.6820544975,49.1855
1253,gps,51.0446360945,3.6820544975,49.1855
1254,gps,51.0446360945,3.6820544975,47.8452
1255,gps,51.044636262,3.682056277,47.8452
1256,gps,51.044636262,3.682056277,47.8452
1257,gps,51.044636262,3.682056277,45.4684
1258,gps,51.044636552166665,3.6820574291666666,45.4684
1259,gps,51.044636552166665,3.6820574291666666,45.4684
1260,gps,51.044636552166665,3.6820574291666666,44.7563
1261,gps,51.04463676416667,3.6820585266666668,44.7563
1262,gps,51.04463676416667,3.6820585266666668,44.7563
1263,gps,51.04463676416667,3.6820585266666668,44.2542
1264,gps,51.04463706316667,3.682059441333333,44.2542
1265,gps,51.04463706316667,3.682059441333333,44.2542
1266,gps,51.04463706316667,3.682059441333333,45.0627
1267,gps,51.044637308333336,3.6820604340000003,45.0627
1268,gps,51.044637308333336,3.6820604340000003,45.0627
1269,gps,51.044637308333336,3.6820604340000003,44.8895
1270,gps,51.044637596166666,3.6820612883333332,44.8895
1271,gps,51.044637596166666,3.6820612883333332,44.8895
1272,gps,51.044637596166666,3.6820612883333332,46.0177
1273,gps,51.0446379415,3.6820621153333333,46.0177
1274,gps,51.0446379415,3.6820621153333333,46.0177
1275,gps,51.0446379415,3.6820621153333333,47.5874
1276,gps,51.04463828833333,3.682062914333333,47.5874
1277,gps,51.04463828833333,3.682062914333333,47.5874
1278,gps,51.04463828833333,3.682062914333333,47.7362
1279,gps,51.044638555166664,3.6820637228333335,47.7362
1280,gps,51.044638555166664,3.6820637228333335,47.7362
1281,gps,51.044638555166664,3.6820637228333335,48.3172
1282,gps,51.04463884683334,3.6820645543333335,48.3172
1283,gps,51.04463884683334,3.6820645543333335,48.3172
1284,gps,51.04463884683334,3.6820645543333335,49.1887
1285,gps,51.044639187,3.6820652975,49.1887
1286,gps,51.044639187,3.6820652975,49.1887
1287,gps,51.044639187,3.6820652975,50.1732
1288,gps,51.044639503166664,3.682066122666667,50.1732
1289,gps,51.044639503166664,3.682066122666667,50.1732
1290,gps,51.044639503166664,3.682066122666667,50.9687
1291,gps,51.044639810666666,3.6820669648333335,50.9687
1292,gps,51.044639810666666,3.6820669648333335,50.9687
1293,gps,51.044639810666666,3.6820669648333335,51.4176
1294,gps,51.044640142666665,3.6820677231666665,51.4176
1295,gps,51.044640142666665,3.6820677231666665,51.4176
1296,gps,51.044640142666665,3.6820677231666665,52.0235
1297,gps,51.044640409,3.6820685205,52.0235
1298,gps,51.044640409,3.6820685205,52.0235
1299,gps,51.044640409,3.6820685205,52.1865
1300,gps,51.04464066083333,3.6820692495,52.1865
1301,gps,51.04464066083333,3.6820692495,52.1865
1302,gps,51.04464066083333,3.6820692495,52.7859
1303,gps,51.044640857,3.6820701191666667,52.7859
1304,gps,51.044640857,3.6820701191666667,52.7859
1305,gps,51.044640857,3.6820701191666667,52.7072
1306,gps,51.04464114366667,3.6820708171666667,52.7072
1307,gps,51.04464114366667,3.6820708171666667,52.7072
1308,gps,51.04464114366667,3.6820708171666667,53.3714
1309,gps,51.04464132166667,3.6820716636666666,53.3714
1310,gps,51.04464132166667,3.6820716636666666,53.3714
1311,gps,51.04464132166667,3.6820716636666666,52.6965
1312,gps,51.0446415635,3.6820724113333334,52.6965
1313,gps,51.0446415635,3.6820724113333334,52.6965
1314,gps,51.0446415635,3.6820724113333334,53.0087
1315,gps,51.04464181283333,3.6820730706666667,53.0087
1316,gps,51.04464181283333,3.6820730706666667,53.0087
1317,gps,51.04464181283333,3.6820730706666667,53.6675
1318,gps,51.04464210383333,3.68207372,53.6675
1319,gps,51.04464210383333,3.68207372,53.6675
1320,gps,51.04464210383333,3.68207372,52.725
1321,gps,51.044642227833336,3.6820746275,52.725
1322,gps,51.044642227833336,3.6820746275,52.725
1323,gps,51.044642227833336,3.6820746275,52.428
1324,gps,51.044642466166664,3.6820753489999998,52.428
1325,gps,51.044642466166664,3.6820753489999998,52.428
1326,gps,51.044642466166664,3.6820753489999998,52.4431
1327,gps,51.044642663333335,3.6820761085,52.4431
1328,gps,51.044642663333335,3.6820761085,52.4431
1329,gps,51.044642663333335,3.6820761085,52.0977
1330,gps,51.0446428855,3.6820768525,52.0977
1331,gps,51.0446428855,3.6820768525,52.0977
1332,gps,51.0446428855,3.6820768525,51.8178
1333,gps,51.0446430455,3.6820776761666667,51.8178
1334,gps,51.0446430455,3.6820776761666667,51.8178
1335,gps,51.0446430455,3.6820776761666667,51.3626
1336,gps,51.04464324866667,3.6820783748333334,51.3626
1337,gps,51.04464324866667,3.6820783748333334,51.3626
1338,gps,51.04464324866667,3.6820783748333334,51.0696
1339,gps,51.044643419,3.6820791025,51.0696
1340,gps,51.044643419,3.6820791025,51.0696
1341,gps,51.044643419,3.6820791025,50.6312
13,camera,51.04464791524768,3.6820973239897126,0.0
1342,gps,51.044643578,3.6820798945,50.6312
1343,gps,51.044643578,3.6820798945,50.6312
1344,gps,51.044643578,3.6820798945,50.1372
1345,gps,51.04464378466667,3.6820806028333335,50.1372
1346,gps,51.04464378466667,3.6820806028333335,50.1372
1347,gps,51.04464378466667,3.6820806028333335,49.7653
1348,gps,51.044644,3.682081245,49.7653
1349,gps,51.044644,3.682081245,49.7653
1350,gps,51.044644,3.682081245,49.6706
1351,gps,51.044644211333335,3.6820819405,49.6706
1352,gps,51.044644211333335,3.6820819405,49.6706
1353,gps,51.044644211333335,3.6820819405,49.5351
1354,gps,51.044644430333335,3.6820826045,49.5351
1355,gps,51.044644430333335,3.6820826045,49.5351
1356,gps,51.044644430333335,3.6820826045,49.1813
1357,gps,51.04464462566666,3.682083228333333,49.1813
1358,gps,51.04464462566666,3.682083228333333,49.1813
1359,gps,51.04464462566666,3.682083228333333,48.8389
1360,gps,51.04464481233333,3.6820839351666668,48.8389
1361,gps,51.04464481233333,3.6820839351666668,48.8389
1362,gps,51.04464481233333,3.6820839351666668,48.8025
1363,gps,51.044645117,3.6820845521666667,48.8025
1364,gps,51.044645117,3.6820845521666667,48.8025
1365,gps,51.044645117,3.6820845521666667,48.3216
1366,gps,51.044645319333334,3.682085218166667,48.3216
1367,gps,51.044645319333334,3.682085218166667,48.3216
1368,gps,51.044645319333334,3.682085218166667,48.1363
1369,gps,51.04464556716667,3.6820857348333336,48.1363
1370,gps,51.04464556716667,3.6820857348333336,48.1363
1371,gps,51.04464556716667,3.6820857348333336,48.3595
1372,gps,51.04464574683333,3.6820863448333334,48.3595
1373,gps,51.04464574683333,3.6820863448333334,48.3595
1374,gps,51.04464574683333,3.6820863448333334,47.8413
1375,gps,51.04464597516667,3.6820869336666666,47.8413
1376,gps,51.04464597516667,3.6820869336666666,47.8413
1377,gps,51.04464597516667,3.6820869336666666,47.8789
1378,gps,51.04464609,3.682087594,47.8789
1379,gps,51.04464609,3.682087594,47.8789
1380,gps,51.04464609,3.682087594,47.0365
1381,gps,51.04464636983333,3.6820881808333334,47.0365
1382,gps,51.04464636983333,3.6820881808333334,47.0365
1383,gps,51.04464636983333,3.6820881808333334,47.0635
1384,gps,51.044646632,3.682088734833333,47.0635
1385,gps,51.044646632,3.682088734833333,47.0635
1386,gps,51.044646632,3.682088734833333,47.2418
1387,gps,51.044646785333335,3.68208933,47.2418
1388,gps,51.044646785333335,3.68208933,47.2418
1389,gps,51.044646785333335,3.68208933,46.9146
1390,gps,51.044646976,3.682089862333333,46.9146
1391,gps,51.044646976,3.682089862333333,46.9146
1392,gps,51.044646976,3.682089862333333,46.8076
1393,gps,51.0446472005,3.6820903368333333,46.8076
1394,gps,51.0446472005,3.6820903368333333,46.8076
1395,gps,51.0446472005,3.6820903368333333,46.6412
1396,gps,51.04464742783333,3.6820908523333333,46.6412
1397,gps,51.04464742783333,3.6820908523333333,46.6412
1398,gps,51.04464742783333,3.6820908523333333,46.8165
1399,gps,51.044647651666665,3.6820914173333334,46.8165
1400,gps,51.044647651666665,3.6820914173333334,46.8165
1401,gps,51.044647651666665,3.6820914173333334,46.8159
1402,gps,51.044647868333335,3.6820919091666666,46.8159
1403,gps,51.044647868333335,3.6820919091666666,46.8159
1404,gps,51.044647868333335,3.6820919091666666,46.8234
1405,gps,51.04464802816667,3.6820924891666666,46.8234
1406,gps,51.04464802816667,3.6820924891666666,46.8234
1407,gps,51.04464802816667,3.6820924891666666,46.4006
1408,gps,51.044648246,3.682092984,46.4006
1409,gps,51.044648246,3.682092984,46.4006
1410,gps,51.044648246,3.682092984,47.1803
1411,gps,51.04464843833333,3.6820934466666664,47.1803
1412,gps,51.04464843833333,3.6820934466666664,47.1803
1413,gps,51.04464843833333,3.6820934466666664,47.3619
1414,gps,51.044648649833334,3.6820939436666666,47.3619
1415,gps,51.044648649833334,3.6820939436666666,47.3619
1416,gps,51.044648649833334,3.6820939436666666,47.7072
14,camera,51.04465340753993,3.6821126145818353,0.0
1417,gps,51.044648888833336,3.682094398166667,47.7072
1418,gps,51.044648888833336,3.682094398166667,47.7072
1419,gps,51.044648888833336,3.682094398166667,47.2301
1420,gps,51.0446490955,3.6820948953333335,47.2301
1421,gps,51.0446490955,3.6820948953333335,47.2301
1422,gps,51.0446490955,3.6820948953333335,47.4367
1423,gps,51.0446492945,3.682095363666667,47.4367
1424,gps,51.0446492945,3.682095363666667,47.4367
1425,gps,51.0446492945,3.682095363666667,47.3462
1426,gps,51.0446494655,3.682095813666667,47.3462
1427,gps,51.0446494655,3.682095813666667,47.3462
1428,gps,51.0446494655,3.682095813666667,46.8878
1429,gps,51.044649654,3.6820961898333335,46.8878
1430,gps,51.044649654,3.6820961898333335,46.8878
1431,gps,51.044649654,3.6820961898333335,46.8485
1432,gps,51.0446498415,3.682096658,46.8485
1433,gps,51.0446498415,3.682096658,46.8485
1434,gps,51.0446498415,3.682096658,46.3688
1435,gps,51.044650080333334,3.6820970026666666,46.3688
1436,gps,51.044650080333334,3.6820970026666666,46.3688
1437,gps,51.044650080333334,3.6820970026666666,46.3781
1438,gps,51.044650309666665,3.682097375833333,46.3781
1439,gps,51.044650309666665,3.682097375833333,46.3781
1440,gps,51.044650309666665,3.682097375833333,46.528
1441,gps,51.0446504795,3.682097803,46.528
1442,gps,51.0446504795,3.682097803,46.528
1443,gps,51.0446504795,3.682097803,45.6218
1444,gps,51.044650698666665,3.6820981345,45.6218
1445,gps,51.044650698666665,3.6820981345,45.6218
1446,gps,51.044650698666665,3.6820981345,44.9896
1447,gps,51.0446509135,3.6820984511666666,44.9896
1448,gps,51.0446509135,3.6820984511666666,44.9896
1449,gps,51.0446509135,3.6820984511666666,43.5923
1450,gps,51.04465111016667,3.6820987585,43.5923
1451,gps,51.04465111016667,3.6820987585,43.5923
1452,gps,51.04465111016667,3.6820987585,42.019
1453,gps,51.0446513455,3.6820990499999997,42.019
1454,gps,51.0446513455,3.6820990499999997,42.019
1455,gps,51.0446513455,3.6820990499999997,40.7176
1456,gps,51.04465155616667,3.6820993686666665,40.7176
1457,gps,51.04465155616667,3.6820993686666665,40.7176
1458,gps,51.04465155616667,3.6820993686666665,38.9319
1459,gps,51.0446518315,3.6820994453333333,38.9319
1460,gps,51.0446518315,3.6820994453333333,38.9319
1461,gps,51.0446518315,3.6820994453333333,38.109
1462,gps,51.044652067166666,3.6820996625,38.109
1463,gps,51.044652067166666,3.6820996625,38.109
1464,gps,51.044652067166666,3.6820996625,36.7177
15,camera,51.04466384744558,3.6821042431728768,0.0
1465,gps,51.04465231816667,3.6820998861666667,36.7177
1466,gps,51.04465231816667,3.6820998861666667,36.7177
1467,gps,51.04465231816667,3.6820998861666667,35.4366
1468,gps,51.04465262683333,3.6820999856666665,35.4366
1469,gps,51.04465262683333,3.6820999856666665,35.4366
1470,gps,51.04465262683333,3.6820999856666665,33.5466
1471,gps,51.04465285516667,3.6821001955,33.5466
1472,gps,51.04465285516667,3.6821001955,33.5466
1473,gps,51.04465285516667,3.6821001955,31.4665
1474,gps,51.0446531835,3.6821002936666667,31.4665
1475,gps,51.0446531835,3.6821002936666667,31.4665
1476,gps,51.0446531835,3.6821002936666667,30.199
1477,gps,51.0446535455,3.682100438,30.199
1478,gps,51.0446535455,3.682100438,30.199
1479,gps,51.0446535455,3.682100438,28.296
1480,gps,51.044653900166665,3.6821004746666666,28.296
1481,gps,51.044653900166665,3.6821004746666666,28.296
1482,gps,51.044653900166665,3.6821004746666666,26.9343
1483,gps,51.0446541825,3.6821005196666667,26.9343
1484,gps,51.0446541825,3.6821005196666667,26.9343
1485,gps,51.0446541825,3.6821005196666667,25.2145
1486,gps,51.044654554,3.682100498,25.2145
1487,gps,51.044654554,3.682100498,25.2145
1488,gps,51.044654554,3.682100498,23.8137
1489,gps,51.044654928,3.682100445166667,23.8137
1490,gps,51.044654928,3.682100445166667,23.8137
1491,gps,51.044654928,3.682100445166667,22.4157
1492,gps,51.0446553785,3.6821003468333333,22.4157
1493,gps,51.0446553785,3.6821003468333333,22.4157
1494,gps,51.0446553785,3.6821003468333333,21.0743
1495,gps,51.044655776333336,3.682100396,21.0743
1496,gps,51.044655776333336,3.682100396,21.0743
1497,gps,51.044655776333336,3.682100396,19.9856
1498,gps,51.044656218,3.6821003151666667,19.9856
1499,gps,51.044656218,3.6821003151666667,19.9856
1500,gps,51.044656218,3.6821003151666667,17.9897
1501,gps,51.044656615166666,3.682100292,17.9897
1502,gps,51.044656615166666,3.682100292,17.9897
1503,gps,51.044656615166666,3.682100292,16.6523
1504,gps,51.0446570165,3.6821002608333333,16.6523
1505,gps,51.0446570165,3.6821002608333333,16.6523
1506,gps,51.0446570165,3.6821002608333333,15.3894
1507,gps,51.0446574575,3.682100247666667,15.3894
1508,gps,51.0446574575,3.682100247666667,15.3894
1509,gps,51.0446574575,3.682100247666667,14.2395
1510,gps,51.0446578945,3.682100221833333,14.2395
1511,gps,51.0446578945,3.682100221833333,14.2395
1512,gps,51.0446578945,3.682100221833333,13.0045
1513,gps,51.04465845233333,3.682100013,13.0045
1514,gps,51.04465845233333,3.682100013,13.0045
1515,gps,51.04465845233333,3.682100013,11.9973
1516,gps,51.04465891233333,3.6820999106666665,11.9973
1517,gps,51.04465891233333,3.6820999106666665,11.9973
1518,gps,51.04465891233333,3.6820999106666665,11.0133
1519,gps,51.0446594105,3.682099784,11.0133
1520,gps,51.0446594105,3.682099784,11.0133
1521,gps,51.0446594105,3.682099784,10.2662
1522,gps,51.04465988816667,3.6820996498333334,10.2662
1523,gps,51.04465988816667,3.6820996498333334,10.2662
1524,gps,51.04465988816667,3.6820996498333334,9.2579
1525,gps,51.04466039216667,3.6820994611666666,9.2579
1526,gps,51.04466039216667,3.6820994611666666,9.2579
1527,gps,51.04466039216667,3.6820994611666666,8.1374
1528,gps,51.04466084483333,3.6820992421666667,8.1374
1529,gps,51.04466084483333,3.6820992421666667,8.1374
1530,gps,51.04466084483333,3.6820992421666667,7.611
1531,gps,51.0446613395,3.682099116,7.611
1532,gps,51.0446613395,3.682099116,7.611
1533,gps,51.0446613395,3.682099116,6.9166
1534,gps,51.044661792666666,3.682098956,6.9166
1535,gps,51.044661792666666,3.682098956,6.9166
1536,gps,51.044661792666666,3.682098956,6.0085
1537,gps,51.044662252833334,3.6820987506666665,6.0085
1538,gps,51.044662252833334,3.6820987506666665,6.0085
1539,gps,51.044662252833334,3.6820987506666665,5.3383
1540,gps,51.04466273333333,3.682098529166667,5.3383
1541,gps,51.04466273333333,3.682098529166667,5.3383
1542,gps,51.04466273333333,3.682098529166667,4.996
1543,gps,51.0446633085,3.682098272,4.996
1544,gps,51.0446633085,3.682098272,4.996
1545,gps,51.0446633085,3.682098272,4.161
1546,gps,51.0446637955,3.6820980363333335,4.161
1547,gps,51.0446637955,3.6820980363333335,4.161
1548,gps,51.0446637955,3.6820980363333335,3.5287
1549,gps,51.044664308166666,3.682097740166667,3.5287
1550,gps,51.044664308166666,3.682097740166667,3.5287
1551,gps,51.044664308166666,3.682097740166667,3.0604
1552,gps,51.044664818166666,3.6820974925,3.0604
1553,gps,51.044664818166666,3.6820974925,3.0604
1554,gps,51.044664818166666,3.6820974925,2.0815
1555,gps,51.044665302666665,3.6820972821666667,2.0815
1556,gps,51.044665302666665,3.6820972821666667,2.0815
1557,gps,51.044665302666665,3.6820972821666667,1.7365
1558,gps,51.0446657995,3.6820969598333333,1.7365
1559,gps,51.0446657995,3.6820969598333333,1.7365
1560,gps,51.0446657995,3.6820969598333333,0.8353
1561,gps,51.0446662635,3.682096752666667,0.8353
1562,gps,51.0446662635,3.682096752666667,0.8353
1563,gps,51.0446662635,3.682096752666667,0.132
1564,gps,51.0446667335,3.6820964491666666,0.132
1565,gps,51.0446667335,3.6820964491666666,0.132
1566,gps,51.0446667335,3.6820964491666666,359.3241
1567,gps,51.044667306166666,3.6820959833333333,359.3241
1568,gps,51.044667306166666,3.6820959833333333,359.3241
1569,gps,51.044667306166666,3.6820959833333333,358.9618
1570,gps,51.04466788333333,3.6820955435,358.9618
1571,gps,51.04466788333333,3.6820955435,358.9618
1572,gps,51.04466788333333,3.6820955435,358.5889
1573,gps,51.044668302,3.6820953055,358.5889
1574,gps,51.044668302,3.6820953055,358.5889
1575,gps,51.044668302,3.6820953055,357.9146
1576,gps,51.0446687845,3.6820949365,357.9146
1577,gps,51.0446687845,3.6820949365,357.9146
1578,gps,51.0446687845,3.6820949365,357.5406
1579,gps,51.0446692865,3.682094514666667,357.5406
1580,gps,51.0446692865,3.682094514666667,357.5406
1581,gps,51.0446692865,3.682094514666667,356.8049
1582,gps,51.0446697505,3.682094209166667,356.8049
1583,gps,51.0446697505,3.682094209166667,356.8049
1584,gps,51.0446697505,3.682094209166667,355.8331
1585,gps,51.044670405,3.682093771,355.8331
1586,gps,51.044670405,3.682093771,355.8331
1587,gps,51.044670405,3.682093771,355.2465
1588,gps,51.044670931333336,3.6820934148333335,355.2465
1589,gps,51.044670931333336,3.6820934148333335,355.2465
1590,gps,51.044670931333336,3.6820934148333335,354.307
1591,gps,51.04467144383333,3.6820930146666666,354.307
1592,gps,51.04467144383333,3.6820930146666666,354.307
1593,gps,51.04467144383333,3.6820930146666666,353.9091
1594,gps,51.044672009,3.6820926761666666,353.9091
1595,gps,51.044672009,3.6820926761666666,353.9091
1596,gps,51.044672009,3.6820926761666666,353.2112
1597,gps,51.0446724805,3.6820924045,353.2112
1598,gps,51.0446724805,3.6820924045,353.2112
1599,gps,51.0446724805,3.6820924045,352.5552
1600,gps,51.04467303083333,3.682092066,352.5552
1601,gps,51.04467303083333,3.682092066,352.5552
1602,gps,51.04467303083333,3.682092066,351.7214
1603,gps,51.04467360216667,3.6820917509999997,351.7214
1604,gps,51.04467360216667,3.6820917509999997,351.7214
1605,gps,51.04467360216667,3.6820917509999997,350.449
1606,gps,51.044674090166666,3.682091394,350.449
1607,gps,51.044674090166666,3.682091394,350.449
1608,gps,51.044674090166666,3.682091394,349.9127
1609,gps,51.044674627333336,3.682091059333333,349.9127
1610,gps,51.044674627333336,3.682091059333333,349.9127
1611,gps,51.044674627333336,3.682091059333333,349.3379
1612,gps,51.044675143,3.6820906671666664,349.3379
1613,gps,51.044675143,3.6820906671666664,349.3379
1614,gps,51.044675143,3.6820906671666664,348.6957
1615,gps,51.04467564783333,3.6820901893333335,348.6957
1616,gps,51.04467564783333,3.6820901893333335,348.6957
1617,gps,51.04467564783333,3.6820901893333335,348.0463
1618,gps,51.044676122666665,3.6820897976666664,348.0463
1619,gps,51.044676122666665,3.6820897976666664,348.0463
1620,gps,51.044676122666665,3.6820897976666664,347.2775
1621,gps,51.044676687,3.6820892891666666,347.2775
1622,gps,51.044676687,3.6820892891666666,347.2775
1623,gps,51.044676687,3.6820892891666666,346.6683
1624,gps,51.044677162666666,3.6820888101666664,346.6683
1625,gps,51.044677162666666,3.6820888101666664,346.6683
1626,gps,51.044677162666666,3.6820888101666664,346.4544
1627,gps,51.04467762583333,3.6820884545,346.4544
1628,gps,51.04467762583333,3.6820884545,346.4544
1629,gps,51.04467762583333,3.6820884545,345.7204
1630,gps,51.044678128166666,3.682088006333333,345.7204
1631,gps,51.044678128166666,3.682088006333333,345.7204
1632,gps,51.044678128166666,3.682088006333333,344.8201
1633,gps,51.0446787045,3.6820875245,344.8201
1634,gps,51.0446787045,3.6820875245,344.8201
1635,gps,51.0446787045,3.6820875245,344.0967
1636,gps,51.04467924666667,3.682087049833333,344.0967
1637,gps,51.04467924666667,3.682087049833333,344.0967
1638,gps,51.04467924666667,3.682087049833333,343.5061
1639,gps,51.0446797105,3.6820865933333335,343.5061
1640,gps,51.0446797105,3.6820865933333335,343.5061
1641,gps,51.0446797105,3.6820865933333335,342.8406
1642,gps,51.044680255,3.6820861025,342.8406
1643,gps,51.044680255,3.6820861025,342.8406
1644,gps,51.044680255,3.6820861025,342.4459
1645,gps,51.0446808065,3.6820857223333334,342.4459
1646,gps,51.0446808065,3.6820857223333334,342.4459
1647,gps,51.0446808065,3.6820857223333334,341.2734
1648,gps,51.044681295,3.682085296,341.2734
1649,gps,51.044681295,3.682085296,341.2734
1650,gps,51.044681295,3.682085296,340.6454
1651,gps,51.044681848833335,3.6820848033333333,340.6454
1652,gps,51.044681848833335,3.6820848033333333,340.6454
1653,gps,51.044681848833335,3.6820848033333333,340.1203
1654,gps,51.04468242466667,3.6820843955,340.1203
1655,gps,51.04468242466667,3.6820843955,340.1203
1656,gps,51.04468242466667,3.6820843955,339.1882
1657,gps,51.0446829755,3.6820839401666667,339.1882
1658,gps,51.0446829755,3.6820839401666667,339.1882
1659,gps,51.0446829755,3.6820839401666667,338.5619
1660,gps,51.04468350933333,3.6820835081666665,338.5619
1661,gps,51.04468350933333,3.6820835081666665,338.5619
1662,gps,51.04468350933333,3.6820835081666665,337.8682
1663,gps,51.04468406483333,3.682083077833333,337.8682
1664,gps,51.04468406483333,3.682083077833333,337.8682
1665,gps,51.04468406483333,3.682083077833333,336.9512
1666,gps,51.0446846355,3.6820826308333334,336.9512
1667,gps,51.0446846355,3.6820826308333334,336.9512
1668,gps,51.0446846355,3.6820826308333334,336.4545
1669,gps,51.0446851845,3.6820821185,336.4545
1670,gps,51.0446851845,3.6820821185,336.4545
1671,gps,51.0446851845,3.6820821185,335.7599
1672,gps,51.04468570233333,3.6820816996666665,335.7599
1673,gps,51.04468570233333,3.6820816996666665,335.7599
1674,gps,51.04468570233333,3.6820816996666665,335.3361
1675,gps,51.044686263833334,3.6820812778333334,335.3361
1676,gps,51.044686263833334,3.6820812778333334,335.3361
1677,gps,51.044686263833334,3.6820812778333334,334.6313
1678,gps,51.04468679483333,3.6820808556666664,334.6313
1679,gps,51.04468679483333,3.6820808556666664,334.6313
1680,gps,51.04468679483333,3.6820808556666664,334.0444
1681,gps,51.044687336,3.682080363,334.0444
1682,gps,51.044687336,3.682080363,334.0444
1683,gps,51.044687336,3.682080363,333.6038
1684,gps,51.04468784116666,3.6820798821666667,333.6038
1685,gps,51.04468784116666,3.6820798821666667,333.6038
1686,gps,51.04468784116666,3.6820798821666667,333.3089
1687,gps,51.04468835383334,3.6820794565,333.3089
1688,gps,51.04468835383334,3.6820794565,333.3089
1689,gps,51.04468835383334,3.6820794565,333.0521
1690,gps,51.04468884833334,3.682078982,333.0521
1691,gps,51.04468884833334,3.682078982,333.0521
1692,gps,51.04468884833334,3.682078982,332.6598
1693,gps,51.044689466166666,3.6820784678333336,332.6598
1694,gps,51.044689466166666,3.6820784678333336,332.6598
1695,gps,51.044689466166666,3.6820784678333336,332.1833
1696,gps,51.044689999666666,3.682077984,332.1833
1697,gps,51.044689999666666,3.682077984,332.1833
1698,gps,51.044689999666666,3.682077984,331.8537
1699,gps,51.0446904675,3.682077389,331.8537
1700,gps,51.0446904675,3.682077389,331.8537
1701,gps,51.0446904675,3.682077389,331.6548
1702,gps,51.04469097133333,3.6820769346666666,331.6548
1703,gps,51.04469097133333,3.6820769346666666,331.6548
1704,gps,51.04469097133333,3.6820769346666666,331.3184
1705,gps,51.0446914265,3.6820765235,331.3184
1706,gps,51.0446914265,3.6820765235,331.3184
1707,gps,51.0446914265,3.6820765235,331.1808
1708,gps,51.04469191883334,3.682076041,331.1808
1709,gps,51.04469191883334,3.682076041,331.1808
1710,gps,51.04469191883334,3.682076041,330.8524
1711,gps,51.0446923885,3.6820755395,330.8524
1712,gps,51.0446923885,3.6820755395,330.8524
1713,gps,51.0446923885,3.6820755395,330.6169
1714,gps,51.044692891,3.6820750405,330.6169
1715,gps,51.044692891,3.6820750405,330.6169
1716,gps,51.044692891,3.6820750405,330.3322
1717,gps,51.04469343233333,3.682074565166667,330.3322
1718,gps,51.04469343233333,3.682074565166667,330.3322
1719,gps,51.04469343233333,3.682074565166667,329.8995
1720,gps,51.044693851666665,3.6820741608333334,329.8995
1721,gps,51.044693851666665,3.6820741608333334,329.8995
1722,gps,51.044693851666665,3.6820741608333334,329.6988
1723,gps,51.04469434883333,3.682073635666667,329.6988
1724,gps,51.04469434883333,3.682073635666667,329.6988
1725,gps,51.04469434883333,3.682073635666667,329.3728
1726,gps,51.044694813666666,3.682073144333333,329.3728
1727,gps,51.044694813666666,3.682073144333333,329.3728
1728,gps,51.044694813666666,3.682073144333333,329.1122
1729,gps,51.044695295,3.6820726305,329.1122
1730,gps,51.044695295,3.6820726305,329.1122
1731,gps,51.044695295,3.6820726305,328.8414
1732,gps,51.044695752,3.6820721861666668,328.8414
1733,gps,51.044695752,3.6820721861666668,328.8414
1734,gps,51.044695752,3.6820721861666668,328.6183
1735,gps,51.0446962195,3.6820717921666666,328.6183
1736,gps,51.0446962195,3.6820717921666666,328.6183
1737,gps,51.0446962195,3.6820717921666666,328.4735
1738,gps,51.04469661583333,3.6820713321666667,328.4735
1739,gps,51.04469661583333,3.6820713321666667,328.4735
1740,gps,51.04469661583333,3.6820713321666667,328.3238
1741,gps,51.04469705733333,3.6820708806666667,328.3238
1742,gps,51.04469705733333,3.6820708806666667,328.3238
1743,gps,51.04469705733333,3.6820708806666667,328.1956
1744,gps,51.0446975195,3.6820704391666665,328.1956
1745,gps,51.0446975195,3.6820704391666665,328.1956
1746,gps,51.0446975195,3.6820704391666665,327.9182
1747,gps,51.044697903333336,3.682070014333333,327.9182
1748,gps,51.044697903333336,3.682070014333333,327.9182
1749,gps,51.044697903333336,3.682070014333333,327.7123
1750,gps,51.044698331333336,3.6820695551666667,327.7123
1751,gps,51.044698331333336,3.6820695551666667,327.7123
1752,gps,51.044698331333336,3.6820695551666667,327.5659
1753,gps,51.04469874466667,3.682069166833333,327.5659
1754,gps,51.04469874466667,3.682069166833333,327.5659
1755,gps,51.04469874466667,3.682069166833333,327.4501
1756,gps,51.04469915733333,3.682068753333333,327.4501
1757,gps,51.04469915733333,3.682068753333333,327.4501
1758,gps,51.04469915733333,3.682068753333333,327.2033
1759,gps,51.04469950683333,3.6820682551666666,327.2033
1760,gps,51.04469950683333,3.6820682551666666,327.2033
1761,gps,51.04469950683333,3.6820682551666666,327.3253
1762,gps,51.04469990333333,3.6820678946666665,327.3253
1763,gps,51.04469990333333,3.6820678946666665,327.3253
1764,gps,51.04469990333333,3.6820678946666665,327.0293
1765,gps,51.044700305333336,3.682067503,327.0293
1766,gps,51.044700305333336,3.682067503,327.0293
1767,gps,51.044700305333336,3.682067503,326.8335
1768,gps,51.04470069733333,3.6820670875,326.8335
1769,gps,51.04470069733333,3.6820670875,326.8335
1770,gps,51.04470069733333,3.6820670875,326.6875
1771,gps,51.044701147666665,3.682066679666667,326.6875
1772,gps,51.044701147666665,3.682066679666667,326.6875
1773,gps,51.044701147666665,3.682066679666667,326.6312
1774,gps,51.0447014905,3.6820662925,326.6312
1775,gps,51.0447014905,3.6820662925,326.6312
1776,gps,51.0447014905,3.6820662925,326.41
1777,gps,51.044701771,3.6820659855,326.41
1778,gps,51.044701771,3.6820659855,326.41
1779,gps,51.044701771,3.6820659855,326.0755
1780,gps,51.0447021395,3.6820655075,326.0755
1781,gps,51.0447021395,3.6820655075,326.0755
1782,gps,51.0447021395,3.6820655075,326.0959
1783,gps,51.0447025095,3.6820651138333336,326.0959
1784,gps,51.0447025095,3.6820651138333336,326.0959
1785,gps,51.0447025095,3.6820651138333336,325.934
1786,gps,51.04470286633333,3.6820646843333336,325.934
1787,gps,51.04470286633333,3.6820646843333336,325.934
1788,gps,51.04470286633333,3.6820646843333336,325.9157
1789,gps,51.044703224833334,3.6820642711666665,325.9157
1790,gps,51.044703224833334,3.6820642711666665,325.9157
1791,gps,51.044703224833334,3.6820642711666665,325.8853
1792,gps,51.044703582,3.682063899,325.8853
1793,gps,51.044703582,3.682063899,325.8853
1794,gps,51.044703582,3.682063899,325.6713
1795,gps,51.044703922833335,3.682063494,325.6713
1796,gps,51.044703922833335,3.682063494,325.6713
1797,gps,51.044703922833335,3.682063494,325.6224
1798,gps,51.04470424116667,3.6820631148333334,325.6224
1799,gps,51.04470424116667,3.6820631148333334,325.6224
1800,gps,51.04470424116667,3.6820631148333334,325.4377
1801,gps,51.044704584,3.6820627111666666,325.4377
1802,gps,51.044704584,3.6820627111666666,325.4377
1803,gps,51.044704584,3.6820627111666666,325.2636
1804,gps,51.04470493316666,3.682062326,325.2636
1805,gps,51.04470493316666,3.682062326,325.2636
1806,gps,51.04470493316666,3.682062326,325.2954
1807,gps,51.044705220666664,3.6820619653333333,325.2954
1808,gps,51.044705220666664,3.6820619653333333,325.2954
1809,gps,51.044705220666664,3.6820619653333333,325.3744
1810,gps,51.04470555533333,3.6820615555,325.3744
1811,gps,51.04470555533333,3.6820615555,325.3744
1812,gps,51.04470555533333,3.6820615555,325.334
1813,gps,51.044705932166664,3.682061176,325.334
1814,gps,51.044705932166664,3.682061176,325.334
1815,gps,51.044705932166664,3.682061176,325.2814
1816,gps,51.0447063055,3.682060802666667,325.2814
1817,gps,51.0447063055,3.682060802666667,325.2814
1818,gps,51.0447063055,3.682060802666667,325.1301
1819,gps,51.044706656833334,3.682060404,325.1301
1820,gps,51.044706656833334,3.682060404,325.1301
1821,gps,51.044706656833334,3.682060404,325.1055
1822,gps,51.044706995666665,3.6820600668333334,325.1055
1823,gps,51.044706995666665,3.6820600668333334,325.1055
1824,gps,51.044706995666665,3.6820600668333334,325.0063
1825,gps,51.04470733866667,3.6820597576666665,325.0063
1826,gps,51.04470733866667,3.6820597576666665,325.0063
1827,gps,51.04470733866667,3.6820597576666665,324.9774
1828,gps,51.0447076665,3.682059456666667,324.9774
1829,gps,51.0447076665,3.682059456666667,324.9774
1830,gps,51.0447076665,3.682059456666667,324.9727
1831,gps,51.044708055166666,3.682059115,324.9727
1832,gps,51.044708055166666,3.682059115,324.9727
1833,gps,51.044708055166666,3.682059115,325.1295
1834,gps,51.044708394333334,3.6820587756666665,325.1295
1835,gps,51.044708394333334,3.6820587756666665,325.1295
1836,gps,51.044708394333334,3.6820587756666665,325.1916
1837,gps,51.0447087275,3.6820585103333334,325.1916
1838,gps,51.0447087275,3.6820585103333334,325.1916
1839,gps,51.0447087275,3.6820585103333334,325.041
1840,gps,51.0447089295,3.6820576083333334,325.041
1841,gps,51.0447089295,3.6820576083333334,325.041
1842,gps,51.0447089295,3.6820576083333334,327.702
1843,gps,51.04470935,3.6820563898333334,327.702
1844,gps,51.04470935,3.6820563898333334,327.702
1845,gps,51.04470935,3.6820563898333334,331.5981
1846,gps,51.0447097145,3.6820551915,331.5981
1847,gps,51.0447097145,3.6820551915,331.5981
1848,gps,51.0447097145,3.6820551915,335.0029
1849,gps,51.0447103605,3.682054439333333,335.0029
1850,gps,51.0447103605,3.682054439333333,335.0029
1851,gps,51.0447103605,3.682054439333333,336.5996
1852,gps,51.04471090133333,3.682053777,336.5996
1853,gps,51.04471090133333,3.682053777,336.5996
1854,gps,51.04471090133333,3.682053777,337.7935
1855,gps,51.04471153266667,3.682053272666667,337.7935
1856,gps,51.04471153266667,3.682053272666667,337.7935
1857,gps,51.04471153266667,3.682053272666667,338.2706
1858,gps,51.04471213266667,3.6820528008333335,338.2706
1859,gps,51.04471213266667,3.6820528008333335,338.2706
1860,gps,51.04471213266667,3.6820528008333335,338.4897
1861,gps,51.044712757,3.6820523906666667,338.4897
1862,gps,51.044712757,3.6820523906666667,338.4897
1863,gps,51.044712757,3.6820523906666667,338.526
1864,gps,51.044713382666664,3.6820520446666665,338.526
1865,gps,51.044713382666664,3.6820520446666665,338.526
1866,gps,51.044713382666664,3.6820520446666665,338.3174
1867,gps,51.0447140415,3.682051656,338.3174
1868,gps,51.0447140415,3.682051656,338.3174
1869,gps,51.0447140415,3.682051656,338.0871
1870,gps,51.0447146405,3.6820513106666666,338.0871
1871,gps,51.0447146405,3.6820513106666666,338.0871
1872,gps,51.0447146405,3.6820513106666666,337.9735
1873,gps,51.044715282333335,3.6820509196666666,337.9735
1874,gps,51.044715282333335,3.6820509196666666,337.9735
1875,gps,51.044715282333335,3.6820509196666666,337.8889
1876,gps,51.04471590066667,3.6820505878333334,337.8889
1877,gps,51.04471590066667,3.6820505878333334,337.8889
1878,gps,51.04471590066667,3.6820505878333334,337.5699
1879,gps,51.04471649316667,3.6820502866666667,337.5699
1880,gps,51.04471649316667,3.6820502866666667,337.5699
1881,gps,51.04471649316667,3.6820502866666667,337.0181
1882,gps,51.044717108166665,3.682049975,337.0181
1883,gps,51.044717108166665,3.682049975,337.0181
1884,gps,51.044717108166665,3.682049975,336.7538
1885,gps,51.04471763633333,3.6820496878333335,336.7538
1886,gps,51.04471763633333,3.6820496878333335,336.7538
1887,gps,51.04471763633333,3.6820496878333335,336.2607
1888,gps,51.04471815783333,3.6820494171666667,336.2607
1889,gps,51.04471815783333,3.6820494171666667,336.2607
1890,gps,51.04471815783333,3.6820494171666667,335.8923
1891,gps,51.0447187445,3.6820491008333334,335.8923
1892,gps,51.0447187445,3.6820491008333334,335.8923
1893,gps,51.0447187445,3.6820491008333334,335.726
1894,gps,51.04471930133333,3.6820487886666666,335.726
1895,gps,51.04471930133333,3.6820487886666666,335.726
1896,gps,51.04471930133333,3.6820487886666666,335.4287
1897,gps,51.044719863666664,3.6820484453333333,335.4287
1898,gps,51.044719863666664,3.6820484453333333,335.4287
1899,gps,51.044719863666664,3.6820484453333333,335.1905
1900,gps,51.0447204015,3.6820481695,335.1905
1901,gps,51.0447204015,3.6820481695,335.1905
1902,gps,51.0447204015,3.6820481695,335.088
1903,gps,51.0447209425,3.6820478405,335.088
1904,gps,51.0447209425,3.6820478405,335.088
1905,gps,51.0447209425,3.6820478405,334.9265
1906,gps,51.0447214575,3.6820474998333332,334.9265
1907,gps,51.0447214575,3.6820474998333332,334.9265
1908,gps,51.0447214575,3.6820474998333332,334.8372
1909,gps,51.044721989833334,3.6820471586666668,334.8372
1910,gps,51.044721989833334,3.6820471586666668,334.8372
1911,gps,51.044721989833334,3.6820471586666668,334.7039
1912,gps,51.044722512166665,3.6820468528333334,334.7039
1913,gps,51.044722512166665,3.6820468528333334,334.7039
1914,gps,51.044722512166665,3.6820468528333334,334.4576
1915,gps,51.04472294833333,3.6820465635,334.4576
1916,gps,51.04472294833333,3.6820465635,334.4576
1917,gps,51.04472294833333,3.6820465635,334.3902
1918,gps,51.044723463,3.6820462491666666,334.3902
1919,gps,51.044723463,3.6820462491666666,334.3902
1920,gps,51.044723463,3.6820462491666666,334.1995
1921,gps,51.04472393733333,3.682045962666667,334.1995
1922,gps,51.04472393733333,3.682045962666667,334.1995
1923,gps,51.04472393733333,3.682045962666667,334.1306
1924,gps,51.0447244235,3.6820456323333333,334.1306
1925,gps,51.0447244235,3.6820456323333333,334.1306
1926,gps,51.0447244235,3.6820456323333333,333.9671
1927,gps,51.0447248835,3.6820453774999997,333.9671
1928,gps,51.0447248835,3.6820453774999997,333.9671
1929,gps,51.0447248835,3.6820453774999997,333.9606
1930,gps,51.0447253485,3.682045128,333.9606
1931,gps,51.0447253485,3.682045128,333.9606
1932,gps,51.0447253485,3.682045128,333.8031
1933,gps,51.04472586283333,3.6820447725,333.8031
1934,gps,51.04472586283333,3.6820447725,333.8031
1935,gps,51.04472586283333,3.6820447725,333.7725
1936,gps,51.044726346833336,3.6820444808333335,333.7725
1937,gps,51.044726346833336,3.6820444808333335,333.7725
1938,gps,51.044726346833336,3.6820444808333335,333.6708
1939,gps,51.044726802666666,3.682044186833333,333.6708
1940,gps,51.044726802666666,3.682044186833333,333.6708
1941,gps,51.044726802666666,3.682044186833333,333.4756
1942,gps,51.04472725866667,3.682043849,333.4756
1943,gps,51.04472725866667,3.682043849,333.4756
1944,gps,51.04472725866667,3.682043849,333.4358
1945,gps,51.04472769583333,3.6820435685,333.4358
1946,gps,51.04472769583333,3.6820435685,333.4358
1947,gps,51.04472769583333,3.6820435685,333.2505
1948,gps,51.04472816416666,3.6820432381666666,333.2505
1949,gps,51.04472816416666,3.6820432381666666,333.2505
1950,gps,51.04472816416666,3.6820432381666666,333.2311
1951,gps,51.04472859683333,3.6820429976666667,333.2311
1952,gps,51.04472859683333,3.6820429976666667,333.2311
1953,gps,51.04472859683333,3.6820429976666667,333.0452
1954,gps,51.044729014,3.6820427303333334,333.0452
1955,gps,51.044729014,3.6820427303333334,333.0452
1956,gps,51.044729014,3.6820427303333334,332.9726
1957,gps,51.044729501333336,3.682042448333333,332.9726
1958,gps,51.044729501333336,3.682042448333333,332.9726
1959,gps,51.044729501333336,3.682042448333333,332.966
1960,gps,51.0447299145,3.6820421706666666,332.966
1961,gps,51.0447299145,3.6820421706666666,332.966
1962,gps,51.0447299145,3.6820421706666666,332.8157
1963,gps,51.044730361,3.6820418335,332.8157
1964,gps,51.044730361,3.6820418335,332.8157
1965,gps,51.044730361,3.6820418335,332.7349
1966,gps,51.04473076883333,3.6820415853333333,332.7349
1967,gps,51.04473076883333,3.6820415853333333,332.7349
1968,gps,51.04473076883333,3.6820415853333333,332.5401
1969,gps,51.0447312055,3.6820413123333333,332.5401
1970,gps,51.0447312055,3.6820413123333333,332.5401
1971,gps,51.0447312055,3.6820413123333333,332.4955
1972,gps,51.044731663,3.6820410236666667,332.4955
1973,gps,51.044731663,3.6820410236666667,332.4955
1974,gps,51.044731663,3.6820410236666667,332.3052
1975,gps,51.0447320355,3.6820407900000003,332.3052
1976,gps,51.0447320355,3.6820407900000003,332.3052
1977,gps,51.0447320355,3.6820407900000003,332.2338
1978,gps,51.04473241583333,3.6820404983333335,332.2338
1979,gps,51.04473241583333,3.6820404983333335,332.2338
1980,gps,51.04473241583333,3.6820404983333335,332.329
1981,gps,51.04473285416667,3.6820402271666666,332.329
1982,gps,51.04473285416667,3.6820402271666666,332.329
1983,gps,51.04473285416667,3.6820402271666666,332.2811
1984,gps,51.044733261833336,3.6820399268333333,332.2811
1985,gps,51.044733261833336,3.6820399268333333,332.2811
1986,gps,51.044733261833336,3.6820399268333333,332.2808
1987,gps,51.044733646,3.682039654,332.2808
1988,gps,51.044733646,3.682039654,332.2808
1989,gps,51.044733646,3.682039654,332.2395
1990,gps,51.0447340555,3.6820393583333333,332.2395
1991,gps,51.0447340555,3.6820393583333333,332.2395
1992,gps,51.0447340555,3.6820393583333333,332.3184
1993,gps,51.04473443083333,3.6820390901666666,332.3184
1994,gps,51.04473443083333,3.6820390901666666,332.3184
1995,gps,51.04473443083333,3.6820390901666666,332.3255
1996,gps,51.04473485883333,3.6820388066666667,332.3255
1997,gps,51.04473485883333,3.6820388066666667,332.3255
1998,gps,51.04473485883333,3.6820388066666667,332.2248
1999,gps,51.04473522,3.6820385646666667,332.2248
2000,gps,51.04473522,3.6820385646666667,332.2248
2001,gps,51.04473522,3.6820385646666667,332.1348
2002,gps,51.044735606833335,3.682038292833333,332.1348
2003,gps,51.044735606833335,3.682038292833333,332.1348
2004,gps,51.044735606833335,3.682038292833333,332.2222
2005,gps,51.04473601433333,3.682038030833333,332.2222
2006,gps,51.04473601433333,3.682038030833333,332.2222
2007,gps,51.04473601433333,3.682038030833333,332.0564
2008,gps,51.044736393,3.6820377475,332.0564
2009,gps,51.044736393,3.6820377475,332.0564
2010,gps,51.044736393,3.6820377475,332.0992
2011,gps,51.044736805333336,3.6820374681666665,332.0992
2012,gps,51.044736805333336,3.6820374681666665,332.0992
2013,gps,51.044736805333336,3.6820374681666665,332.2349
2014,gps,51.044737219333335,3.682037155333333,332.2349
2015,gps,51.044737219333335,3.682037155333333,332.2349
2016,gps,51.044737219333335,3.682037155333333,332.2587
2017,gps,51.0447375745,3.6820369065,332.2587
2018,gps,51.0447375745,3.6820369065,332.2587
2019,gps,51.0447375745,3.6820369065,332.24
2020,gps,51.044737940333334,3.682036622,332.24
2021,gps,51.044737940333334,3.682036622,332.24
2022,gps,51.044737940333334,3.682036622,332.2658
2023,gps,51.04473835016667,3.6820363685,332.2658
2024,gps,51.04473835016667,3.6820363685,332.2658
2025,gps,51.04473835016667,3.6820363685,332.2605
2026,gps,51.044738730333336,3.6820360998333332,332.2605
2027,gps,51.044738730333336,3.6820360998333332,332.2605
2028,gps,51.044738730333336,3.6820360998333332,332.2081
2029,gps,51.04473908483333,3.6820358566666664,332.2081
2030,gps,51.04473908483333,3.6820358566666664,332.2081
2031,gps,51.04473908483333,3.6820358566666664,332.3523
2032,gps,51.044739453,3.6820355773333335,332.3523
2033,gps,51.044739453,3.6820355773333335,332.3523
2034,gps,51.044739453,3.6820355773333335,332.3048
2035,gps,51.044739807,3.6820353806666666,332.3048
2036,gps,51.044739807,3.6820353806666666,332.3048
2037,gps,51.044739807,3.6820353806666666,332.0375
2038,gps,51.044740192,3.6820351308333334,332.0375
2039,gps,51.044740192,3.6820351308333334,332.0375
2040,gps,51.044740192,3.6820351308333334,332.0033
2041,gps,51.04474055883333,3.682034843166667,332.0033
2042,gps,51.04474055883333,3.682034843166667,332.0033
2043,gps,51.04474055883333,3.682034843166667,331.9904
2044,gps,51.04474091616667,3.6820345645,331.9904
2045,gps,51.04474091616667,3.6820345645,331.9904
2046,gps,51.04474091616667,3.6820345645,332.0477
2047,gps,51.04474130716667,3.6820342716666667,332.0477
2048,gps,51.04474130716667,3.6820342716666667,332.0477
2049,gps,51.04474130716667,3.6820342716666667,331.8512
2050,gps,51.044741665,3.6820340296666667,331.8512
2051,gps,51.044741665,3.6820340296666667,331.8512
2052,gps,51.044741665,3.6820340296666667,331.7545
2053,gps,51.04474201233333,3.6820338489999997,331.7545
2054,gps,51.04474201233333,3.6820338489999997,331.7545
2055,gps,51.04474201233333,3.6820338489999997,331.5732
2056,gps,51.044742357,3.682033624,331.5732
2057,gps,51.044742357,3.682033624,331.5732
2058,gps,51.044742357,3.682033624,331.3332
2059,gps,51.04474271516667,3.682033345333333,331.3332
2060,gps,51.04474271516667,3.682033345333333,331.3332
2061,gps,51.04474271516667,3.682033345333333,331.1596
2062,gps,51.044743064,3.682033102,331.1596
2063,gps,51.044743064,3.682033102,331.1596
2064,gps,51.044743064,3.682033102,330.9214
2065,gps,51.0447434075,3.6820328288333335,330.9214
2066,gps,51.0447434075,3.6820328288333335,330.9214
2067,gps,51.0447434075,3.6820328288333335,330.8843
2068,gps,51.0447437525,3.6820325658333335,330.8843
2069,gps,51.0447437525,3.6820325658333335,330.8843
2070,gps,51.0447437525,3.6820325658333335,330.6965
2071,gps,51.04474408483333,3.6820323343333334,330.6965
2072,gps,51.04474408483333,3.6820323343333334,330.6965
2073,gps,51.04474408483333,3.6820323343333334,330.5562
2074,gps,51.0447444105,3.68203208,330.5562
2075,gps,51.0447444105,3.68203208,330.5562
2076,gps,51.0447444105,3.68203208,330.3922
2077,gps,51.044744752,3.6820318536666665,330.3922
2078,gps,51.044744752,3.6820318536666665,330.3922
2079,gps,51.044744752,3.6820318536666665,330.1633
2080,gps,51.044745078333335,3.682031626,330.1633
2081,gps,51.044745078333335,3.682031626,330.1633
2082,gps,51.044745078333335,3.682031626,329.9765
2083,gps,51.04474537833333,3.6820313658333332,329.9765
2084,gps,51.04474537833333,3.6820313658333332,329.9765
2085,gps,51.04474537833333,3.6820313658333332,329.9542
2086,gps,51.044745721666665,3.68203116,329.9542
2087,gps,51.044745721666665,3.68203116,329.9542
2088,gps,51.044745721666665,3.68203116,329.4918
2089,gps,51.044746054,3.6820308585,329.4918
2090,gps,51.044746054,3.6820308585,329.4918
2091,gps,51.044746054,3.6820308585,329.4428
2092,gps,51.04474635733333,3.682030644166667,329.4428
2093,gps,51.04474635733333,3.682030644166667,329.4428
2094,gps,51.04474635733333,3.682030644166667,329.2416
2095,gps,51.0447466765,3.6820304175,329.2416
2096,gps,51.0447466765,3.6820304175,329.2416
2097,gps,51.0447466765,3.6820304175,329.0999
2098,gps,51.04474700716667,3.6820301968333333,329.0999
2099,gps,51.04474700716667,3.6820301968333333,329.0999
2100,gps,51.04474700716667,3.6820301968333333,328.8595
2101,gps,51.044747253,3.6820299463333335,328.8595
2102,gps,51.044747253,3.6820299463333335,328.8595
2103,gps,51.044747253,3.6820299463333335,328.5771
2104,gps,51.04474753416667,3.6820297401666666,328.5771
2105,gps,51.04474753416667,3.6820297401666666,328.5771
2106,gps,51.04474753416667,3.6820297401666666,328.3685
2107,gps,51.044747857833336,3.6820294553333333,328.3685
2108,gps,51.044747857833336,3.6820294553333333,328.3685
2109,gps,51.044747857833336,3.6820294553333333,328.418
2110,gps,51.04474815366667,3.6820291995,328.418
2111,gps,51.04474815366667,3.6820291995,328.418
2112,gps,51.04474815366667,3.6820291995,328.3334
2113,gps,51.044748461333334,3.6820289556666665,328.3334
2114,gps,51.044748461333334,3.6820289556666665,328.3334
2115,gps,51.044748461333334,3.6820289556666665,328.3582
2116,gps,51.04474872083333,3.6820286964999998,328.3582
2117,gps,51.04474872083333,3.6820286964999998,328.3582
2118,gps,51.04474872083333,3.6820286964999998,328.3895
2119,gps,51.04474902183333,3.6820284621666666,328.3895
2120,gps,51.04474902183333,3.6820284621666666,328.3895
2121,gps,51.04474902183333,3.6820284621666666,328.3017
2122,gps,51.044749291,3.682028223,328.3017
2123,gps,51.044749291,3.682028223,328.3017
2124,gps,51.044749291,3.682028223,328.2579
2125,gps,51.04474959183333,3.6820279026666665,328.2579
2126,gps,51.04474959183333,3.6820279026666665,328.2579
2127,gps,51.04474959183333,3.6820279026666665,328.3144
2128,gps,51.044749909,3.6820276633333333,328.3144
2129,gps,51.044749909,3.6820276633333333,328.3144
2130,gps,51.044749909,3.6820276633333333,328.3086
2131,gps,51.04475016566666,3.682027420333333,328.3086
2132,gps,51.04475016566666,3.682027420333333,328.3086
2133,gps,51.04475016566666,3.682027420333333,328.2238
2134,gps,51.044750445,3.682027134666667,328.2238
2135,gps,51.044750445,3.682027134666667,328.2238
2136,gps,51.044750445,3.682027134666667,328.3812
2137,gps,51.044750701666665,3.6820269741666665,328.3812
2138,gps,51.044750701666665,3.6820269741666665,328.3812
2139,gps,51.044750701666665,3.6820269741666665,328.2053
2140,gps,51.044751009833334,3.682026920166667,328.2053
2141,gps,51.044751009833334,3.682026920166667,328.2053
2142,gps,51.044751009833334,3.682026920166667,327.4663
2143,gps,51.04475123583333,3.6820265064999997,327.4663
2144,gps,51.04475123583333,3.6820265064999997,327.4663
2145,gps,51.04475123583333,3.6820265064999997,328.2592
2146,gps,51.044751467833336,3.682026139,328.2592
2147,gps,51.044751467833336,3.682026139,328.2592
2148,gps,51.044751467833336,3.682026139,328.9953
2149,gps,51.04475171283333,3.6820256395,328.9953
2150,gps,51.04475171283333,3.6820256395,328.9953
2151,gps,51.04475171283333,3.6820256395,330.1057
2152,gps,51.0447519045,3.6820252206666666,330.1057
2153,gps,51.0447519045,3.6820252206666666,330.1057
2154,gps,51.0447519045,3.6820252206666666,331.1594
2155,gps,51.044752146166665,3.682024923666667,331.1594
2156,gps,51.044752146166665,3.682024923666667,331.1594
2157,gps,51.044752146166665,3.682024923666667,331.6229
2158,gps,51.04475245983333,3.682024747,331.6229
2159,gps,51.04475245983333,3.682024747,331.6229
2160,gps,51.04475245983333,3.682024747,331.3548
2161,gps,51.044752855,3.6820245526666664,331.3548
2162,gps,51.044752855,3.6820245526666664,331.3548
2163,gps,51.044752855,3.6820245526666664,330.9066
2164,gps,51.04475331916667,3.6820238771666665,330.9066
2165,gps,51.04475331916667,3.6820238771666665,330.9066
2166,gps,51.04475331916667,3.6820238771666665,331.973
2167,gps,51.0447538505,3.6820229566666667,331.973
2168,gps,51.0447538505,3.6820229566666667,331.973
2169,gps,51.0447538505,3.6820229566666667,334.1501
2170,gps,51.04475479283333,3.6820215904999998,334.1501
2171,gps,51.04475479283333,3.6820215904999998,334.1501
2172,gps,51.04475479283333,3.6820215904999998,336.649
2173,gps,51.0447559055,3.6820203043333333,336.649
2174,gps,51.0447559055,3.6820203043333333,336.649
2175,gps,51.0447559055,3.6820203043333333,339.1624
2176,gps,51.0447572495,3.6820187833333335,339.1624
2177,gps,51.0447572495,3.6820187833333335,339.1624
2178,gps,51.0447572495,3.6820187833333335,341.4536
2179,gps,51.044759190166666,3.682016921333333,341.4536
2180,gps,51.044759190166666,3.682016921333333,341.4536
2181,gps,51.044759190166666,3.682016921333333,344.2225
2182,gps,51.04476154616667,3.682014806333333,344.2225
2183,gps,51.04476154616667,3.682014806333333,344.2225
2184,gps,51.04476154616667,3.682014806333333,347.9136
2185,gps,51.044764136,3.682012515166667,347.9136
2186,gps,51.044764136,3.682012515166667,347.9136
2187,gps,51.044764136,3.682012515166667,352.3079
2188,gps,51.0447668225,3.6820107051666664,352.3079
2189,gps,51.0447668225,3.6820107051666664,352.3079
2190,gps,51.0447668225,3.6820107051666664,355.4224
2191,gps,51.04476956133333,3.682009059,355.4224
2192,gps,51.04476956133333,3.682009059,355.4224
2193,gps,51.04476956133333,3.682009059,358.3277
2194,gps,51.044772183,3.6820076356666664,358.3277
2195,gps,51.044772183,3.6820076356666664,358.3277
2196,gps,51.044772183,3.6820076356666664,0.7528
2197,gps,51.044774644,3.6820063006666666,0.7528
2198,gps,51.044774644,3.6820063006666666,0.7528
2199,gps,51.044774644,3.6820063006666666,4.0705
2200,gps,51.044776958166665,3.6820050455,4.0705
2201,gps,51.044776958166665,3.6820050455,4.0705
2202,gps,51.044776958166665,3.6820050455,6.5538
2203,gps,51.044779363833335,3.6820038233333334,6.5538
2204,gps,51.044779363833335,3.6820038233333334,6.5538
2205,gps,51.044779363833335,3.6820038233333334,9.7062
2206,gps,51.04478179433333,3.6820028705,9.7062
2207,gps,51.04478179433333,3.6820028705,9.7062
2208,gps,51.04478179433333,3.6820028705,12.6871
2209,gps,51.044784413833334,3.6820021635,12.6871
2210,gps,51.044784413833334,3.6820021635,12.6871
2211,gps,51.044784413833334,3.6820021635,16.1474
2212,gps,51.04478679583333,3.6820019733333336,16.1474
2213,gps,51.04478679583333,3.6820019733333336,16.1474
2214,gps,51.04478679583333,3.6820019733333336,18.6313
2215,gps,51.04478972616667,3.6820010813333335,18.6313
2216,gps,51.04478972616667,3.6820010813333335,18.6313
2217,gps,51.04478972616667,3.6820010813333335,21.8667
2218,gps,51.04479212016667,3.682001134666667,21.8667
2219,gps,51.04479212016667,3.682001134666667,21.8667
2220,gps,51.04479212016667,3.682001134666667,22.6538
2221,gps,51.044794339166664,3.6820016596666667,22.6538
2222,gps,51.044794339166664,3.6820016596666667,22.6538
2223,gps,51.044794339166664,3.6820016596666667,21.8655
2224,gps,51.04479665866667,3.6820018371666667,21.8655
2225,gps,51.04479665866667,3.6820018371666667,21.8655
2226,gps,51.04479665866667,3.6820018371666667,23.798
2227,gps,51.04479876933333,3.6820020270000002,23.798
2228,gps,51.04479876933333,3.6820020270000002,23.798
2229,gps,51.04479876933333,3.6820020270000002,26.695
2230,gps,51.04480086233333,3.6820022155,26.695
2231,gps,51.04480086233333,3.6820022155,26.695
2232,gps,51.04480086233333,3.6820022155,28.1077
2233,gps,51.04480315266667,3.682002152,28.1077
2234,gps,51.04480315266667,3.682002152,28.1077
2235,gps,51.04480315266667,3.682002152,29.126
2236,gps,51.044805170833335,3.682002519,29.126
2237,gps,51.044805170833335,3.682002519,29.126
2238,gps,51.044805170833335,3.682002519,31.3272
2239,gps,51.0448073235,3.6820034458333333,31.3272
2240,gps,51.0448073235,3.6820034458333333,31.3272
2241,gps,51.0448073235,3.6820034458333333,31.7959
2242,gps,51.044809871666665,3.6820050891666667,31.7959
2243,gps,51.044809871666665,3.6820050891666667,31.7959
2244,gps,51.044809871666665,3.6820050891666667,32.0394
2245,gps,51.0448134755,3.6820063393333333,32.0394
2246,gps,51.0448134755,3.6820063393333333,32.0394
2247,gps,51.0448134755,3.6820063393333333,35.6262
2248,gps,51.044817026,3.682007802333333,35.6262
2249,gps,51.044817026,3.682007802333333,35.6262
2250,gps,51.044817026,3.682007802333333,39.7624
2251,gps,51.04482010183333,3.6820098016666667,39.7624
2252,gps,51.04482010183333,3.6820098016666667,39.7624
2253,gps,51.04482010183333,3.6820098016666667,42.781
2254,gps,51.0448229815,3.6820119301666665,42.781
2255,gps,51.0448229815,3.6820119301666665,42.781
2256,gps,51.0448229815,3.6820119301666665,44.8317
2257,gps,51.04482519133333,3.6820145413333334,44.8317
2258,gps,51.04482519133333,3.6820145413333334,44.8317
2259,gps,51.04482519133333,3.6820145413333334,43.5192
2260,gps,51.04482734133333,3.6820173201666666,43.5192
2261,gps,51.04482734133333,3.6820173201666666,43.5192
2262,gps,51.04482734133333,3.6820173201666666,42.2684
2263,gps,51.044829859833335,3.6820195848333332,42.2684
2264,gps,51.044829859833335,3.6820195848333332,42.2684
2265,gps,51.044829859833335,3.6820195848333332,42.7407
2266,gps,51.04483226433333,3.682022259,42.7407
2267,gps,51.04483226433333,3.682022259,42.7407
2268,gps,51.04483226433333,3.682022259,41.982
2269,gps,51.044834683666664,3.682025289166667,41.982
2270,gps,51.044834683666664,3.682025289166667,41.982
2271,gps,51.044834683666664,3.682025289166667,41.4281
2272,gps,51.044837465166665,3.6820287785,41.4281
2273,gps,51.044837465166665,3.6820287785,41.4281
2274,gps,51.044837465166665,3.6820287785,40.8449
2275,gps,51.044840617,3.682032802,40.8449
2276,gps,51.044840617,3.682032802,40.8449
2277,gps,51.044840617,3.682032802,39.4944
2278,gps,51.04484375316667,3.6820372075,39.4944
2279,gps,51.04484375316667,3.6820372075,39.4944
2280,gps,51.04484375316667,3.6820372075,37.6449
2281,gps,51.044846895166664,3.6820414263333334,37.6449
2282,gps,51.044846895166664,3.6820414263333334,37.6449
2283,gps,51.044846895166664,3.6820414263333334,36.9437
2284,gps,51.044850018333335,3.6820452446666665,36.9437
2285,gps,51.044850018333335,3.6820452446666665,36.9437
2286,gps,51.044850018333335,3.6820452446666665,35.6528
2287,gps,51.044853248833334,3.6820483295,35.6528
2288,gps,51.044853248833334,3.6820483295,35.6528
2289,gps,51.044853248833334,3.6820483295,38.1634
2290,gps,51.04485636416667,3.682050916833333,38.1634
2291,gps,51.04485636416667,3.682050916833333,38.1634
2292,gps,51.04485636416667,3.682050916833333,42.2702
2293,gps,51.044859431666666,3.6820537213333333,42.2702
2294,gps,51.044859431666666,3.6820537213333333,42.2702
2295,gps,51.044859431666666,3.6820537213333333,46.0733
2296,gps,51.04486271416667,3.6820572058333334,46.0733
2297,gps,51.04486271416667,3.6820572058333334,46.0733
2298,gps,51.04486271416667,3.6820572058333334,49.6237
2299,gps,51.044865894,3.6820619333333333,49.6237
2300,gps,51.044865894,3.6820619333333333,49.6237
2301,gps,51.044865894,3.6820619333333333,51.1473
2302,gps,51.044869096333336,3.6820673558333334,51.1473
2303,gps,51.044869096333336,3.6820673558333334,51.1473
2304,gps,51.044869096333336,3.6820673558333334,50.5752
2305,gps,51.04487252683333,3.6820728801666665,50.5752
2306,gps,51.04487252683333,3.6820728801666665,50.5752
2307,gps,51.04487252683333,3.6820728801666665,51.4381
2308,gps,51.044875978166665,3.682078656,51.4381
2309,gps,51.044875978166665,3.682078656,51.4381
2310,gps,51.044875978166665,3.682078656,52.1131
2311,gps,51.044879176,3.682084779,52.1131
2312,gps,51.044879176,3.682084779,52.1131
2313,gps,51.044879176,3.682084779,51.9282
2314,gps,51.04488219533334,3.6820911473333333,51.9282
2315,gps,51.04488219533334,3.6820911473333333,51.9282
2316,gps,51.04488219533334,3.6820911473333333,50.9647
2317,gps,51.044885392833336,3.6820973168333335,50.9647
2318,gps,51.044885392833336,3.6820973168333335,50.9647
2319,gps,51.044885392833336,3.6820973168333335,49.0633
2320,gps,51.044888712,3.6821033636666667,49.0633
2321,gps,51.044888712,3.6821033636666667,49.0633
2322,gps,51.044888712,3.6821033636666667,49.7979
2323,gps,51.04489229283333,3.6821090958333333,49.7979
2324,gps,51.04489229283333,3.6821090958333333,49.7979
2325,gps,51.04489229283333,3.6821090958333333,51.1406
2326,gps,51.04489573483333,3.6821151368333336,51.1406
2327,gps,51.04489573483333,3.6821151368333336,51.1406
2328,gps,51.04489573483333,3.6821151368333336,52.8288
2329,gps,51.044898916166666,3.682121338,52.8288
2330,gps,51.044898916166666,3.682121338,52.8288
2331,gps,51.044898916166666,3.682121338,53.2631
2332,gps,51.04490175033333,3.68212797,53.2631
2333,gps,51.04490175033333,3.68212797,53.2631
2334,gps,51.04490175033333,3.68212797,50.6208
2335,gps,51.04490451116666,3.682134555833333,50.6208
2336,gps,51.04490451116666,3.682134555833333,50.6208
2337,gps,51.04490451116666,3.682134555833333,46.9875
2338,gps,51.044907851333335,3.6821408481666666,46.9875
2339,gps,51.044907851333335,3.6821408481666666,46.9875
2340,gps,51.044907851333335,3.6821408481666666,46.1984
2341,gps,51.044911094666666,3.6821473683333332,46.1984
2342,gps,51.044911094666666,3.6821473683333332,46.1984
2343,gps,51.044911094666666,3.6821473683333332,45.5877
2344,gps,51.0449144855,3.6821534663333333,45.5877
2345,gps,51.0449144855,3.6821534663333333,45.5877
2346,gps,51.0449144855,3.6821534663333333,45.1359
2347,gps,51.044917945,3.682159582833333,45.1359
2348,gps,51.044917945,3.682159582833333,45.1359
2349,gps,51.044917945,3.682159582833333,43.7011
2350,gps,51.04492148116667,3.6821658038333336,43.7011
2351,gps,51.04492148116667,3.6821658038333336,43.7011
2352,gps,51.04492148116667,3.6821658038333336,42.6432
2353,gps,51.044924930166665,3.6821720776666664,42.6432
2354,gps,51.044924930166665,3.6821720776666664,42.6432
2355,gps,51.044924930166665,3.6821720776666664,39.6903
2356,gps,51.04492846183334,3.6821777375,39.6903
2357,gps,51.04492846183334,3.6821777375,39.6903
2358,gps,51.04492846183334,3.6821777375,39.4755
2359,gps,51.04493181833333,3.682182839166667,39.4755
2360,gps,51.04493181833333,3.682182839166667,39.4755
2361,gps,51.04493181833333,3.682182839166667,39.0106
2362,gps,51.04493499283333,3.6821873798333336,39.0106
2363,gps,51.04493499283333,3.6821873798333336,39.0106
2364,gps,51.04493499283333,3.6821873798333336,39.6054
2365,gps,51.044937753166664,3.6821918803333333,39.6054
2366,gps,51.044937753166664,3.6821918803333333,39.6054
2367,gps,51.044937753166664,3.6821918803333333,39.6148
2368,gps,51.044940447,3.682196049333333,39.6148
2369,gps,51.044940447,3.682196049333333,39.6148
2370,gps,51.044940447,3.682196049333333,40.8859
16,camera,51.044955929212485,3.682216937499344,0.0
2371,gps,51.044943161,3.6821997125,40.8859
2372,gps,51.044943161,3.6821997125,40.8859
2373,gps,51.044943161,3.6821997125,40.2804
2374,gps,51.04494559583333,3.6822033876666667,40.2804
2375,gps,51.04494559583333,3.6822033876666667,40.2804
2376,gps,51.04494559583333,3.6822033876666667,40.1141
2377,gps,51.04494785066667,3.6822070829999998,40.1141
2378,gps,51.04494785066667,3.6822070829999998,40.1141
2379,gps,51.04494785066667,3.6822070829999998,39.9216
2380,gps,51.044950056333334,3.6822106039999998,39.9216
2381,gps,51.044950056333334,3.6822106039999998,39.9216
2382,gps,51.044950056333334,3.6822106039999998,39.4715
2383,gps,51.044952175,3.6822142838333334,39.4715
2384,gps,51.044952175,3.6822142838333334,39.4715
2385,gps,51.044952175,3.6822142838333334,38.5576
2386,gps,51.04495469166667,3.6822181131666665,38.5576
2387,gps,51.04495469166667,3.6822181131666665,38.5576
2388,gps,51.04495469166667,3.6822181131666665,38.1267
2389,gps,51.0449576775,3.682222314,38.1267
2390,gps,51.0449576775,3.682222314,38.1267
2391,gps,51.0449576775,3.682222314,38.5722
2392,gps,51.044960752166666,3.6822266033333335,38.5722
2393,gps,51.044960752166666,3.6822266033333335,38.5722
2394,gps,51.044960752166666,3.6822266033333335,38.4436
2395,gps,51.044963955166665,3.682231014666667,38.4436
2396,gps,51.044963955166665,3.682231014666667,38.4436
2397,gps,51.044963955166665,3.682231014666667,37.4259
2398,gps,51.04496720833333,3.6822356775,37.4259
2399,gps,51.04496720833333,3.6822356775,37.4259
2400,gps,51.04496720833333,3.6822356775,35.8951
2401,gps,51.0449703455,3.6822408091666667,35.8951
2402,gps,51.0449703455,3.6822408091666667,35.8951
2403,gps,51.0449703455,3.6822408091666667,32.7224
2404,gps,51.04497376533333,3.6822453040000003,32.7224
2405,gps,51.04497376533333,3.6822453040000003,32.7224
2406,gps,51.04497376533333,3.6822453040000003,31.7271
2407,gps,51.044977313666664,3.682249037,31.7271
2408,gps,51.044977313666664,3.682249037,31.7271
2409,gps,51.044977313666664,3.682249037,32.1147
2410,gps,51.0449806005,3.682252304,32.1147
2411,gps,51.0449806005,3.682252304,32.1147
2412,gps,51.0449806005,3.682252304,35.5929
2413,gps,51.04498357666667,3.6822556835,35.5929
2414,gps,51.04498357666667,3.6822556835,35.5929
2415,gps,51.04498357666667,3.6822556835,36.6348
2416,gps,51.04498627866667,3.6822591923333334,36.6348
2417,gps,51.04498627866667,3.6822591923333334,36.6348
2418,gps,51.04498627866667,3.6822591923333334,35.9172
2419,gps,51.04498903233333,3.6822628053333335,35.9172
2420,gps,51.04498903233333,3.6822628053333335,35.9172
2421,gps,51.04498903233333,3.6822628053333335,35.2024
2422,gps,51.0449922725,3.6822669998333333,35.2024
2423,gps,51.0449922725,3.6822669998333333,35.2024
2424,gps,51.0449922725,3.6822669998333333,34.2838
2425,gps,51.044996264333335,3.6822719391666667,34.2838
2426,gps,51.044996264333335,3.6822719391666667,34.2838
2427,gps,51.044996264333335,3.6822719391666667,32.8797
2428,gps,51.045000991833334,3.6822774855000002,32.8797
2429,gps,51.045000991833334,3.6822774855000002,32.8797
2430,gps,51.045000991833334,3.6822774855000002,31.6993
2431,gps,51.045005974,3.682283373333333,31.6993
2432,gps,51.045005974,3.682283373333333,31.6993
2433,gps,51.045005974,3.682283373333333,30.3491
2434,gps,51.04501115466667,3.6822890348333335,30.3491
2435,gps,51.04501115466667,3.6822890348333335,30.3491
2436,gps,51.04501115466667,3.6822890348333335,28.7374
2437,gps,51.04501650616667,3.682294570333333,28.7374
2438,gps,51.04501650616667,3.682294570333333,28.7374
2439,gps,51.04501650616667,3.682294570333333,27.3181
2440,gps,51.045021813666665,3.682299972,27.3181
2441,gps,51.045021813666665,3.682299972,27.3181
2442,gps,51.045021813666665,3.682299972,26.1654
2443,gps,51.04502694116667,3.682304820166667,26.1654
2444,gps,51.04502694116667,3.682304820166667,26.1654
2445,gps,51.04502694116667,3.682304820166667,24.7735
2446,gps,51.04503169783333,3.6823090435,24.7735
2447,gps,51.04503169783333,3.6823090435,24.7735
2448,gps,51.04503169783333,3.6823090435,24.2918
2449,gps,51.045036033,3.682312883,24.2918
2450,gps,51.045036033,3.682312883,24.2918
2451,gps,51.045036033,3.682312883,24.2988
2452,gps,51.04504020833333,3.6823161315,24.2988
2453,gps,51.04504020833333,3.6823161315,24.2988
2454,gps,51.04504020833333,3.6823161315,24.3786
2455,gps,51.04504384966667,3.6823193861666668,24.3786
2456,gps,51.04504384966667,3.6823193861666668,24.3786
2457,gps,51.04504384966667,3.6823193861666668,24.3591
2458,gps,51.045047370166664,3.6823222933333333,24.3591
2459,gps,51.045047370166664,3.6823222933333333,24.3591
2460,gps,51.045047370166664,3.6823222933333333,24.6906
2461,gps,51.045050677333336,3.6823251725,24.6906
2462,gps,51.045050677333336,3.6823251725,24.6906
2463,gps,51.045050677333336,3.6823251725,24.3609
2464,gps,51.04505384516667,3.6823278416666665,24.3609
2465,gps,51.04505384516667,3.6823278416666665,24.3609
2466,gps,51.04505384516667,3.6823278416666665,24.0801
2467,gps,51.04505706283334,3.6823305853333332,24.0801
2468,gps,51.04505706283334,3.6823305853333332,24.0801
2469,gps,51.04505706283334,3.6823305853333332,23.5927
2470,gps,51.045060363833336,3.682333878166667,23.5927
2471,gps,51.045060363833336,3.682333878166667,23.5927
2472,gps,51.045060363833336,3.682333878166667,21.4043
2473,gps,51.045063862333336,3.6823366508333333,21.4043
2474,gps,51.045063862333336,3.6823366508333333,21.4043
2475,gps,51.045063862333336,3.6823366508333333,21.1939
2476,gps,51.045067335166664,3.682339268333333,21.1939
2477,gps,51.045067335166664,3.682339268333333,21.1939
2478,gps,51.045067335166664,3.682339268333333,21.4757
2479,gps,51.04507074866667,3.6823412856666664,21.4757
2480,gps,51.04507074866667,3.6823412856666664,21.4757
2481,gps,51.04507074866667,3.6823412856666664,23.5882
2482,gps,51.045073912,3.6823428793333335,23.5882
2483,gps,51.045073912,3.6823428793333335,23.5882
2484,gps,51.045073912,3.6823428793333335,27.3535
2485,gps,51.04507709916667,3.682344506333333,27.3535
2486,gps,51.04507709916667,3.682344506333333,27.3535
2487,gps,51.04507709916667,3.682344506333333,29.9816
2488,gps,51.0450802125,3.682346949833333,29.9816
2489,gps,51.0450802125,3.682346949833333,29.9816
2490,gps,51.0450802125,3.682346949833333,32.0466
2491,gps,51.045083738833334,3.6823497383333335,32.0466
2492,gps,51.045083738833334,3.6823497383333335,32.0466
2493,gps,51.045083738833334,3.6823497383333335,33.5406
2494,gps,51.045087536666664,3.682352937166667,33.5406
2495,gps,51.045087536666664,3.682352937166667,33.5406
2496,gps,51.045087536666664,3.682352937166667,35.3678
2497,gps,51.0450917295,3.6823563993333335,35.3678
2498,gps,51.0450917295,3.6823563993333335,35.3678
2499,gps,51.0450917295,3.6823563993333335,37.6299
2500,gps,51.04509590516667,3.6823604585,37.6299
2501,gps,51.04509590516667,3.6823604585,37.6299
2502,gps,51.04509590516667,3.6823604585,39.1678
2503,gps,51.0451001835,3.6823648265,39.1678
2504,gps,51.0451001835,3.6823648265,39.1678
2505,gps,51.0451001835,3.6823648265,40.666
2506,gps,51.0451041,3.6823695676666666,40.666
2507,gps,51.0451041,3.6823695676666666,40.666
2508,gps,51.0451041,3.6823695676666666,41.2118
2509,gps,51.04510803816667,3.6823743221666665,41.2118
2510,gps,51.04510803816667,3.6823743221666665,41.2118
2511,gps,51.04510803816667,3.6823743221666665,40.9386
2512,gps,51.04511176333333,3.6823791558333334,40.9386
2513,gps,51.04511176333333,3.6823791558333334,40.9386
2514,gps,51.04511176333333,3.6823791558333334,40.2252
2515,gps,51.045115371166666,3.682384036,40.2252
2516,gps,51.045115371166666,3.682384036,40.2252
2517,gps,51.045115371166666,3.682384036,39.1296
2518,gps,51.045119062333335,3.682388770833333,39.1296
2519,gps,51.045119062333335,3.682388770833333,39.1296
2520,gps,51.045119062333335,3.682388770833333,38.951
2521,gps,51.0451228245,3.6823932606666667,38.951
2522,gps,51.0451228245,3.6823932606666667,38.951
2523,gps,51.0451228245,3.6823932606666667,39.2029
2524,gps,51.045126468,3.68239779,39.2029
2525,gps,51.045126468,3.68239779,39.2029
2526,gps,51.045126468,3.68239779,39.2692
2527,gps,51.04513002616667,3.682402457833333,39.2692
2528,gps,51.04513002616667,3.682402457833333,39.2692
2529,gps,51.04513002616667,3.682402457833333,39.2773
2530,gps,51.04513365216667,3.6824074295,39.2773
2531,gps,51.04513365216667,3.6824074295,39.2773
2532,gps,51.04513365216667,3.6824074295,38.7391
2533,gps,51.045137666,3.6824122753333333,38.7391
2534,gps,51.045137666,3.6824122753333333,38.7391
2535,gps,51.045137666,3.6824122753333333,38.7534
2536,gps,51.0451417755,3.6824174061666666,38.7534
2537,gps,51.0451417755,3.6824174061666666,38.7534
2538,gps,51.0451417755,3.6824174061666666,39.406
2539,gps,51.045145897666664,3.682422405666667,39.406
2540,gps,51.045145897666664,3.682422405666667,39.406
2541,gps,51.045145897666664,3.682422405666667,42.1894
2542,gps,51.045149800333334,3.682427382166667,42.1894
2543,gps,51.045149800333334,3.682427382166667,42.1894
2544,gps,51.045149800333334,3.682427382166667,43.2599
2545,gps,51.045153627666664,3.6824316303333333,43.2599
2546,gps,51.045153627666664,3.6824316303333333,43.2599
2547,gps,51.045153627666664,3.6824316303333333,45.5687
2548,gps,51.045156789,3.6824361561666668,45.5687
2549,gps,51.045156789,3.6824361561666668,45.5687
2550,gps,51.045156789,3.6824361561666668,45.3032
2551,gps,51.0451597095,3.6824403836666666,45.3032
2552,gps,51.0451597095,3.6824403836666666,45.3032
2553,gps,51.0451597095,3.6824403836666666,46.0843
17,camera,51.04516554455336,3.6824625210646946,0.0
2554,gps,51.045162403666666,3.682444354833333,46.0843
2555,gps,51.045162403666666,3.682444354833333,46.0843
2556,gps,51.045162403666666,3.682444354833333,46.2235
2557,gps,51.045165074,3.6824479953333333,46.2235
2558,gps,51.045165074,3.6824479953333333,46.2235
2559,gps,51.045165074,3.6824479953333333,46.5387
2560,gps,51.04516730416667,3.682451719,46.5387
2561,gps,51.04516730416667,3.682451719,46.5387
2562,gps,51.04516730416667,3.682451719,46.6988
2563,gps,51.0451697995,3.6824548496666667,46.6988
2564,gps,51.0451697995,3.6824548496666667,46.6988
2565,gps,51.0451697995,3.6824548496666667,46.7846
2566,gps,51.045172036833335,3.6824579295,46.7846
2567,gps,51.045172036833335,3.6824579295,46.7846
2568,gps,51.045172036833335,3.6824579295,47.212
2569,gps,51.045173792,3.6824614705,47.212
2570,gps,51.045173792,3.6824614705,47.212
2571,gps,51.045173792,3.6824614705,46.2682
2572,gps,51.045175631166664,3.682464598166667,46.2682
2573,gps,51.045175631166664,3.682464598166667,46.2682
2574,gps,51.045175631166664,3.682464598166667,44.9824
2575,gps,51.0451774375,3.6824675488333334,44.9824
2576,gps,51.0451774375,3.6824675488333334,44.9824
2577,gps,51.0451774375,3.6824675488333334,44.374
2578,gps,51.045179169166666,3.682470389,44.374
2579,gps,51.045179169166666,3.682470389,44.374
2580,gps,51.045179169166666,3.682470389,43.8935
2581,gps,51.045180931666664,3.6824729913333334,43.8935
2582,gps,51.045180931666664,3.6824729913333334,43.8935
2583,gps,51.045180931666664,3.6824729913333334,43.1769
2584,gps,51.045182632333336,3.6824754906666666,43.1769
2585,gps,51.045182632333336,3.6824754906666666,43.1769
2586,gps,51.045182632333336,3.6824754906666666,43.0131
2587,gps,51.04518434,3.6824776451666668,43.0131
2588,gps,51.04518434,3.6824776451666668,43.0131
2589,gps,51.04518434,3.6824776451666668,44.659
2590,gps,51.045186097333335,3.6824796818333336,44.659
2591,gps,51.045186097333335,3.6824796818333336,44.659
2592,gps,51.045186097333335,3.6824796818333336,46.9603
2593,gps,51.045188043,3.6824815311666668,46.9603
2594,gps,51.045188043,3.6824815311666668,46.9603
2595,gps,51.045188043,3.6824815311666668,51.2535
2596,gps,51.04518991933333,3.6824836691666665,51.2535
2597,gps,51.04518991933333,3.6824836691666665,51.2535
2598,gps,51.04518991933333,3.6824836691666665,54.7199
2599,gps,51.045191886,3.6824857736666665,54.7199
2600,gps,51.045191886,3.6824857736666665,54.7199
2601,gps,51.045191886,3.6824857736666665,58.4173
2602,gps,51.04519386783333,3.6824881996666665,58.4173
2603,gps,51.04519386783333,3.6824881996666665,58.4173
2604,gps,51.04519386783333,3.6824881996666665,62.0758
2605,gps,51.045195728,3.6824908963333334,62.0758
2606,gps,51.045195728,3.6824908963333334,62.0758
2607,gps,51.045195728,3.6824908963333334,65.3279
2608,gps,51.045197551166666,3.682493743166667,65.3279
2609,gps,51.045197551166666,3.682493743166667,65.3279
2610,gps,51.045197551166666,3.682493743166667,68.7572
18,camera,51.04520469667187,3.682506002591821,0.0
2611,gps,51.045199295,3.682496806666667,68.7572
2612,gps,51.045199295,3.682496806666667,68.7572
2613,gps,51.045199295,3.682496806666667,71.9058
2614,gps,51.0452009565,3.6825000458333332,71.9058
2615,gps,51.0452009565,3.6825000458333332,71.9058
2616,gps,51.0452009565,3.6825000458333332,74.7614
2617,gps,51.045202525,3.6825035396666665,74.7614
2618,gps,51.045202525,3.6825035396666665,74.7614
2619,gps,51.045202525,3.6825035396666665,77.3691
19,camera,51.045209278386594,3.6825186933865477,0.0
2620,gps,51.04520408416667,3.682507014,77.3691
2621,gps,51.04520408416667,3.682507014,77.3691
2622,gps,51.04520408416667,3.682507014,80.8973
2623,gps,51.045205403,3.682510727,80.8973
2624,gps,51.045205403,3.682510727,80.8973
2625,gps,51.045205403,3.682510727,83.6221
2626,gps,51.0452067215,3.6825145955,83.6221
2627,gps,51.0452067215,3.6825145955,83.6221
2628,gps,51.0452067215,3.6825145955,86.3873
2629,gps,51.04520788666667,3.6825185431666667,86.3873
2630,gps,51.04520788666667,3.6825185431666667,86.3873
2631,gps,51.04520788666667,3.6825185431666667,88.7826
2632,gps,51.04520893983333,3.6825226295,88.7826
2633,gps,51.04520893983333,3.6825226295,88.7826
2634,gps,51.04520893983333,3.6825226295,91.353
2635,gps,51.0452099515,3.6825267341666668,91.353
2636,gps,51.0452099515,3.6825267341666668,91.353
2637,gps,51.0452099515,3.6825267341666668,94.5187
2638,gps,51.0452107755,3.6825310415,94.5187
2639,gps,51.0452107755,3.6825310415,94.5187
2640,gps,51.0452107755,3.6825310415,97.3953
2641,gps,51.0452115495,3.682535282,97.3953
2642,gps,51.0452115495,3.682535282,97.3953
2643,gps,51.0452115495,3.682535282,99.5531
2644,gps,51.0452122105,3.682539637,99.5531
2645,gps,51.0452122105,3.682539637,99.5531
2646,gps,51.0452122105,3.682539637,102.563
2647,gps,51.0452126205,3.6825441161666665,102.563
2648,gps,51.0452126205,3.6825441161666665,102.563
2649,gps,51.0452126205,3.6825441161666665,104.5714
2650,gps,51.04521293166667,3.6825486258333333,104.5714
2651,gps,51.04521293166667,3.6825486258333333,104.5714
2652,gps,51.04521293166667,3.6825486258333333,107.5988
2653,gps,51.045213178833336,3.6825531986666666,107.5988
2654,gps,51.045213178833336,3.6825531986666666,107.5988
2655,gps,51.045213178833336,3.6825531986666666,110.8313
2656,gps,51.04521322716667,3.6825577805,110.8313
2657,gps,51.04521322716667,3.6825577805,110.8313
2658,gps,51.04521322716667,3.6825577805,113.3063
2659,gps,51.0452131645,3.6825622730000003,113.3063
2660,gps,51.0452131645,3.6825622730000003,113.3063
2661,gps,51.0452131645,3.6825622730000003,115.9391
2662,gps,51.04521301383333,3.6825668296666665,115.9391
2663,gps,51.04521301383333,3.6825668296666665,115.9391
2664,gps,51.04521301383333,3.6825668296666665,118.6284
2665,gps,51.045212676333335,3.6825714085,118.6284
2666,gps,51.045212676333335,3.6825714085,118.6284
2667,gps,51.045212676333335,3.6825714085,121.397
2668,gps,51.045212214833334,3.682575883666667,121.397
2669,gps,51.045212214833334,3.682575883666667,121.397
2670,gps,51.045212214833334,3.682575883666667,124.0864
2671,gps,51.04521168783333,3.6825803668333332,124.0864
2672,gps,51.04521168783333,3.6825803668333332,124.0864
2673,gps,51.04521168783333,3.6825803668333332,126.6945
2674,gps,51.045210886166664,3.6825848376666666,126.6945
2675,gps,51.045210886166664,3.6825848376666666,126.6945
2676,gps,51.045210886166664,3.6825848376666666,129.2677
2677,gps,51.0452101785,3.6825890814999998,129.2677
2678,gps,51.0452101785,3.6825890814999998,129.2677
2679,gps,51.0452101785,3.6825890814999998,131.972
2680,gps,51.045209259,3.682593378,131.972
2681,gps,51.045209259,3.682593378,131.972
2682,gps,51.045209259,3.682593378,134.6061
2683,gps,51.0452081065,3.6825976958333335,134.6061
2684,gps,51.0452081065,3.6825976958333335,134.6061
2685,gps,51.0452081065,3.6825976958333335,137.2108
2686,gps,51.045206916333335,3.682601833833333,137.2108
2687,gps,51.045206916333335,3.682601833833333,137.2108
2688,gps,51.045206916333335,3.682601833833333,139.8616
2689,gps,51.045205552,3.6826059753333333,139.8616
2690,gps,51.045205552,3.6826059753333333,139.8616
2691,gps,51.045205552,3.6826059753333333,142.6208
2692,gps,51.045204139166664,3.682609897333333,142.6208
2693,gps,51.045204139166664,3.682609897333333,142.6208
2694,gps,51.045204139166664,3.682609897333333,145.048
2695,gps,51.04520252366667,3.6826138175,145.048
2696,gps,51.04520252366667,3.6826138175,145.048
2697,gps,51.04520252366667,3.6826138175,147.608
2698,gps,51.045200827833334,3.682617618,147.608
2699,gps,51.045200827833334,3.682617618,147.608
2700,gps,51.045200827833334,3.682617618,150.4845
2701,gps,51.045198940333336,3.682621337,150.4845
2702,gps,51.045198940333336,3.682621337,150.4845
2703,gps,51.045198940333336,3.682621337,152.8878
2704,gps,51.045197018,3.6826248735,152.8878
2705,gps,51.045197018,3.6826248735,152.8878
2706,gps,51.045197018,3.6826248735,155.5354
2707,gps,51.045195054666664,3.682628231333333,155.5354
2708,gps,51.045195054666664,3.682628231333333,155.5354
2709,gps,51.045195054666664,3.682628231333333,158.1667
2710,gps,51.045192958166666,3.6826314565000002,158.1667
2711,gps,51.045192958166666,3.6826314565000002,158.1667
2712,gps,51.045192958166666,3.6826314565000002,160.7044
2713,gps,51.04519080516667,3.6826345316666664,160.7044
2714,gps,51.04519080516667,3.6826345316666664,160.7044
2715,gps,51.04519080516667,3.6826345316666664,163.2873
2716,gps,51.04518853733333,3.6826375195,163.2873
2717,gps,51.04518853733333,3.6826375195,163.2873
2718,gps,51.04518853733333,3.6826375195,165.9407
2719,gps,51.04518610666667,3.6826402566666667,165.9407
2720,gps,51.04518610666667,3.6826402566666667,165.9407
2721,gps,51.04518610666667,3.6826402566666667,168.3222
2722,gps,51.0451837035,3.6826428736666665,168.3222
2723,gps,51.0451837035,3.6826428736666665,168.3222
2724,gps,51.0451837035,3.6826428736666665,171.0212
2725,gps,51.04518123766667,3.6826452406666665,171.0212
2726,gps,51.04518123766667,3.6826452406666665,171.0212
2727,gps,51.04518123766667,3.6826452406666665,173.249
2728,gps,51.045178662666665,3.682647492666667,173.249
2729,gps,51.045178662666665,3.682647492666667,173.249
2730,gps,51.045178662666665,3.682647492666667,175.8314
2731,gps,51.0451760325,3.682649547,175.8314
2732,gps,51.0451760325,3.682649547,175.8314
2733,gps,51.0451760325,3.682649547,178.4427
2734,gps,51.0451733585,3.682651427,178.4427
2735,gps,51.0451733585,3.682651427,178.4427
2736,gps,51.0451733585,3.682651427,180.9771
2737,gps,51.04517052533333,3.6826531898333332,180.9771
2738,gps,51.04517052533333,3.6826531898333332,180.9771
2739,gps,51.04517052533333,3.6826531898333332,183.5707
2740,gps,51.04516775966667,3.6826546330000003,183.5707
2741,gps,51.04516775966667,3.6826546330000003,183.5707
2742,gps,51.04516775966667,3.6826546330000003,186.0106
2743,gps,51.04516494566667,3.6826559181666667,186.0106
2744,gps,51.04516494566667,3.6826559181666667,186.0106
2745,gps,51.04516494566667,3.6826559181666667,188.6045
2746,gps,51.045162123,3.6826568876666665,188.6045
2747,gps,51.045162123,3.6826568876666665,188.6045
2748,gps,51.045162123,3.6826568876666665,190.7819
2749,gps,51.045159178166664,3.682657774,190.7819
2750,gps,51.045159178166664,3.682657774,190.7819
2751,gps,51.045159178166664,3.682657774,192.984
2752,gps,51.045156271,3.6826583725,192.984
2753,gps,51.045156271,3.6826583725,192.984
2754,gps,51.045156271,3.6826583725,194.638
2755,gps,51.045153279666664,3.6826586895,194.638
2756,gps,51.045153279666664,3.6826586895,194.638
2757,gps,51.045153279666664,3.6826586895,196.2442
2758,gps,51.045150377666666,3.682658854,196.2442
2759,gps,51.045150377666666,3.682658854,196.2442
2760,gps,51.045150377666666,3.682658854,198.0118
2761,gps,51.04514739566667,3.6826588363333332,198.0118
2762,gps,51.04514739566667,3.6826588363333332,198.0118
2763,gps,51.04514739566667,3.6826588363333332,199.3593
2764,gps,51.045144470833336,3.682658608666667,199.3593
2765,gps,51.045144470833336,3.682658608666667,199.3593
2766,gps,51.045144470833336,3.682658608666667,200.9904
2767,gps,51.045141522,3.682658241,200.9904
2768,gps,51.045141522,3.682658241,200.9904
2769,gps,51.045141522,3.682658241,202.1606
2770,gps,51.04513860416667,3.682657673,202.1606
2771,gps,51.04513860416667,3.682657673,202.1606
2772,gps,51.04513860416667,3.682657673,203.5781
2773,gps,51.045135607,3.6826569566666665,203.5781
2774,gps,51.045135607,3.6826569566666665,203.5781
2775,gps,51.045135607,3.6826569566666665,204.6663
2776,gps,51.04513268083333,3.682656128,204.6663
2777,gps,51.04513268083333,3.682656128,204.6663
2778,gps,51.04513268083333,3.682656128,205.7196
2779,gps,51.045129702666664,3.682655182,205.7196
2780,gps,51.045129702666664,3.682655182,205.7196
2781,gps,51.045129702666664,3.682655182,206.7246
2782,gps,51.04512684433333,3.682653888,206.7246
2783,gps,51.04512684433333,3.682653888,206.7246
2784,gps,51.04512684433333,3.682653888,207.0746
2785,gps,51.04512398133333,3.6826524828333334,207.0746
2786,gps,51.04512398133333,3.6826524828333334,207.0746
20,camera,51.04511724391762,3.682647746420601,0.0
2787,gps,51.04512398133333,3.682652482833333,207.1808
2788,gps,51.0451210755,3.6826510815,207.1808
2789,gps,51.0451210755,3.6826510815,207.1808
2790,gps,51.0451210755,3.6826510815,207.7003
2791,gps,51.045118198666664,3.68264959,207.7003
2792,gps,51.045118198666664,3.68264959,207.7003
2793,gps,51.045118198666664,3.68264959,208.3717
2794,gps,51.045115317,3.682648025333333,208.3717
2795,gps,51.045115317,3.682648025333333,208.3717
2796,gps,51.045115317,3.682648025333333,208.7462
2797,gps,51.04511234733334,3.682646445,208.7462
2798,gps,51.04511234733334,3.682646445,208.7462
2799,gps,51.04511234733334,3.682646445,209.4216
2800,gps,51.045109487333335,3.6826447173333334,209.4216
2801,gps,51.045109487333335,3.6826447173333334,209.4216
2802,gps,51.045109487333335,3.6826447173333334,209.8966
2803,gps,51.0451067075,3.6826428543333334,209.8966
2804,gps,51.0451067075,3.6826428543333334,209.8966
2805,gps,51.0451067075,3.6826428543333334,210.4435
2806,gps,51.0451038,3.682641009666667,210.4435
2807,gps,51.0451038,3.682641009666667,210.4435
2808,gps,51.0451038,3.682641009666667,210.8591
2809,gps,51.04510093616667,3.682639126833333,210.8591
2810,gps,51.04510093616667,3.682639126833333,210.8591
2811,gps,51.04510093616667,3.682639126833333,211.225
2812,gps,51.045098100666664,3.6826371433333334,211.225
2813,gps,51.045098100666664,3.6826371433333334,211.225
2814,gps,51.045098100666664,3.6826371433333334,211.8153
2815,gps,51.045095287833334,3.6826350701666666,211.8153
2816,gps,51.045095287833334,3.6826350701666666,211.8153
2817,gps,51.045095287833334,3.6826350701666666,212.1206
2818,gps,51.04509248466667,3.6826329854999997,212.1206
2819,gps,51.04509248466667,3.6826329854999997,212.1206
2820,gps,51.04509248466667,3.6826329854999997,212.5365
2821,gps,51.0450897625,3.6826307448333333,212.5365
2822,gps,51.0450897625,3.6826307448333333,212.5365
2823,gps,51.0450897625,3.6826307448333333,212.7333
2824,gps,51.045086844833335,3.682628625,212.7333
2825,gps,51.045086844833335,3.682628625,212.7333
2826,gps,51.045086844833335,3.682628625,213.1221
2827,gps,51.045084112333335,3.6826263386666667,213.1221
2828,gps,51.045084112333335,3.6826263386666667,213.1221
2829,gps,51.045084112333335,3.6826263386666667,213.7131
2830,gps,51.04508130883333,3.6826239988333334,213.7131
2831,gps,51.04508130883333,3.6826239988333334,213.7131
2832,gps,51.04508130883333,3.6826239988333334,214.1086
2833,gps,51.0450785845,3.6826216325,214.1086
2834,gps,51.0450785845,3.6826216325,214.1086
2835,gps,51.0450785845,3.6826216325,214.2044
2836,gps,51.045075800666666,3.682619245833333,214.2044
2837,gps,51.045075800666666,3.682619245833333,214.2044
2838,gps,51.045075800666666,3.682619245833333,214.7005
2839,gps,51.0450730905,3.682616797166667,214.7005
2840,gps,51.0450730905,3.682616797166667,214.7005
2841,gps,51.0450730905,3.682616797166667,215.0889
2842,gps,51.04507035233333,3.6826142661666665,215.0889
2843,gps,51.04507035233333,3.6826142661666665,215.0889
2844,gps,51.04507035233333,3.6826142661666665,214.9413
2845,gps,51.04506762183333,3.6826118005,214.9413
2846,gps,51.04506762183333,3.6826118005,214.9413
2847,gps,51.04506762183333,3.6826118005,215.2538
2848,gps,51.045064892333336,3.6826092378333333,215.2538
2849,gps,51.045064892333336,3.6826092378333333,215.2538
2850,gps,51.045064892333336,3.6826092378333333,215.5643
2851,gps,51.04506221683334,3.6826066573333334,215.5643
2852,gps,51.04506221683334,3.6826066573333334,215.5643
2853,gps,51.04506221683334,3.6826066573333334,215.8822
2854,gps,51.045059546833336,3.682603994,215.8822
2855,gps,51.045059546833336,3.682603994,215.8822
2856,gps,51.045059546833336,3.682603994,215.8004
2857,gps,51.04505689083334,3.6826013253333336,215.8004
2858,gps,51.04505689083334,3.6826013253333336,215.8004
2859,gps,51.04505689083334,3.6826013253333336,216.1918
2860,gps,51.045054201666666,3.6825986858333333,216.1918
2861,gps,51.045054201666666,3.6825986858333333,216.1918
2862,gps,51.045054201666666,3.6825986858333333,216.7138
2863,gps,51.04505151833333,3.6825959158333332,216.7138
2864,gps,51.04505151833333,3.6825959158333332,216.7138
2865,gps,51.04505151833333,3.6825959158333332,216.601
2866,gps,51.0450489375,3.6825931088333332,216.601
2867,gps,51.0450489375,3.6825931088333332,216.601
2868,gps,51.0450489375,3.6825931088333332,216.3058
2869,gps,51.04504623816667,3.682590385166667,216.3058
2870,gps,51.04504623816667,3.682590385166667,216.3058
2871,gps,51.04504623816667,3.682590385166667,216.4912
2872,gps,51.04504358366667,3.6825876306666667,216.4912
2873,gps,51.04504358366667,3.6825876306666667,216.4912
2874,gps,51.04504358366667,3.6825876306666667,216.5058
2875,gps,51.04504099166667,3.6825847815,216.5058
2876,gps,51.04504099166667,3.6825847815,216.5058
2877,gps,51.04504099166667,3.6825847815,216.7649
2878,gps,51.045038344,3.682582003166667,216.7649
2879,gps,51.045038344,3.682582003166667,216.7649
2880,gps,51.045038344,3.682582003166667,216.913
2881,gps,51.045035648833334,3.6825792163333335,216.913
2882,gps,51.045035648833334,3.6825792163333335,216.913
2883,gps,51.045035648833334,3.6825792163333335,217.072
2884,gps,51.045033111,3.6825762188333333,217.072
2885,gps,51.045033111,3.6825762188333333,217.072
2886,gps,51.045033111,3.6825762188333333,216.0802
2887,gps,51.04503067633333,3.682573370666667,216.0802
2888,gps,51.04503067633333,3.682573370666667,216.0802
2889,gps,51.04503067633333,3.682573370666667,215.6112
2890,gps,51.045028185166665,3.682570624166667,215.6112
2891,gps,51.045028185166665,3.682570624166667,215.6112
2892,gps,51.045028185166665,3.682570624166667,215.4982
2893,gps,51.04502567383334,3.6825679373333333,215.4982
2894,gps,51.04502567383334,3.6825679373333333,215.4982
2895,gps,51.04502567383334,3.6825679373333333,215.9188
2896,gps,51.0450231405,3.6825651974999998,215.9188
2897,gps,51.0450231405,3.6825651974999998,215.9188
2898,gps,51.0450231405,3.6825651974999998,215.5964
2899,gps,51.045020578,3.6825624946666666,215.5964
2900,gps,51.045020578,3.6825624946666666,215.5964
2901,gps,51.045020578,3.6825624946666666,215.7865
2902,gps,51.0450180285,3.6825597098333334,215.7865
2903,gps,51.0450180285,3.6825597098333334,215.7865
2904,gps,51.0450180285,3.6825597098333334,215.6728
2905,gps,51.04501543766666,3.6825569296666667,215.6728
2906,gps,51.04501543766666,3.6825569296666667,215.6728
2907,gps,51.04501543766666,3.6825569296666667,215.8205
2908,gps,51.045012878,3.682554135666667,215.8205
2909,gps,51.045012878,3.682554135666667,215.8205
2910,gps,51.045012878,3.682554135666667,215.6492
2911,gps,51.04501028883333,3.6825513406666666,215.6492
2912,gps,51.04501028883333,3.6825513406666666,215.6492
2913,gps,51.04501028883333,3.6825513406666666,215.975
2914,gps,51.045007708,3.6825485133333333,215.975
2915,gps,51.045007708,3.6825485133333333,215.975
2916,gps,51.045007708,3.6825485133333333,215.9626
2917,gps,51.045005108,3.6825457090000002,215.9626
2918,gps,51.045005108,3.6825457090000002,215.9626
2919,gps,51.045005108,3.6825457090000002,215.9549
2920,gps,51.045002475833336,3.6825428678333334,215.9549
2921,gps,51.045002475833336,3.6825428678333334,215.9549
2922,gps,51.045002475833336,3.6825428678333334,216.1683
2923,gps,51.044999906,3.682540051,216.1683
2924,gps,51.044999906,3.682540051,216.1683
2925,gps,51.044999906,3.682540051,216.1791
2926,gps,51.044997331833336,3.6825371745,216.1791
2927,gps,51.044997331833336,3.6825371745,216.1791
2928,gps,51.044997331833336,3.6825371745,215.9798
2929,gps,51.044994687333336,3.6825343073333334,215.9798
2930,gps,51.044994687333336,3.6825343073333334,215.9798
2931,gps,51.044994687333336,3.6825343073333334,216.1734
2932,gps,51.044992060333335,3.6825314865000003,216.1734
2933,gps,51.044992060333335,3.6825314865000003,216.1734
2934,gps,51.044992060333335,3.6825314865000003,216.2881
2935,gps,51.044989426166666,3.6825286188333335,216.2881
2936,gps,51.044989426166666,3.6825286188333335,216.2881
2937,gps,51.044989426166666,3.6825286188333335,216.1493
2938,gps,51.044986809166666,3.6825257685,216.1493
2939,gps,51.044986809166666,3.6825257685,216.1493
2940,gps,51.044986809166666,3.6825257685,216.0917
2941,gps,51.044984211666666,3.6825228671666665,216.0917
2942,gps,51.044984211666666,3.6825228671666665,216.0917
2943,gps,51.044984211666666,3.6825228671666665,216.1436
2944,gps,51.044981554833335,3.6825200385,216.1436
2945,gps,51.044981554833335,3.6825200385,216.1436
2946,gps,51.044981554833335,3.6825200385,216.5486
2947,gps,51.044978889333336,3.6825172263333332,216.5486
2948,gps,51.044978889333336,3.6825172263333332,216.5486
2949,gps,51.044978889333336,3.6825172263333332,216.4112
2950,gps,51.044976225666666,3.6825143675,216.4112
2951,gps,51.044976225666666,3.6825143675,216.4112
2952,gps,51.044976225666666,3.6825143675,216.4723
2953,gps,51.044973537833336,3.6825115538333333,216.4723
2954,gps,51.044973537833336,3.6825115538333333,216.4723
2955,gps,51.044973537833336,3.6825115538333333,216.6318
2956,gps,51.044970857833334,3.6825087041666666,216.6318
2957,gps,51.044970857833334,3.6825087041666666,216.6318
2958,gps,51.044970857833334,3.6825087041666666,216.8371
2959,gps,51.04496816383333,3.6825059168333336,216.8371
2960,gps,51.04496816383333,3.6825059168333336,216.8371
2961,gps,51.04496816383333,3.6825059168333336,217.1464
2962,gps,51.044965510666664,3.6825030273333335,217.1464
2963,gps,51.044965510666664,3.6825030273333335,217.1464
2964,gps,51.044965510666664,3.6825030273333335,216.9738
2965,gps,51.044962870333336,3.6825001495,216.9738
2966,gps,51.044962870333336,3.6825001495,216.9738
2967,gps,51.044962870333336,3.6825001495,217.3237
2968,gps,51.04496024,3.6824971516666665,217.3237
2969,gps,51.04496024,3.6824971516666665,217.3237
2970,gps,51.04496024,3.6824971516666665,216.6623
2971,gps,51.044957700333335,3.6824944138333335,216.6623
2972,gps,51.044957700333335,3.6824944138333335,216.6623
2973,gps,51.044957700333335,3.6824944138333335,216.5275
2974,gps,51.04495511416667,3.6824917501666667,216.5275
2975,gps,51.04495511416667,3.6824917501666667,216.5275
2976,gps,51.04495511416667,3.6824917501666667,216.8841
2977,gps,51.0449525845,3.6824890298333335,216.8841
2978,gps,51.0449525845,3.6824890298333335,216.8841
2979,gps,51.0449525845,3.6824890298333335,216.8921
2980,gps,51.04495004133334,3.682486270666667,216.8921
2981,gps,51.04495004133334,3.682486270666667,216.8921
2982,gps,51.04495004133334,3.682486270666667,216.9305
2983,gps,51.0449474645,3.6824835483333334,216.9305
2984,gps,51.0449474645,3.6824835483333334,216.9305
2985,gps,51.0449474645,3.6824835483333334,217.3492
2986,gps,51.044944918333336,3.6824807805,217.3492
2987,gps,51.044944918333336,3.6824807805,217.3492
2988,gps,51.044944918333336,3.6824807805,217.4881
2989,gps,51.04494234083333,3.6824779825,217.4881
2990,gps,51.04494234083333,3.6824779825,217.4881
2991,gps,51.04494234083333,3.6824779825,217.6055
2992,gps,51.04493975733333,3.682475165,217.6055
2993,gps,51.04493975733333,3.682475165,217.6055
2994,gps,51.04493975733333,3.682475165,217.73
2995,gps,51.04493712266667,3.682472339166667,217.73
2996,gps,51.04493712266667,3.682472339166667,217.73
2997,gps,51.04493712266667,3.682472339166667,217.7602
2998,gps,51.04493452316667,3.6824695656666666,217.7602
2999,gps,51.04493452316667,3.6824695656666666,217.7602
3000,gps,51.04493452316667,3.6824695656666666,218.2051
3001,gps,51.044931987333335,3.6824667381666667,218.2051
3002,gps,51.044931987333335,3.6824667381666667,218.2051
3003,gps,51.044931987333335,3.6824667381666667,217.9263
3004,gps,51.044929371833334,3.682463907,217.9263
3005,gps,51.044929371833334,3.682463907,217.9263
3006,gps,51.044929371833334,3.682463907,218.202
3007,gps,51.044926755166664,3.6824610275,218.202
3008,gps,51.044926755166664,3.6824610275,218.202
3009,gps,51.044926755166664,3.6824610275,218.264
3010,gps,51.0449242055,3.682458171,218.264
3011,gps,51.0449242055,3.682458171,218.264
3012,gps,51.0449242055,3.682458171,218.3665
3013,gps,51.04492162983333,3.6824553504999997,218.3665
3014,gps,51.04492162983333,3.6824553504999997,218.3665
3015,gps,51.04492162983333,3.6824553504999997,218.431
3016,gps,51.044919023,3.6824524688333335,218.431
3017,gps,51.044919023,3.6824524688333335,218.431
3018,gps,51.044919023,3.6824524688333335,218.674
3019,gps,51.0449164915,3.6824496078333335,218.674
3020,gps,51.0449164915,3.6824496078333335,218.674
3021,gps,51.0449164915,3.6824496078333335,219.1155
3022,gps,51.0449139805,3.6824466925,219.1155
3023,gps,51.0449139805,3.6824466925,219.1155
3024,gps,51.0449139805,3.6824466925,218.9263
3025,gps,51.044911390833335,3.6824438078333332,218.9263
3026,gps,51.044911390833335,3.6824438078333332,218.9263
3027,gps,51.044911390833335,3.6824438078333332,219.0617
3028,gps,51.044908835166666,3.6824408408333333,219.0617
3029,gps,51.044908835166666,3.6824408408333333,219.0617
3030,gps,51.044908835166666,3.6824408408333333,218.9955
3031,gps,51.044906397666665,3.6824378718333333,218.9955
3032,gps,51.044906397666665,3.6824378718333333,218.9955
3033,gps,51.044906397666665,3.6824378718333333,218.9582
3034,gps,51.044903895666664,3.682434976833333,218.9582
3035,gps,51.044903895666664,3.682434976833333,218.9582
3036,gps,51.044903895666664,3.682434976833333,219.3493
3037,gps,51.04490141233333,3.6824320431666666,219.3493
3038,gps,51.04490141233333,3.6824320431666666,219.3493
3039,gps,51.04490141233333,3.6824320431666666,218.9695
3040,gps,51.044898847,3.6824291446666666,218.9695
3041,gps,51.044898847,3.6824291446666666,218.9695
3042,gps,51.044898847,3.6824291446666666,219.3368
3043,gps,51.044896423333334,3.6824261731666668,219.3368
3044,gps,51.044896423333334,3.6824261731666668,219.3368
3045,gps,51.044896423333334,3.6824261731666668,219.8558
3046,gps,51.04489399283333,3.6824232325,219.8558
3047,gps,51.04489399283333,3.6824232325,219.8558
3048,gps,51.04489399283333,3.6824232325,219.8661
3049,gps,51.04489151,3.6824203145,219.8661
3050,gps,51.04489151,3.6824203145,219.8661
3051,gps,51.04489151,3.6824203145,219.5994
3052,gps,51.04488911916667,3.682417248,219.5994
3053,gps,51.04488911916667,3.682417248,219.5994
3054,gps,51.04488911916667,3.682417248,219.9407
3055,gps,51.04488650533333,3.682414465,219.9407
3056,gps,51.04488650533333,3.682414465,219.9407
3057,gps,51.04488650533333,3.682414465,219.9417
3058,gps,51.044884016833336,3.6824115718333332,219.9417
3059,gps,51.044884016833336,3.6824115718333332,219.9417
3060,gps,51.044884016833336,3.6824115718333332,219.9716
3061,gps,51.04488169783333,3.6824084871666667,219.9716
3062,gps,51.04488169783333,3.6824084871666667,219.9716
3063,gps,51.04488169783333,3.6824084871666667,220.0575
3064,gps,51.04487931566667,3.6824054371666666,220.0575
3065,gps,51.04487931566667,3.6824054371666666,220.0575
3066,gps,51.04487931566667,3.6824054371666666,220.41
3067,gps,51.044876761833336,3.6824026645,220.41
3068,gps,51.044876761833336,3.6824026645,220.41
3069,gps,51.044876761833336,3.6824026645,220.593
3070,gps,51.044874369666665,3.682399698333333,220.593
3071,gps,51.044874369666665,3.682399698333333,220.593
3072,gps,51.044874369666665,3.682399698333333,220.4287
3073,gps,51.044871982,3.6823966958333334,220.4287
3074,gps,51.044871982,3.6823966958333334,220.4287
3075,gps,51.044871982,3.6823966958333334,220.8806
3076,gps,51.044869590666664,3.6823936831666666,220.8806
3077,gps,51.044869590666664,3.6823936831666666,220.8806
3078,gps,51.044869590666664,3.6823936831666666,220.9621
3079,gps,51.044867200166664,3.682390814166667,220.9621
3080,gps,51.044867200166664,3.682390814166667,220.9621
3081,gps,51.044867200166664,3.682390814166667,221.1979
3082,gps,51.0448649045,3.682387761166667,221.1979
3083,gps,51.0448649045,3.682387761166667,221.1979
3084,gps,51.0448649045,3.682387761166667,221.1299
3085,gps,51.0448625865,3.682384718,221.1299
3086,gps,51.0448625865,3.682384718,221.1299
3087,gps,51.0448625865,3.682384718,221.3899
3088,gps,51.0448602015,3.68238173,221.3899
3089,gps,51.0448602015,3.68238173,221.3899
3090,gps,51.0448602015,3.68238173,221.6535
3091,gps,51.04485780833333,3.6823787098333334,221.6535
3092,gps,51.04485780833333,3.6823787098333334,221.6535
3093,gps,51.04485780833333,3.6823787098333334,221.7463
3094,gps,51.04485549583333,3.682375717333333,221.7463
3095,gps,51.04485549583333,3.682375717333333,221.7463
3096,gps,51.04485549583333,3.682375717333333,221.8159
3097,gps,51.044853202,3.6823726808333332,221.8159
3098,gps,51.044853202,3.6823726808333332,221.8159
3099,gps,51.044853202,3.6823726808333332,222.088
3100,gps,51.044850829,3.682369668333333,222.088
3101,gps,51.044850829,3.682369668333333,222.088
3102,gps,51.044850829,3.682369668333333,222.4672
3103,gps,51.044848501,3.682366645166667,222.4672
3104,gps,51.044848501,3.682366645166667,222.4672
3105,gps,51.044848501,3.682366645166667,222.0861
3106,gps,51.04484617233334,3.682363648,222.0861
3107,gps,51.04484617233334,3.682363648,222.0861
3108,gps,51.04484617233334,3.682363648,222.554
3109,gps,51.0448439245,3.6823605473333334,222.554
3110,gps,51.0448439245,3.6823605473333334,222.554
3111,gps,51.0448439245,3.6823605473333334,222.6809
3112,gps,51.04484160966667,3.6823574783333335,222.6809
3113,gps,51.04484160966667,3.6823574783333335,222.6809
3114,gps,51.04484160966667,3.6823574783333335,222.6002
3115,gps,51.0448392435,3.6823544036666664,222.6002
3116,gps,51.0448392435,3.6823544036666664,222.6002
3117,gps,51.0448392435,3.6823544036666664,223.4236
3118,gps,51.04483698466667,3.6823513298333332,223.4236
3119,gps,51.04483698466667,3.6823513298333332,223.4236
3120,gps,51.04483698466667,3.6823513298333332,223.5836
3121,gps,51.044834694,3.682348230666667,223.5836
3122,gps,51.044834694,3.682348230666667,223.5836
3123,gps,51.044834694,3.682348230666667,223.573
3124,gps,51.04483245616667,3.682345043833333,223.573
3125,gps,51.04483245616667,3.682345043833333,223.573
3126,gps,51.04483245616667,3.682345043833333,223.5004
3127,gps,51.0448301405,3.6823419526666665,223.5004
3128,gps,51.0448301405,3.6823419526666665,223.5004
3129,gps,51.0448301405,3.6823419526666665,224.1473
3130,gps,51.04482790416667,3.6823387911666665,224.1473
3131,gps,51.04482790416667,3.6823387911666665,224.1473
3132,gps,51.04482790416667,3.6823387911666665,223.9325
3133,gps,51.04482581116667,3.6823353396666665,223.9325
3134,gps,51.04482581116667,3.6823353396666665,223.9325
3135,gps,51.04482581116667,3.6823353396666665,223.7397
3136,gps,51.044823381,3.6823323885,223.7397
3137,gps,51.044823381,3.6823323885,223.7397
3138,gps,51.044823381,3.6823323885,224.7875
3139,gps,51.0448211015,3.682329307333333,224.7875
3140,gps,51.0448211015,3.682329307333333,224.7875
3141,gps,51.0448211015,3.682329307333333,224.7704
3142,gps,51.044818902833335,3.6823261506666665,224.7704
3143,gps,51.044818902833335,3.6823261506666665,224.7704
3144,gps,51.044818902833335,3.6823261506666665,224.6534
3145,gps,51.04481674116666,3.6823228981666665,224.6534
3146,gps,51.04481674116666,3.6823228981666665,224.6534
3147,gps,51.04481674116666,3.6823228981666665,224.731
3148,gps,51.0448147325,3.6823198328333335,224.731
3149,gps,51.0448147325,3.6823198328333335,224.731
3150,gps,51.0448147325,3.6823198328333335,226.5099
3151,gps,51.04481295833333,3.6823164706666667,226.5099
3152,gps,51.04481295833333,3.6823164706666667,226.5099
3153,gps,51.04481295833333,3.6823164706666667,228.2486
3154,gps,51.04481118733333,3.6823125795,228.2486
3155,gps,51.04481118733333,3.6823125795,228.2486
3156,gps,51.04481118733333,3.6823125795,230.8949
3157,gps,51.0448093725,3.6823085706666667,230.8949
3158,gps,51.0448093725,3.6823085706666667,230.8949
3159,gps,51.0448093725,3.6823085706666667,234.3252
3160,gps,51.044807868333336,3.6823042476666665,234.3252
3161,gps,51.044807868333336,3.6823042476666665,234.3252
3162,gps,51.044807868333336,3.6823042476666665,235.6684
3163,gps,51.04480643666667,3.682299775166667,235.6684
3164,gps,51.04480643666667,3.682299775166667,235.6684
3165,gps,51.04480643666667,3.682299775166667,236.0125
3166,gps,51.0448049315,3.6822954241666666,236.0125
3167,gps,51.0448049315,3.6822954241666666,236.0125
3168,gps,51.0448049315,3.6822954241666666,236.9088
3169,gps,51.0448033465,3.6822912113333333,236.9088
3170,gps,51.0448033465,3.6822912113333333,236.9088
3171,gps,51.0448033465,3.6822912113333333,237.1805
3172,gps,51.044801883333335,3.682286834666667,237.1805
3173,gps,51.044801883333335,3.682286834666667,237.1805
3174,gps,51.044801883333335,3.682286834666667,237.3566
3175,gps,51.0448004655,3.6822824631666666,237.3566
3176,gps,51.0448004655,3.6822824631666666,237.3566
3177,gps,51.0448004655,3.6822824631666666,237.7588
3178,gps,51.044798998333334,3.6822781416666666,237.7588
3179,gps,51.044798998333334,3.6822781416666666,237.7588
3180,gps,51.044798998333334,3.6822781416666666,237.7131
3181,gps,51.0447975375,3.6822737143333333,237.7131
3182,gps,51.0447975375,3.6822737143333333,237.7131
3183,gps,51.0447975375,3.6822737143333333,237.2162
3184,gps,51.044796057,3.6822694001666667,237.2162
3185,gps,51.044796057,3.6822694001666667,237.2162
3186,gps,51.044796057,3.6822694001666667,237.1963
3187,gps,51.044794483666664,3.682265123,237.1963
3188,gps,51.044794483666664,3.682265123,237.1963
3189,gps,51.044794483666664,3.682265123,236.5974
3190,gps,51.0447930425,3.6822607686666666,236.5974
3191,gps,51.0447930425,3.6822607686666666,236.5974
3192,gps,51.0447930425,3.6822607686666666,235.9211
3193,gps,51.04479149416667,3.6822564741666666,235.9211
3194,gps,51.04479149416667,3.6822564741666666,235.9211
3195,gps,51.04479149416667,3.6822564741666666,235.7571
3196,gps,51.04478996983333,3.6822521761666667,235.7571
3197,gps,51.04478996983333,3.6822521761666667,235.7571
3198,gps,51.04478996983333,3.6822521761666667,235.2243
3199,gps,51.0447884375,3.682247890833333,235.2243
3200,gps,51.0447884375,3.682247890833333,235.2243
3201,gps,51.0447884375,3.682247890833333,234.6052
3202,gps,51.0447869205,3.6822435855,234.6052
3203,gps,51.0447869205,3.6822435855,234.6052
3204,gps,51.0447869205,3.6822435855,234.0102
3205,gps,51.044785237,3.6822393711666668,234.0102
3206,gps,51.044785237,3.6822393711666668,234.0102
3207,gps,51.044785237,3.6822393711666668,233.2849
3208,gps,51.044783575,3.682235156,233.2849
3209,gps,51.044783575,3.682235156,233.2849
3210,gps,51.044783575,3.682235156,233.0893
3211,gps,51.04478200483333,3.6822308575,233.0893
3212,gps,51.04478200483333,3.6822308575,233.0893
3213,gps,51.04478200483333,3.6822308575,232.3455
3214,gps,51.0447803345,3.682226695833333,232.3455
3215,gps,51.0447803345,3.682226695833333,232.3455
3216,gps,51.0447803345,3.682226695833333,231.9018
3217,gps,51.044778551166665,3.6822225476666666,231.9018
3218,gps,51.044778551166665,3.6822225476666666,231.9018
3219,gps,51.044778551166665,3.6822225476666666,231.3962
3220,gps,51.04477685766667,3.682218424666667,231.3962
3221,gps,51.04477685766667,3.682218424666667,231.3962
3222,gps,51.04477685766667,3.682218424666667,231.077
3223,gps,51.04477515716667,3.6822142871666665,231.077
3224,gps,51.04477515716667,3.6822142871666665,231.077
3225,gps,51.04477515716667,3.6822142871666665,230.6421
3226,gps,51.044773406666664,3.682210179166667,230.6421
3227,gps,51.044773406666664,3.682210179166667,230.6421
3228,gps,51.044773406666664,3.682210179166667,230.0205
3229,gps,51.04477157616667,3.682206111666667,230.0205
3230,gps,51.04477157616667,3.682206111666667,230.0205
3231,gps,51.04477157616667,3.682206111666667,229.5199
3232,gps,51.04476972566667,3.6822020914999998,229.5199
3233,gps,51.04476972566667,3.6822020914999998,229.5199
3234,gps,51.04476972566667,3.6822020914999998,228.9906
3235,gps,51.044767867666664,3.6821980303333333,228.9906
3236,gps,51.044767867666664,3.6821980303333333,228.9906
3237,gps,51.044767867666664,3.6821980303333333,228.2626
3238,gps,51.04476608066667,3.6821940008333334,228.2626
3239,gps,51.04476608066667,3.6821940008333334,228.2626
3240,gps,51.04476608066667,3.6821940008333334,228.0735
3241,gps,51.044764051166666,3.682190138833333,228.0735
3242,gps,51.044764051166666,3.682190138833333,228.0735
3243,gps,51.044764051166666,3.682190138833333,228.4342
3244,gps,51.04476209933333,3.6821862501666667,228.4342
3245,gps,51.04476209933333,3.6821862501666667,228.4342
3246,gps,51.04476209933333,3.6821862501666667,228.1011
3247,gps,51.04476014883333,3.6821823681666666,228.1011
3248,gps,51.04476014883333,3.6821823681666666,228.1011
3249,gps,51.04476014883333,3.6821823681666666,228.0107
3250,gps,51.044758157,3.682178577666667,228.0107
3251,gps,51.044758157,3.682178577666667,228.0107
3252,gps,51.044758157,3.682178577666667,227.5705
3253,gps,51.04475637866667,3.6821743998333334,227.5705
3254,gps,51.04475637866667,3.6821743998333334,227.5705
3255,gps,51.04475637866667,3.6821743998333334,227.605
3256,gps,51.044754350666665,3.6821706021666665,227.605
3257,gps,51.044754350666665,3.6821706021666665,227.605
3258,gps,51.044754350666665,3.6821706021666665,227.6168
3259,gps,51.0447524895,3.6821666773333335,227.6168
3260,gps,51.0447524895,3.6821666773333335,227.6168
3261,gps,51.0447524895,3.6821666773333335,226.3338
3262,gps,51.0447504305,3.6821628805,226.3338
3263,gps,51.0447504305,3.6821628805,226.3338
3264,gps,51.0447504305,3.6821628805,226.3769
3265,gps,51.044748461666664,3.6821590711666667,226.3769
3266,gps,51.044748461666664,3.6821590711666667,226.3769
3267,gps,51.044748461666664,3.6821590711666667,227.0428
3268,gps,51.04474643133333,3.6821552781666664,227.0428
3269,gps,51.04474643133333,3.6821552781666664,227.0428
3270,gps,51.04474643133333,3.6821552781666664,226.7925
3271,gps,51.0447443475,3.6821515288333333,226.7925
3272,gps,51.0447443475,3.6821515288333333,226.7925
3273,gps,51.0447443475,3.6821515288333333,226.4111
3274,gps,51.044742239166666,3.6821478921666664,226.4111
3275,gps,51.044742239166666,3.6821478921666664,226.4111
3276,gps,51.044742239166666,3.6821478921666664,226.676
3277,gps,51.0447402055,3.6821441821666667,226.676
3278,gps,51.0447402055,3.6821441821666667,226.676
3279,gps,51.0447402055,3.6821441821666667,226.9013
3280,gps,51.044738081333335,3.682140451,226.9013
3281,gps,51.044738081333335,3.682140451,226.9013
3282,gps,51.044738081333335,3.682140451,226.8927
3283,gps,51.044736009,3.6821367803333334,226.8927
3284,gps,51.044736009,3.6821367803333334,226.8927
3285,gps,51.044736009,3.6821367803333334,227.2845
3286,gps,51.044733906666664,3.6821331033333333,227.2845
3287,gps,51.044733906666664,3.6821331033333333,227.2845
3288,gps,51.044733906666664,3.6821331033333333,226.8135
3289,gps,51.044731885,3.682129393,226.8135
3290,gps,51.044731885,3.682129393,226.8135
3291,gps,51.044731885,3.682129393,226.5991
3292,gps,51.04472978166667,3.682125667,226.5991
3293,gps,51.04472978166667,3.682125667,226.5991
3294,gps,51.04472978166667,3.682125667,226.5222
3295,gps,51.044727601,3.682121963666667,226.5222
3296,gps,51.044727601,3.682121963666667,226.5222
3297,gps,51.044727601,3.682121963666667,226.5189
3298,gps,51.044725491,3.6821183421666666,226.5189
3299,gps,51.044725491,3.6821183421666666,226.5189
3300,gps,51.044725491,3.6821183421666666,226.8926
3301,gps,51.044723402,3.6821146705,226.8926
3302,gps,51.044723402,3.6821146705,226.8926
3303,gps,51.044723402,3.6821146705,226.9283
3304,gps,51.044721105166666,3.682111133,226.9283
3305,gps,51.044721105166666,3.682111133,226.9283
3306,gps,51.044721105166666,3.682111133,227.4135
3307,gps,51.04471908316667,3.682107333833333,227.4135
3308,gps,51.04471908316667,3.682107333833333,227.4135
3309,gps,51.04471908316667,3.682107333833333,227.8353
3310,gps,51.04471687233333,3.682103701,227.8353
3311,gps,51.04471687233333,3.682103701,227.8353
3312,gps,51.04471687233333,3.682103701,228.4737
3313,gps,51.044714768,3.6821000594999997,228.4737
3314,gps,51.044714768,3.6821000594999997,228.4737
3315,gps,51.044714768,3.6821000594999997,228.081
3316,gps,51.0447125495,3.6820964026666667,228.081
3317,gps,51.0447125495,3.6820964026666667,228.081
3318,gps,51.0447125495,3.6820964026666667,228.6168
3319,gps,51.044710397833335,3.6820926258333335,228.6168
3320,gps,51.044710397833335,3.6820926258333335,228.6168
3321,gps,51.044710397833335,3.6820926258333335,228.5284
3322,gps,51.0447082385,3.6820889965,228.5284
3323,gps,51.0447082385,3.6820889965,228.5284
3324,gps,51.0447082385,3.6820889965,228.8311
3325,gps,51.044706159166665,3.682085241833333,228.8311
3326,gps,51.044706159166665,3.682085241833333,228.8311
3327,gps,51.044706159166665,3.682085241833333,228.2849
3328,gps,51.044703960666666,3.6820815393333333,228.2849
3329,gps,51.044703960666666,3.6820815393333333,228.2849
3330,gps,51.044703960666666,3.6820815393333333,227.7669
3331,gps,51.04470184816667,3.6820778136666665,227.7669
3332,gps,51.04470184816667,3.6820778136666665,227.7669
3333,gps,51.04470184816667,3.6820778136666665,229.4077
3334,gps,51.0446995785,3.6820742275,229.4077
3335,gps,51.0446995785,3.6820742275,229.4077
3336,gps,51.0446995785,3.6820742275,230.5058
3337,gps,51.044697381166664,3.6820706488333332,230.5058
3338,gps,51.044697381166664,3.6820706488333332,230.5058
3339,gps,51.044697381166664,3.6820706488333332,230.7886
3340,gps,51.04469517333333,3.6820670048333333,230.7886
3341,gps,51.04469517333333,3.6820670048333333,230.7886
3342,gps,51.04469517333333,3.6820670048333333,232.1714
3343,gps,51.04469297083333,3.6820633281666666,232.1714
3344,gps,51.04469297083333,3.6820633281666666,232.1714
3345,gps,51.04469297083333,3.6820633281666666,232.8297
3346,gps,51.04469082483333,3.6820595651666665,232.8297
3347,gps,51.04469082483333,3.6820595651666665,232.8297
3348,gps,51.04469082483333,3.6820595651666665,233.5203
3349,gps,51.044688800833335,3.6820557393333333,233.5203
3350,gps,51.044688800833335,3.6820557393333333,233.5203
3351,gps,51.044688800833335,3.6820557393333333,233.5198
3352,gps,51.044686715,3.6820519948333335,233.5198
3353,gps,51.044686715,3.6820519948333335,233.5198
3354,gps,51.044686715,3.6820519948333335,234.7222
3355,gps,51.04468470283334,3.6820481035,234.7222
3356,gps,51.04468470283334,3.6820481035,234.7222
3357,gps,51.04468470283334,3.6820481035,234.7164
3358,gps,51.04468273716667,3.682044352666667,234.7164
3359,gps,51.04468273716667,3.682044352666667,234.7164
3360,gps,51.04468273716667,3.682044352666667,234.0737
3361,gps,51.044680876166666,3.682040885666667,234.0737
3362,gps,51.044680876166666,3.682040885666667,234.0737
3363,gps,51.044680876166666,3.682040885666667,236.5216
3364,gps,51.0446791275,3.6820375513333334,236.5216
3365,gps,51.0446791275,3.6820375513333334,236.5216
3366,gps,51.0446791275,3.6820375513333334,236.5759
3367,gps,51.044677222666664,3.6820345471666664,236.5759
3368,gps,51.044677222666664,3.6820345471666664,236.5759
3369,gps,51.044677222666664,3.6820345471666664,236.7277
3370,gps,51.044675635,3.682031450166667,236.7277
3371,gps,51.044675635,3.682031450166667,236.7277
3372,gps,51.044675635,3.682031450166667,236.6641
3373,gps,51.04467409783334,3.6820284996666666,236.6641
3374,gps,51.04467409783334,3.6820284996666666,236.6641
3375,gps,51.04467409783334,3.6820284996666666,237.0486
3376,gps,51.044672659166665,3.682025688,237.0486
3377,gps,51.044672659166665,3.682025688,237.0486
3378,gps,51.044672659166665,3.682025688,237.6722
3379,gps,51.0446714085,3.682022911333333,237.6722
3380,gps,51.0446714085,3.682022911333333,237.6722
3381,gps,51.0446714085,3.682022911333333,237.4899
3382,gps,51.044669977333335,3.6820203868333334,237.4899
3383,gps,51.044669977333335,3.6820203868333334,237.4899
3384,gps,51.044669977333335,3.6820203868333334,238.4562
3385,gps,51.0446683575,3.6820181363333333,238.4562
3386,gps,51.0446683575,3.6820181363333333,238.4562
3387,gps,51.0446683575,3.6820181363333333,240.937
3388,gps,51.04466679483333,3.6820160163333333,240.937
3389,gps,51.04466679483333,3.6820160163333333,240.937
3390,gps,51.04466679483333,3.6820160163333333,244.2557
3391,gps,51.04466516983333,3.6820139111666665,244.2557
3392,gps,51.04466516983333,3.6820139111666665,244.2557
3393,gps,51.04466516983333,3.6820139111666665,248.5144
3394,gps,51.04466356366667,3.6820121125,248.5144
3395,gps,51.04466356366667,3.6820121125,248.5144
3396,gps,51.04466356366667,3.6820121125,253.2118
3397,gps,51.04466206866667,3.682010169833333,253.2118
3398,gps,51.04466206866667,3.682010169833333,253.2118
3399,gps,51.04466206866667,3.682010169833333,256.94
3400,gps,51.044660707,3.682008161833333,256.94
3401,gps,51.044660707,3.682008161833333,256.94
3402,gps,51.044660707,3.682008161833333,261.3751
3403,gps,51.04465952,3.6820062588333333,261.3751
3404,gps,51.04465952,3.6820062588333333,261.3751
3405,gps,51.04465952,3.6820062588333333,264.1419
3406,gps,51.0446583535,3.6820042513333333,264.1419
3407,gps,51.0446583535,3.6820042513333333,264.1419
3408,gps,51.0446583535,3.6820042513333333,267.3461
3409,gps,51.04465737666666,3.6820022361666664,267.3461
3410,gps,51.04465737666666,3.6820022361666664,267.3461
3411,gps,51.04465737666666,3.6820022361666664,269.8097
3412,gps,51.04465643583333,3.6820004001666664,269.8097
3413,gps,51.04465643583333,3.6820004001666664,269.8097
3414,gps,51.04465643583333,3.6820004001666664,272.0194
3415,gps,51.044655561333336,3.6819984713333334,272.0194
3416,gps,51.044655561333336,3.6819984713333334,272.0194
3417,gps,51.044655561333336,3.6819984713333334,274.5164
3418,gps,51.04465478266667,3.6819966693333335,274.5164
3419,gps,51.04465478266667,3.6819966693333335,274.5164
3420,gps,51.04465478266667,3.6819966693333335,276.4857
3421,gps,51.04465410816667,3.6819947975,276.4857
3422,gps,51.04465410816667,3.6819947975,276.4857
3423,gps,51.04465410816667,3.6819947975,278.4972
3424,gps,51.04465348266667,3.681992934,278.4972
3425,gps,51.04465348266667,3.681992934,278.4972
3426,gps,51.04465348266667,3.681992934,280.2224
3427,gps,51.0446529085,3.6819912103333334,280.2224
3428,gps,51.0446529085,3.6819912103333334,280.2224
3429,gps,51.0446529085,3.6819912103333334,282.1855
3430,gps,51.0446523025,3.6819895363333335,282.1855
3431,gps,51.0446523025,3.6819895363333335,282.1855
3432,gps,51.0446523025,3.6819895363333335,283.7677
3433,gps,51.044651777666665,3.6819878353333335,283.7677
3434,gps,51.044651777666665,3.6819878353333335,283.7677
3435,gps,51.044651777666665,3.6819878353333335,285.1156
3436,gps,51.0446510565,3.681985434,285.1156
3437,gps,51.0446510565,3.681985434,285.1156
3438,gps,51.0446510565,3.681985434,289.0354
3439,gps,51.044650392,3.6819816706666666,289.0354
3440,gps,51.044650392,3.6819816706666666,289.0354
3441,gps,51.044650392,3.6819816706666666,295.7694
3442,gps,51.04464999066667,3.681978047,295.7694
3443,gps,51.04464999066667,3.681978047,295.7694
3444,gps,51.04464999066667,3.681978047,301.7009
3445,gps,51.044649928333335,3.681974601333333,301.7009
3446,gps,51.044649928333335,3.681974601333333,301.7009
3447,gps,51.044649928333335,3.681974601333333,305.499
3448,gps,51.04464990933333,3.681971547,305.499
3449,gps,51.04464990933333,3.681971547,305.499
3450,gps,51.04464990933333,3.681971547,308.9337
3451,gps,51.0446498525,3.6819685598333334,308.9337
3452,gps,51.0446498525,3.6819685598333334,308.9337
3453,gps,51.0446498525,3.6819685598333334,312.816
3454,gps,51.04464987316667,3.681965678,312.816
3455,gps,51.04464987316667,3.681965678,312.816
3456,gps,51.04464987316667,3.681965678,316.7232
3457,gps,51.044649940333336,3.6819631425,316.7232
3458,gps,51.044649940333336,3.6819631425,316.7232
3459,gps,51.044649940333336,3.6819631425,320.1441
3460,gps,51.04465014,3.6819606296666665,320.1441
3461,gps,51.04465014,3.6819606296666665,320.1441
3462,gps,51.04465014,3.6819606296666665,323.3208
3463,gps,51.04465033616667,3.6819583856666664,323.3208
3464,gps,51.04465033616667,3.6819583856666664,323.3208
3465,gps,51.04465033616667,3.6819583856666664,326.1855
3466,gps,51.04465065033333,3.681956164,326.1855
3467,gps,51.04465065033333,3.681956164,326.1855
3468,gps,51.04465065033333,3.681956164,328.9479
3469,gps,51.044651052,3.6819540381666664,328.9479
3470,gps,51.044651052,3.6819540381666664,328.9479
3471,gps,51.044651052,3.6819540381666664,331.3928
3472,gps,51.0446514025,3.6819521781666666,331.3928
3473,gps,51.0446514025,3.6819521781666666,331.3928
3474,gps,51.0446514025,3.6819521781666666,333.6242
3475,gps,51.044651844166665,3.681950228333333,333.6242
3476,gps,51.044651844166665,3.681950228333333,333.6242
3477,gps,51.044651844166665,3.681950228333333,335.6103
3478,gps,51.044652204,3.6819485723333334,335.6103
3479,gps,51.044652204,3.6819485723333334,335.6103
3480,gps,51.044652204,3.6819485723333334,337.6655
3481,gps,51.0446525855,3.6819467311666667,337.6655
3482,gps,51.0446525855,3.6819467311666667,337.6655
3483,gps,51.0446525855,3.6819467311666667,343.9351
21,camera,51.04466249037383,3.681944904195459,0.0
3484,gps,51.044652987166664,3.681944902833333,343.9351
3485,gps,51.044652987166664,3.681944902833333,343.9351
3486,gps,51.044652987166664,3.681944902833333,351.7426
3487,gps,51.044653486,3.6819435651666668,351.7426
3488,gps,51.044653486,3.6819435651666668,351.7426
3489,gps,51.044653486,3.6819435651666668,356.401
3490,gps,51.0446541425,3.68194226,356.401
3491,gps,51.0446541425,3.68194226,356.401
3492,gps,51.0446541425,3.68194226,1.5681
3493,gps,51.044654632333334,3.681941245,1.5681
3494,gps,51.044654632333334,3.681941245,1.5681
3495,gps,51.044654632333334,3.681941245,3.6751
3496,gps,51.044655129166664,3.6819403706666667,3.6751
3497,gps,51.044655129166664,3.6819403706666667,3.6751
3498,gps,51.044655129166664,3.6819403706666667,4.5353
3499,gps,51.044655670833336,3.6819392056666667,4.5353
3500,gps,51.044655670833336,3.6819392056666667,4.5353
3501,gps,51.044655670833336,3.6819392056666667,5.9804
3502,gps,51.044656498833334,3.6819377941666667,5.9804
3503,gps,51.044656498833334,3.6819377941666667,5.9804
3504,gps,51.044656498833334,3.6819377941666667,9.2495
3505,gps,51.0446573335,3.6819362178333335,9.2495
3506,gps,51.0446573335,3.6819362178333335,9.2495
3507,gps,51.0446573335,3.6819362178333335,12.0291
3508,gps,51.044657923,3.6819348851666667,12.0291
3509,gps,51.044657923,3.6819348851666667,12.0291
3510,gps,51.044657923,3.6819348851666667,14.129
3511,gps,51.04465806816667,3.6819338395,14.129
3512,gps,51.04465806816667,3.6819338395,14.129
3513,gps,51.04465806816667,3.6819338395,14.5309
3514,gps,51.0446582335,3.681932835,14.5309
3515,gps,51.0446582335,3.681932835,14.5309
3516,gps,51.0446582335,3.681932835,14.4675
3517,gps,51.04465843683333,3.681931817166667,14.4675
3518,gps,51.04465843683333,3.681931817166667,14.4675
3519,gps,51.04465843683333,3.681931817166667,13.2709
3520,gps,51.044658573,3.681930454833333,13.2709
3521,gps,51.044658573,3.681930454833333,13.2709
3522,gps,51.044658573,3.681930454833333,14.5883
3523,gps,51.044658755,3.6819291478333334,14.5883
3524,gps,51.044658755,3.6819291478333334,14.5883
3525,gps,51.044658755,3.6819291478333334,16.8443
3526,gps,51.044658795,3.6819278866666667,16.8443
3527,gps,51.044658795,3.6819278866666667,16.8443
3528,gps,51.044658795,3.6819278866666667,18.3921
3529,gps,51.044658618166665,3.6819272685,18.3921
3530,gps,51.044658618166665,3.6819272685,18.3921
3531,gps,51.044658618166665,3.6819272685,16.2625
3532,gps,51.04465848616667,3.681925425833333,16.2625
3533,gps,51.04465848616667,3.681925425833333,16.2625
3534,gps,51.04465848616667,3.681925425833333,21.3686
3535,gps,51.044658196,3.681923381,21.3686
3536,gps,51.044658196,3.681923381,21.3686
3537,gps,51.044658196,3.681923381,27.4711
3538,gps,51.0446579845,3.681921722833333,27.4711
3539,gps,51.0446579845,3.681921722833333,27.4711
3540,gps,51.0446579845,3.681921722833333,33.4342
3541,gps,51.0446576125,3.681921044,33.4342
3542,gps,51.0446576125,3.681921044,33.4342
3543,gps,51.0446576125,3.681921044,34.7547
3544,gps,51.04465673483333,3.6819210455,34.7547
3545,gps,51.04465673483333,3.6819210455,34.7547
3546,gps,51.04465673483333,3.6819210455,32.5044
3547,gps,51.04465629733333,3.681920254,32.5044
3548,gps,51.04465629733333,3.681920254,32.5044
3549,gps,51.04465629733333,3.681920254,34.9951
3550,gps,51.04465604533333,3.681919381166667,34.9951
3551,gps,51.04465604533333,3.681919381166667,34.9951
3552,gps,51.04465604533333,3.681919381166667,36.9954
3553,gps,51.04465572983333,3.6819186068333334,36.9954
3554,gps,51.04465572983333,3.6819186068333334,36.9954
3555,gps,51.04465572983333,3.6819186068333334,38.5109
3556,gps,51.0446554265,3.6819180798333333,38.5109
3557,gps,51.0446554265,3.6819180798333333,38.5109
3558,gps,51.0446554265,3.6819180798333333,39.9991
3559,gps,51.0446549955,3.6819178255,39.9991
3560,gps,51.0446549955,3.6819178255,39.9991
3561,gps,51.0446549955,3.6819178255,40.2318
3562,gps,51.04465450633333,3.6819175514999998,40.2318
3563,gps,51.04465450633333,3.6819175514999998,40.2318
3564,gps,51.04465450633333,3.6819175514999998,39.1493
3565,gps,51.04465397133333,3.681917316333333,39.1493
3566,gps,51.04465397133333,3.681917316333333,39.1493
3567,gps,51.04465397133333,3.681917316333333,39.0555
3568,gps,51.04465347633333,3.681917131666667,39.0555
3569,gps,51.04465347633333,3.681917131666667,39.0555
3570,gps,51.04465347633333,3.681917131666667,38.3173
3571,gps,51.04465275916667,3.681917127,38.3173
3572,gps,51.04465275916667,3.681917127,38.3173
3573,gps,51.04465275916667,3.681917127,36.4594
3574,gps,51.0446519155,3.6819172601666668,36.4594
3575,gps,51.0446519155,3.6819172601666668,36.4594
3576,gps,51.0446519155,3.6819172601666668,33.6164
3577,gps,51.044651238,3.681917053,33.6164
3578,gps,51.044651238,3.681917053,33.6164
3579,gps,51.044651238,3.681917053,31.9837
3580,gps,51.04465050183333,3.6819171593333335,31.9837
3581,gps,51.04465050183333,3.6819171593333335,31.9837
3582,gps,51.04465050183333,3.6819171593333335,29.5812
3583,gps,51.04464976533333,3.6819172961666666,29.5812
3584,gps,51.04464976533333,3.6819172961666666,29.5812
3585,gps,51.04464976533333,3.6819172961666666,26.9907
3586,gps,51.0446491645,3.6819172651666667,26.9907
3587,gps,51.0446491645,3.6819172651666667,26.9907
3588,gps,51.0446491645,3.6819172651666667,25.8067
3589,gps,51.04464859116667,3.6819170323333332,25.8067
3590,gps,51.04464859116667,3.6819170323333332,25.8067
3591,gps,51.04464859116667,3.6819170323333332,24.6518
3592,gps,51.0446480445,3.6819169108333334,24.6518
3593,gps,51.0446480445,3.6819169108333334,24.6518
3594,gps,51.0446480445,3.6819169108333334,24.0648
3595,gps,51.044647579,3.6819167168333333,24.0648
3596,gps,51.044647579,3.6819167168333333,24.0648
3597,gps,51.044647579,3.6819167168333333,24.1027
3598,gps,51.04464708733333,3.6819164063333334,24.1027
3599,gps,51.04464708733333,3.6819164063333334,24.1027
3600,gps,51.04464708733333,3.6819164063333334,24.6586
3601,gps,51.04464626266667,3.681916117,24.6586
3602,gps,51.04464626266667,3.681916117,24.6586
3603,gps,51.04464626266667,3.681916117,25.8052
3604,gps,51.04464563683333,3.6819157065,25.8052
3605,gps,51.04464563683333,3.6819157065,25.8052
3606,gps,51.04464563683333,3.6819157065,26.2574
3607,gps,51.04464497516667,3.681915622,26.2574
3608,gps,51.04464497516667,3.681915622,26.2574
3609,gps,51.04464497516667,3.681915622,25.2704
3610,gps,51.04464441766667,3.6819155043333334,25.2704
3611,gps,51.04464441766667,3.6819155043333334,25.2704
3612,gps,51.04464441766667,3.6819155043333334,24.4289
3613,gps,51.044643914666665,3.6819153225,24.4289
3614,gps,51.044643914666665,3.6819153225,24.4289
3615,gps,51.044643914666665,3.6819153225,26.3387
3616,gps,51.0446434445,3.6819151238333334,26.3387
3617,gps,51.0446434445,3.6819151238333334,26.3387
3618,gps,51.0446434445,3.6819151238333334,28.1209
3619,gps,51.044642972333335,3.681915097666667,28.1209
3620,gps,51.044642972333335,3.681915097666667,28.1209
3621,gps,51.044642972333335,3.681915097666667,29.2278
3622,gps,51.0446425715,3.6819150918333334,29.2278
3623,gps,51.0446425715,3.6819150918333334,29.2278
3624,gps,51.0446425715,3.6819150918333334,30.018
3625,gps,51.044642231333334,3.6819149391666666,30.018
3626,gps,51.044642231333334,3.6819149391666666,30.018
3627,gps,51.044642231333334,3.6819149391666666,30.428
3628,gps,51.044641788166665,3.6819149721666666,30.428
3629,gps,51.044641788166665,3.6819149721666666,30.428
3630,gps,51.044641788166665,3.6819149721666666,30.5132
3631,gps,51.04464141533333,3.6819150935,30.5132
3632,gps,51.04464141533333,3.6819150935,30.5132
3633,gps,51.04464141533333,3.6819150935,30.454
3634,gps,51.0446411285,3.6819155401666666,30.454
3635,gps,51.0446411285,3.6819155401666666,30.454
3636,gps,51.0446411285,3.6819155401666666,29.3635
3637,gps,51.04464082616666,3.6819159691666665,29.3635
3638,gps,51.04464082616666,3.6819159691666665,29.3635
3639,gps,51.04464082616666,3.6819159691666665,28.8694
3640,gps,51.044640588,3.681916306833333,28.8694
3641,gps,51.044640588,3.681916306833333,28.8694
3642,gps,51.044640588,3.681916306833333,29.1715
3643,gps,51.04464044233333,3.6819165548333332,29.1715
3644,gps,51.04464044233333,3.6819165548333332,29.1715
3645,gps,51.04464044233333,3.6819165548333332,29.8752
3646,gps,51.044640275,3.6819168165,29.8752
3647,gps,51.044640275,3.6819168165,29.8752
3648,gps,51.044640275,3.6819168165,30.3255
3649,gps,51.044639892333336,3.681916876,30.3255
3650,gps,51.044639892333336,3.681916876,30.3255
3651,gps,51.044639892333336,3.681916876,31.1717
3652,gps,51.044639686,3.6819167485,31.1717
3653,gps,51.044639686,3.6819167485,31.1717
3654,gps,51.044639686,3.6819167485,31.9638
3655,gps,51.044639464333336,3.6819167438333333,31.9638
3656,gps,51.044639464333336,3.6819167438333333,31.9638
3657,gps,51.044639464333336,3.6819167438333333,32.2806
3658,gps,51.044639232,3.6819167965,32.2806
3659,gps,51.044639232,3.6819167965,32.2806
3660,gps,51.044639232,3.6819167965,32.2934
3661,gps,51.04463909016667,3.681916929333333,32.2934
3662,gps,51.04463909016667,3.681916929333333,32.2934
3663,gps,51.04463909016667,3.681916929333333,32.1917
3664,gps,51.044638965833336,3.6819171676666667,32.1917
3665,gps,51.044638965833336,3.6819171676666667,32.1917
3666,gps,51.044638965833336,3.6819171676666667,32.3363
3667,gps,51.0446389265,3.6819172846666666,32.3363
3668,gps,51.0446389265,3.6819172846666666,32.3363
3669,gps,51.0446389265,3.6819172846666666,33.3695
3670,gps,51.04463885533333,3.681917397,33.3695
3671,gps,51.04463885533333,3.681917397,33.3695
3672,gps,51.04463885533333,3.681917397,35.232
3673,gps,51.044638754,3.6819175821666668,35.232
3674,gps,51.044638754,3.6819175821666668,35.232
3675,gps,51.044638754,3.6819175821666668,36.5165
3676,gps,51.04463872216667,3.6819177156666667,36.5165
3677,gps,51.04463872216667,3.6819177156666667,36.5165
3678,gps,51.04463872216667,3.6819177156666667,37.7356
3679,gps,51.04463863983333,3.6819177338333335,37.7356
3680,gps,51.04463863983333,3.6819177338333335,37.7356
3681,gps,51.04463863983333,3.6819177338333335,39.3228
3682,gps,51.0446385335,3.681917717166667,39.3228
3683,gps,51.0446385335,3.681917717166667,39.3228
3684,gps,51.0446385335,3.681917717166667,40.4535
3685,gps,51.04463841366667,3.6819177151666667,40.4535
3686,gps,51.04463841366667,3.6819177151666667,40.4535
3687,gps,51.04463841366667,3.6819177151666667,41.3805
3688,gps,51.0446382525,3.6819177925,41.3805
3689,gps,51.0446382525,3.6819177925,41.3805
3690,gps,51.0446382525,3.6819177925,42.3728
3691,gps,51.04463813433333,3.681918079,42.3728
3692,gps,51.04463813433333,3.681918079,42.3728
3693,gps,51.04463813433333,3.681918079,42.3204
3694,gps,51.04463809433334,3.6819185581666667,42.3204
3695,gps,51.04463809433334,3.6819185581666667,42.3204
3696,gps,51.04463809433334,3.6819185581666667,41.8506
3697,gps,51.044638116,3.681919000833333,41.8506
3698,gps,51.044638116,3.681919000833333,41.8506
3699,gps,51.044638116,3.681919000833333,42.2502
3700,gps,51.044638046,3.6819193996666666,42.2502
3701,gps,51.044638046,3.6819193996666666,42.2502
3702,gps,51.044638046,3.6819193996666666,42.2083
3703,gps,51.0446378665,3.6819198435000002,42.2083
3704,gps,51.0446378665,3.6819198435000002,42.2083
3705,gps,51.0446378665,3.6819198435000002,41.8214
3706,gps,51.04463767483333,3.6819204815,41.8214
3707,gps,51.04463767483333,3.6819204815,41.8214
3708,gps,51.04463767483333,3.6819204815,41.539
3709,gps,51.04463755566667,3.6819209896666667,41.539
3710,gps,51.04463755566667,3.6819209896666667,41.539
3711,gps,51.04463755566667,3.6819209896666667,40.7661
3712,gps,51.04463733433333,3.6819214871666666,40.7661
3713,gps,51.04463733433333,3.6819214871666666,40.7661
3714,gps,51.04463733433333,3.6819214871666666,40.3783
3715,gps,51.04463710866667,3.6819218581666666,40.3783
3716,gps,51.04463710866667,3.6819218581666666,40.3783
3717,gps,51.04463710866667,3.6819218581666666,39.0087
3718,gps,51.0446369935,3.6819220169999998,39.0087
3719,gps,51.0446369935,3.6819220169999998,39.0087
3720,gps,51.0446369935,3.6819220169999998,38.3634
3721,gps,51.044636898,3.681922131,38.3634
3722,gps,51.044636898,3.681922131,38.3634
3723,gps,51.044636898,3.681922131,38.1881
3724,gps,51.044636847666666,3.6819222408333334,38.1881
3725,gps,51.044636847666666,3.6819222408333334,38.1881
3726,gps,51.044636847666666,3.6819222408333334,37.5226
3727,gps,51.04463679083333,3.6819223715,37.5226
3728,gps,51.04463679083333,3.6819223715,37.5226
3729,gps,51.04463679083333,3.6819223715,37.0876
3730,gps,51.0446366675,3.6819225783333334,37.0876
3731,gps,51.0446366675,3.6819225783333334,37.0876
3732,gps,51.0446366675,3.6819225783333334,36.1885
3733,gps,51.04463652183333,3.6819227076666667,36.1885
3734,gps,51.04463652183333,3.6819227076666667,36.1885
3735,gps,51.04463652183333,3.6819227076666667,35.3812
3736,gps,51.04463637833334,3.681922870833333,35.3812
3737,gps,51.04463637833334,3.681922870833333,35.3812
3738,gps,51.04463637833334,3.681922870833333,34.7155
3739,gps,51.04463622483333,3.6819230126666667,34.7155
3740,gps,51.04463622483333,3.6819230126666667,34.7155
3741,gps,51.04463622483333,3.6819230126666667,33.8757
3742,gps,51.044636008666664,3.6819232596666667,33.8757
3743,gps,51.044636008666664,3.6819232596666667,33.8757
3744,gps,51.044636008666664,3.6819232596666667,32.9113
3745,gps,51.04463591933333,3.6819233575,32.9113
3746,gps,51.04463591933333,3.6819233575,32.9113
3747,gps,51.04463591933333,3.6819233575,32.8258
3748,gps,51.044635797333335,3.6819234045,32.8258
3749,gps,51.044635797333335,3.6819234045,32.8258
3750,gps,51.044635797333335,3.6819234045,32.5771
3751,gps,51.044635539,3.6819235546666667,32.5771
3752,gps,51.044635539,3.6819235546666667,32.5771
3753,gps,51.044635539,3.6819235546666667,32.4335
3754,gps,51.04463537783333,3.681923654666667,32.4335
3755,gps,51.04463537783333,3.681923654666667,32.4335
3756,gps,51.04463537783333,3.681923654666667,31.8745
3757,gps,51.044635174166665,3.6819234841666666,31.8745
3758,gps,51.044635174166665,3.6819234841666666,31.8745
3759,gps,51.044635174166665,3.6819234841666666,33.381
3760,gps,51.04463496466666,3.6819234253333333,33.381
3761,gps,51.04463496466666,3.6819234253333333,33.381
3762,gps,51.04463496466666,3.6819234253333333,34.3528
3763,gps,51.04463485683333,3.6819233036666668,34.3528
3764,gps,51.04463485683333,3.6819233036666668,34.3528
3765,gps,51.04463485683333,3.6819233036666668,35.6606
3766,gps,51.044634753333334,3.6819231186666666,35.6606
3767,gps,51.044634753333334,3.6819231186666666,35.6606
3768,gps,51.044634753333334,3.6819231186666666,37.7274
3769,gps,51.04463452466667,3.6819232496666667,37.7274
3770,gps,51.04463452466667,3.6819232496666667,37.7274
3771,gps,51.04463452466667,3.6819232496666667,38.9969
3772,gps,51.044634298666665,3.6819233948333334,38.9969
3773,gps,51.044634298666665,3.6819233948333334,38.9969
3774,gps,51.044634298666665,3.6819233948333334,39.3578
3775,gps,51.04463423233334,3.6819234511666665,39.3578
3776,gps,51.04463423233334,3.6819234511666665,39.3578
3777,gps,51.04463423233334,3.6819234511666665,40.7269
3778,gps,51.044634110666664,3.681923464,40.7269
3779,gps,51.044634110666664,3.681923464,40.7269
3780,gps,51.044634110666664,3.681923464,41.8789
3781,gps,51.04463397116667,3.681923643,41.8789
3782,gps,51.04463397116667,3.681923643,41.8789
3783,gps,51.04463397116667,3.681923643,42.7217
3784,gps,51.04463379516667,3.6819238175,42.7217
3785,gps,51.04463379516667,3.6819238175,42.7217
3786,gps,51.04463379516667,3.6819238175,43.4911
3787,gps,51.044633614,3.6819239581666667,43.4911
3788,gps,51.044633614,3.6819239581666667,43.4911
3789,gps,51.044633614,3.6819239581666667,43.7038
3790,gps,51.044633403166664,3.6819240681666665,43.7038
3791,gps,51.044633403166664,3.6819240681666665,43.7038
3792,gps,51.044633403166664,3.6819240681666665,44.1569
3793,gps,51.044633075166665,3.681924131833333,44.1569
3794,gps,51.044633075166665,3.681924131833333,44.1569
3795,gps,51.044633075166665,3.681924131833333,44.276
3796,gps,51.044632924333335,3.6819242098333334,44.276
3797,gps,51.044632924333335,3.6819242098333334,44.276
3798,gps,51.044632924333335,3.6819242098333334,45.2181
3799,gps,51.044632893666666,3.6819241553333333,45.2181
3800,gps,51.044632893666666,3.6819241553333333,45.2181
3801,gps,51.044632893666666,3.6819241553333333,47.0232
3802,gps,51.044632843,3.681924299333333,47.0232
3803,gps,51.044632843,3.681924299333333,47.0232
3804,gps,51.044632843,3.681924299333333,48.0538
3805,gps,51.04463271266667,3.6819244721666666,48.0538
3806,gps,51.04463271266667,3.6819244721666666,48.0538
3807,gps,51.04463271266667,3.6819244721666666,48.2297
3808,gps,51.0446325365,3.6819246235,48.2297
3809,gps,51.0446325365,3.6819246235,48.2297
3810,gps,51.0446325365,3.6819246235,48.1975
3811,gps,51.04463239983333,3.681924856666667,48.1975
3812,gps,51.04463239983333,3.681924856666667,48.1975
3813,gps,51.04463239983333,3.681924856666667,48.3713
3814,gps,51.04463238733333,3.681925000833333,48.3713
3815,gps,51.04463238733333,3.681925000833333,48.3713
3816,gps,51.04463238733333,3.681925000833333,48.5014
3817,gps,51.0446324655,3.6819255706666665,48.5014
3818,gps,51.0446324655,3.6819255706666665,48.5014
3819,gps,51.0446324655,3.6819255706666665,48.529
3820,gps,51.04463283933333,3.681926058666667,48.529
3821,gps,51.04463283933333,3.681926058666667,48.529
3822,gps,51.04463283933333,3.681926058666667,48.4003
3823,gps,51.044633444,3.6819269248333333,48.4003
3824,gps,51.044633444,3.6819269248333333,48.4003
3825,gps,51.044633444,3.6819269248333333,48.7111
3826,gps,51.044634028333334,3.681927884833333,48.7111
3827,gps,51.044634028333334,3.681927884833333,48.7111
3828,gps,51.044634028333334,3.681927884833333,48.6451
3829,gps,51.044634564,3.6819288196666666,48.6451
3830,gps,51.044634564,3.6819288196666666,48.6451
3831,gps,51.044634564,3.6819288196666666,48.0487
3832,gps,51.0446350505,3.681929843,48.0487
3833,gps,51.0446350505,3.681929843,48.0487
3834,gps,51.0446350505,3.681929843,47.2231
3835,gps,51.044635668666665,3.6819306186666667,47.2231
3836,gps,51.044635668666665,3.6819306186666667,47.2231
3837,gps,51.044635668666665,3.6819306186666667,47.0083
3838,gps,51.044636197833334,3.6819315031666666,47.0083
3839,gps,51.044636197833334,3.6819315031666666,47.0083
3840,gps,51.044636197833334,3.6819315031666666,47.3368
3841,gps,51.04463665666667,3.6819324283333335,47.3368
3842,gps,51.04463665666667,3.6819324283333335,47.3368
3843,gps,51.04463665666667,3.6819324283333335,46.7237
3844,gps,51.044637079,3.6819334101666668,46.7237
3845,gps,51.044637079,3.6819334101666668,46.7237
3846,gps,51.044637079,3.6819334101666668,46.0095
3847,gps,51.04463760466667,3.681934161,46.0095
3848,gps,51.04463760466667,3.681934161,46.0095
3849,gps,51.04463760466667,3.681934161,45.7641
3850,gps,51.04463812116666,3.6819349425,45.7641
3851,gps,51.04463812116666,3.6819349425,45.7641
3852,gps,51.04463812116666,3.6819349425,46.4551
3853,gps,51.04463866583333,3.681935686666667,46.4551
3854,gps,51.04463866583333,3.681935686666667,46.4551
3855,gps,51.04463866583333,3.681935686666667,45.6334
3856,gps,51.0446392005,3.6819364275,45.6334
3857,gps,51.0446392005,3.6819364275,45.6334
3858,gps,51.0446392005,3.6819364275,45.1062
3859,gps,51.04463965433333,3.6819372448333336,45.1062
3860,gps,51.04463965433333,3.6819372448333336,45.1062
3861,gps,51.04463965433333,3.6819372448333336,44.8073
3862,gps,51.0446402875,3.6819382026666667,44.8073
3863,gps,51.0446402875,3.6819382026666667,44.8073
3864,gps,51.0446402875,3.6819382026666667,44.9429
3865,gps,51.0446410495,3.6819393838333334,44.9429
3866,gps,51.0446410495,3.6819393838333334,44.9429
3867,gps,51.0446410495,3.6819393838333334,44.8032
3868,gps,51.0446418415,3.681940474666667,44.8032
3869,gps,51.0446418415,3.681940474666667,44.8032
3870,gps,51.0446418415,3.681940474666667,45.4929
3871,gps,51.044642671666665,3.681941442,45.4929
3872,gps,51.044642671666665,3.681941442,45.4929
3873,gps,51.044642671666665,3.681941442,45.4002
3874,gps,51.044643365666666,3.681942567166667,45.4002
3875,gps,51.044643365666666,3.681942567166667,45.4002
3876,gps,51.044643365666666,3.681942567166667,45.7227
3877,gps,51.04464410483333,3.6819436233333334,45.7227
3878,gps,51.04464410483333,3.6819436233333334,45.7227
3879,gps,51.04464410483333,3.6819436233333334,46.1022
3880,gps,51.044644807833336,3.681944584,46.1022
3881,gps,51.044644807833336,3.681944584,46.1022
3882,gps,51.044644807833336,3.681944584,46.1964
3883,gps,51.044645470333336,3.6819455455,46.1964
3884,gps,51.044645470333336,3.6819455455,46.1964
3885,gps,51.044645470333336,3.6819455455,46.1229
3886,gps,51.04464617516667,3.6819465188333336,46.1229
3887,gps,51.04464617516667,3.6819465188333336,46.1229
3888,gps,51.04464617516667,3.6819465188333336,46.5463
3889,gps,51.044646821,3.681947521,46.5463
3890,gps,51.044646821,3.681947521,46.5463
3891,gps,51.044646821,3.681947521,47.0087
3892,gps,51.0446474445,3.6819484866666667,47.0087
3893,gps,51.0446474445,3.6819484866666667,47.0087
3894,gps,51.0446474445,3.6819484866666667,47.2618
3895,gps,51.044648123,3.6819494273333335,47.2618
3896,gps,51.044648123,3.6819494273333335,47.2618
3897,gps,51.044648123,3.6819494273333335,47.3731
3898,gps,51.04464874283333,3.6819502993333333,47.3731
22,camera,51.044659399362125,3.6819578966107356,0.0
3899,gps,51.04464874283333,3.6819502993333333,47.3731
3900,gps,51.04464874283333,3.6819502993333333,47.8262
3901,gps,51.044649308,3.6819512468333335,47.8262
3902,gps,51.044649308,3.6819512468333335,47.8262
3903,gps,51.044649308,3.6819512468333335,47.9596
3904,gps,51.044649860166665,3.68195219,47.9596
3905,gps,51.044649860166665,3.68195219,47.9596
3906,gps,51.044649860166665,3.68195219,48.2514
3907,gps,51.044650471333334,3.6819531206666665,48.2514
3908,gps,51.044650471333334,3.6819531206666665,48.2514
3909,gps,51.044650471333334,3.6819531206666665,48.1654
23,camera,51.044662200993265,3.681962453166261,0.0
3910,gps,51.044650997666665,3.681954051,48.1654
3911,gps,51.044650997666665,3.681954051,48.1654
3912,gps,51.044650997666665,3.681954051,48.2564
3913,gps,51.044651598,3.681954833833333,48.2564
3914,gps,51.044651598,3.681954833833333,48.2564
3915,gps,51.044651598,3.681954833833333,48.5081
3916,gps,51.04465213466667,3.6819557078333336,48.5081
3917,gps,51.04465213466667,3.6819557078333336,48.5081
3918,gps,51.04465213466667,3.6819557078333336,48.5927
3919,gps,51.04465276,3.6819564555,48.5927
3920,gps,51.04465276,3.6819564555,48.5927
3921,gps,51.04465276,3.6819564555,48.8619
3922,gps,51.044653279833334,3.681957309,48.8619
3923,gps,51.044653279833334,3.681957309,48.8619
3924,gps,51.044653279833334,3.681957309,49.0698
3925,gps,51.044653843166664,3.6819580585,49.0698
3926,gps,51.044653843166664,3.6819580585,49.0698
3927,gps,51.044653843166664,3.6819580585,49.4905
24,camera,51.04466446951066,3.6819670530514834,0.0
3928,gps,51.044654345666665,3.681958911,49.4905
3929,gps,51.044654345666665,3.681958911,49.4905
3930,gps,51.044654345666665,3.681958911,50.0242
3931,gps,51.044654884833335,3.681959645666667,50.0242
3932,gps,51.044654884833335,3.681959645666667,50.0242
3933,gps,51.044654884833335,3.681959645666667,50.6054
3934,gps,51.044655442166665,3.6819603736666666,50.6054
3935,gps,51.044655442166665,3.6819603736666666,50.6054
3936,gps,51.044655442166665,3.6819603736666666,51.1764
3937,gps,51.04465596683333,3.6819611156666667,51.1764
3938,gps,51.04465596683333,3.6819611156666667,51.1764
3939,gps,51.04465596683333,3.6819611156666667,52.4607
3940,gps,51.044656419166664,3.681961942,52.4607
3941,gps,51.044656419166664,3.681961942,52.4607
3942,gps,51.044656419166664,3.681961942,53.2139
3943,gps,51.044657152,3.6819624026666666,53.2139
3944,gps,51.044657152,3.6819624026666666,53.2139
3945,gps,51.044657152,3.6819624026666666,54.7516
3946,gps,51.044657718,3.6819630538333334,54.7516
3947,gps,51.044657718,3.6819630538333334,54.7516
3948,gps,51.044657718,3.6819630538333334,55.938
3949,gps,51.04465827433334,3.6819636715,55.938
3950,gps,51.04465827433334,3.6819636715,55.938
3951,gps,51.04465827433334,3.6819636715,56.819
3952,gps,51.04465900033333,3.6819646203333334,56.819
3953,gps,51.04465900033333,3.6819646203333334,56.819
3954,gps,51.04465900033333,3.6819646203333334,58.1241
3955,gps,51.04465963316667,3.681965818166667,58.1241
3956,gps,51.04465963316667,3.681965818166667,58.1241
3957,gps,51.04465963316667,3.681965818166667,59.4894
3958,gps,51.04466010816667,3.6819671425,59.4894
3959,gps,51.04466010816667,3.6819671425,59.4894
3960,gps,51.04466010816667,3.6819671425,58.8109
3961,gps,51.04466055166667,3.681968418,58.8109
3962,gps,51.04466055166667,3.681968418,58.8109
3963,gps,51.04466055166667,3.681968418,58.8062
3964,gps,51.0446613915,3.6819702415,58.8062
3965,gps,51.0446613915,3.6819702415,58.8062
3966,gps,51.0446613915,3.6819702415,57.7752
3967,gps,51.04466206266667,3.6819730846666667,57.7752
3968,gps,51.04466206266667,3.6819730846666667,57.7752
3969,gps,51.04466206266667,3.6819730846666667,54.6687
3970,gps,51.0446627795,3.6819760963333334,54.6687
3971,gps,51.0446627795,3.6819760963333334,54.6687
3972,gps,51.0446627795,3.6819760963333334,51.3164
3973,gps,51.04466380616667,3.6819792495,51.3164
3974,gps,51.04466380616667,3.6819792495,51.3164
3975,gps,51.04466380616667,3.6819792495,48.1267
3976,gps,51.044664898,3.6819820869999997,48.1267
3977,gps,51.044664898,3.6819820869999997,48.1267
3978,gps,51.044664898,3.6819820869999997,46.4781
3979,gps,51.04466611216667,3.6819852523333334,46.4781
3980,gps,51.04466611216667,3.6819852523333334,46.4781
3981,gps,51.04466611216667,3.6819852523333334,45.5991
3982,gps,51.04466769,3.681989148,45.5991
3983,gps,51.04466769,3.681989148,45.5991
3984,gps,51.04466769,3.681989148,43.7774
3985,gps,51.0446693225,3.6819930926666666,43.7774
3986,gps,51.0446693225,3.6819930926666666,43.7774
3987,gps,51.0446693225,3.6819930926666666,40.9943
3988,gps,51.0446710615,3.6819966191666667,40.9943
3989,gps,51.0446710615,3.6819966191666667,40.9943
3990,gps,51.0446710615,3.6819966191666667,39.4306
3991,gps,51.04467281016667,3.6820000973333333,39.4306
3992,gps,51.04467281016667,3.6820000973333333,39.4306
3993,gps,51.04467281016667,3.6820000973333333,38.9515
3994,gps,51.044674584333336,3.6820034833333333,38.9515
3995,gps,51.044674584333336,3.6820034833333333,38.9515
3996,gps,51.044674584333336,3.6820034833333333,37.5508
3997,gps,51.0446763675,3.682006584,37.5508
3998,gps,51.0446763675,3.682006584,37.5508
3999,gps,51.0446763675,3.682006584,36.5204
4000,gps,51.044678094,3.6820094896666666,36.5204
4001,gps,51.044678094,3.6820094896666666,36.5204
4002,gps,51.044678094,3.6820094896666666,35.8793
4003,gps,51.0446796445,3.682012494333333,35.8793
4004,gps,51.0446796445,3.682012494333333,35.8793
4005,gps,51.0446796445,3.682012494333333,34.8979
4006,gps,51.0446813005,3.6820152723333335,34.8979
4007,gps,51.0446813005,3.6820152723333335,34.8979
4008,gps,51.0446813005,3.6820152723333335,34.4624
4009,gps,51.04468292233334,3.6820179978333334,34.4624
4010,gps,51.04468292233334,3.6820179978333334,34.4624
4011,gps,51.04468292233334,3.6820179978333334,33.5154
4012,gps,51.044684524666664,3.682020667833333,33.5154
4013,gps,51.044684524666664,3.682020667833333,33.5154
4014,gps,51.044684524666664,3.682020667833333,32.4458
4015,gps,51.044686104166665,3.6820231361666664,32.4458
4016,gps,51.044686104166665,3.6820231361666664,32.4458
4017,gps,51.044686104166665,3.6820231361666664,31.7373
4018,gps,51.044687618333334,3.682025394,31.7373
4019,gps,51.044687618333334,3.682025394,31.7373
4020,gps,51.044687618333334,3.682025394,32.08
4021,gps,51.04468905866667,3.6820275926666666,32.08
4022,gps,51.04468905866667,3.6820275926666666,32.08
4023,gps,51.04468905866667,3.6820275926666666,31.6666
4024,gps,51.044690437,3.682029719,31.6666
4025,gps,51.044690437,3.682029719,31.6666
4026,gps,51.044690437,3.682029719,31.2218
4027,gps,51.044691739166666,3.682031866,31.2218
4028,gps,51.044691739166666,3.682031866,31.2218
4029,gps,51.044691739166666,3.682031866,30.078
4030,gps,51.04469302416667,3.6820339901666665,30.078
4031,gps,51.04469302416667,3.6820339901666665,30.078
4032,gps,51.04469302416667,3.6820339901666665,28.9155
4033,gps,51.04469483133333,3.6820368683333333,28.9155
4034,gps,51.04469483133333,3.6820368683333333,28.9155
4035,gps,51.04469483133333,3.6820368683333333,26.252
4036,gps,51.04469706616667,3.682040214166667,26.252
4037,gps,51.04469706616667,3.682040214166667,26.252
4038,gps,51.04469706616667,3.682040214166667,22.2026
4039,gps,51.0446995065,3.6820433138333333,22.2026
4040,gps,51.0446995065,3.6820433138333333,22.2026
4041,gps,51.0446995065,3.6820433138333333,19.4002
4042,gps,51.044701855166664,3.6820458918333334,19.4002
4043,gps,51.044701855166664,3.6820458918333334,19.4002
4044,gps,51.044701855166664,3.6820458918333334,17.9877
4045,gps,51.044704316166666,3.6820487313333334,17.9877
4046,gps,51.044704316166666,3.6820487313333334,17.9877
4047,gps,51.044704316166666,3.6820487313333334,14.0688
4048,gps,51.044706930833335,3.6820516126666667,14.0688
4049,gps,51.044706930833335,3.6820516126666667,14.0688
4050,gps,51.044706930833335,3.6820516126666667,11.5542
4051,gps,51.044709618333336,3.6820537509999998,11.5542
4052,gps,51.044709618333336,3.6820537509999998,11.5542
4053,gps,51.044709618333336,3.6820537509999998,10.119
4054,gps,51.04471224816667,3.6820563085,10.119
4055,gps,51.04471224816667,3.6820563085,10.119
4056,gps,51.04471224816667,3.6820563085,7.6796
4057,gps,51.044714842333335,3.6820584745,7.6796
4058,gps,51.044714842333335,3.6820584745,7.6796
4059,gps,51.044714842333335,3.6820584745,5.8722
4060,gps,51.044717397166664,3.6820600216666666,5.8722
4061,gps,51.044717397166664,3.6820600216666666,5.8722
4062,gps,51.044717397166664,3.6820600216666666,5.6188
4063,gps,51.044719799166664,3.682061709,5.6188
4064,gps,51.044719799166664,3.682061709,5.6188
4065,gps,51.044719799166664,3.682061709,4.0666
4066,gps,51.0447224595,3.6820633976666666,4.0666
4067,gps,51.0447224595,3.6820633976666666,4.0666
4068,gps,51.0447224595,3.6820633976666666,2.694
4069,gps,51.04472547466667,3.6820653201666667,2.694
4070,gps,51.04472547466667,3.6820653201666667,2.694
4071,gps,51.04472547466667,3.6820653201666667,0.0407
4072,gps,51.0447291765,3.6820670228333334,0.0407
4073,gps,51.0447291765,3.6820670228333334,0.0407
4074,gps,51.0447291765,3.6820670228333334,356.6825
4075,gps,51.044732577,3.6820686161666667,356.6825
4076,gps,51.044732577,3.6820686161666667,356.6825
4077,gps,51.044732577,3.6820686161666667,353.2594
4078,gps,51.0447357745,3.6820696826666666,353.2594
4079,gps,51.0447357745,3.6820696826666666,353.2594
4080,gps,51.0447357745,3.6820696826666666,351.4729
4081,gps,51.0447391615,3.682069708,351.4729
4082,gps,51.0447391615,3.682069708,351.4729
4083,gps,51.0447391615,3.682069708,352.5351
4084,gps,51.04474200483333,3.682069883,352.5351
4085,gps,51.04474200483333,3.682069883,352.5351
4086,gps,51.04474200483333,3.682069883,353.6484
4087,gps,51.04474465683333,3.6820702913333334,353.6484
4088,gps,51.04474465683333,3.6820702913333334,353.6484
4089,gps,51.04474465683333,3.6820702913333334,354.3776
4090,gps,51.044747301,3.6820704324999998,354.3776
4091,gps,51.044747301,3.6820704324999998,354.3776
4092,gps,51.044747301,3.6820704324999998,355.2427
4093,gps,51.044749767166664,3.6820704395,355.2427
4094,gps,51.044749767166664,3.6820704395,355.2427
4095,gps,51.044749767166664,3.6820704395,356.7545
4096,gps,51.04475218033333,3.6820703661666667,356.7545
4097,gps,51.04475218033333,3.6820703661666667,356.7545
4098,gps,51.04475218033333,3.6820703661666667,358.0988
4099,gps,51.04475558,3.6820700795,358.0988
4100,gps,51.04475558,3.6820700795,358.0988
4101,gps,51.04475558,3.6820700795,0.1133
4102,gps,51.044760001166665,3.682069713833333,0.1133
4103,gps,51.044760001166665,3.682069713833333,0.1133
4104,gps,51.044760001166665,3.682069713833333,2.3972
4105,gps,51.0447651545,3.6820695215,2.3972
4106,gps,51.0447651545,3.6820695215,2.3972
4107,gps,51.0447651545,3.6820695215,4.7794
4108,gps,51.04477095266667,3.6820695978333333,4.7794
4109,gps,51.04477095266667,3.6820695978333333,4.7794
4110,gps,51.04477095266667,3.6820695978333333,6.5962
4111,gps,51.0447768125,3.682070031,6.5962
4112,gps,51.0447768125,3.682070031,6.5962
4113,gps,51.0447768125,3.682070031,7.8833
4114,gps,51.04478253116667,3.682070082666667,7.8833
4115,gps,51.04478253116667,3.682070082666667,7.8833
4116,gps,51.04478253116667,3.682070082666667,11.0821
4117,gps,51.04478793183333,3.6820701755,11.0821
4118,gps,51.04478793183333,3.6820701755,11.0821
4119,gps,51.04478793183333,3.6820701755,14.3647
4120,gps,51.044792714,3.6820707521666667,14.3647
4121,gps,51.044792714,3.6820707521666667,14.3647
4122,gps,51.044792714,3.6820707521666667,16.9102
4123,gps,51.044797191,3.682071582,16.9102
4124,gps,51.044797191,3.682071582,16.9102
4125,gps,51.044797191,3.682071582,18.9199
4126,gps,51.044801962166666,3.682072583666667,18.9199
4127,gps,51.044801962166666,3.682072583666667,18.9199
4128,gps,51.044801962166666,3.682072583666667,21.2334
4129,gps,51.04480681883334,3.6820740966666667,21.2334
4130,gps,51.04480681883334,3.6820740966666667,21.2334
4131,gps,51.04480681883334,3.6820740966666667,23.4736
4132,gps,51.044811839,3.682076061666667,23.4736
4133,gps,51.044811839,3.682076061666667,23.4736
4134,gps,51.044811839,3.682076061666667,25.896
4135,gps,51.04481661333333,3.6820780361666667,25.896
4136,gps,51.04481661333333,3.6820780361666667,25.896
4137,gps,51.04481661333333,3.6820780361666667,27.9401
4138,gps,51.044821590666665,3.6820805695,27.9401
4139,gps,51.044821590666665,3.6820805695,27.9401
4140,gps,51.044821590666665,3.6820805695,30.4719
4141,gps,51.04482634666667,3.6820832305,30.4719
4142,gps,51.04482634666667,3.6820832305,30.4719
4143,gps,51.04482634666667,3.6820832305,32.2788
4144,gps,51.044830551833336,3.6820858871666666,32.2788
4145,gps,51.044830551833336,3.6820858871666666,32.2788
4146,gps,51.044830551833336,3.6820858871666666,33.9252
4147,gps,51.04483442783334,3.6820883523333334,33.9252
4148,gps,51.04483442783334,3.6820883523333334,33.9252
4149,gps,51.04483442783334,3.6820883523333334,36.1018
4150,gps,51.044837985,3.6820909023333335,36.1018
4151,gps,51.044837985,3.6820909023333335,36.1018
4152,gps,51.044837985,3.6820909023333335,36.9141
4153,gps,51.0448413035,3.6820932388333336,36.9141
4154,gps,51.0448413035,3.6820932388333336,36.9141
4155,gps,51.0448413035,3.6820932388333336,38.0149
4156,gps,51.04484441583333,3.682095637333333,38.0149
4157,gps,51.04484441583333,3.682095637333333,38.0149
4158,gps,51.04484441583333,3.682095637333333,38.8073
4159,gps,51.044847339166665,3.682097967,38.8073
4160,gps,51.044847339166665,3.682097967,38.8073
4161,gps,51.044847339166665,3.682097967,39.5561
4162,gps,51.044850386166665,3.6821005468333334,39.5561
4163,gps,51.044850386166665,3.6821005468333334,39.5561
4164,gps,51.044850386166665,3.6821005468333334,41.0619
4165,gps,51.044853767,3.6821037273333332,41.0619
4166,gps,51.044853767,3.6821037273333332,41.0619
4167,gps,51.044853767,3.6821037273333332,43.1497
4168,gps,51.0448576185,3.682107573166667,43.1497
4169,gps,51.0448576185,3.682107573166667,43.1497
4170,gps,51.0448576185,3.682107573166667,44.773
4171,gps,51.04486165383334,3.6821120518333332,44.773
4172,gps,51.04486165383334,3.6821120518333332,44.773
4173,gps,51.04486165383334,3.6821120518333332,48.0749
4174,gps,51.044865435666665,3.682116445666667,48.0749
4175,gps,51.044865435666665,3.682116445666667,48.0749
4176,gps,51.044865435666665,3.682116445666667,49.7826
4177,gps,51.0448687085,3.6821209138333333,49.7826
4178,gps,51.0448687085,3.6821209138333333,49.7826
4179,gps,51.0448687085,3.6821209138333333,51.0526
4180,gps,51.044871771,3.6821249738333335,51.0526
4181,gps,51.044871771,3.6821249738333335,51.0526
4182,gps,51.044871771,3.6821249738333335,52.5675
4183,gps,51.04487463416667,3.6821287693333336,52.5675
4184,gps,51.04487463416667,3.6821287693333336,52.5675
4185,gps,51.04487463416667,3.6821287693333336,53.1453
4186,gps,51.044877238,3.6821323286666665,53.1453
4187,gps,51.044877238,3.6821323286666665,53.1453
4188,gps,51.044877238,3.6821323286666665,53.9958
4189,gps,51.044879629166665,3.6821357716666667,53.9958
4190,gps,51.044879629166665,3.6821357716666667,53.9958
4191,gps,51.044879629166665,3.6821357716666667,56.0339
4192,gps,51.0448818605,3.6821391820000002,56.0339
4193,gps,51.0448818605,3.6821391820000002,56.0339
4194,gps,51.0448818605,3.6821391820000002,56.6705
4195,gps,51.044883996,3.6821424691666667,56.6705
4196,gps,51.044883996,3.6821424691666667,56.6705
4197,gps,51.044883996,3.6821424691666667,57.071
4198,gps,51.04488601733333,3.6821456026666666,57.071
4199,gps,51.04488601733333,3.6821456026666666,57.071
4200,gps,51.04488601733333,3.6821456026666666,58.0641
4201,gps,51.04488786733334,3.682148627166667,58.0641
4202,gps,51.04488786733334,3.682148627166667,58.0641
4203,gps,51.04488786733334,3.682148627166667,58.0597
4204,gps,51.04488964866667,3.682151541666667,58.0597
4205,gps,51.04488964866667,3.682151541666667,58.0597
4206,gps,51.04488964866667,3.682151541666667,58.6505
4207,gps,51.044891276166666,3.6821544751666666,58.6505
4208,gps,51.044891276166666,3.6821544751666666,58.6505
4209,gps,51.044891276166666,3.6821544751666666,58.8086
4210,gps,51.0448928835,3.6821571658333334,58.8086
4211,gps,51.0448928835,3.6821571658333334,58.8086
4212,gps,51.0448928835,3.6821571658333334,59.4967
4213,gps,51.04489441516667,3.6821597973333335,59.4967
4214,gps,51.04489441516667,3.6821597973333335,59.4967
4215,gps,51.04489441516667,3.6821597973333335,59.6683
4216,gps,51.044895903,3.6821623321666666,59.6683
4217,gps,51.044895903,3.6821623321666666,59.6683
4218,gps,51.044895903,3.6821623321666666,60.0783
4219,gps,51.044897174,3.6821649198333333,60.0783
4220,gps,51.044897174,3.6821649198333333,60.0783
4221,gps,51.044897174,3.6821649198333333,60.3499
4222,gps,51.044898517166665,3.682167302,60.3499
4223,gps,51.044898517166665,3.682167302,60.3499
4224,gps,51.044898517166665,3.682167302,60.8675
4225,gps,51.044899972,3.6821695525,60.8675
4226,gps,51.044899972,3.6821695525,60.8675
4227,gps,51.044899972,3.6821695525,61.4809
4228,gps,51.044901178833335,3.6821718636666665,61.4809
4229,gps,51.044901178833335,3.6821718636666665,61.4809
4230,gps,51.044901178833335,3.6821718636666665,61.8702
4231,gps,51.04490242483333,3.6821741095,61.8702
4232,gps,51.04490242483333,3.6821741095,61.8702
4233,gps,51.04490242483333,3.6821741095,62.1079
4234,gps,51.044903350666665,3.6821766063333334,62.1079
4235,gps,51.044903350666665,3.6821766063333334,62.1079
4236,gps,51.044903350666665,3.6821766063333334,60.1003
4237,gps,51.0449045675,3.6821792433333336,60.1003
4238,gps,51.0449045675,3.6821792433333336,60.1003
4239,gps,51.0449045675,3.6821792433333336,55.3822
4240,gps,51.04490591133333,3.6821818555,55.3822
4241,gps,51.04490591133333,3.6821818555,55.3822
4242,gps,51.04490591133333,3.6821818555,52.2164
4243,gps,51.044907416,3.6821840953333336,52.2164
4244,gps,51.044907416,3.6821840953333336,52.2164
4245,gps,51.044907416,3.6821840953333336,50.0187
4246,gps,51.04490934366667,3.6821870094999998,50.0187
4247,gps,51.04490934366667,3.6821870094999998,50.0187
4248,gps,51.04490934366667,3.6821870094999998,48.2941
4249,gps,51.04491141533333,3.6821901091666667,48.2941
4250,gps,51.04491141533333,3.6821901091666667,48.2941
4251,gps,51.04491141533333,3.6821901091666667,47.3306
4252,gps,51.0449136805,3.682192801,47.3306
4253,gps,51.0449136805,3.682192801,47.3306
4254,gps,51.0449136805,3.682192801,47.702
4255,gps,51.0449159065,3.682195111,47.702
4256,gps,51.0449159065,3.682195111,47.702
4257,gps,51.0449159065,3.682195111,48.032
4258,gps,51.044917721333334,3.682197759666667,48.032
4259,gps,51.044917721333334,3.682197759666667,48.032
4260,gps,51.044917721333334,3.682197759666667,47.3392
4261,gps,51.0449193115,3.6822008266666666,47.3392
4262,gps,51.0449193115,3.6822008266666666,47.3392
4263,gps,51.0449193115,3.6822008266666666,45.2869
4264,gps,51.04492131166667,3.6822034851666667,45.2869
4265,gps,51.04492131166667,3.6822034851666667,45.2869
4266,gps,51.04492131166667,3.6822034851666667,42.8909
4267,gps,51.0449236165,3.6822055663333333,42.8909
4268,gps,51.0449236165,3.6822055663333333,42.8909
4269,gps,51.0449236165,3.6822055663333333,42.3106
4270,gps,51.044925643166664,3.682207781833333,42.3106
4271,gps,51.044925643166664,3.682207781833333,42.3106
4272,gps,51.044925643166664,3.682207781833333,41.9583
4273,gps,51.0449277525,3.6822099913333335,41.9583
4274,gps,51.0449277525,3.6822099913333335,41.9583
4275,gps,51.0449277525,3.6822099913333335,40.4931
4276,gps,51.04492971116667,3.6822121075,40.4931
4277,gps,51.04492971116667,3.6822121075,40.4931
4278,gps,51.04492971116667,3.6822121075,40.5346
4279,gps,51.044931679,3.682214235,40.5346
4280,gps,51.044931679,3.682214235,40.5346
4281,gps,51.044931679,3.682214235,40.0619
4282,gps,51.044933470833335,3.6822158338333333,40.0619
4283,gps,51.044933470833335,3.6822158338333333,40.0619
4284,gps,51.044933470833335,3.6822158338333333,41.4382
4285,gps,51.0449349595,3.6822177773333333,41.4382
4286,gps,51.0449349595,3.6822177773333333,41.4382
4287,gps,51.0449349595,3.6822177773333333,40.8637
4288,gps,51.04493639216667,3.6822194335000002,40.8637
4289,gps,51.04493639216667,3.6822194335000002,40.8637
4290,gps,51.04493639216667,3.6822194335000002,40.2658
4291,gps,51.04493812566667,3.6822202451666666,40.2658
4292,gps,51.04493812566667,3.6822202451666666,40.2658
4293,gps,51.04493812566667,3.6822202451666666,42.3691
4294,gps,51.04493973016667,3.6822213246666666,42.3691
4295,gps,51.04493973016667,3.6822213246666666,42.3691
4296,gps,51.04493973016667,3.6822213246666666,43.0587
4297,gps,51.044941302333335,3.6822227845,43.0587
4298,gps,51.044941302333335,3.6822227845,43.0587
4299,gps,51.044941302333335,3.6822227845,42.7397
4300,gps,51.04494272183333,3.6822245051666664,42.7397
4301,gps,51.04494272183333,3.6822245051666664,42.7397
4302,gps,51.04494272183333,3.6822245051666664,42.0633
4303,gps,51.0449440505,3.6822259846666667,42.0633
4304,gps,51.0449440505,3.6822259846666667,42.0633
4305,gps,51.0449440505,3.6822259846666667,42.7389
4306,gps,51.044945287,3.6822275521666668,42.7389
4307,gps,51.044945287,3.6822275521666668,42.7389
4308,gps,51.044945287,3.6822275521666668,42.602
4309,gps,51.044946522,3.6822290475,42.602
4310,gps,51.044946522,3.6822290475,42.602
4311,gps,51.044946522,3.6822290475,42.9772
4312,gps,51.04494778633333,3.682230655333333,42.9772
4313,gps,51.04494778633333,3.682230655333333,42.9772
4314,gps,51.04494778633333,3.682230655333333,41.9664
4315,gps,51.04494909416667,3.6822322186666665,41.9664
4316,gps,51.04494909416667,3.6822322186666665,41.9664
4317,gps,51.04494909416667,3.6822322186666665,41.5551
4318,gps,51.04495038333334,3.6822337006666666,41.5551
4319,gps,51.04495038333334,3.6822337006666666,41.5551
4320,gps,51.04495038333334,3.6822337006666666,40.6578
4321,gps,51.044951682666664,3.6822350791666665,40.6578
4322,gps,51.044951682666664,3.6822350791666665,40.6578
4323,gps,51.044951682666664,3.6822350791666665,39.6783
4324,gps,51.04495270983333,3.6822363765,39.6783
4325,gps,51.04495270983333,3.6822363765,39.6783
4326,gps,51.04495270983333,3.6822363765,39.1614
4327,gps,51.04495396466667,3.6822373170000002,39.1614
4328,gps,51.04495396466667,3.6822373170000002,39.1614
4329,gps,51.04495396466667,3.6822373170000002,38.7691
4330,gps,51.044955139833334,3.6822385785,38.7691
4331,gps,51.044955139833334,3.6822385785,38.7691
4332,gps,51.044955139833334,3.6822385785,37.9497
4333,gps,51.04495637833333,3.682239962833333,37.9497
4334,gps,51.04495637833333,3.682239962833333,37.9497
4335,gps,51.04495637833333,3.682239962833333,36.3783
4336,gps,51.0449579025,3.6822409696666667,36.3783
4337,gps,51.0449579025,3.6822409696666667,36.3783
4338,gps,51.0449579025,3.6822409696666667,35.9941
4339,gps,51.04495991066667,3.6822416606666666,35.9941
4340,gps,51.04495991066667,3.6822416606666666,35.9941
4341,gps,51.04495991066667,3.6822416606666666,37.0381
4342,gps,51.044962877,3.682242202,37.0381
4343,gps,51.044962877,3.682242202,37.0381
4344,gps,51.044962877,3.682242202,37.7611
4345,gps,51.044966046666666,3.6822430421666668,37.7611
4346,gps,51.044966046666666,3.6822430421666668,37.7611
4347,gps,51.044966046666666,3.6822430421666668,39.5306
4348,gps,51.044969120833336,3.6822439148333332,39.5306
4349,gps,51.044969120833336,3.6822439148333332,39.5306
4350,gps,51.044969120833336,3.6822439148333332,41.8381
4351,gps,51.04497224133333,3.6822449866666664,41.8381
4352,gps,51.04497224133333,3.6822449866666664,41.8381
4353,gps,51.04497224133333,3.6822449866666664,44.5498
4354,gps,51.04497525683333,3.6822462093333335,44.5498
4355,gps,51.04497525683333,3.6822462093333335,44.5498
4356,gps,51.04497525683333,3.6822462093333335,47.6265
4357,gps,51.04497815083333,3.6822477306666666,47.6265
4358,gps,51.04497815083333,3.6822477306666666,47.6265
4359,gps,51.04497815083333,3.6822477306666666,50.2332
4360,gps,51.04498098116667,3.6822495043333334,50.2332
4361,gps,51.04498098116667,3.6822495043333334,50.2332
4362,gps,51.04498098116667,3.6822495043333334,53.8564
4363,gps,51.04498364383333,3.682251551166667,53.8564
4364,gps,51.04498364383333,3.682251551166667,53.8564
4365,gps,51.04498364383333,3.682251551166667,56.6439
4366,gps,51.04498627466667,3.682253728666667,56.6439
4367,gps,51.04498627466667,3.682253728666667,56.6439
4368,gps,51.04498627466667,3.682253728666667,60.1729
4369,gps,51.04498896183333,3.682255997,60.1729
4370,gps,51.04498896183333,3.682255997,60.1729
4371,gps,51.04498896183333,3.682255997,63.5034
4372,gps,51.044991364666664,3.682258646166667,63.5034
4373,gps,51.044991364666664,3.682258646166667,63.5034
4374,gps,51.044991364666664,3.682258646166667,66.6818
4375,gps,51.044993637666664,3.6822615998333332,66.6818
4376,gps,51.044993637666664,3.6822615998333332,66.6818
4377,gps,51.044993637666664,3.6822615998333332,69.4405
4378,gps,51.04499583333333,3.6822646698333332,69.4405
4379,gps,51.04499583333333,3.6822646698333332,69.4405
4380,gps,51.04499583333333,3.6822646698333332,72.6825
4381,gps,51.04499795033333,3.682267886,72.6825
4382,gps,51.04499795033333,3.682267886,72.6825
4383,gps,51.04499795033333,3.682267886,75.8168
4384,gps,51.044999906166666,3.6822712778333333,75.8168
4385,gps,51.044999906166666,3.6822712778333333,75.8168
4386,gps,51.044999906166666,3.6822712778333333,79.1653
4387,gps,51.045001688,3.6822748358333333,79.1653
4388,gps,51.045001688,3.6822748358333333,79.1653
4389,gps,51.045001688,3.6822748358333333,82.194
4390,gps,51.045003425,3.682278559833333,82.194
4391,gps,51.045003425,3.682278559833333,82.194
4392,gps,51.045003425,3.682278559833333,85.7751
4393,gps,51.04500489283333,3.6822824701666668,85.7751
4394,gps,51.04500489283333,3.6822824701666668,85.7751
4395,gps,51.04500489283333,3.6822824701666668,89.2003
4396,gps,51.045006318666665,3.6822863948333335,89.2003
4397,gps,51.045006318666665,3.6822863948333335,89.2003
4398,gps,51.045006318666665,3.6822863948333335,92.6211
4399,gps,51.045007633833336,3.682290527,92.6211
4400,gps,51.045007633833336,3.682290527,92.6211
4401,gps,51.045007633833336,3.682290527,95.8301
4402,gps,51.045008675333335,3.6822947658333334,95.8301
4403,gps,51.045008675333335,3.6822947658333334,95.8301
4404,gps,51.045008675333335,3.6822947658333334,99.1579
4405,gps,51.045009571166666,3.6822991055000003,99.1579
4406,gps,51.045009571166666,3.6822991055000003,99.1579
4407,gps,51.045009571166666,3.6822991055000003,102.4061
4408,gps,51.045010319666666,3.6823035408333333,102.4061
4409,gps,51.045010319666666,3.6823035408333333,102.4061
4410,gps,51.045010319666666,3.6823035408333333,105.5571
4411,gps,51.04501097883333,3.6823079043333333,105.5571
4412,gps,51.04501097883333,3.6823079043333333,105.5571
4413,gps,51.04501097883333,3.6823079043333333,108.6955
4414,gps,51.045011402166665,3.682312399833333,108.6955
4415,gps,51.045011402166665,3.682312399833333,108.6955
4416,gps,51.045011402166665,3.682312399833333,111.8008
4417,gps,51.045011732166664,3.682316961333333,111.8008
4418,gps,51.045011732166664,3.682316961333333,111.8008
4419,gps,51.045011732166664,3.682316961333333,115.3827
4420,gps,51.045011855333335,3.6823215525,115.3827
4421,gps,51.045011855333335,3.6823215525,115.3827
4422,gps,51.045011855333335,3.6823215525,118.5472
4423,gps,51.045011832,3.6823260075,118.5472
4424,gps,51.045011832,3.6823260075,118.5472
4425,gps,51.045011832,3.6823260075,121.6406
4426,gps,51.04501169066667,3.6823305696666666,121.6406
4427,gps,51.04501169066667,3.6823305696666666,121.6406
4428,gps,51.04501169066667,3.6823305696666666,125.1071
4429,gps,51.045011239,3.682335048,125.1071
4430,gps,51.045011239,3.682335048,125.1071
4431,gps,51.045011239,3.682335048,128.1236
4432,gps,51.04501078566667,3.6823394895,128.1236
4433,gps,51.04501078566667,3.6823394895,128.1236
4434,gps,51.04501078566667,3.6823394895,131.4516
4435,gps,51.04501009716667,3.6823438298333335,131.4516
4436,gps,51.04501009716667,3.6823438298333335,131.4516
4437,gps,51.04501009716667,3.6823438298333335,134.5761
4438,gps,51.045009263,3.682348137,134.5761
4439,gps,51.045009263,3.682348137,134.5761
4440,gps,51.045009263,3.682348137,137.6786
4441,gps,51.045008281166666,3.682352386833333,137.6786
4442,gps,51.045008281166666,3.682352386833333,137.6786
4443,gps,51.045008281166666,3.682352386833333,140.894
4444,gps,51.0450071175,3.6823564815,140.894
4445,gps,51.0450071175,3.6823564815,140.894
4446,gps,51.0450071175,3.6823564815,143.6411
4447,gps,51.045005855666666,3.6823603103333333,143.6411
4448,gps,51.045005855666666,3.6823603103333333,143.6411
4449,gps,51.045005855666666,3.6823603103333333,146.171
4450,gps,51.045004598,3.682364132,146.171
4451,gps,51.045004598,3.682364132,146.171
4452,gps,51.045004598,3.682364132,149.1754
4453,gps,51.045003232,3.6823678041666668,149.1754
4454,gps,51.045003232,3.6823678041666668,149.1754
4455,gps,51.045003232,3.6823678041666668,152.2551
4456,gps,51.045001678,3.6823713811666665,152.2551
4457,gps,51.045001678,3.6823713811666665,152.2551
4458,gps,51.045001678,3.6823713811666665,155.3038
4459,gps,51.0449998845,3.682374982,155.3038
4460,gps,51.0449998845,3.682374982,155.3038
4461,gps,51.0449998845,3.682374982,158.6906
4462,gps,51.044998069,3.6823783316666665,158.6906
4463,gps,51.044998069,3.6823783316666665,158.6906
4464,gps,51.044998069,3.6823783316666665,161.8549
4465,gps,51.044996084666664,3.6823815718333335,161.8549
4466,gps,51.044996084666664,3.6823815718333335,161.8549
4467,gps,51.044996084666664,3.6823815718333335,165.0115
4468,gps,51.0449939875,3.6823846165000003,165.0115
4469,gps,51.0449939875,3.6823846165000003,165.0115
4470,gps,51.0449939875,3.6823846165000003,168.2765
4471,gps,51.04499184833333,3.6823874741666667,168.2765
4472,gps,51.04499184833333,3.6823874741666667,168.2765
4473,gps,51.04499184833333,3.6823874741666667,171.4583
4474,gps,51.044989607333335,3.6823901051666668,171.4583
4475,gps,51.044989607333335,3.6823901051666668,171.4583
4476,gps,51.044989607333335,3.6823901051666668,174.4475
4477,gps,51.044987216833334,3.6823925731666667,174.4475
4478,gps,51.044987216833334,3.6823925731666667,174.4475
4479,gps,51.044987216833334,3.6823925731666667,177.5916
4480,gps,51.044984748666664,3.6823948216666667,177.5916
4481,gps,51.044984748666664,3.6823948216666667,177.5916
4482,gps,51.044984748666664,3.6823948216666667,180.7344
4483,gps,51.044982259166666,3.6823968425,180.7344
4484,gps,51.044982259166666,3.6823968425,180.7344
4485,gps,51.044982259166666,3.6823968425,184.0968
4486,gps,51.04497966,3.6823985841666667,184.0968
4487,gps,51.04497966,3.6823985841666667,184.0968
4488,gps,51.04497966,3.6823985841666667,186.7264
4489,gps,51.04497694716667,3.682400099666667,186.7264
4490,gps,51.04497694716667,3.682400099666667,186.7264
4491,gps,51.04497694716667,3.682400099666667,189.626
4492,gps,51.04497423233333,3.6824013911666666,189.626
4493,gps,51.04497423233333,3.6824013911666666,189.626
4494,gps,51.04497423233333,3.6824013911666666,192.2549
4495,gps,51.0449714705,3.682402349,192.2549
4496,gps,51.0449714705,3.682402349,192.2549
4497,gps,51.0449714705,3.682402349,194.3639
4498,gps,51.0449686545,3.682403111,194.3639
4499,gps,51.0449686545,3.682403111,194.3639
4500,gps,51.0449686545,3.682403111,196.5621
4501,gps,51.0449658545,3.6824036275,196.5621
4502,gps,51.0449658545,3.6824036275,196.5621
4503,gps,51.0449658545,3.6824036275,198.5936
4504,gps,51.04496300766667,3.6824039461666667,198.5936
4505,gps,51.04496300766667,3.6824039461666667,198.5936
4506,gps,51.04496300766667,3.6824039461666667,200.3368
4507,gps,51.044960169666666,3.6824040086666665,200.3368
4508,gps,51.044960169666666,3.6824040086666665,200.3368
4509,gps,51.044960169666666,3.6824040086666665,202.1892
4510,gps,51.044957262333334,3.6824038823333334,202.1892
4511,gps,51.044957262333334,3.6824038823333334,202.1892
4512,gps,51.044957262333334,3.6824038823333334,203.7661
4513,gps,51.0449543825,3.682403524833333,203.7661
4514,gps,51.0449543825,3.682403524833333,203.7661
4515,gps,51.0449543825,3.682403524833333,205.8676
4516,gps,51.04495150533333,3.6824030046666665,205.8676
4517,gps,51.04495150533333,3.6824030046666665,205.8676
4518,gps,51.04495150533333,3.6824030046666665,207.2758
4519,gps,51.044948681166666,3.6824022828333334,207.2758
4520,gps,51.044948681166666,3.6824022828333334,207.2758
4521,gps,51.044948681166666,3.6824022828333334,208.5968
4522,gps,51.044945809,3.682401386,208.5968
4523,gps,51.044945809,3.682401386,208.5968
4524,gps,51.044945809,3.682401386,210.1732
4525,gps,51.04494299383333,3.6824002571666665,210.1732
4526,gps,51.04494299383333,3.6824002571666665,210.1732
4527,gps,51.04494299383333,3.6824002571666665,211.4244
4528,gps,51.044940113833334,3.68239909,211.4244
4529,gps,51.044940113833334,3.68239909,211.4244
4530,gps,51.044940113833334,3.68239909,212.8021
4531,gps,51.044937323166664,3.6823976875,212.8021
4532,gps,51.044937323166664,3.6823976875,212.8021
4533,gps,51.044937323166664,3.6823976875,213.7306
4534,gps,51.044934528,3.682396173,213.7306
4535,gps,51.044934528,3.682396173,213.7306
4536,gps,51.044934528,3.682396173,214.7933
4537,gps,51.0449318405,3.6823943986666667,214.7933
4538,gps,51.0449318405,3.6823943986666667,214.7933
4539,gps,51.0449318405,3.6823943986666667,215.0361
4540,gps,51.0449291335,3.6823926265,215.0361
4541,gps,51.0449291335,3.6823926265,215.0361
4542,gps,51.0449291335,3.6823926265,216.1341
4543,gps,51.044926372333336,3.682390786,216.1341
4544,gps,51.044926372333336,3.682390786,216.1341
4545,gps,51.044926372333336,3.682390786,217.0665
4546,gps,51.0449236455,3.6823887848333334,217.0665
4547,gps,51.0449236455,3.6823887848333334,217.0665
4548,gps,51.0449236455,3.6823887848333334,217.8981
4549,gps,51.044920925,3.6823867255,217.8981
4550,gps,51.044920925,3.6823867255,217.8981
4551,gps,51.044920925,3.6823867255,219.1765
4552,gps,51.04491824816667,3.6823845338333334,219.1765
4553,gps,51.04491824816667,3.6823845338333334,219.1765
4554,gps,51.04491824816667,3.6823845338333334,219.9608
4555,gps,51.044915618833336,3.6823821868333333,219.9608
4556,gps,51.044915618833336,3.6823821868333333,219.9608
4557,gps,51.044915618833336,3.6823821868333333,220.3135
4558,gps,51.0449129995,3.682379862,220.3135
4559,gps,51.0449129995,3.682379862,220.3135
4560,gps,51.0449129995,3.682379862,220.438
4561,gps,51.04491041033334,3.6823773956666668,220.438
4562,gps,51.04491041033334,3.6823773956666668,220.438
4563,gps,51.04491041033334,3.6823773956666668,221.1945
4564,gps,51.04490787966667,3.6823748401666667,221.1945
4565,gps,51.04490787966667,3.6823748401666667,221.1945
4566,gps,51.04490787966667,3.6823748401666667,221.8278
4567,gps,51.0449053085,3.68237232,221.8278
4568,gps,51.0449053085,3.68237232,221.8278
4569,gps,51.0449053085,3.68237232,222.3529
4570,gps,51.04490277666667,3.6823697178333332,222.3529
4571,gps,51.04490277666667,3.6823697178333332,222.3529
4572,gps,51.04490277666667,3.6823697178333332,223.0398
4573,gps,51.044900360166665,3.68236693,223.0398
4574,gps,51.044900360166665,3.68236693,223.0398
4575,gps,51.044900360166665,3.68236693,223.3137
4576,gps,51.044897906833334,3.682364142,223.3137
4577,gps,51.044897906833334,3.682364142,223.3137
4578,gps,51.044897906833334,3.682364142,223.8537
4579,gps,51.04489536916667,3.682361456833333,223.8537
4580,gps,51.04489536916667,3.682361456833333,223.8537
4581,gps,51.04489536916667,3.682361456833333,224.5193
4582,gps,51.044892950666664,3.6823585475,224.5193
4583,gps,51.044892950666664,3.6823585475,224.5193
4584,gps,51.044892950666664,3.6823585475,225.074
4585,gps,51.0448906895,3.682355472333333,225.074
4586,gps,51.0448906895,3.682355472333333,225.074
4587,gps,51.0448906895,3.682355472333333,225.3827
4588,gps,51.044888302,3.6823525265,225.3827
4589,gps,51.044888302,3.6823525265,225.3827
4590,gps,51.044888302,3.6823525265,226.3478
4591,gps,51.044885986333334,3.682349398,226.3478
4592,gps,51.044885986333334,3.682349398,226.3478
4593,gps,51.044885986333334,3.682349398,227.0264
4594,gps,51.04488365416667,3.6823463235,227.0264
4595,gps,51.04488365416667,3.6823463235,227.0264
4596,gps,51.04488365416667,3.6823463235,227.5863
4597,gps,51.0448814145,3.6823431985,227.5863
4598,gps,51.0448814145,3.6823431985,227.5863
4599,gps,51.0448814145,3.6823431985,228.3705
4600,gps,51.044879156166665,3.6823399691666667,228.3705
4601,gps,51.044879156166665,3.6823399691666667,228.3705
4602,gps,51.044879156166665,3.6823399691666667,228.9363
4603,gps,51.044876818,3.6823367175,228.9363
4604,gps,51.044876818,3.6823367175,228.9363
4605,gps,51.044876818,3.6823367175,229.8616
4606,gps,51.044874652666664,3.6823333926666666,229.8616
4607,gps,51.044874652666664,3.6823333926666666,229.8616
4608,gps,51.044874652666664,3.6823333926666666,230.3667
4609,gps,51.04487247916666,3.6823299993333336,230.3667
4610,gps,51.04487247916666,3.6823299993333336,230.3667
4611,gps,51.04487247916666,3.6823299993333336,230.5949
4612,gps,51.0448703365,3.6823265265,230.5949
4613,gps,51.0448703365,3.6823265265,230.5949
4614,gps,51.0448703365,3.6823265265,231.0213
4615,gps,51.044868208,3.6823230658333332,231.0213
4616,gps,51.044868208,3.6823230658333332,231.0213
4617,gps,51.044868208,3.6823230658333332,231.2717
4618,gps,51.044866101833335,3.682319569666667,231.2717
4619,gps,51.044866101833335,3.682319569666667,231.2717
4620,gps,51.044866101833335,3.682319569666667,231.7662
4621,gps,51.0448639855,3.682316017333333,231.7662
4622,gps,51.0448639855,3.682316017333333,231.7662
4623,gps,51.0448639855,3.682316017333333,231.9397
4624,gps,51.04486193816667,3.6823123881666664,231.9397
4625,gps,51.04486193816667,3.6823123881666664,231.9397
4626,gps,51.04486193816667,3.6823123881666664,232.3001
4627,gps,51.04485996133333,3.6823087158333334,232.3001
4628,gps,51.04485996133333,3.6823087158333334,232.3001
4629,gps,51.04485996133333,3.6823087158333334,232.4144
4630,gps,51.04485794833333,3.6823050615,232.4144
4631,gps,51.04485794833333,3.6823050615,232.4144
4632,gps,51.04485794833333,3.6823050615,232.6132
4633,gps,51.04485595733333,3.6823014835,232.6132
4634,gps,51.04485595733333,3.6823014835,232.6132
4635,gps,51.04485595733333,3.6823014835,232.915
4636,gps,51.044853942,3.682297711,232.915
4637,gps,51.044853942,3.682297711,232.915
4638,gps,51.044853942,3.682297711,232.7909
4639,gps,51.04485195583333,3.682293962,232.7909
4640,gps,51.04485195583333,3.682293962,232.7909
4641,gps,51.04485195583333,3.682293962,232.8016
4642,gps,51.04484996833333,3.6822903221666667,232.8016
4643,gps,51.04484996833333,3.6822903221666667,232.8016
4644,gps,51.04484996833333,3.6822903221666667,232.9006
4645,gps,51.044848071333334,3.6822865636666666,232.9006
4646,gps,51.044848071333334,3.6822865636666666,232.9006
4647,gps,51.044848071333334,3.6822865636666666,233.1728
4648,gps,51.044846068666665,3.6822828136666668,233.1728
4649,gps,51.044846068666665,3.6822828136666668,233.1728
4650,gps,51.044846068666665,3.6822828136666668,232.6302
4651,gps,51.0448440375,3.6822791075,232.6302
4652,gps,51.0448440375,3.6822791075,232.6302
4653,gps,51.0448440375,3.6822791075,233.3316
4654,gps,51.0448421045,3.6822754118333334,233.3316
4655,gps,51.0448421045,3.6822754118333334,233.3316
4656,gps,51.0448421045,3.6822754118333334,233.524
4657,gps,51.0448401535,3.682271694,233.524
4658,gps,51.0448401535,3.682271694,233.524
4659,gps,51.0448401535,3.682271694,233.5064
4660,gps,51.04483815,3.682267968166667,233.5064
4661,gps,51.04483815,3.682267968166667,233.5064
4662,gps,51.04483815,3.682267968166667,234.0762
4663,gps,51.04483629566667,3.682264089833333,234.0762
4664,gps,51.04483629566667,3.682264089833333,234.0762
4665,gps,51.04483629566667,3.682264089833333,234.19
4666,gps,51.0448341945,3.682259643,234.19
4667,gps,51.0448341945,3.682259643,234.19
4668,gps,51.0448341945,3.682259643,237.9297
4669,gps,51.044832266,3.6822549756666665,237.9297
4670,gps,51.044832266,3.6822549756666665,237.9297
4671,gps,51.044832266,3.6822549756666665,240.5132
4672,gps,51.0448306225,3.682250074166667,240.5132
4673,gps,51.0448306225,3.682250074166667,240.5132
4674,gps,51.0448306225,3.682250074166667,241.2555
4675,gps,51.04482932116667,3.682244938,241.2555
4676,gps,51.04482932116667,3.682244938,241.2555
4677,gps,51.04482932116667,3.682244938,241.8914
4678,gps,51.04482803816666,3.6822398431666667,241.8914
4679,gps,51.04482803816666,3.6822398431666667,241.8914
4680,gps,51.04482803816666,3.6822398431666667,242.1849
4681,gps,51.04482679116666,3.68223477,242.1849
4682,gps,51.04482679116666,3.68223477,242.1849
4683,gps,51.04482679116666,3.68223477,241.8263
4684,gps,51.044825575833336,3.6822297173333336,241.8263
4685,gps,51.044825575833336,3.6822297173333336,241.8263
4686,gps,51.044825575833336,3.6822297173333336,241.0541
4687,gps,51.04482431533334,3.6822247631666665,241.0541
4688,gps,51.04482431533334,3.6822247631666665,241.0541
4689,gps,51.04482431533334,3.6822247631666665,240.7021
4690,gps,51.044823058666665,3.6822199005,240.7021
4691,gps,51.044823058666665,3.6822199005,240.7021
4692,gps,51.044823058666665,3.6822199005,239.9319
4693,gps,51.044821823,3.682215093,239.9319
4694,gps,51.044821823,3.682215093,239.9319
4695,gps,51.044821823,3.682215093,239.0682
4696,gps,51.044820527166664,3.682210362666667,239.0682
4697,gps,51.044820527166664,3.682210362666667,239.0682
4698,gps,51.044820527166664,3.682210362666667,238.7147
4699,gps,51.044819179166666,3.6822057426666666,238.7147
4700,gps,51.044819179166666,3.6822057426666666,238.7147
4701,gps,51.044819179166666,3.6822057426666666,238.1441
4702,gps,51.044817828,3.682201146,238.1441
4703,gps,51.044817828,3.682201146,238.1441
4704,gps,51.044817828,3.682201146,237.1537
4705,gps,51.044816480166666,3.6821965808333332,237.1537
4706,gps,51.044816480166666,3.6821965808333332,237.1537
4707,gps,51.044816480166666,3.6821965808333332,236.8698
4708,gps,51.04481504466667,3.6821920253333333,236.8698
4709,gps,51.04481504466667,3.6821920253333333,236.8698
4710,gps,51.04481504466667,3.6821920253333333,235.9141
4711,gps,51.044813490833334,3.6821875961666666,235.9141
4712,gps,51.044813490833334,3.6821875961666666,235.9141
4713,gps,51.044813490833334,3.6821875961666666,234.9434
4714,gps,51.044812068,3.6821832398333334,234.9434
4715,gps,51.044812068,3.6821832398333334,234.9434
4716,gps,51.044812068,3.6821832398333334,233.8593
4717,gps,51.0448105795,3.682178867,233.8593
4718,gps,51.0448105795,3.682178867,233.8593
4719,gps,51.0448105795,3.682178867,233.5934
4720,gps,51.04480901083333,3.6821745755,233.5934
4721,gps,51.04480901083333,3.6821745755,233.5934
4722,gps,51.04480901083333,3.6821745755,232.8826
4723,gps,51.044807384833334,3.6821704286666668,232.8826
4724,gps,51.044807384833334,3.6821704286666668,232.8826
4725,gps,51.044807384833334,3.6821704286666668,232.1092
4726,gps,51.044805786,3.6821662648333335,232.1092
4727,gps,51.044805786,3.6821662648333335,232.1092
4728,gps,51.044805786,3.6821662648333335,231.9882
4729,gps,51.044804129666666,3.6821621711666666,231.9882
4730,gps,51.044804129666666,3.6821621711666666,231.9882
4731,gps,51.044804129666666,3.6821621711666666,230.9696
4732,gps,51.04480252566667,3.682157973,230.9696
4733,gps,51.04480252566667,3.682157973,230.9696
4734,gps,51.04480252566667,3.682157973,230.7233
4735,gps,51.04480070033333,3.6821539925,230.7233
4736,gps,51.04480070033333,3.6821539925,230.7233
4737,gps,51.04480070033333,3.6821539925,230.6538
4738,gps,51.044798984,3.682149944333333,230.6538
4739,gps,51.044798984,3.682149944333333,230.6538
4740,gps,51.044798984,3.682149944333333,230.1192
25,camera,51.044795172084044,3.6821329929934556,0.0
4741,gps,51.0447972135,3.682145931,230.1192
4742,gps,51.0447972135,3.682145931,230.1192
4743,gps,51.0447972135,3.682145931,229.702
4744,gps,51.0447954095,3.68214195,229.702
4745,gps,51.0447954095,3.68214195,229.702
4746,gps,51.0447954095,3.68214195,229.1352
4747,gps,51.044793862166664,3.6821377255,229.1352
4748,gps,51.044793862166664,3.6821377255,229.1352
4749,gps,51.044793862166664,3.6821377255,227.0878
4750,gps,51.04479238816667,3.682133351,227.0878
4751,gps,51.04479238816667,3.682133351,227.0878
4752,gps,51.04479238816667,3.682133351,223.2718
4753,gps,51.0447909395,3.682128764333333,223.2718
4754,gps,51.0447909395,3.682128764333333,223.2718
4755,gps,51.0447909395,3.682128764333333,217.6634
4756,gps,51.0447893995,3.682124346166667,217.6634
4757,gps,51.0447893995,3.682124346166667,217.6634
4758,gps,51.0447893995,3.682124346166667,212.3758
4759,gps,51.04478762083333,3.682120234666667,212.3758
4760,gps,51.04478762083333,3.682120234666667,212.3758
4761,gps,51.04478762083333,3.682120234666667,208.4623
4762,gps,51.04478560983333,3.6821163831666666,208.4623
4763,gps,51.04478560983333,3.6821163831666666,208.4623
4764,gps,51.04478560983333,3.6821163831666666,208.2273
4765,gps,51.04478362,3.6821116375000003,208.2273
4766,gps,51.04478362,3.6821116375000003,208.2273
4767,gps,51.04478362,3.6821116375000003,214.1458
4768,gps,51.04478184316667,3.6821060875000002,214.1458
4769,gps,51.04478184316667,3.6821060875000002,214.1458
4770,gps,51.04478184316667,3.6821060875000002,217.9058
4771,gps,51.04477961483333,3.6821011721666665,217.9058
4772,gps,51.04477961483333,3.6821011721666665,217.9058
4773,gps,51.04477961483333,3.6821011721666665,222.0258
4774,gps,51.044777437166665,3.6820962176666665,222.0258
4775,gps,51.044777437166665,3.6820962176666665,222.0258
4776,gps,51.044777437166665,3.6820962176666665,226.2165
4777,gps,51.04477561233333,3.682090897666667,226.2165
4778,gps,51.04477561233333,3.682090897666667,226.2165
4779,gps,51.04477561233333,3.682090897666667,230.5757
4780,gps,51.044773633666665,3.682085856,230.5757
4781,gps,51.044773633666665,3.682085856,230.5757
4782,gps,51.044773633666665,3.682085856,232.1232
4783,gps,51.0447720105,3.6820805661666665,232.1232
4784,gps,51.0447720105,3.6820805661666665,232.1232
4785,gps,51.0447720105,3.6820805661666665,231.4233
4786,gps,51.0447703805,3.682075451333333,231.4233
4787,gps,51.0447703805,3.682075451333333,231.4233
4788,gps,51.0447703805,3.682075451333333,230.2291
4789,gps,51.044768685166666,3.6820703894999998,230.2291
4790,gps,51.044768685166666,3.6820703894999998,230.2291
4791,gps,51.044768685166666,3.6820703894999998,228.495
4792,gps,51.044767001833335,3.6820654193333335,228.495
4793,gps,51.044767001833335,3.6820654193333335,228.495
4794,gps,51.044767001833335,3.6820654193333335,227.6087
4795,gps,51.044765293333334,3.6820606711666666,227.6087
4796,gps,51.044765293333334,3.6820606711666666,227.6087
4797,gps,51.044765293333334,3.6820606711666666,226.0889
4798,gps,51.04476338966667,3.682056257,226.0889
4799,gps,51.04476338966667,3.682056257,226.0889
4800,gps,51.04476338966667,3.682056257,224.8485
4801,gps,51.04476156516667,3.6820517383333335,224.8485
4802,gps,51.04476156516667,3.6820517383333335,224.8485
4803,gps,51.04476156516667,3.6820517383333335,223.5965
4804,gps,51.0447597555,3.6820472798333332,223.5965
4805,gps,51.0447597555,3.6820472798333332,223.5965
4806,gps,51.0447597555,3.6820472798333332,222.4469
4807,gps,51.044757735833336,3.682043074,222.4469
4808,gps,51.044757735833336,3.682043074,222.4469
4809,gps,51.044757735833336,3.682043074,221.3792
4810,gps,51.04475578833333,3.6820389821666666,221.3792
4811,gps,51.04475578833333,3.6820389821666666,221.3792
4812,gps,51.04475578833333,3.6820389821666666,219.7514
4813,gps,51.04475376516667,3.6820348791666664,219.7514
4814,gps,51.04475376516667,3.6820348791666664,219.7514
4815,gps,51.04475376516667,3.6820348791666664,218.6895
4816,gps,51.04475177516667,3.682030805,218.6895
4817,gps,51.04475177516667,3.682030805,218.6895
4818,gps,51.04475177516667,3.682030805,217.6474
4819,gps,51.044749808166664,3.6820267768333332,217.6474
4820,gps,51.044749808166664,3.6820267768333332,217.6474
4821,gps,51.044749808166664,3.6820267768333332,215.9149
4822,gps,51.044747721,3.6820228908333332,215.9149
4823,gps,51.044747721,3.6820228908333332,215.9149
4824,gps,51.044747721,3.6820228908333332,213.6136
4825,gps,51.04474550916667,3.6820191313333335,213.6136
4826,gps,51.04474550916667,3.6820191313333335,213.6136
4827,gps,51.04474550916667,3.6820191313333335,212.0992
4828,gps,51.04474327733333,3.6820155576666664,212.0992
4829,gps,51.04474327733333,3.6820155576666664,212.0992
4830,gps,51.04474327733333,3.6820155576666664,210.2764
4831,gps,51.044741077833336,3.6820119968333334,210.2764
4832,gps,51.044741077833336,3.6820119968333334,210.2764
4833,gps,51.044741077833336,3.6820119968333334,208.3027
4834,gps,51.04473879,3.682008552166667,208.3027
4835,gps,51.04473879,3.682008552166667,208.3027
4836,gps,51.04473879,3.682008552166667,206.8187
4837,gps,51.04473645016667,3.6820053313333334,206.8187
4838,gps,51.04473645016667,3.6820053313333334,206.8187
4839,gps,51.04473645016667,3.6820053313333334,205.2103
4840,gps,51.04473403916667,3.6820021611666665,205.2103
4841,gps,51.04473403916667,3.6820021611666665,205.2103
4842,gps,51.04473403916667,3.6820021611666665,204.2529
4843,gps,51.0447314945,3.681999181,204.2529
4844,gps,51.0447314945,3.681999181,204.2529
4845,gps,51.0447314945,3.681999181,202.7536
4846,gps,51.044729046,3.6819962598333333,202.7536
4847,gps,51.044729046,3.6819962598333333,202.7536
4848,gps,51.044729046,3.6819962598333333,201.1436
4849,gps,51.044726446666665,3.6819934325,201.1436
4850,gps,51.044726446666665,3.6819934325,201.1436
4851,gps,51.044726446666665,3.6819934325,199.6291
4852,gps,51.044723865,3.6819906959999997,199.6291
4853,gps,51.044723865,3.6819906959999997,199.6291
4854,gps,51.044723865,3.6819906959999997,198.3726
4855,gps,51.044721331666665,3.681987979666667,198.3726
4856,gps,51.044721331666665,3.681987979666667,198.3726
4857,gps,51.044721331666665,3.681987979666667,196.6309
4858,gps,51.04471871933333,3.6819858731666666,196.6309
4859,gps,51.04471871933333,3.6819858731666666,196.6309
4860,gps,51.04471871933333,3.6819858731666666,197.3005
4861,gps,51.044716221,3.6819838750000002,197.3005
4862,gps,51.044716221,3.6819838750000002,197.3005
4863,gps,51.044716221,3.6819838750000002,196.9824
4864,gps,51.04471380216667,3.681982026,196.9824
4865,gps,51.04471380216667,3.681982026,196.9824
4866,gps,51.04471380216667,3.681982026,197.6242
4867,gps,51.0447115355,3.681980278,197.6242
4868,gps,51.0447115355,3.681980278,197.6242
4869,gps,51.0447115355,3.681980278,197.931
4870,gps,51.044709369833335,3.68197858,197.931
4871,gps,51.044709369833335,3.68197858,197.931
4872,gps,51.044709369833335,3.68197858,198.0
4873,gps,51.04470741716667,3.6819769215,198.0
4874,gps,51.04470741716667,3.6819769215,198.0
4875,gps,51.04470741716667,3.6819769215,198.4362
4876,gps,51.0447053855,3.681975372666667,198.4362
4877,gps,51.0447053855,3.681975372666667,198.4362
4878,gps,51.0447053855,3.681975372666667,198.6106
4879,gps,51.044703410833336,3.681973860333333,198.6106
4880,gps,51.044703410833336,3.681973860333333,198.6106
4881,gps,51.044703410833336,3.681973860333333,198.1833
4882,gps,51.04470144933333,3.6819726521666665,198.1833
4883,gps,51.04470144933333,3.6819726521666665,198.1833
4884,gps,51.04470144933333,3.6819726521666665,199.4517
4885,gps,51.044699707,3.6819712493333334,199.4517
4886,gps,51.044699707,3.6819712493333334,199.4517
4887,gps,51.044699707,3.6819712493333334,200.1839
4888,gps,51.04469803083333,3.6819696716666668,200.1839
4889,gps,51.04469803083333,3.6819696716666668,200.1839
4890,gps,51.04469803083333,3.6819696716666668,199.7711
4891,gps,51.04469639683333,3.6819682098333333,199.7711
4892,gps,51.04469639683333,3.6819682098333333,199.7711
4893,gps,51.04469639683333,3.6819682098333333,199.2112
4894,gps,51.04469468366667,3.681967042666667,199.2112
4895,gps,51.04469468366667,3.681967042666667,199.2112
4896,gps,51.04469468366667,3.681967042666667,199.7824
4897,gps,51.044693010833335,3.6819660111666668,199.7824
4898,gps,51.044693010833335,3.6819660111666668,199.7824
4899,gps,51.044693010833335,3.6819660111666668,201.0931
4900,gps,51.04469135883333,3.6819650191666664,201.0931
4901,gps,51.04469135883333,3.6819650191666664,201.0931
4902,gps,51.04469135883333,3.6819650191666664,202.0821
4903,gps,51.04468965466667,3.6819642455,202.0821
4904,gps,51.04468965466667,3.6819642455,202.0821
4905,gps,51.04468965466667,3.6819642455,203.9635
26,camera,51.04468137717648,3.6819526041881834,0.0
4906,gps,51.044687123833334,3.6819628543333334,203.9635
4907,gps,51.044687123833334,3.6819628543333334,203.9635
4908,gps,51.044687123833334,3.6819628543333334,206.2218
4909,gps,51.044684486,3.681960958,206.2218
4910,gps,51.044684486,3.681960958,206.2218
4911,gps,51.044684486,3.681960958,207.5269
4912,gps,51.044681549,3.681958916666667,207.5269
4913,gps,51.044681549,3.681958916666667,207.5269
4914,gps,51.044681549,3.681958916666667,210.9545
4915,gps,51.04467829266667,3.6819573623333333,210.9545
4916,gps,51.04467829266667,3.6819573623333333,210.9545
4917,gps,51.04467829266667,3.6819573623333333,214.5226
4918,gps,51.044674588,3.6819554755,214.5226
4919,gps,51.044674588,3.6819554755,214.5226
4920,gps,51.044674588,3.6819554755,219.8512
4921,gps,51.044671105,3.6819525523333336,219.8512
4922,gps,51.044671105,3.6819525523333336,219.8512
4923,gps,51.044671105,3.6819525523333336,224.465
4924,gps,51.04466774283333,3.681949646666667,224.465
4925,gps,51.04466774283333,3.681949646666667,224.465
4926,gps,51.04466774283333,3.681949646666667,228.8101
4927,gps,51.044664582,3.6819468421666666,228.8101
4928,gps,51.044664582,3.6819468421666666,228.8101
4929,gps,51.044664582,3.6819468421666666,231.944
4930,gps,51.044661799833335,3.6819440051666668,231.944
4931,gps,51.044661799833335,3.6819440051666668,231.944
4932,gps,51.044661799833335,3.6819440051666668,234.2933
4933,gps,51.044659408,3.6819410738333334,234.2933
4934,gps,51.044659408,3.6819410738333334,234.2933
4935,gps,51.044659408,3.6819410738333334,236.1086
4936,gps,51.044657073833335,3.681938272,236.1086
4937,gps,51.044657073833335,3.681938272,236.1086
4938,gps,51.044657073833335,3.681938272,237.6187
4939,gps,51.044655115666664,3.681935433,237.6187
4940,gps,51.044655115666664,3.681935433,237.6187
4941,gps,51.044655115666664,3.681935433,238.072
4942,gps,51.0446532085,3.6819327013333334,238.072
4943,gps,51.0446532085,3.6819327013333334,238.072
4944,gps,51.0446532085,3.6819327013333334,238.4711
4945,gps,51.0446514165,3.681929988166667,238.4711
4946,gps,51.0446514165,3.681929988166667,238.4711
4947,gps,51.0446514165,3.681929988166667,239.1039
4948,gps,51.0446497095,3.6819274275,239.1039
4949,gps,51.0446497095,3.6819274275,239.1039
4950,gps,51.0446497095,3.6819274275,240.0924
4951,gps,51.044648110833336,3.6819248803333333,240.0924
4952,gps,51.044648110833336,3.6819248803333333,240.0924
4953,gps,51.044648110833336,3.6819248803333333,241.1661
4954,gps,51.04464653583333,3.681922430666667,241.1661
4955,gps,51.04464653583333,3.681922430666667,241.1661
4956,gps,51.04464653583333,3.681922430666667,241.8645
4957,gps,51.04464497833333,3.6819201578333334,241.8645
4958,gps,51.04464497833333,3.6819201578333334,241.8645
4959,gps,51.04464497833333,3.6819201578333334,242.1931
4960,gps,51.044643500666666,3.6819178981666667,242.1931
4961,gps,51.044643500666666,3.6819178981666667,242.1931
4962,gps,51.044643500666666,3.6819178981666667,242.9649
4963,gps,51.044642090833335,3.681915593,242.9649
4964,gps,51.044642090833335,3.681915593,242.9649
4965,gps,51.044642090833335,3.681915593,243.7668
4966,gps,51.0446407455,3.6819134318333333,243.7668
4967,gps,51.0446407455,3.6819134318333333,243.7668
4968,gps,51.0446407455,3.6819134318333333,244.8391
4969,gps,51.044639538666665,3.681911158666667,244.8391
4970,gps,51.044639538666665,3.681911158666667,244.8391
4971,gps,51.044639538666665,3.681911158666667,244.9291
4972,gps,51.0446384,3.681909047,244.9291
4973,gps,51.0446384,3.681909047,244.9291
4974,gps,51.0446384,3.681909047,245.1978
4975,gps,51.044637275333336,3.6819069963333333,245.1978
4976,gps,51.044637275333336,3.6819069963333333,245.1978
4977,gps,51.044637275333336,3.6819069963333333,244.7221
4978,gps,51.04463613866667,3.6819050113333334,244.7221
4979,gps,51.04463613866667,3.6819050113333334,244.7221
4980,gps,51.04463613866667,3.6819050113333334,245.5686
4981,gps,51.04463510716667,3.6819028523333333,245.5686
4982,gps,51.04463510716667,3.6819028523333333,245.5686
4983,gps,51.04463510716667,3.6819028523333333,246.2025
4984,gps,51.044634119,3.6819008815,246.2025
4985,gps,51.044634119,3.6819008815,246.2025
4986,gps,51.044634119,3.6819008815,246.9144
4987,gps,51.04463310316667,3.6818989721666666,246.9144
4988,gps,51.04463310316667,3.6818989721666666,246.9144
4989,gps,51.04463310316667,3.6818989721666666,246.9879
4990,gps,51.04463213966667,3.6818971505,246.9879
4991,gps,51.04463213966667,3.6818971505,246.9879
4992,gps,51.04463213966667,3.6818971505,247.1993
4993,gps,51.04463133683333,3.681895295,247.1993
4994,gps,51.04463133683333,3.681895295,247.1993
4995,gps,51.04463133683333,3.681895295,248.191
4996,gps,51.044630400833334,3.6818935688333334,248.191
4997,gps,51.044630400833334,3.6818935688333334,248.191
4998,gps,51.044630400833334,3.6818935688333334,249.9043
4999,gps,51.04462947166667,3.6818919025,249.9043
5000,gps,51.04462947166667,3.6818919025,249.9043
5001,gps,51.04462947166667,3.6818919025,249.0053
5002,gps,51.04462866433333,3.6818901668333335,249.0053
5003,gps,51.04462866433333,3.6818901668333335,249.0053
5004,gps,51.04462866433333,3.6818901668333335,249.3328
5005,gps,51.04462798416667,3.68188827,249.3328
5006,gps,51.04462798416667,3.68188827,249.3328
5007,gps,51.04462798416667,3.68188827,249.0501
5008,gps,51.04462716,3.681886755,249.0501
5009,gps,51.04462716,3.681886755,249.0501
5010,gps,51.04462716,3.681886755,249.1553
5011,gps,51.04462647616667,3.6818852006666667,249.1553
5012,gps,51.04462647616667,3.6818852006666667,249.1553
5013,gps,51.04462647616667,3.6818852006666667,249.455
5014,gps,51.044625862833335,3.681883507666667,249.455
5015,gps,51.044625862833335,3.681883507666667,249.455
5016,gps,51.044625862833335,3.681883507666667,249.7621
5017,gps,51.044625122166664,3.681881911,249.7621
5018,gps,51.044625122166664,3.681881911,249.7621
5019,gps,51.044625122166664,3.681881911,250.2674
5020,gps,51.0446246565,3.6818808831666665,250.2674
5021,gps,51.0446246565,3.6818808831666665,250.2674
5022,gps,51.0446246565,3.6818808831666665,247.2102
5023,gps,51.044624381666665,3.6818808365,247.2102
5024,gps,51.044624381666665,3.6818808365,247.2102
5025,gps,51.044624381666665,3.6818808365,244.9119
5026,gps,51.044624089,3.6818804056666665,244.9119
5027,gps,51.044624089,3.6818804056666665,244.9119
5028,gps,51.044624089,3.6818804056666665,241.6912
5029,gps,51.044623569,3.681879608,241.6912
5030,gps,51.044623569,3.681879608,241.6912
5031,gps,51.044623569,3.681879608,240.6093
5032,gps,51.0446231365,3.6818796718333333,240.6093
5033,gps,51.0446231365,3.6818796718333333,240.6093
5034,gps,51.0446231365,3.6818796718333333,243.9859
5035,gps,51.04462291716667,3.6818804135,243.9859
5036,gps,51.04462291716667,3.6818804135,243.9859
5037,gps,51.04462291716667,3.6818804135,247.0173
5038,gps,51.044623067,3.681881543833333,247.0173
5039,gps,51.044623067,3.681881543833333,247.0173
5040,gps,51.044623067,3.681881543833333,248.5154
5041,gps,51.044623217,3.6818824998333333,248.5154
5042,gps,51.044623217,3.6818824998333333,248.5154
5043,gps,51.044623217,3.6818824998333333,250.125
5044,gps,51.044623424,3.681883486833333,250.125
5045,gps,51.044623424,3.681883486833333,250.125
5046,gps,51.044623424,3.681883486833333,250.9302
5047,gps,51.04462364416667,3.6818844048333332,250.9302
5048,gps,51.04462364416667,3.6818844048333332,250.9302
5049,gps,51.04462364416667,3.6818844048333332,251.9266
5050,gps,51.044623875166664,3.6818852626666665,251.9266
5051,gps,51.044623875166664,3.6818852626666665,251.9266
5052,gps,51.044623875166664,3.6818852626666665,251.8823
5053,gps,51.04462426,3.6818860263333333,251.8823
5054,gps,51.04462426,3.6818860263333333,251.8823
5055,gps,51.04462426,3.6818860263333333,252.222
5056,gps,51.04462455233333,3.6818868321666667,252.222
5057,gps,51.04462455233333,3.6818868321666667,252.222
5058,gps,51.04462455233333,3.6818868321666667,252.6089
5059,gps,51.04462470916667,3.6818877395,252.6089
5060,gps,51.04462470916667,3.6818877395,252.6089
5061,gps,51.04462470916667,3.6818877395,252.7339
5062,gps,51.044624928833336,3.6818885408333335,252.7339
5063,gps,51.044624928833336,3.6818885408333335,252.7339
5064,gps,51.044624928833336,3.6818885408333335,252.8261
5065,gps,51.04462511083333,3.6818893806666666,252.8261
5066,gps,51.04462511083333,3.6818893806666666,252.8261
5067,gps,51.04462511083333,3.6818893806666666,252.936
5068,gps,51.04462527616667,3.6818901784999998,252.936
5069,gps,51.04462527616667,3.6818901784999998,252.936
5070,gps,51.04462527616667,3.6818901784999998,253.5318
5071,gps,51.04462556633333,3.6818910218333336,253.5318
5072,gps,51.04462556633333,3.6818910218333336,253.5318
5073,gps,51.04462556633333,3.6818910218333336,253.7857
5074,gps,51.04462578366667,3.681891767833333,253.7857
5075,gps,51.04462578366667,3.681891767833333,253.7857
5076,gps,51.04462578366667,3.681891767833333,253.951
5077,gps,51.04462600583334,3.6818924638333335,253.951
5078,gps,51.04462600583334,3.6818924638333335,253.951
5079,gps,51.04462600583334,3.6818924638333335,254.0424
5080,gps,51.044626237833334,3.681893115,254.0424
5081,gps,51.044626237833334,3.681893115,254.0424
5082,gps,51.044626237833334,3.681893115,254.1398
5083,gps,51.044626384833336,3.6818939323333333,254.1398
5084,gps,51.044626384833336,3.6818939323333333,254.1398
5085,gps,51.044626384833336,3.6818939323333333,254.5799
5086,gps,51.044626607,3.681894656,254.5799
5087,gps,51.044626607,3.681894656,254.5799
5088,gps,51.044626607,3.681894656,254.7674
5089,gps,51.04462675516667,3.681895412833333,254.7674
5090,gps,51.04462675516667,3.681895412833333,254.7674
5091,gps,51.04462675516667,3.681895412833333,255.1207
5092,gps,51.04462694466667,3.6818960836666665,255.1207
5093,gps,51.04462694466667,3.6818960836666665,255.1207
5094,gps,51.04462694466667,3.6818960836666665,255.4682
5095,gps,51.04462708483333,3.681896770833333,255.4682
5096,gps,51.04462708483333,3.681896770833333,255.4682
5097,gps,51.04462708483333,3.681896770833333,255.8083
5098,gps,51.04462727083333,3.6818974003333333,255.8083
5099,gps,51.04462727083333,3.6818974003333333,255.8083
5100,gps,51.04462727083333,3.6818974003333333,255.8414
5101,gps,51.044627395,3.6818981043333334,255.8414
5102,gps,51.044627395,3.6818981043333334,255.8414
5103,gps,51.044627395,3.6818981043333334,255.8553
5104,gps,51.04462754083333,3.6818987763333335,255.8553
5105,gps,51.04462754083333,3.6818987763333335,255.8553
5106,gps,51.04462754083333,3.6818987763333335,256.2443
5107,gps,51.0446277745,3.681899301666667,256.2443
5108,gps,51.0446277745,3.681899301666667,256.2443
5109,gps,51.0446277745,3.681899301666667,256.7753
5110,gps,51.0446279085,3.6818999875,256.7753
5111,gps,51.0446279085,3.6818999875,256.7753
5112,gps,51.0446279085,3.6818999875,256.8299
5113,gps,51.04462801766667,3.6819006576666666,256.8299
5114,gps,51.04462801766667,3.6819006576666666,256.8299
5115,gps,51.04462801766667,3.6819006576666666,256.0802
5116,gps,51.0446281685,3.6819012328333334,256.0802
5117,gps,51.0446281685,3.6819012328333334,256.0802
5118,gps,51.0446281685,3.6819012328333334,255.8926
5119,gps,51.044628263166665,3.6819026261666665,255.8926
5120,gps,51.044628263166665,3.6819026261666665,255.8926
5121,gps,51.044628263166665,3.6819026261666665,262.5048
5122,gps,51.0446281865,3.6819069118333334,262.5048
5123,gps,51.0446281865,3.6819069118333334,262.5048
5124,gps,51.0446281865,3.6819069118333334,280.0985
5125,gps,51.044628739333334,3.681910392833333,280.0985
5126,gps,51.044628739333334,3.681910392833333,280.0985
5127,gps,51.044628739333334,3.681910392833333,295.0877
5128,gps,51.04462887783333,3.6819130335,295.0877
5129,gps,51.04462887783333,3.6819130335,295.0877
5130,gps,51.04462887783333,3.6819130335,309.9671
5131,gps,51.0446291665,3.6819146338333333,309.9671
5132,gps,51.0446291665,3.6819146338333333,309.9671
5133,gps,51.0446291665,3.6819146338333333,325.831
5134,gps,51.04462991133333,3.681915569,325.831
5135,gps,51.04462991133333,3.681915569,325.831
5136,gps,51.04462991133333,3.681915569,339.2242
5137,gps,51.04463073716666,3.681916424,339.2242
5138,gps,51.04463073716666,3.681916424,339.2242
5139,gps,51.04463073716666,3.681916424,351.2847
5140,gps,51.044632025666665,3.681916877,351.2847
5141,gps,51.044632025666665,3.681916877,351.2847
5142,gps,51.044632025666665,3.681916877,2.1885
5143,gps,51.044633456166665,3.6819176369999997,2.1885
5144,gps,51.044633456166665,3.6819176369999997,2.1885
5145,gps,51.044633456166665,3.6819176369999997,12.292
5146,gps,51.04463497816667,3.681918442833333,12.292
5147,gps,51.04463497816667,3.681918442833333,12.292
5148,gps,51.04463497816667,3.681918442833333,20.127
5149,gps,51.04463647883333,3.681919446,20.127
5150,gps,51.04463647883333,3.681919446,20.127
5151,gps,51.04463647883333,3.681919446,27.4807
5152,gps,51.04463794,3.681920842833333,27.4807
5153,gps,51.04463794,3.681920842833333,27.4807
5154,gps,51.04463794,3.681920842833333,32.1011
5155,gps,51.044639350666664,3.6819223020000003,32.1011
5156,gps,51.044639350666664,3.6819223020000003,32.1011
5157,gps,51.044639350666664,3.6819223020000003,36.7842
5158,gps,51.044640754666666,3.681923854,36.7842
5159,gps,51.044640754666666,3.681923854,36.7842
5160,gps,51.044640754666666,3.681923854,40.0592
5161,gps,51.04464218216667,3.6819253180000002,40.0592
5162,gps,51.04464218216667,3.6819253180000002,40.0592
5163,gps,51.04464218216667,3.6819253180000002,44.204
5164,gps,51.0446434615,3.681927093,44.204
5165,gps,51.0446434615,3.681927093,44.204
5166,gps,51.0446434615,3.681927093,47.0597
5167,gps,51.04464505233334,3.6819289273333333,47.0597
5168,gps,51.04464505233334,3.6819289273333333,47.0597
5169,gps,51.04464505233334,3.6819289273333333,50.3246
5170,gps,51.044646447,3.681931002833333,50.3246
5171,gps,51.044646447,3.681931002833333,50.3246
5172,gps,51.044646447,3.681931002833333,52.176
5173,gps,51.044647954666665,3.68193292,52.176
5174,gps,51.044647954666665,3.68193292,52.176
5175,gps,51.044647954666665,3.68193292,54.0976
5176,gps,51.0446491245,3.6819349768333334,54.0976
5177,gps,51.0446491245,3.6819349768333334,54.0976
5178,gps,51.0446491245,3.6819349768333334,54.3909
5179,gps,51.04464999183333,3.681937371666667,54.3909
5180,gps,51.04464999183333,3.681937371666667,54.3909
5181,gps,51.04464999183333,3.681937371666667,53.6512
5182,gps,51.04465082066667,3.6819396615,53.6512
5183,gps,51.04465082066667,3.6819396615,53.6512
5184,gps,51.04465082066667,3.6819396615,51.9253
5185,gps,51.04465158516667,3.6819417665,51.9253
5186,gps,51.04465158516667,3.6819417665,51.9253
5187,gps,51.04465158516667,3.6819417665,51.296
5188,gps,51.04465243316667,3.6819438425,51.296
5189,gps,51.04465243316667,3.6819438425,51.296
5190,gps,51.04465243316667,3.6819438425,50.6102
5191,gps,51.044653292666666,3.6819459608333336,50.6102
5192,gps,51.044653292666666,3.6819459608333336,50.6102
5193,gps,51.044653292666666,3.6819459608333336,48.5927
5194,gps,51.044654095,3.6819486798333334,48.5927
5195,gps,51.044654095,3.6819486798333334,48.5927
5196,gps,51.044654095,3.6819486798333334,46.4176
5197,gps,51.04465551,3.6819519583333333,46.4176
5198,gps,51.04465551,3.6819519583333333,46.4176
5199,gps,51.04465551,3.6819519583333333,42.5326
5200,gps,51.04465709083333,3.681955676,42.5326
5201,gps,51.04465709083333,3.681955676,42.5326
5202,gps,51.04465709083333,3.681955676,40.042
5203,gps,51.04465861916667,3.681959141166667,40.042
5204,gps,51.04465861916667,3.681959141166667,40.042
5205,gps,51.04465861916667,3.681959141166667,37.5067
5206,gps,51.04466022383333,3.6819622396666665,37.5067
5207,gps,51.04466022383333,3.6819622396666665,37.5067
5208,gps,51.04466022383333,3.6819622396666665,34.7358
5209,gps,51.04466200066667,3.6819652556666664,34.7358
5210,gps,51.04466200066667,3.6819652556666664,34.7358
5211,gps,51.04466200066667,3.6819652556666664,33.712
5212,gps,51.04466399416667,3.6819688708333334,33.712
5213,gps,51.04466399416667,3.6819688708333334,33.712
5214,gps,51.04466399416667,3.6819688708333334,29.4941
5215,gps,51.04466641366667,3.681972630333333,29.4941
5216,gps,51.04466641366667,3.681972630333333,29.4941
5217,gps,51.04466641366667,3.681972630333333,26.8061
5218,gps,51.0446689155,3.6819761265,26.8061
5219,gps,51.0446689155,3.6819761265,26.8061
5220,gps,51.0446689155,3.6819761265,23.9817
5221,gps,51.0446713335,3.6819794756666666,23.9817
5222,gps,51.0446713335,3.6819794756666666,23.9817
5223,gps,51.0446713335,3.6819794756666666,21.8303
5224,gps,51.044674098,3.6819827728333334,21.8303
5225,gps,51.044674098,3.6819827728333334,21.8303
5226,gps,51.044674098,3.6819827728333334,19.2683
5227,gps,51.044677353,3.681985936166667,19.2683
5228,gps,51.044677353,3.681985936166667,19.2683
5229,gps,51.044677353,3.681985936166667,16.497
5230,gps,51.044680600333336,3.681988766,16.497
5231,gps,51.044680600333336,3.681988766,16.497
5232,gps,51.044680600333336,3.681988766,15.2888
5233,gps,51.04468388483333,3.6819911143333335,15.2888
5234,gps,51.04468388483333,3.6819911143333335,15.2888
5235,gps,51.04468388483333,3.6819911143333335,14.8549
5236,gps,51.0446869915,3.681992903833333,14.8549
5237,gps,51.0446869915,3.681992903833333,14.8549
5238,gps,51.0446869915,3.681992903833333,15.879
5239,gps,51.044689999,3.68199472,15.879
5240,gps,51.044689999,3.68199472,15.879
5241,gps,51.044689999,3.68199472,16.7858
5242,gps,51.044693386333336,3.681996805833333,16.7858
5243,gps,51.044693386333336,3.681996805833333,16.7858
5244,gps,51.044693386333336,3.681996805833333,16.2828
5245,gps,51.044696775666665,3.681998987,16.2828
5246,gps,51.044696775666665,3.681998987,16.2828
5247,gps,51.044696775666665,3.681998987,16.0823
5248,gps,51.044700098,3.6820004308333334,16.0823
5249,gps,51.044700098,3.6820004308333334,16.0823
5250,gps,51.044700098,3.6820004308333334,18.3217
5251,gps,51.04470327716667,3.6820017061666666,18.3217
5252,gps,51.04470327716667,3.6820017061666666,18.3217
5253,gps,51.04470327716667,3.6820017061666666,21.3011
5254,gps,51.044706215,3.682002885,21.3011
5255,gps,51.044706215,3.682002885,21.3011
5256,gps,51.044706215,3.682002885,24.2345
5257,gps,51.04470914783333,3.6820039446666666,24.2345
5258,gps,51.04470914783333,3.6820039446666666,24.2345
5259,gps,51.04470914783333,3.6820039446666666,27.1031
5260,gps,51.04471189416667,3.682004973333333,27.1031
5261,gps,51.04471189416667,3.682004973333333,27.1031
5262,gps,51.04471189416667,3.682004973333333,30.1938
5263,gps,51.04471461683333,3.6820062848333333,30.1938
5264,gps,51.04471461683333,3.6820062848333333,30.1938
5265,gps,51.04471461683333,3.6820062848333333,32.671
5266,gps,51.04471769533333,3.682008155666667,32.671
5267,gps,51.04471769533333,3.682008155666667,32.671
5268,gps,51.04471769533333,3.682008155666667,35.0067
5269,gps,51.044720632,3.682010176,35.0067
5270,gps,51.044720632,3.682010176,35.0067
5271,gps,51.044720632,3.682010176,35.0006
5272,gps,51.04472338316667,3.6820125876666667,35.0006
5273,gps,51.04472338316667,3.6820125876666667,35.0006
5274,gps,51.04472338316667,3.6820125876666667,35.6242
5275,gps,51.0447339245,3.682022600333333,35.6242
5276,gps,51.0447339245,3.682022600333333,35.6242
5277,gps,51.0447339245,3.682022600333333,36.6318
5278,gps,51.04473850033333,3.682026216666667,36.6318
5279,gps,51.04473850033333,3.682026216666667,36.6318
5280,gps,51.04473850033333,3.682026216666667,37.3635
5281,gps,51.04474241,3.682029583333333,37.3635
5282,gps,51.04474241,3.682029583333333,37.3635
5283,gps,51.04474241,3.682029583333333,38.5953
5284,gps,51.04474596066667,3.6820328928333335,38.5953
5285,gps,51.04474596066667,3.6820328928333335,38.5953
5286,gps,51.04474596066667,3.6820328928333335,39.486
5287,gps,51.04474941233333,3.682036558,39.486
5288,gps,51.04474941233333,3.682036558,39.486
5289,gps,51.04474941233333,3.682036558,40.3416
5290,gps,51.04475290116667,3.6820407083333335,40.3416
5291,gps,51.04475290116667,3.6820407083333335,40.3416
5292,gps,51.04475290116667,3.6820407083333335,41.4197
5293,gps,51.04475622166667,3.6820442780000002,41.4197
5294,gps,51.04475622166667,3.6820442780000002,41.4197
5295,gps,51.04475622166667,3.6820442780000002,41.9539
5296,gps,51.04475911066667,3.6820477888333336,41.9539
5297,gps,51.04475911066667,3.6820477888333336,41.9539
5298,gps,51.04475911066667,3.6820477888333336,43.2327
5299,gps,51.044762872166665,3.6820509665,43.2327
5300,gps,51.044762872166665,3.6820509665,43.2327
5301,gps,51.044762872166665,3.6820509665,44.5193
5302,gps,51.044766292333335,3.6820541523333334,44.5193
5303,gps,51.044766292333335,3.6820541523333334,44.5193
5304,gps,51.044766292333335,3.6820541523333334,45.0857
5305,gps,51.044768881833335,3.6820577996666666,45.0857
5306,gps,51.044768881833335,3.6820577996666666,45.0857
5307,gps,51.044768881833335,3.6820577996666666,46.2466
5308,gps,51.04477101716667,3.682061521,46.2466
5309,gps,51.04477101716667,3.682061521,46.2466
5310,gps,51.04477101716667,3.682061521,46.9772
5311,gps,51.044772869166664,3.682065123,46.9772
5312,gps,51.044772869166664,3.682065123,46.9772
5313,gps,51.044772869166664,3.682065123,47.2087
5314,gps,51.04477521383333,3.682067982,47.2087
5315,gps,51.04477521383333,3.682067982,47.2087
5316,gps,51.04477521383333,3.682067982,47.5401
5317,gps,51.04477741116666,3.682070868166667,47.5401
5318,gps,51.04477741116666,3.682070868166667,47.5401
5319,gps,51.04477741116666,3.682070868166667,48.8814
5320,gps,51.04477936566666,3.6820736541666665,48.8814
5321,gps,51.04477936566666,3.6820736541666665,48.8814
5322,gps,51.04477936566666,3.6820736541666665,49.0965
5323,gps,51.044781283,3.682076718833333,49.0965
5324,gps,51.044781283,3.682076718833333,49.0965
5325,gps,51.044781283,3.682076718833333,50.085
5326,gps,51.04478280716667,3.682079685833333,50.085
5327,gps,51.04478280716667,3.682079685833333,50.085
5328,gps,51.04478280716667,3.682079685833333,49.4658
5329,gps,51.04478436316667,3.68208235,49.4658
5330,gps,51.04478436316667,3.68208235,49.4658
5331,gps,51.04478436316667,3.68208235,49.8503
5332,gps,51.044785831333336,3.682084945833333,49.8503
5333,gps,51.044785831333336,3.682084945833333,49.8503
5334,gps,51.044785831333336,3.682084945833333,50.2822
5335,gps,51.044787111333335,3.6820875041666667,50.2822
5336,gps,51.044787111333335,3.6820875041666667,50.2822
5337,gps,51.044787111333335,3.6820875041666667,50.1527
5338,gps,51.044788606333334,3.682089909166667,50.1527
5339,gps,51.044788606333334,3.682089909166667,50.1527
5340,gps,51.044788606333334,3.682089909166667,51.7036
5341,gps,51.044790170166664,3.68209214,51.7036
5342,gps,51.044790170166664,3.68209214,51.7036
5343,gps,51.044790170166664,3.68209214,51.0203
5344,gps,51.0447918515,3.6820942123333333,51.0203
5345,gps,51.0447918515,3.6820942123333333,51.0203
5346,gps,51.0447918515,3.6820942123333333,51.5583
5347,gps,51.044793566,3.6820963205,51.5583
5348,gps,51.044793566,3.6820963205,51.5583
5349,gps,51.044793566,3.6820963205,52.5248
27,camera,51.0448043013328,3.6821061807226143,0.0
5350,gps,51.04479516966666,3.6820985176666667,52.5248
5351,gps,51.04479516966666,3.6820985176666667,52.5248
5352,gps,51.04479516966666,3.6820985176666667,51.9172
5353,gps,51.044796651666665,3.682100649,51.9172
5354,gps,51.044796651666665,3.682100649,51.9172
5355,gps,51.044796651666665,3.682100649,52.4202
5356,gps,51.044797847666665,3.6821021555,52.4202
5357,gps,51.044797847666665,3.6821021555,52.4202
5358,gps,51.044797847666665,3.6821021555,52.5284
5359,gps,51.044799182,3.6821040651666666,52.5284
5360,gps,51.044799182,3.6821040651666666,52.5284
5361,gps,51.044799182,3.6821040651666666,53.7247
5362,gps,51.04480099883333,3.6821066166666667,53.7247
5363,gps,51.04480099883333,3.6821066166666667,53.7247
5364,gps,51.04480099883333,3.6821066166666667,54.8038
5365,gps,51.04480291716666,3.682108769,54.8038
5366,gps,51.04480291716666,3.682108769,54.8038
5367,gps,51.04480291716666,3.682108769,56.2266
5368,gps,51.0448046695,3.6821107888333335,56.2266
5369,gps,51.0448046695,3.6821107888333335,56.2266
5370,gps,51.0448046695,3.6821107888333335,58.1357
5371,gps,51.04480623533333,3.6821127883333333,58.1357
5372,gps,51.04480623533333,3.6821127883333333,58.1357
5373,gps,51.04480623533333,3.6821127883333333,58.1266
5374,gps,51.044807311666666,3.6821146491666665,58.1266
5375,gps,51.044807311666666,3.6821146491666665,58.1266
5376,gps,51.044807311666666,3.6821146491666665,56.9845
5377,gps,51.044808362,3.682116484333333,56.9845
5378,gps,51.044808362,3.682116484333333,56.9845
5379,gps,51.044808362,3.682116484333333,55.5793
5380,gps,51.04480951916667,3.6821180405,55.5793
5381,gps,51.04480951916667,3.6821180405,55.5793
5382,gps,51.04480951916667,3.6821180405,54.1474
5383,gps,51.04481092783333,3.682119807333333,54.1474
5384,gps,51.04481092783333,3.682119807333333,54.1474
5385,gps,51.04481092783333,3.682119807333333,51.4056
5386,gps,51.044811995,3.6821219833333334,51.4056
5387,gps,51.044811995,3.6821219833333334,51.4056
5388,gps,51.044811995,3.6821219833333334,48.2846
5389,gps,51.04481334166667,3.6821240336666667,48.2846
5390,gps,51.04481334166667,3.6821240336666667,48.2846
5391,gps,51.04481334166667,3.6821240336666667,45.0062
5392,gps,51.044814817833334,3.6821256716666664,45.0062
5393,gps,51.044814817833334,3.6821256716666664,45.0062
5394,gps,51.044814817833334,3.6821256716666664,41.8857
5395,gps,51.0448161535,3.6821272903333333,41.8857
5396,gps,51.0448161535,3.6821272903333333,41.8857
5397,gps,51.0448161535,3.6821272903333333,39.8322
5398,gps,51.044817126,3.6821285311666667,39.8322
5399,gps,51.044817126,3.6821285311666667,39.8322
5400,gps,51.044817126,3.6821285311666667,39.1142
5401,gps,51.044818269333334,3.6821296696666668,39.1142
5402,gps,51.044818269333334,3.6821296696666668,39.1142
5403,gps,51.044818269333334,3.6821296696666668,38.4858
5404,gps,51.044819065166664,3.6821318571666666,38.4858
5405,gps,51.044819065166664,3.6821318571666666,38.4858
5406,gps,51.044819065166664,3.6821318571666666,38.2852
5407,gps,51.04481991516667,3.682134076,38.2852
5408,gps,51.04481991516667,3.682134076,38.2852
5409,gps,51.04481991516667,3.682134076,37.3125
5410,gps,51.04482080066666,3.682136320333333,37.3125
5411,gps,51.04482080066666,3.682136320333333,37.3125
5412,gps,51.04482080066666,3.682136320333333,36.6154
5413,gps,51.0448212145,3.682136767833333,36.6154
5414,gps,51.0448212145,3.682136767833333,36.6154
5415,gps,51.0448212145,3.682136767833333,36.0772
5416,gps,51.04482137433333,3.6821367786666666,36.0772
5417,gps,51.04482137433333,3.6821367786666666,36.0772
5418,gps,51.04482137433333,3.6821367786666666,35.9534
5419,gps,51.04482306966667,3.6821381743333332,35.9534
5420,gps,51.04482306966667,3.6821381743333332,35.9534
5421,gps,51.04482306966667,3.6821381743333332,36.1784
5422,gps,51.04482447983333,3.6821397976666668,36.1784
5423,gps,51.04482447983333,3.6821397976666668,36.1784
5424,gps,51.04482447983333,3.6821397976666668,34.947
5425,gps,51.0448264285,3.6821414546666666,34.947
5426,gps,51.0448264285,3.6821414546666666,34.947
5427,gps,51.0448264285,3.6821414546666666,32.7037
5428,gps,51.04482791216667,3.6821432875,32.7037
5429,gps,51.04482791216667,3.6821432875,32.7037
5430,gps,51.04482791216667,3.6821432875,31.563
5431,gps,51.04482930933333,3.682144502,31.563
5432,gps,51.04482930933333,3.682144502,31.563
5433,gps,51.04482930933333,3.682144502,31.1431
5434,gps,51.044830229333336,3.6821462215,31.1431
5435,gps,51.044830229333336,3.6821462215,31.1431
5436,gps,51.044830229333336,3.6821462215,30.3712
5437,gps,51.044831200833336,3.6821479768333334,30.3712
5438,gps,51.044831200833336,3.6821479768333334,30.3712
5439,gps,51.044831200833336,3.6821479768333334,30.2263
5440,gps,51.0448322865,3.6821494931666665,30.2263
5441,gps,51.0448322865,3.6821494931666665,30.2263
5442,gps,51.0448322865,3.6821494931666665,30.2485
5443,gps,51.04483382483333,3.6821497913333334,30.2485
5444,gps,51.04483382483333,3.6821497913333334,30.2485
5445,gps,51.04483382483333,3.6821497913333334,30.531
5446,gps,51.0448352995,3.6821500585,30.531
5447,gps,51.0448352995,3.6821500585,30.531
5448,gps,51.0448352995,3.6821500585,30.8777
5449,gps,51.04483686333333,3.6821505363333333,30.8777
5450,gps,51.04483686333333,3.6821505363333333,30.8777
5451,gps,51.04483686333333,3.6821505363333333,31.0151
5452,gps,51.04483839583333,3.6821511971666667,31.0151
5453,gps,51.04483839583333,3.6821511971666667,31.0151
5454,gps,51.04483839583333,3.6821511971666667,31.0997
5455,gps,51.04484004216667,3.6821519301666665,31.0997
5456,gps,51.04484004216667,3.6821519301666665,31.0997
5457,gps,51.04484004216667,3.6821519301666665,31.4745
5458,gps,51.044841711,3.682152646,31.4745
5459,gps,51.044841711,3.682152646,31.4745
5460,gps,51.044841711,3.682152646,31.6696
5461,gps,51.044843427833335,3.6821531181666667,31.6696
5462,gps,51.044843427833335,3.6821531181666667,31.6696
5463,gps,51.044843427833335,3.6821531181666667,31.7665
5464,gps,51.04484499516666,3.6821539545,31.7665
5465,gps,51.04484499516666,3.6821539545,31.7665
5466,gps,51.04484499516666,3.6821539545,31.5963
5467,gps,51.04484667916667,3.6821550073333333,31.5963
5468,gps,51.04484667916667,3.6821550073333333,31.5963
5469,gps,51.04484667916667,3.6821550073333333,31.6744
5470,gps,51.044848070166665,3.682156083833333,31.6744
5471,gps,51.044848070166665,3.682156083833333,31.6744
5472,gps,51.044848070166665,3.682156083833333,32.4674
5473,gps,51.044849258,3.6821563988333335,32.4674
5474,gps,51.044849258,3.6821563988333335,32.4674
5475,gps,51.044849258,3.6821563988333335,32.5294
5476,gps,51.04485042433333,3.6821569115,32.5294
5477,gps,51.04485042433333,3.6821569115,32.5294
5478,gps,51.04485042433333,3.6821569115,32.3737
5479,gps,51.04485158116667,3.682158070333333,32.3737
5480,gps,51.04485158116667,3.682158070333333,32.3737
5481,gps,51.04485158116667,3.682158070333333,32.4258
5482,gps,51.04485261,3.6821596023333334,32.4258
5483,gps,51.04485261,3.6821596023333334,32.4258
5484,gps,51.04485261,3.6821596023333334,32.2387
5485,gps,51.044853589333336,3.682161192,32.2387
5486,gps,51.044853589333336,3.682161192,32.2387
5487,gps,51.044853589333336,3.682161192,32.3878
5488,gps,51.0448545325,3.682162913,32.3878
5489,gps,51.0448545325,3.682162913,32.3878
5490,gps,51.0448545325,3.682162913,31.8349
5491,gps,51.044855625,3.6821638036666666,31.8349
5492,gps,51.044855625,3.6821638036666666,31.8349
5493,gps,51.044855625,3.6821638036666666,32.0093
5494,gps,51.044856319833336,3.6821647588333333,32.0093
5495,gps,51.044856319833336,3.6821647588333333,32.0093
5496,gps,51.044856319833336,3.6821647588333333,33.9155
5497,gps,51.04485688683334,3.6821657071666665,33.9155
5498,gps,51.04485688683334,3.6821657071666665,33.9155
5499,gps,51.04485688683334,3.6821657071666665,36.308
5500,gps,51.0448576605,3.682166887166667,36.308
5501,gps,51.0448576605,3.682166887166667,36.308
5502,gps,51.0448576605,3.682166887166667,37.6429
5503,gps,51.044858815,3.6821688178333334,37.6429
5504,gps,51.044858815,3.6821688178333334,37.6429
5505,gps,51.044858815,3.6821688178333334,37.5201
5506,gps,51.044860396666664,3.682170409833333,37.5201
5507,gps,51.044860396666664,3.682170409833333,37.5201
5508,gps,51.044860396666664,3.682170409833333,36.7968
5509,gps,51.04486191866667,3.6821722868333335,36.7968
5510,gps,51.04486191866667,3.6821722868333335,36.7968
5511,gps,51.04486191866667,3.6821722868333335,36.5837
5512,gps,51.0448637675,3.6821746613333333,36.5837
5513,gps,51.0448637675,3.6821746613333333,36.5837
5514,gps,51.0448637675,3.6821746613333333,36.571
5515,gps,51.044865502,3.682176875166667,36.571
5516,gps,51.044865502,3.682176875166667,36.571
5517,gps,51.044865502,3.682176875166667,35.8548
5518,gps,51.044867124666666,3.6821791841666665,35.8548
5519,gps,51.044867124666666,3.6821791841666665,35.8548
5520,gps,51.044867124666666,3.6821791841666665,36.2188
5521,gps,51.044868829,3.682180503833333,36.2188
5522,gps,51.044868829,3.682180503833333,36.2188
5523,gps,51.044868829,3.682180503833333,36.4449
5524,gps,51.044870703,3.6821822738333334,36.4449
5525,gps,51.044870703,3.6821822738333334,36.4449
5526,gps,51.044870703,3.6821822738333334,36.2076
5527,gps,51.044874039,3.6821850471666666,36.2076
5528,gps,51.044874039,3.6821850471666666,36.2076
5529,gps,51.044874039,3.6821850471666666,34.5752
5530,gps,51.044876740666666,3.682188338,34.5752
5531,gps,51.044876740666666,3.682188338,34.5752
5532,gps,51.044876740666666,3.682188338,31.0914
5533,gps,51.04487939366667,3.6821906081666667,31.0914
5534,gps,51.04487939366667,3.6821906081666667,31.0914
5535,gps,51.04487939366667,3.6821906081666667,28.5823
5536,gps,51.0448821915,3.6821928274999998,28.5823
5537,gps,51.0448821915,3.6821928274999998,28.5823
5538,gps,51.0448821915,3.6821928274999998,26.8778
5539,gps,51.04488488383333,3.6821948373333333,26.8778
5540,gps,51.04488488383333,3.6821948373333333,26.8778
5541,gps,51.04488488383333,3.6821948373333333,25.6362
5542,gps,51.04488786,3.6821971566666667,25.6362
5543,gps,51.04488786,3.6821971566666667,25.6362
5544,gps,51.04488786,3.6821971566666667,24.9943
5545,gps,51.044891164666666,3.6821993941666666,24.9943
5546,gps,51.044891164666666,3.6821993941666666,24.9943
5547,gps,51.044891164666666,3.6821993941666666,23.9775
5548,gps,51.044894591833334,3.682202081833333,23.9775
5549,gps,51.044894591833334,3.682202081833333,23.9775
5550,gps,51.044894591833334,3.682202081833333,23.5432
5551,gps,51.0448986865,3.6822054841666665,23.5432
5552,gps,51.0448986865,3.6822054841666665,23.5432
5553,gps,51.0448986865,3.6822054841666665,22.6739
5554,gps,51.0449028835,3.6822092191666664,22.6739
5555,gps,51.0449028835,3.6822092191666664,22.6739
5556,gps,51.0449028835,3.6822092191666664,22.205
5557,gps,51.04490756116667,3.682212952,22.205
5558,gps,51.04490756116667,3.682212952,22.205
5559,gps,51.04490756116667,3.682212952,21.5476
5560,gps,51.0449127615,3.6822165406666665,21.5476
5561,gps,51.0449127615,3.6822165406666665,21.5476
5562,gps,51.0449127615,3.6822165406666665,21.2896
5563,gps,51.0449176205,3.6822202291666666,21.2896
5564,gps,51.0449176205,3.6822202291666666,21.2896
5565,gps,51.0449176205,3.6822202291666666,20.801
5566,gps,51.04492243166667,3.682223407,20.801
5567,gps,51.04492243166667,3.682223407,20.801
5568,gps,51.04492243166667,3.682223407,20.7641
5569,gps,51.044926626333336,3.6822266056666666,20.7641
5570,gps,51.044926626333336,3.6822266056666666,20.7641
5571,gps,51.044926626333336,3.6822266056666666,20.4607
5572,gps,51.0449303415,3.6822294595000002,20.4607
5573,gps,51.0449303415,3.6822294595000002,20.4607
5574,gps,51.0449303415,3.6822294595000002,21.2871
5575,gps,51.044933804833335,3.6822322708333335,21.2871
5576,gps,51.044933804833335,3.6822322708333335,21.2871
5577,gps,51.044933804833335,3.6822322708333335,21.6784
5578,gps,51.044937147333336,3.6822347435,21.6784
5579,gps,51.044937147333336,3.6822347435,21.6784
5580,gps,51.044937147333336,3.6822347435,22.8014
5581,gps,51.0449404335,3.6822370578333334,22.8014
5582,gps,51.0449404335,3.6822370578333334,22.8014
5583,gps,51.0449404335,3.6822370578333334,24.39
5584,gps,51.04494374466667,3.6822391526666665,24.39
5585,gps,51.04494374466667,3.6822391526666665,24.39
5586,gps,51.04494374466667,3.6822391526666665,25.4364
5587,gps,51.044946583333335,3.6822415935,25.4364
5588,gps,51.044946583333335,3.6822415935,25.4364
5589,gps,51.044946583333335,3.6822415935,26.9145
5590,gps,51.04494934233333,3.6822439895,26.9145
5591,gps,51.04494934233333,3.6822439895,26.9145
5592,gps,51.04494934233333,3.6822439895,27.5455
5593,gps,51.04495234383333,3.6822462506666667,27.5455
5594,gps,51.04495234383333,3.6822462506666667,27.5455
5595,gps,51.04495234383333,3.6822462506666667,28.5462
5596,gps,51.044955197166665,3.6822487496666665,28.5462
5597,gps,51.044955197166665,3.6822487496666665,28.5462
5598,gps,51.044955197166665,3.6822487496666665,29.227
28,camera,51.044970142006775,3.68226843331317,0.0
5599,gps,51.0449581435,3.6822513666666667,29.227
5600,gps,51.0449581435,3.6822513666666667,29.227
5601,gps,51.0449581435,3.6822513666666667,29.8753
5602,gps,51.04496120333334,3.6822537965,29.8753
5603,gps,51.04496120333334,3.6822537965,29.8753
5604,gps,51.04496120333334,3.6822537965,30.7972
5605,gps,51.04496453066667,3.6822564761666667,30.7972
5606,gps,51.04496453066667,3.6822564761666667,30.7972
5607,gps,51.04496453066667,3.6822564761666667,31.3583
5608,gps,51.044968096,3.6822595425,31.3583
5609,gps,51.044968096,3.6822595425,31.3583
5610,gps,51.044968096,3.6822595425,32.491
5611,gps,51.04497219766667,3.6822628901666667,32.491
5612,gps,51.04497219766667,3.6822628901666667,32.491
5613,gps,51.04497219766667,3.6822628901666667,33.6898
5614,gps,51.044976502,3.682266434,33.6898
5615,gps,51.044976502,3.682266434,33.6898
5616,gps,51.044976502,3.682266434,35.1195
5617,gps,51.04498077233333,3.682270343,35.1195
5618,gps,51.04498077233333,3.682270343,35.1195
5619,gps,51.04498077233333,3.682270343,35.8027
5620,gps,51.0449850715,3.6822744973333332,35.8027
5621,gps,51.0449850715,3.6822744973333332,35.8027
5622,gps,51.0449850715,3.6822744973333332,37.2051
5623,gps,51.044989526833334,3.6822785048333335,37.2051
5624,gps,51.044989526833334,3.6822785048333335,37.2051
5625,gps,51.044989526833334,3.6822785048333335,38.408
5626,gps,51.0449936435,3.6822822606666668,38.408
5627,gps,51.0449936435,3.6822822606666668,38.408
5628,gps,51.0449936435,3.6822822606666668,38.8421
5629,gps,51.04499762066666,3.6822861215,38.8421
5630,gps,51.04499762066666,3.6822861215,38.8421
5631,gps,51.04499762066666,3.6822861215,39.5718
5632,gps,51.045001291,3.6822895578333332,39.5718
5633,gps,51.045001291,3.6822895578333332,39.5718
5634,gps,51.045001291,3.6822895578333332,40.1458
5635,gps,51.0450046395,3.6822927911666667,40.1458
5636,gps,51.0450046395,3.6822927911666667,40.1458
5637,gps,51.0450046395,3.6822927911666667,40.8658
5638,gps,51.045007838,3.682295864,40.8658
5639,gps,51.045007838,3.682295864,40.8658
5640,gps,51.045007838,3.682295864,42.2094
5641,gps,51.04501093966667,3.6822987315,42.2094
5642,gps,51.04501093966667,3.6822987315,42.2094
5643,gps,51.04501093966667,3.6822987315,42.3767
5644,gps,51.045013818166666,3.682301606833333,42.3767
5645,gps,51.045013818166666,3.682301606833333,42.3767
5646,gps,51.045013818166666,3.682301606833333,43.9068
5647,gps,51.045016519166666,3.6823043613333333,43.9068
5648,gps,51.045016519166666,3.6823043613333333,43.9068
5649,gps,51.045016519166666,3.6823043613333333,44.4738
5650,gps,51.0450189835,3.6823069455,44.4738
5651,gps,51.0450189835,3.6823069455,44.4738
5652,gps,51.0450189835,3.6823069455,45.8867
5653,gps,51.0450216105,3.6823097511666667,45.8867
5654,gps,51.0450216105,3.6823097511666667,45.8867
5655,gps,51.0450216105,3.6823097511666667,48.3396
5656,gps,51.04502446866667,3.6823129655,48.3396
5657,gps,51.04502446866667,3.6823129655,48.3396
5658,gps,51.04502446866667,3.6823129655,49.7125
5659,gps,51.045027402833334,3.6823169868333334,49.7125
5660,gps,51.045027402833334,3.6823169868333334,49.7125
5661,gps,51.045027402833334,3.6823169868333334,51.7931
5662,gps,51.04503082666667,3.682320746833333,51.7931
5663,gps,51.04503082666667,3.682320746833333,51.7931
5664,gps,51.04503082666667,3.682320746833333,54.9908
5665,gps,51.0450338755,3.6823255346666666,54.9908
5666,gps,51.0450338755,3.6823255346666666,54.9908
5667,gps,51.0450338755,3.6823255346666666,58.6217
29,camera,51.04504545639156,3.6823466289857913,0.0
5668,gps,51.045036619166666,3.6823304461666666,58.6217
5669,gps,51.045036619166666,3.6823304461666666,58.6217
5670,gps,51.045036619166666,3.6823304461666666,62.7051
5671,gps,51.04503942066667,3.6823358026666666,62.7051
5672,gps,51.04503942066667,3.6823358026666666,62.7051
5673,gps,51.04503942066667,3.6823358026666666,66.0391
5674,gps,51.0450414675,3.682340920833333,66.0391
5675,gps,51.0450414675,3.682340920833333,66.0391
5676,gps,51.0450414675,3.682340920833333,69.0826
5677,gps,51.04504383616667,3.6823465711666667,69.0826
5678,gps,51.04504383616667,3.6823465711666667,69.0826
5679,gps,51.04504383616667,3.6823465711666667,72.3808
5680,gps,51.04504613416667,3.6823525341666667,72.3808
5681,gps,51.04504613416667,3.6823525341666667,72.3808
5682,gps,51.04504613416667,3.6823525341666667,75.9477
5683,gps,51.04504868433333,3.682359057833333,75.9477
5684,gps,51.04504868433333,3.682359057833333,75.9477
5685,gps,51.04504868433333,3.682359057833333,79.319
5686,gps,51.0450503875,3.682365401666667,79.319
5687,gps,51.0450503875,3.682365401666667,79.319
5688,gps,51.0450503875,3.682365401666667,82.3851
5689,gps,51.045052138833334,3.6823718503333334,82.3851
5690,gps,51.045052138833334,3.6823718503333334,82.3851
5691,gps,51.045052138833334,3.6823718503333334,84.9008
5692,gps,51.045053607166665,3.6823783601666666,84.9008
5693,gps,51.045053607166665,3.6823783601666666,84.9008
5694,gps,51.045053607166665,3.6823783601666666,88.0055
5695,gps,51.045054819166666,3.6823846663333333,88.0055
5696,gps,51.045054819166666,3.6823846663333333,88.0055
5697,gps,51.045054819166666,3.6823846663333333,90.8996
5698,gps,51.04505579366667,3.682390788166667,90.8996
5699,gps,51.04505579366667,3.682390788166667,90.8996
5700,gps,51.04505579366667,3.682390788166667,92.927
5701,gps,51.04505658833333,3.68239649,92.927
5702,gps,51.04505658833333,3.68239649,92.927
5703,gps,51.04505658833333,3.68239649,94.8762
5704,gps,51.045057446166666,3.6824026096666667,94.8762
5705,gps,51.045057446166666,3.6824026096666667,94.8762
5706,gps,51.045057446166666,3.6824026096666667,97.4704
5707,gps,51.04505812266667,3.6824085745,97.4704
5708,gps,51.04505812266667,3.6824085745,97.4704
5709,gps,51.04505812266667,3.6824085745,100.4941
5710,gps,51.04505839466667,3.6824162051666667,100.4941
5711,gps,51.04505839466667,3.6824162051666667,100.4941
5712,gps,51.04505839466667,3.6824162051666667,103.9645
5713,gps,51.045058530333336,3.6824243048333334,103.9645
5714,gps,51.045058530333336,3.6824243048333334,103.9645
5715,gps,51.045058530333336,3.6824243048333334,108.3976
5716,gps,51.04505821466667,3.6824321875,108.3976
5717,gps,51.04505821466667,3.6824321875,108.3976
5718,gps,51.04505821466667,3.6824321875,112.4668
5719,gps,51.0450576305,3.682439452,112.4668
5720,gps,51.0450576305,3.682439452,112.4668
5721,gps,51.0450576305,3.682439452,115.4234
5722,gps,51.04505695466667,3.682446301666667,115.4234
5723,gps,51.04505695466667,3.682446301666667,115.4234
5724,gps,51.04505695466667,3.682446301666667,117.4933
5725,gps,51.045056394,3.6824524255,117.4933
5726,gps,51.045056394,3.6824524255,117.4933
5727,gps,51.045056394,3.6824524255,119.7881
5728,gps,51.045055752833335,3.6824582348333332,119.7881
5729,gps,51.045055752833335,3.6824582348333332,119.7881
5730,gps,51.045055752833335,3.6824582348333332,121.956
5731,gps,51.04505500333333,3.6824632476666666,121.956
5732,gps,51.04505500333333,3.6824632476666666,121.956
5733,gps,51.04505500333333,3.6824632476666666,123.3462
5734,gps,51.04505402983333,3.6824682453333333,123.3462
5735,gps,51.04505402983333,3.6824682453333333,123.3462
5736,gps,51.04505402983333,3.6824682453333333,124.7277
5737,gps,51.0450535405,3.6824725721666667,124.7277
5738,gps,51.0450535405,3.6824725721666667,124.7277
5739,gps,51.0450535405,3.6824725721666667,128.1278
5740,gps,51.04505317966667,3.6824771435,128.1278
5741,gps,51.04505317966667,3.6824771435,128.1278
5742,gps,51.04505317966667,3.6824771435,133.7874
5743,gps,51.045052735,3.6824817888333334,133.7874
5744,gps,51.045052735,3.6824817888333334,133.7874
5745,gps,51.045052735,3.6824817888333334,140.3614
5746,gps,51.045052069,3.6824860396666668,140.3614
5747,gps,51.045052069,3.6824860396666668,140.3614
5748,gps,51.045052069,3.6824860396666668,146.1877
5749,gps,51.045051635,3.682489781,146.1877
5750,gps,51.045051635,3.682489781,146.1877
5751,gps,51.045051635,3.682489781,151.6965
5752,gps,51.045050698333334,3.6824935181666665,151.6965
5753,gps,51.045050698333334,3.6824935181666665,151.6965
5754,gps,51.045050698333334,3.6824935181666665,156.8157
5755,gps,51.045049268666666,3.6824971548333334,156.8157
5756,gps,51.045049268666666,3.6824971548333334,156.8157
5757,gps,51.045049268666666,3.6824971548333334,161.4874
5758,gps,51.04504752966667,3.682500566,161.4874
5759,gps,51.04504752966667,3.682500566,161.4874
5760,gps,51.04504752966667,3.682500566,166.2002
5761,gps,51.0450456515,3.6825036416666665,166.2002
5762,gps,51.0450456515,3.6825036416666665,166.2002
5763,gps,51.0450456515,3.6825036416666665,170.8102
30,camera,51.04503403308715,3.6824998717665394,0.0
5764,gps,51.045043697333334,3.6825062955,170.8102
5765,gps,51.045043697333334,3.6825062955,170.8102
5766,gps,51.045043697333334,3.6825062955,175.1414
5767,gps,51.0450416215,3.6825088736666665,175.1414
5768,gps,51.0450416215,3.6825088736666665,175.1414
5769,gps,51.0450416215,3.6825088736666665,179.5335
5770,gps,51.045039288666665,3.6825114941666666,179.5335
5771,gps,51.045039288666665,3.6825114941666666,179.5335
5772,gps,51.045039288666665,3.6825114941666666,183.7144
5773,gps,51.04503683233333,3.6825141788333333,183.7144
5774,gps,51.04503683233333,3.6825141788333333,183.7144
5775,gps,51.04503683233333,3.6825141788333333,187.9079
5776,gps,51.04503446933333,3.6825163333333335,187.9079
5777,gps,51.04503446933333,3.6825163333333335,187.9079
5778,gps,51.04503446933333,3.6825163333333335,191.7435
5779,gps,51.0450321635,3.6825180535,191.7435
5780,gps,51.0450321635,3.6825180535,191.7435
5781,gps,51.0450321635,3.6825180535,194.8668
5782,gps,51.04502991333333,3.6825194188333334,194.8668
5783,gps,51.04502991333333,3.6825194188333334,194.8668
5784,gps,51.04502991333333,3.6825194188333334,197.5781
5785,gps,51.0450274975,3.6825208203333335,197.5781
5786,gps,51.0450274975,3.6825208203333335,197.5781
5787,gps,51.0450274975,3.6825208203333335,201.0115
5788,gps,51.045024993666665,3.6825218226666667,201.0115
5789,gps,51.045024993666665,3.6825218226666667,201.0115
5790,gps,51.045024993666665,3.6825218226666667,203.9513
5791,gps,51.04502233633333,3.6825227193333334,203.9513
5792,gps,51.04502233633333,3.6825227193333334,203.9513
5793,gps,51.04502233633333,3.6825227193333334,208.261
5794,gps,51.04501943933333,3.6825233485,208.261
5795,gps,51.04501943933333,3.6825233485,208.261
5796,gps,51.04501943933333,3.6825233485,213.2921
5797,gps,51.04501647283333,3.6825237336666667,213.2921
5798,gps,51.04501647283333,3.6825237336666667,213.2921
5799,gps,51.04501647283333,3.6825237336666667,217.886
5800,gps,51.04501374066667,3.6825237773333335,217.886
5801,gps,51.04501374066667,3.6825237773333335,217.886
5802,gps,51.04501374066667,3.6825237773333335,222.65
5803,gps,51.0450111385,3.6825228491666664,222.65
5804,gps,51.0450111385,3.6825228491666664,222.65
5805,gps,51.0450111385,3.6825228491666664,225.866
5806,gps,51.04500887766667,3.682521427166667,225.866
5807,gps,51.04500887766667,3.682521427166667,225.866
5808,gps,51.04500887766667,3.682521427166667,227.2301
5809,gps,51.04500676833333,3.6825196091666665,227.2301
5810,gps,51.04500676833333,3.6825196091666665,227.2301
5811,gps,51.04500676833333,3.6825196091666665,226.9754
5812,gps,51.04500469916667,3.682517585833333,226.9754
5813,gps,51.04500469916667,3.682517585833333,226.9754
5814,gps,51.04500469916667,3.682517585833333,227.4018
5815,gps,51.045002531166666,3.6825154625,227.4018
5816,gps,51.045002531166666,3.6825154625,227.4018
5817,gps,51.045002531166666,3.6825154625,228.1852
5818,gps,51.0450003755,3.6825129655,228.1852
5819,gps,51.0450003755,3.6825129655,228.1852
5820,gps,51.0450003755,3.6825129655,229.1018
5821,gps,51.044998306833335,3.6825103461666666,229.1018
5822,gps,51.044998306833335,3.6825103461666666,229.1018
5823,gps,51.044998306833335,3.6825103461666666,230.3171
5824,gps,51.04499623583333,3.6825076786666666,230.3171
5825,gps,51.04499623583333,3.6825076786666666,230.3171
5826,gps,51.04499623583333,3.6825076786666666,231.4862
5827,gps,51.044994511166664,3.682504826833333,231.4862
5828,gps,51.044994511166664,3.682504826833333,231.4862
5829,gps,51.044994511166664,3.682504826833333,232.344
5830,gps,51.044993102666666,3.6825018083333334,232.344
5831,gps,51.044993102666666,3.6825018083333334,232.344
5832,gps,51.044993102666666,3.6825018083333334,233.4331
5833,gps,51.044991351166665,3.6824984843333333,233.4331
5834,gps,51.044991351166665,3.6824984843333333,233.4331
5835,gps,51.044991351166665,3.6824984843333333,234.2987
5836,gps,51.04498927116666,3.6824950183333334,234.2987
5837,gps,51.04498927116666,3.6824950183333334,234.2987
5838,gps,51.04498927116666,3.6824950183333334,235.274
5839,gps,51.0449871145,3.6824915836666667,235.274
5840,gps,51.0449871145,3.6824915836666667,235.274
5841,gps,51.0449871145,3.6824915836666667,236.447
5842,gps,51.04498506083333,3.6824881695,236.447
5843,gps,51.04498506083333,3.6824881695,236.447
5844,gps,51.04498506083333,3.6824881695,237.0727
5845,gps,51.04498312133333,3.682484824,237.0727
5846,gps,51.04498312133333,3.682484824,237.0727
5847,gps,51.04498312133333,3.682484824,237.6661
5848,gps,51.04498140383333,3.682481442166667,237.6661
5849,gps,51.04498140383333,3.682481442166667,237.6661
5850,gps,51.04498140383333,3.682481442166667,238.3748
5851,gps,51.04497931216667,3.6824778031666665,238.3748
5852,gps,51.04497931216667,3.6824778031666665,238.3748
5853,gps,51.04497931216667,3.6824778031666665,239.0484
5854,gps,51.044977064,3.6824739221666665,239.0484
5855,gps,51.044977064,3.6824739221666665,239.0484
5856,gps,51.044977064,3.6824739221666665,239.5571
5857,gps,51.04497497366667,3.6824702048333333,239.5571
5858,gps,51.04497497366667,3.6824702048333333,239.5571
5859,gps,51.04497497366667,3.6824702048333333,240.4835
5860,gps,51.044972966833335,3.6824664946666665,240.4835
5861,gps,51.044972966833335,3.6824664946666665,240.4835
5862,gps,51.044972966833335,3.6824664946666665,240.8629
5863,gps,51.044971325666666,3.6824629251666665,240.8629
5864,gps,51.044971325666666,3.6824629251666665,240.8629
5865,gps,51.044971325666666,3.6824629251666665,241.3613
5866,gps,51.04496932133333,3.6824590146666667,241.3613
5867,gps,51.04496932133333,3.6824590146666667,241.3613
5868,gps,51.04496932133333,3.6824590146666667,241.8516
5869,gps,51.0449673385,3.6824551255,241.8516
5870,gps,51.0449673385,3.6824551255,241.8516
5871,gps,51.0449673385,3.6824551255,242.4458
5872,gps,51.044965705833334,3.682451403,242.4458
5873,gps,51.044965705833334,3.682451403,242.4458
5874,gps,51.044965705833334,3.682451403,242.8656
5875,gps,51.04496397533333,3.6824476558333332,242.8656
5876,gps,51.04496397533333,3.6824476558333332,242.8656
5877,gps,51.04496397533333,3.6824476558333332,243.3017
5878,gps,51.04496238266667,3.6824439418333332,243.3017
5879,gps,51.04496238266667,3.6824439418333332,243.3017
5880,gps,51.04496238266667,3.6824439418333332,243.6756
5881,gps,51.044960759333335,3.6824400361666667,243.6756
5882,gps,51.044960759333335,3.6824400361666667,243.6756
5883,gps,51.044960759333335,3.6824400361666667,243.9844
5884,gps,51.04495928516667,3.6824361921666666,243.9844
5885,gps,51.04495928516667,3.6824361921666666,243.9844
5886,gps,51.04495928516667,3.6824361921666666,244.5913
5887,gps,51.04495792183333,3.6824323186666668,244.5913
5888,gps,51.04495792183333,3.6824323186666668,244.5913
5889,gps,51.04495792183333,3.6824323186666668,244.9927
5890,gps,51.044956601,3.6824282356666664,244.9927
5891,gps,51.044956601,3.6824282356666664,244.9927
5892,gps,51.044956601,3.6824282356666664,245.1677
5893,gps,51.04495481916667,3.682423816,245.1677
5894,gps,51.04495481916667,3.682423816,245.1677
5895,gps,51.04495481916667,3.682423816,245.3917
5896,gps,51.04495297583333,3.6824193823333333,245.3917
5897,gps,51.04495297583333,3.6824193823333333,245.3917
5898,gps,51.04495297583333,3.6824193823333333,245.6915
5899,gps,51.044951231333336,3.6824150955,245.6915
5900,gps,51.044951231333336,3.6824150955,245.6915
5901,gps,51.044951231333336,3.6824150955,246.1426
5902,gps,51.0449495745,3.682410778,246.1426
5903,gps,51.0449495745,3.682410778,246.1426
5904,gps,51.0449495745,3.682410778,245.9139
5905,gps,51.044948003,3.6824065355,245.9139
5906,gps,51.044948003,3.6824065355,245.9139
5907,gps,51.044948003,3.6824065355,246.1372
5908,gps,51.044946522,3.6824023151666667,246.1372
5909,gps,51.044946522,3.6824023151666667,246.1372
5910,gps,51.044946522,3.6824023151666667,245.9545
5911,gps,51.04494509116667,3.6823980385,245.9545
5912,gps,51.04494509116667,3.6823980385,245.9545
5913,gps,51.04494509116667,3.6823980385,246.0066
5914,gps,51.04494370166667,3.6823937215,246.0066
5915,gps,51.04494370166667,3.6823937215,246.0066
5916,gps,51.04494370166667,3.6823937215,246.5621
5917,gps,51.04494217366667,3.6823893986666665,246.5621
5918,gps,51.04494217366667,3.6823893986666665,246.5621
5919,gps,51.04494217366667,3.6823893986666665,247.4009
5920,gps,51.0449407755,3.6823850453333336,247.4009
5921,gps,51.0449407755,3.6823850453333336,247.4009
5922,gps,51.0449407755,3.6823850453333336,247.0795
5923,gps,51.04493931983333,3.6823807648333333,247.0795
5924,gps,51.04493931983333,3.6823807648333333,247.0795
5925,gps,51.04493931983333,3.6823807648333333,248.4665
5926,gps,51.044937708333336,3.682376238833333,248.4665
5927,gps,51.044937708333336,3.682376238833333,248.4665
5928,gps,51.044937708333336,3.682376238833333,252.6835
5929,gps,51.04493664766667,3.6823691785,252.6835
5930,gps,51.04493664766667,3.6823691785,252.6835
5931,gps,51.04493664766667,3.6823691785,262.9289
5932,gps,51.044936297666666,3.6823626205,262.9289
5933,gps,51.044936297666666,3.6823626205,262.9289
5934,gps,51.044936297666666,3.6823626205,265.726
5935,gps,51.044936386833335,3.6823562893333333,265.726
5936,gps,51.044936386833335,3.6823562893333333,265.726
5937,gps,51.044936386833335,3.6823562893333333,267.8684
5938,gps,51.04493651,3.682349835166667,267.8684
5939,gps,51.04493651,3.682349835166667,267.8684
5940,gps,51.04493651,3.682349835166667,267.4002
5941,gps,51.044936962,3.682343731,267.4002
5942,gps,51.044936962,3.682343731,267.4002
5943,gps,51.044936962,3.682343731,265.9997
5944,gps,51.04493746,3.682337695166667,265.9997
5945,gps,51.04493746,3.682337695166667,265.9997
5946,gps,51.04493746,3.682337695166667,265.5786
5947,gps,51.044937747666665,3.6823317375,265.5786
5948,gps,51.044937747666665,3.6823317375,265.5786
5949,gps,51.044937747666665,3.6823317375,264.988
5950,gps,51.04493799816667,3.682325749,264.988
5951,gps,51.04493799816667,3.682325749,264.988
5952,gps,51.04493799816667,3.682325749,263.6271
5953,gps,51.04493789283333,3.6823200571666668,263.6271
5954,gps,51.04493789283333,3.6823200571666668,263.6271
5955,gps,51.04493789283333,3.6823200571666668,263.0955
5956,gps,51.0449376715,3.6823144335,263.0955
5957,gps,51.0449376715,3.6823144335,263.0955
5958,gps,51.0449376715,3.6823144335,262.6225
5959,gps,51.04493748083333,3.6823092286666665,262.6225
5960,gps,51.04493748083333,3.6823092286666665,262.6225
5961,gps,51.04493748083333,3.6823092286666665,261.5528
5962,gps,51.04493737916667,3.6823037996666668,261.5528
5963,gps,51.04493737916667,3.6823037996666668,261.5528
5964,gps,51.04493737916667,3.6823037996666668,260.6421
5965,gps,51.044937274333336,3.6822985286666667,260.6421
5966,gps,51.044937274333336,3.6822985286666667,260.6421
5967,gps,51.044937274333336,3.6822985286666667,260.4274
5968,gps,51.044937253166665,3.682292932166667,260.4274
5969,gps,51.044937253166665,3.682292932166667,260.4274
5970,gps,51.044937253166665,3.682292932166667,259.5686
5971,gps,51.044937108,3.682287703666667,259.5686
5972,gps,51.044937108,3.682287703666667,259.5686
5973,gps,51.044937108,3.682287703666667,258.3671
5974,gps,51.04493687116667,3.6822823956666664,258.3671
5975,gps,51.04493687116667,3.6822823956666664,258.3671
5976,gps,51.04493687116667,3.6822823956666664,257.6534
5977,gps,51.044936584666665,3.6822770068333335,257.6534
5978,gps,51.044936584666665,3.6822770068333335,257.6534
5979,gps,51.044936584666665,3.6822770068333335,257.1213
5980,gps,51.04493630183333,3.6822717911666665,257.1213
5981,gps,51.04493630183333,3.6822717911666665,257.1213
5982,gps,51.04493630183333,3.6822717911666665,256.4792
5983,gps,51.044935839,3.6822666594999998,256.4792
5984,gps,51.044935839,3.6822666594999998,256.4792
5985,gps,51.044935839,3.6822666594999998,255.3721
5986,gps,51.04493539316667,3.682261555,255.3721
5987,gps,51.04493539316667,3.682261555,255.3721
5988,gps,51.04493539316667,3.682261555,254.281
5989,gps,51.04493491016667,3.6822566576666667,254.281
5990,gps,51.04493491016667,3.6822566576666667,254.281
5991,gps,51.04493491016667,3.6822566576666667,253.2294
5992,gps,51.044934425166666,3.6822519196666668,253.2294
5993,gps,51.044934425166666,3.6822519196666668,253.2294
5994,gps,51.044934425166666,3.6822519196666668,252.3767
5995,gps,51.044933807666666,3.6822477068333335,252.3767
5996,gps,51.044933807666666,3.6822477068333335,252.3767
5997,gps,51.044933807666666,3.6822477068333335,251.2776
5998,gps,51.044933138833336,3.6822434206666665,251.2776
5999,gps,51.044933138833336,3.6822434206666665,251.2776
6000,gps,51.044933138833336,3.6822434206666665,250.3482
6001,gps,51.04493245916667,3.6822388826666668,250.3482
6002,gps,51.04493245916667,3.6822388826666668,250.3482
6003,gps,51.04493245916667,3.6822388826666668,249.5487
6004,gps,51.044931909333336,3.6822338853333334,249.5487
6005,gps,51.044931909333336,3.6822338853333334,249.5487
6006,gps,51.044931909333336,3.6822338853333334,248.3306
6007,gps,51.04493114583333,3.6822292625,248.3306
6008,gps,51.04493114583333,3.6822292625,248.3306
6009,gps,51.04493114583333,3.6822292625,247.2784
6010,gps,51.04493030783333,3.6822245909999998,247.2784
6011,gps,51.04493030783333,3.6822245909999998,247.2784
6012,gps,51.04493030783333,3.6822245909999998,246.6021
6013,gps,51.044929368,3.682219774,246.6021
6014,gps,51.044929368,3.682219774,246.6021
6015,gps,51.044929368,3.682219774,245.6562
6016,gps,51.04492846983333,3.6822150425,245.6562
6017,gps,51.04492846983333,3.6822150425,245.6562
6018,gps,51.04492846983333,3.6822150425,244.4981
6019,gps,51.04492739016667,3.6822107390000003,244.4981
6020,gps,51.04492739016667,3.6822107390000003,244.4981
6021,gps,51.04492739016667,3.6822107390000003,243.568
6022,gps,51.044926443166666,3.6822059940000003,243.568
6023,gps,51.044926443166666,3.6822059940000003,243.568
6024,gps,51.044926443166666,3.6822059940000003,242.8767
6025,gps,51.044925549333335,3.6822015835,242.8767
6026,gps,51.044925549333335,3.6822015835,242.8767
6027,gps,51.044925549333335,3.6822015835,242.1897
6028,gps,51.044924496,3.6821972215,242.1897
6029,gps,51.044924496,3.6821972215,242.1897
6030,gps,51.044924496,3.6821972215,241.0201
6031,gps,51.04492337916667,3.6821928303333333,241.0201
6032,gps,51.04492337916667,3.6821928303333333,241.0201
6033,gps,51.04492337916667,3.6821928303333333,240.9883
6034,gps,51.044922173,3.682188550333333,240.9883
6035,gps,51.044922173,3.682188550333333,240.9883
6036,gps,51.044922173,3.682188550333333,240.815
6037,gps,51.04492072633333,3.682184257333333,240.815
6038,gps,51.04492072633333,3.682184257333333,240.815
6039,gps,51.04492072633333,3.682184257333333,240.8354
6040,gps,51.044919336666666,3.682179814,240.8354
6041,gps,51.044919336666666,3.682179814,240.8354
6042,gps,51.044919336666666,3.682179814,240.5163
6043,gps,51.044917890166666,3.6821753455,240.5163
6044,gps,51.044917890166666,3.6821753455,240.5163
6045,gps,51.044917890166666,3.6821753455,239.7935
6046,gps,51.044916481,3.6821714358333333,239.7935
6047,gps,51.044916481,3.6821714358333333,239.7935
6048,gps,51.044916481,3.6821714358333333,239.2262
6049,gps,51.04491491016667,3.6821675603333333,239.2262
6050,gps,51.04491491016667,3.6821675603333333,239.2262
6051,gps,51.04491491016667,3.6821675603333333,238.6424
6052,gps,51.0449133735,3.682163384,238.6424
6053,gps,51.0449133735,3.682163384,238.6424
6054,gps,51.0449133735,3.682163384,238.4857
6055,gps,51.044911799,3.6821591301666667,238.4857
6056,gps,51.044911799,3.6821591301666667,238.4857
6057,gps,51.044911799,3.6821591301666667,237.1514
6058,gps,51.04491026516666,3.6821549995,237.1514
6059,gps,51.04491026516666,3.6821549995,237.1514
6060,gps,51.04491026516666,3.6821549995,236.8242
6061,gps,51.04490850133333,3.682150489,236.8242
6062,gps,51.04490850133333,3.682150489,236.8242
6063,gps,51.04490850133333,3.682150489,236.6068
6064,gps,51.04490678333333,3.68214598,236.6068
6065,gps,51.04490678333333,3.68214598,236.6068
6066,gps,51.04490678333333,3.68214598,235.5863
6067,gps,51.04490508566667,3.6821417261666665,235.5863
6068,gps,51.04490508566667,3.6821417261666665,235.5863
6069,gps,51.04490508566667,3.6821417261666665,235.0291
6070,gps,51.044902889,3.6821376526666665,235.0291
6071,gps,51.044902889,3.6821376526666665,235.0291
6072,gps,51.044902889,3.6821376526666665,234.5687
6073,gps,51.04490081916666,3.682132818,234.5687
6074,gps,51.04490081916666,3.682132818,234.5687
6075,gps,51.04490081916666,3.682132818,230.7153
6076,gps,51.04489838933333,3.682128669,230.7153
6077,gps,51.04489838933333,3.682128669,230.7153
6078,gps,51.04489838933333,3.682128669,226.7195
6079,gps,51.0448959315,3.6821249116666666,226.7195
6080,gps,51.0448959315,3.6821249116666666,226.7195
6081,gps,51.0448959315,3.6821249116666666,225.0948
6082,gps,51.044893613,3.6821208725,225.0948
6083,gps,51.044893613,3.6821208725,225.0948
6084,gps,51.044893613,3.6821208725,224.2621
6085,gps,51.04489159533333,3.682116959,224.2621
6086,gps,51.04489159533333,3.682116959,224.2621
6087,gps,51.04489159533333,3.682116959,223.5555
6088,gps,51.04489006666667,3.6821129711666667,223.5555
6089,gps,51.04489006666667,3.6821129711666667,223.5555
6090,gps,51.04489006666667,3.6821129711666667,223.104
6091,gps,51.044888361666665,3.6821092655,223.104
6092,gps,51.044888361666665,3.6821092655,223.104
6093,gps,51.044888361666665,3.6821092655,223.4267
6094,gps,51.04488652316667,3.682105797,223.4267
6095,gps,51.04488652316667,3.682105797,223.4267
6096,gps,51.04488652316667,3.682105797,223.4133
6097,gps,51.04488462516667,3.6821026458333335,223.4133
6098,gps,51.04488462516667,3.6821026458333335,223.4133
6099,gps,51.04488462516667,3.6821026458333335,223.0542
6100,gps,51.0448830715,3.682099459333333,223.0542
6101,gps,51.0448830715,3.682099459333333,223.0542
6102,gps,51.0448830715,3.682099459333333,220.3017
6103,gps,51.044880664,3.6820967233333333,220.3017
6104,gps,51.044880664,3.6820967233333333,220.3017
6105,gps,51.044880664,3.6820967233333333,218.6915
6106,gps,51.0448779265,3.682093645666667,218.6915
6107,gps,51.0448779265,3.682093645666667,218.6915
6108,gps,51.0448779265,3.682093645666667,218.9308
6109,gps,51.044875185,3.6820906973333334,218.9308
6110,gps,51.044875185,3.6820906973333334,218.9308
6111,gps,51.044875185,3.6820906973333334,217.9078
6112,gps,51.044872451,3.682087789666667,217.9078
6113,gps,51.044872451,3.682087789666667,217.9078
6114,gps,51.044872451,3.682087789666667,217.1434
6115,gps,51.04486978883333,3.6820851643333334,217.1434
6116,gps,51.04486978883333,3.6820851643333334,217.1434
6117,gps,51.04486978883333,3.6820851643333334,217.2057
6118,gps,51.044867352,3.682082531333333,217.2057
6119,gps,51.044867352,3.682082531333333,217.2057
6120,gps,51.044867352,3.682082531333333,217.2043
6121,gps,51.04486514733333,3.6820801646666665,217.2043
6122,gps,51.04486514733333,3.6820801646666665,217.2043
6123,gps,51.04486514733333,3.6820801646666665,217.478
6124,gps,51.04486275666667,3.6820775291666665,217.478
6125,gps,51.04486275666667,3.6820775291666665,217.478
6126,gps,51.04486275666667,3.6820775291666665,218.1215
6127,gps,51.044860012,3.6820745365,218.1215
6128,gps,51.044860012,3.6820745365,218.1215
6129,gps,51.044860012,3.6820745365,218.7767
6130,gps,51.044857592,3.6820709835,218.7767
6131,gps,51.044857592,3.6820709835,218.7767
6132,gps,51.044857592,3.6820709835,219.017
6133,gps,51.044854811166665,3.6820680168333335,219.017
6134,gps,51.044854811166665,3.6820680168333335,219.017
6135,gps,51.044854811166665,3.6820680168333335,220.1512
6136,gps,51.044851942166666,3.6820651261666666,220.1512
6137,gps,51.044851942166666,3.6820651261666666,220.1512
6138,gps,51.044851942166666,3.6820651261666666,219.6803
6139,gps,51.044849472833334,3.6820620853333335,219.6803
6140,gps,51.044849472833334,3.6820620853333335,219.6803
6141,gps,51.044849472833334,3.6820620853333335,218.9169
6142,gps,51.044847195,3.682058711833333,218.9169
6143,gps,51.044847195,3.682058711833333,218.9169
6144,gps,51.044847195,3.682058711833333,218.3824
6145,gps,51.04484480166666,3.6820558528333334,218.3824
6146,gps,51.04484480166666,3.6820558528333334,218.3824
6147,gps,51.04484480166666,3.6820558528333334,218.3694
6148,gps,51.04484223266667,3.6820529285,218.3694
6149,gps,51.04484223266667,3.6820529285,218.3694
6150,gps,51.04484223266667,3.6820529285,218.0158
6151,gps,51.04483950783333,3.682050465,218.0158
6152,gps,51.04483950783333,3.682050465,218.0158
6153,gps,51.04483950783333,3.682050465,218.1085
6154,gps,51.044836756833334,3.682047696833333,218.1085
6155,gps,51.044836756833334,3.682047696833333,218.1085
6156,gps,51.044836756833334,3.682047696833333,218.1751
6157,gps,51.04483415566666,3.6820452298333333,218.1751
6158,gps,51.04483415566666,3.6820452298333333,218.1751
6159,gps,51.04483415566666,3.6820452298333333,217.9428
6160,gps,51.0448315225,3.6820429506666668,217.9428
6161,gps,51.0448315225,3.6820429506666668,217.9428
6162,gps,51.0448315225,3.6820429506666668,217.9105
6163,gps,51.04482870366667,3.682040608,217.9105
6164,gps,51.04482870366667,3.682040608,217.9105
6165,gps,51.04482870366667,3.682040608,218.1141
