timestamp_utc,elapsed_s,camera,label,confidence,bbox_x1,bbox_y1,bbox_x2,bbox_y2,distance_m,angle_deg
2026-04-03T13:44:45.976Z,1.729,pi:0,duck,0.8832,723.96,520.87,972.86,829.02,0.752,-3.297
2026-04-03T13:44:46.027Z,1.780,pi:0,duck,0.8795,706.73,509.32,945.77,810.85,0.768,-4.018
2026-04-03T13:44:46.080Z,1.836,pi:0,duck,0.8576,698.62,488.97,926.35,778.99,0.799,-4.465
2026-04-03T13:44:46.118Z,1.871,pi:0,duck,0.8613,698.15,485.06,924.15,770.38,0.812,-4.509
2026-04-03T13:44:46.179Z,1.931,pi:0,duck,0.8722,688.47,489.18,912.01,769.55,0.826,-4.863
2026-04-03T13:44:46.234Z,1.986,pi:0,duck,0.8795,687.51,489.97,897.79,767.22,0.836,-5.109
2026-04-03T13:44:46.283Z,2.035,pi:0,duck,0.8905,681.59,483.25,886.37,751.93,0.862,-5.390
2026-04-03T13:44:46.344Z,2.096,pi:0,duck,0.8394,674.88,458.88,875.58,723.22,0.876,-5.673
2026-04-03T13:44:46.395Z,2.148,pi:0,duck,0.8832,677.81,442.98,876.94,704.91,0.884,-5.603
2026-04-03T13:44:46.484Z,2.237,pi:0,duck,0.8467,667.85,408.27,878.48,669.18,0.888,-5.740
2026-04-03T13:44:46.555Z,2.307,pi:0,duck,0.8467,664.98,390.93,866.06,628.16,0.977,-5.987
2026-04-03T13:44:46.607Z,2.360,pi:0,duck,0.8722,666.00,384.12,854.37,617.47,0.993,-6.159
2026-04-03T13:44:46.714Z,2.467,pi:0,duck,0.8467,667.95,386.85,856.22,616.16,1.010,-6.097
2026-04-03T13:44:46.766Z,2.518,pi:0,duck,0.8321,677.94,373.69,850.49,592.06,1.061,-6.029
2026-04-03T13:44:46.825Z,2.578,pi:0,duck,0.8175,685.42,358.48,852.75,574.46,1.073,-5.871
2026-04-03T13:44:46.917Z,2.669,pi:0,duck,0.8102,688.50,345.94,866.04,561.82,1.073,-5.607
2026-04-03T13:44:46.974Z,2.727,pi:0,duck,0.8138,698.26,341.97,868.05,554.85,1.088,-5.416
2026-04-03T13:44:47.029Z,2.781,pi:0,duck,0.8175,699.65,337.46,870.96,552.03,1.080,-5.347
2026-04-03T13:44:47.081Z,2.834,pi:0,duck,0.8029,699.29,336.61,870.01,551.24,1.079,-5.368
2026-04-03T13:44:47.129Z,2.882,pi:0,duck,0.8029,697.99,336.64,868.05,550.43,1.084,-5.421
2026-04-03T13:44:47.163Z,2.915,pi:0,duck,0.8138,694.87,334.30,868.08,547.82,1.085,-5.471
2026-04-03T13:44:47.238Z,2.991,pi:0,duck,0.8066,692.59,328.79,868.09,539.96,1.097,-5.508
2026-04-03T13:44:47.289Z,3.041,pi:0,duck,0.8066,693.96,325.26,869.09,538.93,1.084,-5.469
2026-04-03T13:44:47.340Z,3.092,pi:0,duck,0.8102,689.87,324.77,868.09,538.94,1.082,-5.551
2026-04-03T13:44:47.408Z,3.161,pi:0,duck,0.8138,689.81,324.36,865.05,538.93,1.080,-5.602
2026-04-03T13:44:47.448Z,3.201,pi:0,duck,0.8102,689.84,322.77,864.02,537.92,1.077,-5.618
2026-04-03T13:44:47.515Z,3.267,pi:0,duck,0.8138,690.30,322.26,867.07,534.94,1.089,-5.561
2026-04-03T13:44:47.602Z,3.355,pi:0,duck,0.8175,691.38,321.80,866.07,533.96,1.092,-5.560
2026-04-03T13:44:47.654Z,3.406,pi:0,duck,0.8248,693.64,321.01,869.08,533.01,1.093,-5.474
2026-04-03T13:44:47.746Z,3.499,pi:0,duck,0.8321,695.75,320.33,869.05,531.18,1.099,-5.441
2026-04-03T13:44:47.819Z,3.571,pi:0,duck,0.8138,696.02,321.32,868.07,533.94,1.090,-5.452
2026-04-03T13:44:47.903Z,3.655,pi:0,duck,0.8211,692.18,322.25,867.05,532.08,1.104,-5.531
2026-04-03T13:44:47.998Z,3.751,pi:0,duck,0.8066,690.38,322.98,868.07,533.94,1.098,-5.543
2026-04-03T13:44:48.062Z,3.814,pi:0,duck,0.8102,689.82,323.35,864.01,533.97,1.100,-5.618
2026-04-03T13:44:48.123Z,3.876,pi:0,duck,0.8211,688.17,322.78,861.97,533.03,1.102,-5.678
2026-04-03T13:44:48.207Z,3.960,pi:0,duck,0.8138,686.61,322.45,859.96,531.22,1.110,-5.736
2026-04-03T13:44:48.275Z,4.027,pi:0,duck,0.8248,688.77,322.25,860.96,531.21,1.109,-5.685
2026-04-03T13:44:48.323Z,4.076,pi:0,duck,0.8102,689.21,321.63,860.95,530.32,1.110,-5.678
2026-04-03T13:44:48.381Z,4.134,pi:0,duck,0.8211,688.68,320.57,861.96,528.68,1.113,-5.670
2026-04-03T13:44:48.475Z,4.228,pi:0,duck,0.8138,687.86,319.49,861.96,527.88,1.112,-5.683
2026-04-03T13:44:48.533Z,4.286,pi:0,duck,0.8066,688.81,320.72,869.07,533.03,1.091,-5.553
2026-04-03T13:44:48.581Z,4.333,pi:0,duck,0.7847,691.89,323.40,872.93,542.99,1.055,-5.440
2026-04-03T13:44:48.678Z,4.431,pi:0,duck,0.7810,690.99,324.00,873.81,547.83,1.035,-5.441
2026-04-03T13:44:48.740Z,4.492,pi:0,duck,0.8102,687.93,324.00,882.81,560.55,0.979,-5.345
2026-04-03T13:44:48.799Z,4.552,pi:0,duck,0.8649,668.85,319.38,882.10,565.47,0.941,-5.665
2026-04-03T13:44:48.855Z,4.608,pi:0,duck,0.4781,654.25,317.23,866.54,589.96,0.849,-6.152
2026-04-03T13:44:48.903Z,4.656,pi:0,duck,0.7336,614.92,326.64,844.54,620.28,0.789,-7.140
2026-04-03T13:44:49.002Z,4.755,pi:0,duck,0.8357,592.56,336.59,822.02,643.05,0.756,-7.861
2026-04-03T13:44:49.043Z,4.795,pi:0,duck,0.8795,496.08,381.75,777.69,726.03,0.673,-10.104
2026-04-03T13:44:49.092Z,4.845,pi:0,duck,0.8759,475.89,398.03,768.16,762.33,0.636,-10.573
2026-04-03T13:44:49.176Z,4.928,pi:0,duck,0.8759,428.80,445.95,746.47,835.06,0.595,-11.655
2026-04-03T13:44:49.231Z,4.983,pi:0,duck,0.9275,412.84,493.25,735.78,892.54,0.580,-12.072
2026-04-03T13:44:49.289Z,5.041,pi:0,duck,0.9351,409.29,535.02,744.64,966.70,0.537,-11.989
2026-04-03T13:44:49.352Z,5.104,pi:0,duck,0.9351,412.84,549.91,760.44,977.67,0.542,-11.686
2026-04-03T13:44:49.426Z,5.179,pi:0,duck,0.9351,416.18,552.31,762.94,978.58,0.543,-11.595
2026-04-03T13:44:49.482Z,5.234,pi:0,duck,0.9427,410.95,568.62,767.99,985.79,0.555,-11.597
2026-04-03T13:44:49.566Z,5.319,pi:0,duck,0.9427,412.72,570.24,767.98,985.81,0.557,-11.570
2026-04-03T13:44:49.632Z,5.385,pi:0,duck,0.9389,414.45,570.21,765.48,984.61,0.559,-11.582
2026-04-03T13:44:49.683Z,5.436,pi:0,duck,0.9389,417.49,571.66,765.46,984.61,0.561,-11.535
2026-04-03T13:44:49.784Z,5.537,pi:0,duck,0.9389,417.50,571.69,765.46,984.61,0.561,-11.534
2026-04-03T13:44:49.832Z,5.585,pi:0,duck,0.9351,420.28,571.69,765.47,983.48,0.563,-11.491
2026-04-03T13:44:49.893Z,5.646,pi:0,duck,0.9351,420.40,570.18,762.98,983.47,0.561,-11.528
2026-04-03T13:44:49.976Z,5.728,pi:0,duck,0.9351,418.95,571.69,765.46,984.59,0.561,-11.512
2026-04-03T13:44:50.040Z,5.793,pi:0,duck,0.9503,410.97,570.28,762.95,987.14,0.556,-11.676
2026-04-03T13:44:50.086Z,5.839,pi:0,duck,0.9465,411.00,571.76,762.97,987.13,0.558,-11.675
2026-04-03T13:44:50.171Z,5.924,pi:0,duck,0.9503,410.90,570.32,765.46,987.14,0.556,-11.638
2026-04-03T13:44:50.240Z,5.992,pi:0,duck,0.9427,409.14,570.32,765.46,987.14,0.556,-11.665
2026-04-03T13:44:50.287Z,6.039,pi:0,duck,0.9503,409.09,570.32,762.98,987.14,0.556,-11.705
2026-04-03T13:44:50.367Z,6.120,pi:0,duck,0.9503,409.12,570.36,762.98,987.14,0.556,-11.705
2026-04-03T13:44:50.438Z,6.191,pi:0,duck,0.9541,410.90,570.32,762.98,987.14,0.556,-11.677
2026-04-03T13:44:50.511Z,6.264,pi:0,duck,0.9465,409.13,570.32,765.47,985.84,0.558,-11.666
2026-04-03T13:44:50.597Z,6.350,pi:0,duck,0.9465,410.90,570.32,762.98,987.14,0.556,-11.677
2026-04-03T13:44:50.698Z,6.450,pi:0,duck,0.9541,410.90,570.24,762.98,987.15,0.556,-11.677
2026-04-03T13:44:50.765Z,6.517,pi:0,duck,0.9541,409.14,570.28,762.98,987.15,0.556,-11.704
2026-04-03T13:44:50.816Z,6.569,pi:0,duck,0.9503,409.11,570.36,762.98,987.14,0.556,-11.705
2026-04-03T13:44:50.871Z,6.623,pi:0,duck,0.9503,409.07,570.28,762.98,987.14,0.556,-11.705
2026-04-03T13:44:50.915Z,6.668,pi:0,duck,0.9503,409.09,570.24,762.98,988.52,0.554,-11.705
2026-04-03T13:44:51.008Z,6.761,pi:0,duck,0.9465,409.13,570.24,762.98,987.15,0.556,-11.704
2026-04-03T13:44:51.060Z,6.813,pi:0,duck,0.9465,410.95,568.73,762.95,987.14,0.554,-11.676
2026-04-03T13:44:51.118Z,6.870,pi:0,duck,0.9465,409.16,570.28,765.46,987.14,0.556,-11.665
2026-04-03T13:44:51.228Z,6.981,pi:0,duck,0.9427,411.02,571.72,762.97,987.14,0.558,-11.675
2026-04-03T13:44:51.273Z,7.026,pi:0,duck,0.9503,417.35,559.06,768.00,985.76,0.543,-11.497
2026-04-03T13:44:51.331Z,7.083,pi:0,duck,0.9313,426.34,518.99,782.69,954.08,0.532,-11.125
2026-04-03T13:44:51.411Z,7.163,pi:0,duck,0.9351,428.40,472.33,795.18,914.12,0.524,-10.896
2026-04-03T13:44:51.462Z,7.215,pi:0,duck,0.9427,440.34,422.84,835.15,894.45,0.491,-10.077
2026-04-03T13:44:51.519Z,7.272,pi:0,duck,0.9313,422.80,370.97,830.98,851.25,0.482,-10.420
2026-04-03T13:44:51.629Z,7.382,pi:0,duck,0.9579,424.99,338.08,828.41,837.90,0.463,-10.426
2026-04-03T13:44:51.670Z,7.423,pi:0,duck,0.9579,446.28,249.37,861.50,787.12,0.431,-9.565
2026-04-03T13:44:51.742Z,7.494,pi:0,duck,0.9579,455.07,223.53,880.95,772.15,0.422,-9.116
2026-04-03T13:44:51.836Z,7.589,pi:0,duck,0.9617,461.03,201.73,885.06,734.49,0.435,-8.955
2026-04-03T13:44:51.887Z,7.640,pi:0,duck,0.9655,472.55,198.46,892.43,731.96,0.434,-8.654
2026-04-03T13:44:51.960Z,7.713,pi:0,duck,0.9655,472.56,200.47,896.20,737.11,0.432,-8.594
2026-04-03T13:44:52.033Z,7.785,pi:0,duck,0.9655,470.14,202.42,896.12,739.64,0.431,-8.634
2026-04-03T13:44:52.089Z,7.841,pi:0,duck,0.9617,467.74,205.49,892.91,742.09,0.432,-8.723
2026-04-03T13:44:52.155Z,7.908,pi:0,duck,0.9655,467.75,208.02,891.17,744.47,0.432,-8.751
2026-04-03T13:44:52.240Z,7.992,pi:0,duck,0.9655,467.76,211.47,891.07,746.84,0.433,-8.752
2026-04-03T13:44:52.286Z,8.039,pi:0,duck,0.9655,475.05,226.82,892.76,759.56,0.435,-8.609
2026-04-03T13:44:52.348Z,8.101,pi:0,duck,0.9693,494.61,261.81,895.70,789.46,0.439,-8.249
2026-04-03T13:44:52.387Z,8.140,pi:0,duck,0.9503,503.04,281.91,898.71,825.33,0.426,-8.066
2026-04-03T13:44:52.488Z,8.241,pi:0,duck,0.8401,505.12,369.27,904.63,930.22,0.413,-7.938
2026-04-03T13:44:52.603Z,8.356,pi:0,duck,0.9465,501.20,460.73,881.34,943.51,0.480,-8.374
2026-04-03T13:44:52.651Z,8.403,pi:0,duck,0.9541,480.02,540.03,844.70,1019.99,0.483,-9.295
2026-04-03T13:44:52.719Z,8.472,pi:0,duck,0.9579,474.98,566.40,829.44,1017.50,0.514,-9.618
2026-04-03T13:44:52.787Z,8.540,pi:0,duck,0.9617,470.10,571.24,824.14,1012.54,0.525,-9.779
2026-04-03T13:44:52.883Z,8.635,pi:0,duck,0.9655,470.09,572.66,824.62,1015.01,0.524,-9.772
2026-04-03T13:44:52.936Z,8.689,pi:0,duck,0.9655,467.76,574.58,825.58,1017.49,0.523,-9.794
2026-04-03T13:44:52.988Z,8.740,pi:0,duck,0.9655,467.72,572.68,825.45,1015.00,0.524,-9.796
2026-04-03T13:44:53.038Z,8.791,pi:0,duck,0.9655,465.43,572.69,824.43,1015.01,0.524,-9.849
2026-04-03T13:44:53.100Z,8.852,pi:0,duck,0.9655,467.73,572.66,824.40,1015.01,0.524,-9.813
2026-04-03T13:44:53.143Z,8.896,pi:0,duck,0.9655,467.72,572.66,822.62,1015.01,0.524,-9.841
2026-04-03T13:44:53.202Z,8.955,pi:0,duck,0.9655,465.42,572.66,822.04,1015.01,0.524,-9.887
2026-04-03T13:44:53.254Z,9.007,pi:0,duck,0.9655,465.46,574.58,825.59,1017.49,0.523,-9.830
2026-04-03T13:44:53.310Z,9.063,pi:0,duck,0.9655,467.76,574.53,826.24,1017.49,0.523,-9.783
2026-04-03T13:44:53.370Z,9.123,pi:0,duck,0.9655,467.76,573.24,825.21,1017.49,0.521,-9.800
2026-04-03T13:44:53.442Z,9.195,pi:0,duck,0.9655,467.75,572.69,820.63,1015.01,0.524,-9.872
2026-04-03T13:44:53.487Z,9.240,pi:0,duck,0.9655,470.10,572.67,822.30,1017.49,0.521,-9.809
2026-04-03T13:44:53.571Z,9.324,pi:0,duck,0.9655,470.10,572.70,822.59,1017.49,0.521,-9.804
2026-04-03T13:44:53.646Z,9.399,pi:0,duck,0.9655,470.09,572.70,821.87,1015.01,0.524,-9.816
2026-04-03T13:44:53.699Z,9.452,pi:0,duck,0.9655,470.12,572.69,820.99,1015.01,0.524,-9.829
2026-04-03T13:44:53.756Z,9.508,pi:0,duck,0.9655,470.12,574.01,821.46,1015.01,0.525,-9.822
2026-04-03T13:44:53.844Z,9.596,pi:0,duck,0.9655,470.13,575.89,823.94,1015.01,0.528,-9.782
2026-04-03T13:44:53.886Z,9.638,pi:0,duck,0.9655,470.11,572.70,819.59,1015.01,0.524,-9.851
2026-04-03T13:44:53.929Z,9.682,pi:0,duck,0.9655,470.11,572.70,819.62,1017.50,0.521,-9.851
2026-04-03T13:44:54.032Z,9.785,pi:0,duck,0.9655,470.12,573.98,819.62,1015.01,0.525,-9.851
2026-04-03T13:44:54.091Z,9.843,pi:0,duck,0.9655,470.12,574.01,819.62,1017.50,0.522,-9.851
2026-04-03T13:44:54.143Z,9.895,pi:0,duck,0.9655,470.11,572.69,818.82,1015.01,0.524,-9.864
2026-04-03T13:44:54.187Z,9.939,pi:0,duck,0.9655,472.53,572.70,820.59,1017.49,0.521,-9.797
2026-04-03T13:44:54.242Z,9.995,pi:0,duck,0.9655,470.11,571.28,821.03,1015.01,0.522,-9.829
2026-04-03T13:44:54.295Z,10.047,pi:0,duck,0.9655,472.53,571.31,820.60,1017.50,0.519,-9.797
2026-04-03T13:44:54.351Z,10.104,pi:0,duck,0.9655,470.11,571.29,821.00,1017.49,0.519,-9.829
2026-04-03T13:44:54.394Z,10.147,pi:0,duck,0.9655,470.11,572.69,821.03,1015.01,0.524,-9.829
2026-04-03T13:44:54.443Z,10.195,pi:0,duck,0.9655,470.10,572.59,821.47,1017.49,0.521,-9.822
2026-04-03T13:44:54.491Z,10.244,pi:0,duck,0.9655,470.10,573.82,822.43,1017.49,0.522,-9.807
2026-04-03T13:44:54.583Z,10.336,pi:0,duck,0.9655,470.11,573.97,824.89,1017.49,0.522,-9.767
2026-04-03T13:44:54.658Z,10.411,pi:0,duck,0.9655,472.53,571.25,823.54,1017.49,0.519,-9.750
2026-04-03T13:44:54.708Z,10.460,pi:0,duck,0.9655,472.53,572.66,822.59,1017.49,0.521,-9.765
2026-04-03T13:44:54.772Z,10.525,pi:0,duck,0.9655,470.11,572.68,823.52,1017.50,0.521,-9.789
2026-04-03T13:44:54.867Z,10.620,pi:0,duck,0.9655,470.11,572.68,823.18,1017.49,0.521,-9.795
2026-04-03T13:44:54.912Z,10.665,pi:0,duck,0.9655,472.53,571.30,822.89,1015.01,0.522,-9.761
2026-04-03T13:44:54.988Z,10.740,pi:0,duck,0.9655,470.12,569.81,822.60,1015.01,0.520,-9.804
2026-04-03T13:44:55.075Z,10.827,pi:0,duck,0.9655,472.54,569.82,822.25,1017.50,0.517,-9.771
2026-04-03T13:44:55.126Z,10.879,pi:0,duck,0.9655,472.54,569.83,821.49,1017.50,0.517,-9.783
2026-04-03T13:44:55.183Z,10.935,pi:0,duck,0.9655,472.54,568.26,821.02,1017.50,0.516,-9.790
2026-04-03T13:44:55.225Z,10.978,pi:0,duck,0.9655,470.12,568.28,821.89,1017.49,0.516,-9.815
2026-04-03T13:44:55.297Z,11.050,pi:0,duck,0.9655,472.53,569.85,821.72,1015.01,0.520,-9.779
2026-04-03T13:44:55.383Z,11.135,pi:0,duck,0.9655,470.13,571.73,823.53,1017.49,0.520,-9.789
2026-04-03T13:44:55.427Z,11.179,pi:0,duck,0.9655,472.54,569.86,820.16,1015.01,0.520,-9.804
2026-04-03T13:44:55.474Z,11.227,pi:0,duck,0.9655,472.54,569.86,820.62,1017.49,0.518,-9.797
2026-04-03T13:44:55.543Z,11.296,pi:0,duck,0.9655,472.54,569.85,821.49,1015.01,0.520,-9.783
2026-04-03T13:44:55.639Z,11.391,pi:0,duck,0.9655,472.53,568.27,821.52,1015.01,0.519,-9.782
2026-04-03T13:44:55.685Z,11.438,pi:0,duck,0.9655,470.12,568.27,819.99,1012.55,0.521,-9.845
2026-04-03T13:44:55.751Z,11.504,pi:0,duck,0.9655,470.12,569.85,820.55,1015.01,0.520,-9.836
2026-04-03T13:44:55.861Z,11.614,pi:0,duck,0.9655,470.12,569.86,819.11,1015.01,0.520,-9.859
2026-04-03T13:44:55.947Z,11.700,pi:0,duck,0.9655,470.12,568.27,817.83,1015.01,0.519,-9.879
2026-04-03T13:44:56.056Z,11.809,pi:0,duck,0.9655,470.14,570.21,822.70,1017.50,0.518,-9.802
2026-04-03T13:44:56.135Z,11.888,pi:0,duck,0.9655,470.13,570.21,823.07,1017.49,0.518,-9.796
2026-04-03T13:44:56.202Z,11.954,pi:0,duck,0.9655,470.14,570.21,824.00,1017.50,0.518,-9.781
2026-04-03T13:44:56.274Z,12.027,pi:0,duck,0.9655,470.13,570.21,824.49,1017.49,0.518,-9.773
2026-04-03T13:44:56.327Z,12.079,pi:0,duck,0.9655,470.14,571.72,825.52,1017.50,0.520,-9.757
2026-04-03T13:44:56.378Z,12.130,pi:0,duck,0.9655,470.12,569.84,821.91,1015.01,0.520,-9.815
2026-04-03T13:44:56.432Z,12.185,pi:0,duck,0.9655,470.12,569.85,822.30,1015.01,0.520,-9.808
2026-04-03T13:44:56.508Z,12.260,pi:0,duck,0.9655,472.53,569.84,821.49,1015.01,0.520,-9.783
2026-04-03T13:44:56.586Z,12.339,pi:0,duck,0.9655,472.52,571.29,823.85,1015.01,0.522,-9.746
2026-04-03T13:44:56.634Z,12.386,pi:0,duck,0.9655,470.12,569.83,822.91,1015.01,0.520,-9.799
2026-04-03T13:44:56.717Z,12.470,pi:0,duck,0.9655,472.53,569.80,825.17,1015.01,0.520,-9.725
2026-04-03T13:44:56.794Z,12.547,pi:0,duck,0.9655,472.53,569.79,820.13,1017.50,0.517,-9.805
2026-04-03T13:44:56.842Z,12.595,pi:0,duck,0.9655,470.11,569.77,819.62,1015.01,0.520,-9.851
2026-04-03T13:44:56.907Z,12.659,pi:0,duck,0.9655,470.11,569.79,819.65,1017.49,0.517,-9.851
2026-04-03T13:44:56.953Z,12.706,pi:0,duck,0.9655,470.11,569.80,821.46,1015.01,0.520,-9.822
2026-04-03T13:44:57.058Z,12.811,pi:0,duck,0.9655,470.11,569.82,820.16,1017.49,0.517,-9.842
2026-04-03T13:44:57.110Z,12.862,pi:0,duck,0.9655,472.53,572.68,821.73,1017.49,0.521,-9.779
2026-04-03T13:44:57.158Z,12.911,pi:0,duck,0.9655,472.52,571.31,822.60,1017.49,0.519,-9.766
2026-04-03T13:44:57.215Z,12.967,pi:0,duck,0.9655,470.11,569.77,823.54,1015.01,0.520,-9.789
2026-04-03T13:44:57.257Z,13.009,pi:0,duck,0.9655,472.53,569.78,823.88,1015.01,0.520,-9.745
2026-04-03T13:44:57.307Z,13.060,pi:0,duck,0.9655,470.12,571.31,822.60,1015.01,0.522,-9.804
2026-04-03T13:44:57.363Z,13.116,pi:0,duck,0.9655,470.13,573.19,824.48,1017.49,0.521,-9.774
2026-04-03T13:44:57.454Z,13.207,pi:0,duck,0.9655,470.13,571.80,823.75,1017.49,0.520,-9.785
2026-04-03T13:44:57.498Z,13.251,pi:0,duck,0.9655,470.11,569.87,821.47,1015.01,0.520,-9.822
2026-04-03T13:44:57.548Z,13.300,pi:0,duck,0.9655,470.14,573.15,823.72,1017.50,0.521,-9.785
2026-04-03T13:44:57.643Z,13.396,pi:0,duck,0.9655,470.13,575.64,821.33,1017.49,0.524,-9.824
2026-04-03T13:44:57.702Z,13.454,pi:0,duck,0.9655,472.53,574.06,819.38,1015.01,0.525,-9.817
2026-04-03T13:44:57.791Z,13.543,pi:0,duck,0.9693,470.11,572.76,818.47,1015.01,0.524,-9.869
2026-04-03T13:44:57.866Z,13.619,pi:0,duck,0.9655,472.56,579.04,822.77,1017.50,0.528,-9.762
2026-04-03T13:44:57.939Z,13.691,pi:0,duck,0.9655,472.54,574.05,818.29,1015.01,0.525,-9.834
2026-04-03T13:44:57.994Z,13.746,pi:0,duck,0.9655,470.13,576.94,822.11,1017.50,0.526,-9.811
2026-04-03T13:44:58.051Z,13.803,pi:0,duck,0.9655,470.13,574.53,821.73,1017.50,0.523,-9.817
2026-04-03T13:44:58.113Z,13.866,pi:0,duck,0.9655,470.11,574.05,817.77,1015.01,0.525,-9.880
2026-04-03T13:44:58.158Z,13.910,pi:0,duck,0.9655,470.13,578.03,820.86,1017.50,0.527,-9.831
2026-04-03T13:44:58.257Z,14.009,pi:0,duck,0.9655,467.77,575.89,820.43,1017.50,0.525,-9.875
2026-04-03T13:44:58.312Z,14.064,pi:0,duck,0.9655,467.77,577.97,820.86,1017.50,0.527,-9.869
2026-04-03T13:44:58.361Z,14.114,pi:0,duck,0.9655,470.13,576.94,822.11,1015.01,0.529,-9.811
2026-04-03T13:44:58.467Z,14.220,pi:0,duck,0.9655,470.13,577.97,821.31,1017.50,0.527,-9.824
2026-04-03T13:44:58.523Z,14.275,pi:0,duck,0.9655,470.11,572.74,817.04,1015.01,0.524,-9.892
2026-04-03T13:44:58.561Z,14.314,pi:0,duck,0.9655,470.12,572.73,817.80,1015.01,0.524,-9.880
2026-04-03T13:44:58.660Z,14.413,pi:0,duck,0.9655,470.12,574.03,817.78,1015.01,0.525,-9.880
2026-04-03T13:44:58.719Z,14.471,pi:0,duck,0.9655,467.74,574.03,817.04,1015.01,0.525,-9.929
2026-04-03T13:44:58.773Z,14.526,pi:0,duck,0.9655,470.10,574.03,817.78,1015.01,0.525,-9.880
2026-04-03T13:44:58.830Z,14.582,pi:0,duck,0.9655,470.12,574.03,817.78,1015.01,0.525,-9.880
2026-04-03T13:44:58.892Z,14.644,pi:0,duck,0.9655,470.11,572.74,817.80,1015.01,0.524,-9.880
2026-04-03T13:44:58.983Z,14.736,pi:0,duck,0.9655,470.11,574.03,817.04,1015.01,0.525,-9.892
2026-04-03T13:44:59.039Z,14.791,pi:0,duck,0.9655,470.13,576.94,821.73,1017.50,0.526,-9.817
2026-04-03T13:44:59.106Z,14.858,pi:0,duck,0.9655,467.75,574.03,817.80,1015.01,0.525,-9.917
2026-04-03T13:44:59.189Z,14.941,pi:0,duck,0.9655,470.12,574.03,817.04,1015.01,0.525,-9.892
2026-04-03T13:44:59.247Z,15.000,pi:0,duck,0.9655,467.75,574.04,817.04,1015.01,0.525,-9.929
2026-04-03T13:44:59.298Z,15.051,pi:0,duck,0.9655,470.13,575.83,821.73,1017.50,0.525,-9.817
2026-04-03T13:44:59.389Z,15.142,pi:0,duck,0.9655,470.12,575.23,817.78,1015.01,0.527,-9.880
2026-04-03T13:44:59.437Z,15.190,pi:0,duck,0.9655,470.11,574.03,817.78,1015.01,0.525,-9.880
2026-04-03T13:44:59.525Z,15.277,pi:0,duck,0.9655,470.11,572.74,817.04,1015.01,0.524,-9.892
2026-04-03T13:44:59.591Z,15.343,pi:0,duck,0.9655,470.11,574.03,817.80,1015.01,0.525,-9.880
2026-04-03T13:44:59.642Z,15.394,pi:0,duck,0.9655,470.11,575.24,817.80,1015.01,0.527,-9.880
2026-04-03T13:44:59.691Z,15.444,pi:0,duck,0.9655,470.11,574.03,817.94,1015.01,0.525,-9.878
2026-04-03T13:44:59.738Z,15.490,pi:0,duck,0.9655,467.77,577.01,821.73,1017.50,0.526,-9.855
2026-04-03T13:44:59.780Z,15.532,pi:0,duck,0.9655,470.11,574.03,817.04,1015.01,0.525,-9.892
2026-04-03T13:44:59.835Z,15.587,pi:0,duck,0.9655,470.11,574.03,817.04,1015.01,0.525,-9.892
2026-04-03T13:44:59.896Z,15.648,pi:0,duck,0.9655,470.11,572.73,817.78,1015.01,0.524,-9.880
2026-04-03T13:44:59.984Z,15.736,pi:0,duck,0.9655,470.12,574.05,817.07,1015.01,0.525,-9.891
2026-04-03T13:45:00.035Z,15.788,pi:0,duck,0.9655,470.13,577.01,821.73,1017.50,0.526,-9.817
2026-04-03T13:45:00.121Z,15.873,pi:0,duck,0.9655,467.75,574.04,817.78,1015.01,0.525,-9.918
2026-04-03T13:45:00.203Z,15.955,pi:0,duck,0.9655,470.11,574.03,817.78,1015.01,0.525,-9.880
2026-04-03T13:45:00.265Z,16.017,pi:0,duck,0.9655,470.11,574.03,817.78,1015.01,0.525,-9.880
2026-04-03T13:45:00.340Z,16.092,pi:0,duck,0.9655,470.13,575.83,820.86,1017.50,0.525,-9.831
2026-04-03T13:45:00.415Z,16.167,pi:0,duck,0.9655,470.11,574.04,817.78,1015.01,0.525,-9.880
2026-04-03T13:45:00.464Z,16.217,pi:0,duck,0.9655,470.12,574.03,817.04,1015.01,0.525,-9.892
2026-04-03T13:45:00.515Z,16.267,pi:0,duck,0.9655,470.11,574.03,817.04,1015.01,0.525,-9.892
2026-04-03T13:45:00.561Z,16.313,pi:0,duck,0.9655,470.12,574.03,817.80,1015.01,0.525,-9.880
2026-04-03T13:45:00.613Z,16.365,pi:0,duck,0.9655,470.13,575.83,822.11,1017.50,0.525,-9.811
2026-04-03T13:45:00.675Z,16.428,pi:0,duck,0.9655,467.77,575.83,822.11,1015.01,0.527,-9.849
2026-04-03T13:45:00.735Z,16.488,pi:0,duck,0.9655,467.77,575.83,821.74,1015.01,0.527,-9.855
2026-04-03T13:45:00.814Z,16.567,pi:0,duck,0.9655,470.12,574.03,817.04,1015.01,0.525,-9.892
2026-04-03T13:45:00.866Z,16.618,pi:0,duck,0.9655,470.12,574.03,818.45,1015.01,0.525,-9.869
2026-04-03T13:45:00.910Z,16.663,pi:0,duck,0.9655,470.11,574.03,817.04,1015.01,0.525,-9.892
2026-04-03T13:45:00.958Z,16.710,pi:0,duck,0.9655,467.75,574.02,817.04,1015.01,0.525,-9.929
2026-04-03T13:45:01.009Z,16.762,pi:0,duck,0.9655,470.13,576.94,821.73,1017.50,0.526,-9.817
2026-04-03T13:45:01.058Z,16.810,pi:0,duck,0.9655,470.13,575.83,821.73,1015.01,0.527,-9.817
2026-04-03T13:45:01.127Z,16.880,pi:0,duck,0.9655,470.13,577.01,822.11,1017.50,0.526,-9.811
2026-04-03T13:45:01.239Z,16.991,pi:0,duck,0.9655,470.11,574.04,818.68,1015.01,0.525,-9.866
2026-04-03T13:45:01.303Z,17.055,pi:0,duck,0.9655,470.14,578.03,822.11,1017.50,0.527,-9.811
2026-04-03T13:45:01.360Z,17.113,pi:0,duck,0.9655,470.11,574.05,817.80,1015.01,0.525,-9.880
2026-04-03T13:45:01.488Z,17.241,pi:0,duck,0.9655,470.13,575.83,822.11,1017.50,0.525,-9.811
2026-04-03T13:45:01.551Z,17.303,pi:0,duck,0.9655,470.11,574.03,817.75,1015.01,0.525,-9.881
2026-04-03T13:45:01.596Z,17.349,pi:0,duck,0.9655,470.11,574.02,817.04,1015.01,0.525,-9.892
2026-04-03T13:45:01.667Z,17.420,pi:0,duck,0.9655,470.11,574.03,818.68,1015.01,0.525,-9.866
2026-04-03T13:45:01.755Z,17.507,pi:0,duck,0.9655,470.11,574.03,817.04,1015.01,0.525,-9.892
2026-04-03T13:45:01.800Z,17.553,pi:0,duck,0.9655,470.11,574.03,817.04,1015.01,0.525,-9.892
2026-04-03T13:45:01.860Z,17.613,pi:0,duck,0.9655,470.11,574.03,817.04,1015.01,0.525,-9.892
2026-04-03T13:45:01.963Z,17.716,pi:0,duck,0.9655,467.74,572.76,818.45,1015.01,0.524,-9.907
2026-04-03T13:45:02.009Z,17.762,pi:0,duck,0.9655,467.75,575.24,817.78,1015.01,0.527,-9.918
2026-04-03T13:45:02.064Z,17.817,pi:0,duck,0.9655,470.13,575.89,821.74,1017.50,0.525,-9.817
2026-04-03T13:45:02.170Z,17.923,pi:0,duck,0.9655,470.12,574.02,817.04,1015.01,0.525,-9.892
2026-04-03T13:45:02.215Z,17.967,pi:0,duck,0.9655,470.13,576.94,821.30,1017.50,0.526,-9.824
2026-04-03T13:45:02.262Z,18.015,pi:0,duck,0.9655,467.77,577.01,822.11,1015.01,0.529,-9.849
2026-04-03T13:45:02.315Z,18.067,pi:0,duck,0.9655,467.77,575.89,821.24,1017.50,0.525,-9.862
2026-04-03T13:45:02.376Z,18.129,pi:0,duck,0.9655,470.12,572.74,817.80,1015.01,0.524,-9.880
2026-04-03T13:45:02.476Z,18.228,pi:0,duck,0.9655,467.75,574.03,817.07,1015.01,0.525,-9.929
2026-04-03T13:45:02.519Z,18.271,pi:0,duck,0.9655,470.11,574.02,816.24,1015.01,0.525,-9.905
2026-04-03T13:45:02.569Z,18.321,pi:0,duck,0.9655,470.11,572.74,817.07,1015.01,0.524,-9.891
2026-04-03T13:45:02.626Z,18.379,pi:0,duck,0.9655,470.12,574.03,817.80,1015.01,0.525,-9.880
2026-04-03T13:45:02.685Z,18.438,pi:0,duck,0.9655,470.11,574.05,818.68,1015.01,0.525,-9.866
2026-04-03T13:45:02.783Z,18.536,pi:0,duck,0.9655,470.12,574.03,817.78,1015.01,0.525,-9.880
2026-04-03T13:45:02.831Z,18.583,pi:0,duck,0.9655,467.76,577.00,822.45,1017.50,0.526,-9.843
2026-04-03T13:45:02.898Z,18.651,pi:0,duck,0.9655,470.12,574.02,818.45,1015.01,0.525,-9.869
2026-04-03T13:45:02.947Z,18.699,pi:0,duck,0.9655,470.11,574.01,819.35,1015.01,0.525,-9.855
2026-04-03T13:45:03.000Z,18.753,pi:0,duck,0.9655,470.11,574.03,819.35,1015.01,0.525,-9.855
2026-04-03T13:45:03.091Z,18.843,pi:0,duck,0.9655,470.13,574.58,822.11,1017.50,0.523,-9.811
2026-04-03T13:45:03.146Z,18.899,pi:0,duck,0.9655,470.11,574.03,819.35,1012.55,0.528,-9.855
2026-04-03T13:45:03.194Z,18.947,pi:0,duck,0.9655,470.12,572.74,817.78,1015.01,0.524,-9.880
2026-04-03T13:45:03.250Z,19.002,pi:0,duck,0.9655,470.12,572.74,818.65,1015.01,0.524,-9.866
2026-04-03T13:45:03.319Z,19.072,pi:0,duck,0.9655,467.77,575.78,822.11,1015.01,0.527,-9.849
2026-04-03T13:45:03.426Z,19.179,pi:0,duck,0.9655,470.11,574.03,817.04,1015.01,0.525,-9.892
2026-04-03T13:45:03.487Z,19.239,pi:0,duck,0.9655,467.77,575.83,822.11,1017.50,0.525,-9.849
2026-04-03T13:45:03.574Z,19.327,pi:0,duck,0.9655,470.12,574.03,817.78,1015.01,0.525,-9.880
2026-04-03T13:45:03.639Z,19.391,pi:0,duck,0.9655,470.13,575.78,821.74,1017.50,0.524,-9.817
2026-04-03T13:45:03.694Z,19.447,pi:0,duck,0.9655,470.11,574.01,818.68,1015.01,0.525,-9.866
2026-04-03T13:45:03.751Z,19.504,pi:0,duck,0.9655,470.13,576.94,822.11,1015.01,0.529,-9.811
2026-04-03T13:45:03.823Z,19.576,pi:0,duck,0.9655,470.13,576.94,821.73,1017.50,0.526,-9.817
2026-04-03T13:45:03.885Z,19.637,pi:0,duck,0.9655,470.11,574.03,817.80,1015.01,0.525,-9.880
2026-04-03T13:45:03.958Z,19.711,pi:0,duck,0.9655,470.11,572.73,817.78,1015.01,0.524,-9.880
2026-04-03T13:45:04.033Z,19.786,pi:0,duck,0.9655,470.12,574.03,818.68,1015.01,0.525,-9.866
2026-04-03T13:45:04.094Z,19.846,pi:0,duck,0.9655,467.77,575.83,821.73,1015.01,0.527,-9.855
2026-04-03T13:45:04.157Z,19.909,pi:0,duck,0.9655,470.12,574.03,817.04,1015.01,0.525,-9.892
2026-04-03T13:45:04.206Z,19.959,pi:0,duck,0.9655,467.77,577.00,822.68,1017.50,0.526,-9.840
2026-04-03T13:45:04.296Z,20.048,pi:0,duck,0.9655,467.77,577.00,822.11,1017.50,0.526,-9.849
2026-04-03T13:45:04.362Z,20.115,pi:0,duck,0.9655,470.13,576.94,821.74,1017.50,0.526,-9.817
2026-04-03T13:45:04.416Z,20.169,pi:0,duck,0.9655,470.11,574.03,817.81,1015.01,0.525,-9.880
2026-04-03T13:45:04.477Z,20.230,pi:0,duck,0.9655,470.13,577.01,820.43,1017.50,0.526,-9.838
2026-04-03T13:45:04.526Z,20.278,pi:0,duck,0.9655,470.12,574.05,817.04,1015.01,0.525,-9.892
2026-04-03T13:45:04.627Z,20.379,pi:0,duck,0.9655,467.77,577.01,822.11,1017.50,0.526,-9.849
2026-04-03T13:45:04.678Z,20.431,pi:0,duck,0.9655,470.12,574.04,817.78,1015.01,0.525,-9.880
2026-04-03T13:45:04.723Z,20.476,pi:0,duck,0.9655,470.13,575.83,822.11,1015.01,0.527,-9.811
2026-04-03T13:45:04.836Z,20.588,pi:0,duck,0.9655,470.11,572.74,817.80,1015.01,0.524,-9.880
2026-04-03T13:45:04.895Z,20.647,pi:0,duck,0.9655,470.12,574.03,817.75,1015.01,0.525,-9.880
2026-04-03T13:45:04.937Z,20.690,pi:0,duck,0.9655,470.11,574.03,817.80,1015.01,0.525,-9.880
2026-04-03T13:45:04.999Z,20.752,pi:0,duck,0.9655,470.11,575.24,817.78,1015.01,0.527,-9.880
2026-04-03T13:45:05.063Z,20.816,pi:0,duck,0.9655,470.12,574.05,818.45,1015.01,0.525,-9.869
2026-04-03T13:45:05.144Z,20.896,pi:0,duck,0.9655,470.12,574.03,817.80,1015.01,0.525,-9.880
2026-04-03T13:45:05.210Z,20.963,pi:0,duck,0.9655,470.12,575.24,817.78,1015.01,0.527,-9.880
2026-04-03T13:45:05.271Z,21.024,pi:0,duck,0.9655,470.11,574.03,817.78,1015.01,0.525,-9.880
2026-04-03T13:45:05.374Z,21.127,pi:0,duck,0.9655,470.12,574.03,817.04,1015.01,0.525,-9.892
2026-04-03T13:45:05.423Z,21.176,pi:0,duck,0.9655,470.11,574.04,819.07,1015.01,0.525,-9.860
2026-04-03T13:45:05.519Z,21.271,pi:0,duck,0.9655,470.11,574.03,817.78,1015.01,0.525,-9.880
2026-04-03T13:45:05.575Z,21.327,pi:0,duck,0.9655,470.11,574.03,817.80,1015.01,0.525,-9.880
2026-04-03T13:45:05.634Z,21.386,pi:0,duck,0.9655,467.77,575.83,822.46,1017.50,0.525,-9.843
2026-04-03T13:45:05.742Z,21.495,pi:0,duck,0.9655,470.13,575.90,820.44,1017.50,0.525,-9.838
2026-04-03T13:45:05.790Z,21.543,pi:0,duck,0.9655,470.12,574.03,817.04,1015.01,0.525,-9.892
2026-04-03T13:45:05.841Z,21.594,pi:0,duck,0.9655,470.12,574.03,817.07,1015.01,0.525,-9.891
2026-04-03T13:45:05.896Z,21.648,pi:0,duck,0.9655,470.12,572.74,817.81,1015.01,0.524,-9.880
2026-04-03T13:45:05.957Z,21.710,pi:0,duck,0.9655,467.76,577.01,821.31,1017.50,0.526,-9.861
2026-04-03T13:45:06.004Z,21.756,pi:0,duck,0.9655,470.12,574.05,818.68,1015.01,0.525,-9.866
2026-04-03T13:45:06.061Z,21.814,pi:0,duck,0.9655,470.12,572.74,817.80,1017.49,0.521,-9.880
2026-04-03T13:45:06.117Z,21.869,pi:0,duck,0.9655,470.11,572.74,817.94,1015.01,0.524,-9.878
2026-04-03T13:45:06.211Z,21.964,pi:0,duck,0.9655,467.75,574.03,817.04,1015.01,0.525,-9.929
2026-04-03T13:45:06.266Z,22.019,pi:0,duck,0.9655,470.11,572.74,819.07,1015.01,0.524,-9.860
2026-04-03T13:45:06.322Z,22.075,pi:0,duck,0.9655,467.77,575.78,823.05,1017.50,0.524,-9.834
2026-04-03T13:45:06.366Z,22.118,pi:0,duck,0.9655,467.77,575.83,822.11,1017.50,0.525,-9.849
2026-04-03T13:45:06.424Z,22.176,pi:0,duck,0.9655,467.75,574.03,817.78,1015.01,0.525,-9.918
2026-04-03T13:45:06.468Z,22.221,pi:0,duck,0.9655,470.11,574.03,818.45,1015.01,0.525,-9.869
2026-04-03T13:45:06.508Z,22.261,pi:0,duck,0.9655,467.77,575.83,822.45,1015.01,0.527,-9.843
2026-04-03T13:45:06.579Z,22.332,pi:0,duck,0.9655,470.11,572.74,817.04,1015.01,0.524,-9.892
2026-04-03T13:45:06.663Z,22.415,pi:0,duck,0.9693,467.75,572.75,817.07,1015.01,0.524,-9.929
2026-04-03T13:45:06.716Z,22.469,pi:0,duck,0.9655,470.11,574.03,817.80,1015.01,0.525,-9.880
2026-04-03T13:45:06.818Z,22.571,pi:0,duck,0.9655,470.11,574.04,818.68,1015.01,0.525,-9.866
2026-04-03T13:45:06.867Z,22.620,pi:0,duck,0.9655,470.12,574.05,817.78,1015.01,0.525,-9.880
2026-04-03T13:45:06.916Z,22.669,pi:0,duck,0.9655,470.12,574.05,817.07,1015.01,0.525,-9.891
2026-04-03T13:45:06.966Z,22.718,pi:0,duck,0.9655,470.13,576.94,821.73,1017.50,0.526,-9.817
2026-04-03T13:45:07.020Z,22.772,pi:0,duck,0.9655,470.11,574.05,817.07,1015.01,0.525,-9.891
2026-04-03T13:45:07.069Z,22.821,pi:0,duck,0.9655,470.11,574.04,817.07,1015.01,0.525,-9.891
2026-04-03T13:45:07.123Z,22.875,pi:0,duck,0.9655,470.11,575.24,817.80,1015.01,0.527,-9.880
2026-04-03T13:45:07.208Z,22.961,pi:0,duck,0.9655,470.11,574.05,817.07,1015.01,0.525,-9.891
2026-04-03T13:45:07.276Z,23.028,pi:0,duck,0.9655,470.12,574.03,817.04,1015.01,0.525,-9.892
2026-04-03T13:45:07.324Z,23.076,pi:0,duck,0.9655,470.13,576.94,822.11,1017.50,0.526,-9.811
2026-04-03T13:45:07.399Z,23.151,pi:0,duck,0.9655,467.75,574.05,817.04,1017.50,0.522,-9.929
2026-04-03T13:45:07.477Z,23.230,pi:0,duck,0.9693,470.11,572.74,817.91,1015.01,0.524,-9.878
2026-04-03T13:45:07.551Z,23.304,pi:0,duck,0.9655,467.75,574.05,817.80,1015.01,0.525,-9.917
2026-04-03T13:45:07.655Z,23.408,pi:0,duck,0.9655,470.13,575.83,821.31,1015.01,0.527,-9.824
2026-04-03T13:45:07.702Z,23.455,pi:0,duck,0.9655,470.13,575.78,821.74,1017.50,0.524,-9.817
2026-04-03T13:45:07.798Z,23.551,pi:0,duck,0.9655,470.12,574.01,818.68,1015.01,0.525,-9.866
2026-04-03T13:45:07.869Z,23.622,pi:0,duck,0.9655,470.11,574.03,818.65,1015.01,0.525,-9.866
2026-04-03T13:45:07.912Z,23.665,pi:0,duck,0.9655,467.77,575.83,822.26,1015.01,0.527,-9.846
2026-04-03T13:45:07.988Z,23.740,pi:0,duck,0.9655,470.11,572.74,817.04,1015.01,0.524,-9.892
2026-04-03T13:45:08.060Z,23.813,pi:0,duck,0.9655,470.13,577.00,821.73,1017.50,0.526,-9.817
2026-04-03T13:45:08.121Z,23.873,pi:0,duck,0.9655,470.13,575.83,821.73,1017.50,0.525,-9.817
2026-04-03T13:45:08.166Z,23.919,pi:0,duck,0.9655,470.12,574.03,817.94,1015.01,0.525,-9.877
2026-04-03T13:45:08.226Z,23.979,pi:0,duck,0.9655,470.11,574.03,817.80,1015.01,0.525,-9.880
2026-04-03T13:45:08.335Z,24.087,pi:0,duck,0.9655,470.12,574.03,817.04,1015.01,0.525,-9.892
2026-04-03T13:45:08.385Z,24.137,pi:0,duck,0.9655,470.13,575.83,820.86,1017.50,0.525,-9.831
2026-04-03T13:45:08.439Z,24.191,pi:0,duck,0.9655,470.11,574.05,817.04,1015.01,0.525,-9.892
2026-04-03T13:45:08.484Z,24.236,pi:0,duck,0.9655,470.12,574.04,817.04,1015.01,0.525,-9.892
2026-04-03T13:45:08.536Z,24.289,pi:0,duck,0.9655,470.11,574.03,817.04,1015.01,0.525,-9.892
2026-04-03T13:45:08.623Z,24.375,pi:0,duck,0.9655,470.12,574.03,817.75,1015.01,0.525,-9.880
2026-04-03T13:45:08.704Z,24.456,pi:0,duck,0.9655,467.77,577.01,822.11,1015.01,0.529,-9.849
2026-04-03T13:45:08.734Z,24.487,pi:0,duck,0.9655,470.11,574.03,818.68,1015.01,0.525,-9.866
2026-04-03T13:45:08.794Z,24.546,pi:0,duck,0.9655,470.12,574.03,817.07,1015.01,0.525,-9.891
2026-04-03T13:45:08.849Z,24.601,pi:0,duck,0.9655,470.11,574.03,817.80,1015.01,0.525,-9.880
2026-04-03T13:45:08.898Z,24.651,pi:0,duck,0.9655,470.12,574.03,817.91,1015.01,0.525,-9.878
2026-04-03T13:45:08.969Z,24.721,pi:0,duck,0.9655,470.12,572.74,817.80,1015.01,0.524,-9.880
2026-04-03T13:45:09.065Z,24.818,pi:0,duck,0.9655,470.11,574.03,817.94,1015.01,0.525,-9.878
2026-04-03T13:45:09.105Z,24.858,pi:0,duck,0.9655,470.11,572.76,818.45,1015.01,0.524,-9.870
2026-04-03T13:45:09.155Z,24.908,pi:0,duck,0.9655,470.12,574.03,817.78,1015.01,0.525,-9.880
2026-04-03T13:45:09.245Z,24.998,pi:0,duck,0.9655,470.11,572.75,817.04,1015.01,0.524,-9.892
2026-04-03T13:45:09.301Z,25.054,pi:0,duck,0.9655,470.11,575.23,817.81,1015.01,0.527,-9.880
2026-04-03T13:45:09.370Z,25.122,pi:0,duck,0.9655,470.11,574.04,818.68,1015.01,0.525,-9.866
2026-04-03T13:45:09.502Z,25.255,pi:0,duck,0.9655,470.11,574.04,818.68,1015.01,0.525,-9.866
2026-04-03T13:45:09.564Z,25.317,pi:0,duck,0.9655,470.11,574.03,818.68,1015.01,0.525,-9.866
2026-04-03T13:45:09.645Z,25.397,pi:0,duck,0.9655,470.12,574.03,817.80,1015.01,0.525,-9.880
2026-04-03T13:45:09.697Z,25.450,pi:0,duck,0.9655,470.11,574.05,817.04,1015.01,0.525,-9.892
2026-04-03T13:45:09.777Z,25.529,pi:0,duck,0.9655,470.11,574.03,817.04,1015.01,0.525,-9.892
2026-04-03T13:45:09.872Z,25.625,pi:0,duck,0.9655,470.12,572.75,817.04,1015.01,0.524,-9.892
2026-04-03T13:45:09.914Z,25.667,pi:0,duck,0.9655,470.11,574.05,817.07,1015.01,0.525,-9.891
2026-04-03T13:45:09.968Z,25.721,pi:0,duck,0.9655,470.12,572.75,817.81,1015.01,0.524,-9.880
2026-04-03T13:45:10.057Z,25.810,pi:0,duck,0.9655,470.11,575.23,817.04,1015.01,0.527,-9.892
2026-04-03T13:45:10.116Z,25.868,pi:0,duck,0.9655,470.11,574.03,817.78,1015.01,0.525,-9.880
2026-04-03T13:45:10.163Z,25.916,pi:0,duck,0.9655,470.11,574.03,818.68,1015.01,0.525,-9.866
2026-04-03T13:45:10.213Z,25.966,pi:0,duck,0.9655,470.12,574.03,817.80,1015.01,0.525,-9.880
2026-04-03T13:45:10.262Z,26.015,pi:0,duck,0.9655,470.12,575.24,818.68,1015.01,0.527,-9.866
2026-04-03T13:45:10.367Z,26.119,pi:0,duck,0.9655,470.11,575.23,817.78,1015.01,0.527,-9.880
2026-04-03T13:45:10.411Z,26.163,pi:0,duck,0.9655,470.12,574.05,817.80,1015.01,0.525,-9.880
2026-04-03T13:45:10.472Z,26.225,pi:0,duck,0.9655,470.12,574.03,817.78,1015.01,0.525,-9.880
2026-04-03T13:45:10.564Z,26.317,pi:0,duck,0.9655,470.12,574.03,817.78,1015.01,0.525,-9.880
2026-04-03T13:45:10.618Z,26.371,pi:0,duck,0.9655,470.12,574.03,817.04,1015.01,0.525,-9.892
2026-04-03T13:45:10.664Z,26.416,pi:0,duck,0.9655,470.12,574.03,817.04,1015.01,0.525,-9.892
2026-04-03T13:45:10.775Z,26.527,pi:0,duck,0.9655,470.11,574.03,817.04,1015.01,0.525,-9.892
2026-04-03T13:45:10.817Z,26.569,pi:0,duck,0.9655,470.11,574.03,817.04,1015.01,0.525,-9.892
2026-04-03T13:45:10.866Z,26.619,pi:0,duck,0.9655,470.11,574.05,817.04,1015.01,0.525,-9.892
2026-04-03T13:45:10.974Z,26.727,pi:0,duck,0.9655,470.11,574.03,817.04,1015.01,0.525,-9.892
2026-04-03T13:45:11.018Z,26.770,pi:0,duck,0.9655,470.11,574.03,817.04,1015.01,0.525,-9.892
2026-04-03T13:45:11.105Z,26.857,pi:0,duck,0.9655,470.12,572.76,817.04,1015.01,0.524,-9.892
2026-04-03T13:45:11.178Z,26.930,pi:0,duck,0.9655,470.13,575.83,822.68,1017.50,0.525,-9.802
2026-04-03T13:45:11.230Z,26.982,pi:0,duck,0.9655,470.13,577.00,822.11,1015.01,0.529,-9.811
2026-04-03T13:45:11.280Z,27.033,pi:0,duck,0.9655,470.12,574.03,817.04,1015.01,0.525,-9.892
2026-04-03T13:45:11.378Z,27.130,pi:0,duck,0.9655,467.74,572.74,817.81,1015.01,0.524,-9.917
2026-04-03T13:45:11.431Z,27.183,pi:0,duck,0.9655,470.11,574.03,817.04,1015.01,0.525,-9.892
2026-04-03T13:45:11.495Z,27.248,pi:0,duck,0.9655,467.77,578.03,822.11,1017.50,0.527,-9.849
2026-04-03T13:45:11.565Z,27.318,pi:0,duck,0.9655,470.13,575.89,822.12,1015.01,0.528,-9.811
2026-04-03T13:45:11.614Z,27.366,pi:0,duck,0.9655,470.11,574.03,817.80,1015.01,0.525,-9.880
2026-04-03T13:45:11.673Z,27.426,pi:0,duck,0.9655,470.11,574.05,817.75,1015.01,0.525,-9.881
2026-04-03T13:45:11.775Z,27.527,pi:0,duck,0.9655,467.77,578.03,821.74,1017.50,0.527,-9.855
2026-04-03T13:45:11.824Z,27.576,pi:0,duck,0.9655,467.77,576.94,820.86,1017.50,0.526,-9.868
2026-04-03T13:45:11.884Z,27.636,pi:0,duck,0.9655,470.11,574.04,817.81,1015.01,0.525,-9.880
2026-04-03T13:45:11.935Z,27.687,pi:0,duck,0.9655,467.77,577.00,820.86,1017.50,0.526,-9.869
2026-04-03T13:45:11.985Z,27.738,pi:0,duck,0.9655,467.77,577.00,821.32,1017.50,0.526,-9.861
2026-04-03T13:45:12.079Z,27.832,pi:0,duck,0.9655,467.77,578.03,821.74,1017.50,0.527,-9.855
2026-04-03T13:45:12.127Z,27.880,pi:0,duck,0.9655,467.77,577.00,822.12,1017.50,0.526,-9.848
2026-04-03T13:45:12.185Z,27.938,pi:0,duck,0.9655,470.13,578.03,821.74,1017.50,0.527,-9.817
2026-04-03T13:45:12.231Z,27.983,pi:0,duck,0.9655,470.13,577.00,821.74,1017.50,0.526,-9.817
2026-04-03T13:45:12.303Z,28.056,pi:0,duck,0.9655,470.13,577.00,821.73,1017.50,0.526,-9.817
2026-04-03T13:45:12.395Z,28.148,pi:0,duck,0.9655,467.77,577.00,822.46,1017.50,0.526,-9.843
2026-04-03T13:45:12.444Z,28.197,pi:0,duck,0.9655,470.14,577.00,822.47,1017.50,0.526,-9.805
2026-04-03T13:45:12.507Z,28.260,pi:0,duck,0.9655,470.13,577.97,822.12,1017.50,0.527,-9.811
2026-04-03T13:45:12.590Z,28.343,pi:0,duck,0.9693,470.11,574.07,818.48,1015.01,0.525,-9.869
2026-04-03T13:45:12.651Z,28.403,pi:0,duck,0.9693,470.11,574.04,818.50,1015.01,0.525,-9.869
2026-04-03T13:45:12.707Z,28.460,pi:0,duck,0.9655,470.14,575.77,821.74,1017.50,0.524,-9.817
2026-04-03T13:45:12.789Z,28.541,pi:0,duck,0.9655,472.56,574.40,822.46,1020.00,0.520,-9.767
2026-04-03T13:45:12.836Z,28.588,pi:0,duck,0.9655,470.13,576.75,822.46,1017.49,0.526,-9.806
2026-04-03T13:45:12.891Z,28.644,pi:0,duck,0.9655,470.11,574.03,818.74,1015.01,0.525,-9.865
2026-04-03T13:45:12.994Z,28.747,pi:0,duck,0.9655,470.13,573.11,822.12,1017.50,0.521,-9.811
2026-04-03T13:45:13.055Z,28.807,pi:0,duck,0.9655,467.77,574.57,822.12,1017.50,0.523,-9.849
2026-04-03T13:45:13.116Z,28.868,pi:0,duck,0.9655,467.76,575.68,821.25,1017.49,0.524,-9.862
2026-04-03T13:45:13.147Z,28.899,pi:0,duck,0.9655,467.76,574.40,822.47,1017.49,0.523,-9.843
2026-04-03T13:45:13.206Z,28.959,pi:0,duck,0.9693,470.11,571.35,818.50,1017.49,0.519,-9.869
2026-04-03T13:45:13.310Z,29.063,pi:0,duck,0.9655,470.14,573.11,822.47,1017.49,0.521,-9.805
2026-04-03T13:45:13.406Z,29.159,pi:0,duck,0.9655,470.13,571.72,821.74,1017.50,0.520,-9.817
2026-04-03T13:45:13.482Z,29.235,pi:0,duck,0.9655,470.11,569.83,818.54,1015.01,0.520,-9.868
2026-04-03T13:45:13.560Z,29.312,pi:0,duck,0.9693,470.12,569.88,818.74,1015.01,0.520,-9.865
2026-04-03T13:45:13.629Z,29.382,pi:0,duck,0.9693,470.11,569.86,817.80,1015.01,0.520,-9.880
2026-04-03T13:45:13.699Z,29.451,pi:0,duck,0.9655,470.13,571.69,822.10,1017.49,0.520,-9.811
2026-04-03T13:45:13.750Z,29.503,pi:0,duck,0.9655,470.10,572.75,817.84,1015.01,0.524,-9.879
2026-04-03T13:45:13.807Z,29.560,pi:0,duck,0.9655,467.76,576.79,822.11,1017.49,0.526,-9.849
2026-04-03T13:45:13.898Z,29.650,pi:0,duck,0.9655,465.44,576.83,821.73,1017.49,0.526,-9.891
2026-04-03T13:45:13.952Z,29.705,pi:0,duck,0.9655,467.76,577.86,821.32,1017.49,0.527,-9.861
2026-04-03T13:45:14.011Z,29.763,pi:0,duck,0.9655,467.77,575.72,816.82,1019.99,0.521,-9.933
2026-04-03T13:45:14.067Z,29.819,pi:0,duck,0.9655,472.54,571.34,817.97,1015.01,0.522,-9.839
2026-04-03T13:45:14.123Z,29.875,pi:0,duck,0.9655,470.13,573.11,823.41,1017.49,0.521,-9.791
2026-04-03T13:45:14.210Z,29.962,pi:0,duck,0.9655,470.14,574.44,823.72,1017.49,0.523,-9.785
2026-04-03T13:45:14.255Z,30.008,pi:0,duck,0.9655,470.14,573.11,824.48,1017.49,0.521,-9.773
2026-04-03T13:45:14.322Z,30.075,pi:0,duck,0.9655,470.13,571.69,824.88,1017.49,0.520,-9.767
2026-04-03T13:45:14.405Z,30.158,pi:0,duck,0.9655,470.14,570.18,826.08,1015.01,0.521,-9.748
2026-04-03T13:45:14.460Z,30.212,pi:0,duck,0.9655,470.11,568.30,825.48,1015.01,0.519,-9.758
2026-04-03T13:45:14.519Z,30.271,pi:0,duck,0.9655,470.13,570.13,825.34,1017.50,0.518,-9.760
2026-04-03T13:45:14.571Z,30.323,pi:0,duck,0.9199,472.54,566.09,886.02,1027.79,0.502,-8.756
2026-04-03T13:45:14.652Z,30.404,pi:0,duck,0.9693,472.57,568.25,896.76,1031.39,0.500,-8.584
2026-04-03T13:45:14.732Z,30.485,pi:0,duck,0.9655,472.51,568.31,820.26,1017.52,0.516,-9.803
2026-04-03T13:45:14.779Z,30.531,pi:0,duck,0.9655,470.11,569.82,822.58,1015.01,0.520,-9.804
2026-04-03T13:45:14.851Z,30.604,pi:0,duck,0.9655,470.12,571.30,821.89,1015.01,0.522,-9.815
2026-04-03T13:45:14.931Z,30.683,pi:0,duck,0.9655,467.75,569.80,821.37,1012.55,0.523,-9.861
2026-04-03T13:45:14.983Z,30.735,pi:0,duck,0.9655,470.11,574.03,821.70,1012.55,0.528,-9.818
2026-04-03T13:45:15.066Z,30.819,pi:0,duck,0.9655,470.12,575.26,822.00,1012.55,0.530,-9.813
2026-04-03T13:45:15.138Z,30.891,pi:0,duck,0.9655,470.12,572.72,822.60,1015.01,0.524,-9.804
2026-04-03T13:45:15.205Z,30.958,pi:0,duck,0.9655,470.12,575.97,824.26,1015.01,0.528,-9.777
2026-04-03T13:45:15.342Z,31.095,pi:0,duck,0.9655,470.11,575.23,821.68,1012.55,0.530,-9.818
2026-04-03T13:45:15.420Z,31.173,pi:0,duck,0.9655,470.13,578.26,824.26,1015.01,0.530,-9.777
2026-04-03T13:45:15.488Z,31.241,pi:0,duck,0.9655,470.11,576.38,821.35,1012.55,0.531,-9.823
2026-04-03T13:45:15.559Z,31.311,pi:0,duck,0.9655,467.74,576.38,821.89,1015.01,0.528,-9.853
2026-04-03T13:45:15.605Z,31.358,pi:0,duck,0.9655,470.12,575.25,817.97,1015.01,0.527,-9.877
2026-04-03T13:45:15.717Z,31.470,pi:0,duck,0.9655,470.11,576.36,817.10,1012.55,0.531,-9.891
2026-04-03T13:45:15.762Z,31.515,pi:0,duck,0.9655,470.11,576.40,817.78,1015.01,0.528,-9.880
2026-04-03T13:45:15.808Z,31.561,pi:0,duck,0.9655,470.11,576.40,817.04,1012.55,0.531,-9.892
2026-04-03T13:45:15.863Z,31.616,pi:0,duck,0.9655,470.11,576.43,817.04,1015.01,0.528,-9.892
2026-04-03T13:45:15.948Z,31.701,pi:0,duck,0.9655,467.75,577.43,818.68,1015.01,0.529,-9.903
2026-04-03T13:45:16.019Z,31.771,pi:0,duck,0.9655,467.77,577.24,816.06,1015.01,0.529,-9.945
2026-04-03T13:45:16.074Z,31.827,pi:0,duck,0.9655,467.77,578.26,819.63,1017.50,0.527,-9.888
2026-04-03T13:45:16.151Z,31.904,pi:0,duck,0.9655,470.12,575.32,815.39,1012.55,0.530,-9.918
2026-04-03T13:45:16.226Z,31.979,pi:0,duck,0.9655,470.11,576.42,816.24,1012.55,0.531,-9.905
2026-04-03T13:45:16.281Z,32.034,pi:0,duck,0.9655,470.12,575.24,819.04,1015.01,0.527,-9.860
2026-04-03T13:45:16.336Z,32.088,pi:0,duck,0.9655,470.12,575.22,819.32,1015.01,0.527,-9.856
2026-04-03T13:45:16.426Z,32.178,pi:0,duck,0.9655,470.13,577.01,820.44,1015.01,0.529,-9.838
2026-04-03T13:45:16.473Z,32.225,pi:0,duck,0.9655,470.12,575.20,817.78,1017.49,0.524,-9.880
2026-04-03T13:45:16.531Z,32.284,pi:0,duck,0.9655,470.12,575.22,819.06,1017.49,0.524,-9.860
2026-04-03T13:45:16.584Z,32.336,pi:0,duck,0.9655,470.12,573.98,818.45,1015.01,0.525,-9.869
2026-04-03T13:45:16.638Z,32.390,pi:0,duck,0.9655,467.75,574.00,819.60,1015.01,0.525,-9.889
2026-04-03T13:45:16.688Z,32.441,pi:0,duck,0.9655,470.11,573.97,820.11,1017.49,0.522,-9.843
2026-04-03T13:45:16.775Z,32.528,pi:0,duck,0.9655,470.11,574.02,822.25,1015.01,0.525,-9.809
2026-04-03T13:45:16.851Z,32.603,pi:0,duck,0.9693,470.11,575.20,822.00,1015.01,0.527,-9.813
2026-04-03T13:45:16.898Z,32.651,pi:0,duck,0.9655,470.13,575.97,825.20,1017.49,0.525,-9.762
2026-04-03T13:45:16.962Z,32.715,pi:0,duck,0.9655,470.13,575.90,824.10,1017.50,0.525,-9.780
2026-04-03T13:45:17.016Z,32.769,pi:0,duck,0.9655,470.10,574.01,822.21,1015.01,0.525,-9.810
2026-04-03T13:45:17.088Z,32.841,pi:0,duck,0.9655,470.10,574.01,821.44,1017.49,0.522,-9.822
2026-04-03T13:45:17.163Z,32.916,pi:0,duck,0.9655,470.10,573.99,821.44,1017.49,0.522,-9.822
2026-04-03T13:45:17.203Z,32.955,pi:0,duck,0.9655,470.10,573.98,821.34,1017.49,0.522,-9.824
2026-04-03T13:45:17.259Z,33.011,pi:0,duck,0.9655,470.12,573.98,821.45,1017.49,0.522,-9.822
2026-04-03T13:45:17.317Z,33.069,pi:0,duck,0.9655,467.77,577.08,823.93,1017.50,0.526,-9.820
2026-04-03T13:45:17.371Z,33.123,pi:0,duck,0.9693,470.11,575.22,820.95,1017.49,0.524,-9.830
2026-04-03T13:45:17.423Z,33.176,pi:0,duck,0.9655,470.11,575.19,820.57,1015.01,0.527,-9.836
2026-04-03T13:45:17.482Z,33.234,pi:0,duck,0.9655,470.11,575.20,819.62,1017.49,0.524,-9.851
2026-04-03T13:45:17.527Z,33.280,pi:0,duck,0.9655,470.12,574.00,820.08,1017.49,0.522,-9.844
2026-04-03T13:45:17.624Z,33.377,pi:0,duck,0.9655,470.12,575.22,819.62,1017.49,0.524,-9.851
2026-04-03T13:45:17.683Z,33.436,pi:0,duck,0.9655,470.11,575.21,820.57,1015.01,0.527,-9.836
2026-04-03T13:45:17.738Z,33.490,pi:0,duck,0.9655,470.11,575.21,820.98,1015.01,0.527,-9.829
2026-04-03T13:45:17.790Z,33.542,pi:0,duck,0.9655,470.13,576.04,823.71,1017.50,0.525,-9.786
2026-04-03T13:45:17.891Z,33.644,pi:0,duck,0.9655,470.12,574.01,818.44,1017.49,0.522,-9.870
2026-04-03T13:45:17.955Z,33.707,pi:0,duck,0.9655,470.12,574.00,820.11,1015.01,0.525,-9.843
2026-04-03T13:45:18.014Z,33.767,pi:0,duck,0.9655,470.12,573.99,820.11,1015.01,0.525,-9.843
2026-04-03T13:45:18.059Z,33.812,pi:0,duck,0.9655,470.11,575.16,820.08,1017.49,0.524,-9.844
2026-04-03T13:45:18.104Z,33.857,pi:0,duck,0.9655,470.11,574.01,820.11,1015.01,0.525,-9.843
2026-04-03T13:45:18.198Z,33.951,pi:0,duck,0.9655,470.11,575.18,820.08,1015.01,0.527,-9.844
2026-04-03T13:45:18.259Z,34.011,pi:0,duck,0.9655,470.11,573.97,820.55,1017.49,0.522,-9.836
2026-04-03T13:45:18.311Z,34.063,pi:0,duck,0.9655,470.10,575.19,820.08,1015.01,0.527,-9.844
2026-04-03T13:45:18.395Z,34.148,pi:0,duck,0.9655,470.11,573.99,819.57,1015.01,0.525,-9.852
2026-04-03T13:45:18.462Z,34.215,pi:0,duck,0.9655,470.12,572.71,820.11,1017.49,0.521,-9.843
2026-04-03T13:45:18.537Z,34.289,pi:0,duck,0.9655,470.11,574.00,820.08,1015.01,0.525,-9.844
2026-04-03T13:45:18.621Z,34.373,pi:0,duck,0.9655,470.11,575.18,820.08,1015.01,0.527,-9.844
2026-04-03T13:45:18.718Z,34.470,pi:0,duck,0.9655,470.11,575.18,820.96,1015.01,0.527,-9.830
2026-04-03T13:45:18.773Z,34.526,pi:0,duck,0.9655,470.11,573.99,820.08,1017.49,0.522,-9.844
2026-04-03T13:45:18.863Z,34.615,pi:0,duck,0.9655,470.11,573.97,821.45,1015.01,0.525,-9.822
2026-04-03T13:45:18.944Z,34.696,pi:0,duck,0.9655,467.75,573.99,820.95,1017.49,0.522,-9.867
2026-04-03T13:45:18.999Z,34.751,pi:0,duck,0.9655,467.75,574.01,821.35,1015.01,0.525,-9.861
2026-04-03T13:45:19.089Z,34.842,pi:0,duck,0.9655,470.11,572.69,821.68,1015.01,0.524,-9.818
2026-04-03T13:45:19.171Z,34.923,pi:0,duck,0.9655,467.75,573.98,821.35,1015.01,0.525,-9.861
2026-04-03T13:45:19.216Z,34.968,pi:0,duck,0.9655,470.11,573.99,821.34,1015.01,0.525,-9.824
2026-04-03T13:45:19.275Z,35.027,pi:0,duck,0.9655,470.11,573.99,821.34,1015.01,0.525,-9.824
2026-04-03T13:45:19.329Z,35.082,pi:0,duck,0.9655,470.11,572.69,821.69,1015.01,0.524,-9.818
2026-04-03T13:45:19.433Z,35.185,pi:0,duck,0.9655,470.11,573.98,821.34,1015.01,0.525,-9.824
2026-04-03T13:45:19.475Z,35.228,pi:0,duck,0.9655,470.11,573.97,821.34,1015.01,0.525,-9.824
2026-04-03T13:45:19.536Z,35.289,pi:0,duck,0.9655,470.10,574.00,820.97,1015.01,0.525,-9.830
2026-04-03T13:45:19.628Z,35.381,pi:0,duck,0.9655,467.77,574.70,823.75,1015.01,0.526,-9.823
2026-04-03T13:45:19.681Z,35.433,pi:0,duck,0.9655,470.11,574.00,821.84,1015.01,0.525,-9.816
2026-04-03T13:45:19.730Z,35.483,pi:0,duck,0.9655,470.13,575.83,824.48,1017.50,0.525,-9.774
2026-04-03T13:45:19.785Z,35.538,pi:0,duck,0.9655,467.76,575.83,824.48,1015.01,0.527,-9.811
2026-04-03T13:45:19.838Z,35.591,pi:0,duck,0.9655,470.11,572.67,820.97,1015.01,0.524,-9.829
2026-04-03T13:45:19.935Z,35.687,pi:0,duck,0.9655,467.77,575.89,823.75,1017.50,0.525,-9.823
2026-04-03T13:45:19.987Z,35.740,pi:0,duck,0.9693,470.11,572.67,821.84,1015.01,0.524,-9.816
2026-04-03T13:45:20.031Z,35.784,pi:0,duck,0.9655,470.12,572.69,821.84,1015.01,0.524,-9.816
2026-04-03T13:45:20.134Z,35.887,pi:0,duck,0.9655,470.11,574.02,821.85,1015.01,0.525,-9.816
2026-04-03T13:45:20.168Z,35.921,pi:0,duck,0.9655,467.76,575.89,824.69,1015.01,0.528,-9.808
2026-04-03T13:45:20.224Z,35.976,pi:0,duck,0.9655,467.77,575.89,823.74,1015.01,0.528,-9.823
2026-04-03T13:45:20.323Z,36.075,pi:0,duck,0.9655,470.11,572.71,821.69,1015.01,0.524,-9.818
2026-04-03T13:45:20.378Z,36.131,pi:0,duck,0.9655,470.11,572.69,821.34,1015.01,0.524,-9.824
2026-04-03T13:45:20.444Z,36.197,pi:0,duck,0.9655,470.13,574.70,824.48,1015.01,0.526,-9.774
2026-04-03T13:45:20.567Z,36.319,pi:0,duck,0.9655,470.13,575.90,823.75,1015.01,0.528,-9.785
2026-04-03T13:45:20.659Z,36.411,pi:0,duck,0.9655,470.12,572.69,820.55,1015.01,0.524,-9.836
2026-04-03T13:45:20.723Z,36.476,pi:0,duck,0.9655,470.11,573.99,820.96,1017.49,0.522,-9.830
2026-04-03T13:45:20.804Z,36.557,pi:0,duck,0.9655,470.12,573.97,820.57,1015.01,0.525,-9.836
2026-04-03T13:45:20.886Z,36.639,pi:0,duck,0.9655,470.12,573.98,820.55,1015.01,0.525,-9.836
2026-04-03T13:45:20.928Z,36.681,pi:0,duck,0.9655,470.11,572.69,819.32,1015.01,0.524,-9.856
2026-04-03T13:45:21.036Z,36.788,pi:0,duck,0.9655,470.11,573.99,819.32,1017.50,0.522,-9.856
2026-04-03T13:45:21.097Z,36.850,pi:0,duck,0.9655,470.12,573.97,819.07,1015.01,0.525,-9.860
2026-04-03T13:45:21.150Z,36.902,pi:0,duck,0.9655,470.11,572.69,820.11,1015.01,0.524,-9.843
2026-04-03T13:45:21.263Z,37.016,pi:0,duck,0.9655,470.11,574.02,820.55,1015.01,0.525,-9.836
2026-04-03T13:45:21.308Z,37.061,pi:0,duck,0.9655,470.11,572.69,820.55,1015.01,0.524,-9.836
2026-04-03T13:45:21.352Z,37.104,pi:0,duck,0.9655,470.11,574.01,820.98,1017.49,0.522,-9.829
2026-04-03T13:45:21.404Z,37.157,pi:0,duck,0.9655,467.75,574.02,820.98,1015.01,0.525,-9.867
2026-04-03T13:45:21.442Z,37.195,pi:0,duck,0.9655,470.11,573.98,820.08,1015.01,0.525,-9.844
2026-04-03T13:45:21.533Z,37.286,pi:0,duck,0.9655,470.12,572.71,820.97,1015.01,0.524,-9.829
2026-04-03T13:45:21.603Z,37.355,pi:0,duck,0.9655,470.11,573.97,820.88,1015.01,0.525,-9.831
2026-04-03T13:45:21.662Z,37.415,pi:0,duck,0.9655,470.11,573.97,821.69,1015.01,0.525,-9.818
2026-04-03T13:45:21.715Z,37.467,pi:0,duck,0.9655,470.11,574.02,819.57,1015.01,0.525,-9.852
2026-04-03T13:45:21.756Z,37.509,pi:0,duck,0.9655,470.11,574.04,818.92,1015.01,0.525,-9.862
2026-04-03T13:45:21.854Z,37.606,pi:0,duck,0.9655,470.11,573.98,819.06,1015.01,0.525,-9.860
2026-04-03T13:45:21.909Z,37.662,pi:0,duck,0.9655,467.75,572.69,817.10,1015.01,0.524,-9.928
2026-04-03T13:45:21.976Z,37.729,pi:0,duck,0.9655,470.11,574.02,817.07,1012.55,0.528,-9.891
2026-04-03T13:45:22.025Z,37.777,pi:0,duck,0.9655,470.11,574.01,817.04,1015.01,0.525,-9.892
2026-04-03T13:45:22.073Z,37.826,pi:0,duck,0.9655,470.11,574.02,818.45,1015.01,0.525,-9.870
2026-04-03T13:45:22.131Z,37.884,pi:0,duck,0.9655,470.11,575.22,817.04,1015.01,0.527,-9.892
2026-04-03T13:45:22.184Z,37.937,pi:0,duck,0.9655,470.11,574.05,817.04,1015.01,0.525,-9.892
2026-04-03T13:45:22.237Z,37.990,pi:0,duck,0.9655,470.12,574.03,818.42,1017.50,0.522,-9.870
2026-04-03T13:45:22.342Z,38.094,pi:0,duck,0.9655,467.75,569.84,821.68,1015.01,0.520,-9.856
2026-04-03T13:45:22.385Z,38.137,pi:0,duck,0.9161,470.11,635.59,822.50,1017.49,0.607,-9.805
2026-04-03T13:45:22.452Z,38.205,pi:0,duck,0.8832,471.14,679.27,822.27,1012.18,0.696,-9.793
2026-04-03T13:45:22.494Z,38.247,pi:0,duck,0.8832,476.90,671.98,826.12,1013.10,0.679,-9.640
2026-04-03T13:45:22.588Z,38.341,pi:0,duck,0.8759,477.80,658.07,833.10,1013.12,0.652,-9.515
2026-04-03T13:45:22.654Z,38.406,pi:0,duck,0.9047,525.04,601.64,885.02,986.89,0.601,-7.933
2026-04-03T13:45:22.703Z,38.455,pi:0,duck,0.8743,537.84,493.41,880.83,904.85,0.563,-7.795
2026-04-03T13:45:22.771Z,38.523,pi:0,duck,0.8394,537.65,442.03,861.22,789.75,0.666,-8.112
2026-04-03T13:45:22.863Z,38.616,pi:0,duck,0.8175,542.88,394.99,831.06,711.13,0.733,-8.511
2026-04-03T13:45:22.948Z,38.700,pi:0,duck,0.8284,607.42,360.23,818.03,609.71,0.929,-7.686
2026-04-03T13:45:24.518Z,40.271,pi:0,duck,0.6752,832.21,454.55,937.88,572.47,1.965,-2.104
2026-04-03T13:45:24.566Z,40.319,pi:0,duck,0.7007,833.66,454.59,939.23,573.77,1.944,-2.058
2026-04-03T13:45:24.652Z,40.405,pi:0,duck,0.6131,834.47,453.70,939.62,573.71,1.930,-2.038
2026-04-03T13:45:24.722Z,40.475,pi:0,duck,0.7190,834.99,454.54,937.12,569.41,2.017,-2.071
2026-04-03T13:45:24.773Z,40.525,pi:0,duck,0.7080,834.43,454.58,937.00,569.87,2.009,-2.082
2026-04-03T13:45:24.874Z,40.627,pi:0,duck,0.7117,836.62,455.37,937.12,569.87,2.023,-2.044
2026-04-03T13:45:24.918Z,40.671,pi:0,duck,0.6825,833.84,453.74,937.91,571.91,1.960,-2.077
2026-04-03T13:45:24.983Z,40.735,pi:0,duck,0.6350,833.32,455.38,937.72,571.88,1.989,-2.088
2026-04-03T13:45:25.041Z,40.793,pi:0,duck,0.6861,833.22,454.56,937.56,571.33,1.984,-2.092
2026-04-03T13:45:25.152Z,40.904,pi:0,duck,0.6898,832.16,454.55,938.38,571.88,1.974,-2.096
2026-04-03T13:45:25.213Z,40.966,pi:0,duck,0.6752,832.81,453.70,939.26,572.46,1.951,-2.071
2026-04-03T13:45:25.285Z,41.037,pi:0,duck,0.6861,832.78,454.55,938.29,571.89,1.974,-2.088
2026-04-03T13:45:25.368Z,41.120,pi:0,duck,0.7263,832.72,454.57,936.71,570.32,2.001,-2.114
2026-04-03T13:45:25.431Z,41.183,pi:0,duck,0.7190,833.24,454.54,934.90,568.98,2.024,-2.136
2026-04-03T13:45:25.512Z,41.264,pi:0,duck,0.7153,833.77,454.58,935.78,569.38,2.018,-2.113
2026-04-03T13:45:25.566Z,41.319,pi:0,duck,0.7117,833.35,453.69,938.33,572.46,1.950,-2.078
2026-04-03T13:45:25.614Z,41.367,pi:0,duck,0.6971,833.84,454.56,937.88,572.49,1.964,-2.077
2026-04-03T13:45:25.675Z,41.427,pi:0,duck,0.7080,833.35,455.36,937.82,572.47,1.978,-2.086
2026-04-03T13:45:25.746Z,41.499,pi:0,duck,0.6971,832.83,455.34,937.68,571.89,1.988,-2.097
2026-04-03T13:45:25.816Z,41.568,pi:0,duck,0.6971,833.30,455.36,937.49,571.34,1.997,-2.092
2026-04-03T13:45:25.859Z,41.611,pi:0,duck,0.7044,833.84,455.37,937.56,569.87,2.023,-2.082
2026-04-03T13:45:25.943Z,41.696,pi:0,duck,0.6861,833.33,455.35,937.33,570.83,2.006,-2.094
2026-04-03T13:45:26.008Z,41.761,pi:0,duck,0.6934,833.87,456.17,937.41,571.35,2.011,-2.084
2026-04-03T13:45:26.056Z,41.808,pi:0,duck,0.7226,836.56,456.93,937.34,570.32,2.043,-2.041
2026-04-03T13:45:26.145Z,41.897,pi:0,duck,0.7299,836.62,456.17,937.34,569.43,2.045,-2.041
2026-04-03T13:45:26.210Z,41.963,pi:0,duck,0.6971,835.88,454.56,937.41,570.84,1.992,-2.051
2026-04-03T13:45:26.276Z,42.028,pi:0,duck,0.7007,835.82,455.36,937.53,570.84,2.006,-2.050
2026-04-03T13:45:26.381Z,42.133,pi:0,duck,0.6898,836.18,455.36,937.65,571.36,1.997,-2.043
2026-04-03T13:45:26.409Z,42.162,pi:0,duck,0.7190,836.93,455.40,937.34,570.34,2.015,-2.036
2026-04-03T13:45:26.464Z,42.216,pi:0,duck,0.7117,838.97,454.55,937.70,569.86,2.009,-1.996
2026-04-03T13:45:26.538Z,42.290,pi:0,duck,0.6934,837.78,453.72,937.79,570.32,1.987,-2.014
2026-04-03T13:45:26.634Z,42.387,pi:0,duck,0.6825,838.22,454.55,937.57,569.87,2.009,-2.011
2026-04-03T13:45:26.687Z,42.440,pi:0,duck,0.7007,838.77,453.70,937.42,569.44,2.002,-2.004
2026-04-03T13:45:26.723Z,42.475,pi:0,duck,0.6898,838.45,453.70,937.45,569.43,2.002,-2.009
2026-04-03T13:45:26.787Z,42.539,pi:0,duck,0.7044,838.97,454.55,937.45,570.32,2.001,-2.001
2026-04-03T13:45:26.876Z,42.629,pi:0,duck,0.6825,839.08,455.40,937.69,569.86,2.024,-1.995
2026-04-03T13:45:26.940Z,42.693,pi:0,duck,0.6898,839.44,453.76,937.34,570.32,1.987,-1.995
2026-04-03T13:45:26.991Z,42.743,pi:0,duck,0.6825,839.15,454.59,937.16,569.86,2.010,-2.002
2026-04-03T13:45:27.087Z,42.840,pi:0,duck,0.6934,838.55,454.58,937.45,570.82,1.993,-2.007
2026-04-03T13:45:27.166Z,42.918,pi:0,duck,0.6788,838.03,454.63,937.34,570.83,1.994,-2.018
2026-04-03T13:45:27.240Z,42.993,pi:0,duck,0.7007,838.66,454.63,937.34,569.87,2.010,-2.007
2026-04-03T13:45:27.350Z,43.103,pi:0,duck,0.7007,838.35,454.59,937.21,569.86,2.010,-2.014
2026-04-03T13:45:27.422Z,43.175,pi:0,duck,0.6752,838.77,454.63,937.45,570.33,2.002,-2.004
2026-04-03T13:45:27.487Z,43.239,pi:0,duck,0.6861,838.66,455.40,937.34,570.33,2.016,-2.007
2026-04-03T13:45:27.549Z,43.302,pi:0,duck,0.7080,838.66,454.60,937.34,569.45,2.017,-2.007
2026-04-03T13:45:27.603Z,43.355,pi:0,duck,0.6971,838.56,454.60,937.08,570.34,2.002,-2.013
2026-04-03T13:45:27.697Z,43.450,pi:0,duck,0.7007,838.77,454.61,937.56,569.86,2.010,-2.002
2026-04-03T13:45:27.738Z,43.490,pi:0,duck,0.6898,838.86,455.44,937.21,570.32,2.017,-2.006
2026-04-03T13:45:27.803Z,43.555,pi:0,duck,0.6752,838.03,455.41,937.34,570.79,2.008,-2.018
2026-04-03T13:45:28.091Z,43.843,pi:0,duck,0.6350,834.33,454.63,937.17,570.75,1.995,-2.081
2026-04-03T13:45:28.157Z,43.910,pi:0,duck,0.2701,832.16,453.83,939.23,572.73,1.948,-2.082
2026-04-03T13:45:28.998Z,44.751,pi:0,duck,0.2529,850.73,455.70,933.42,573.49,1.967,-1.874
2026-04-03T13:45:29.072Z,44.824,pi:0,duck,0.6350,833.79,458.13,938.27,570.81,2.056,-2.072
2026-04-03T13:45:29.158Z,44.911,pi:0,duck,0.7044,837.23,455.48,939.77,570.32,2.017,-1.991
2026-04-03T13:45:29.219Z,44.971,pi:0,duck,0.6971,836.50,455.35,940.24,570.32,2.015,-1.995
2026-04-03T13:45:29.310Z,45.063,pi:0,duck,0.5401,837.10,445.16,940.94,571.20,1.838,-1.974
2026-04-03T13:45:30.271Z,46.023,pi:0,duck,0.2518,851.21,389.62,942.51,567.85,1.300,-1.718
2026-04-03T13:45:30.479Z,46.231,pi:0,duck,0.3905,826.54,388.00,938.09,573.03,1.252,-2.193
2026-04-03T13:45:30.517Z,46.269,pi:0,duck,0.5547,831.08,462.17,938.20,569.87,2.151,-2.117
2026-04-03T13:45:30.622Z,46.375,pi:0,duck,0.5511,833.42,461.48,938.72,570.32,2.129,-2.070
2026-04-03T13:45:30.670Z,46.423,pi:0,duck,0.6095,837.92,460.76,938.77,571.31,2.096,-1.996
2026-04-03T13:45:30.730Z,46.483,pi:0,duck,0.5000,838.03,462.35,939.28,572.41,2.105,-1.986
2026-04-03T13:45:30.790Z,46.543,pi:0,duck,0.4562,837.71,460.76,939.54,572.39,2.075,-1.987
2026-04-03T13:45:30.856Z,46.609,pi:0,duck,0.5438,837.75,459.69,939.71,571.26,2.076,-1.983
2026-04-03T13:45:30.953Z,46.705,pi:0,duck,0.6423,834.55,457.17,939.37,571.86,2.020,-2.041
2026-04-03T13:45:31.003Z,46.756,pi:0,duck,0.6496,833.53,453.93,941.40,574.38,1.923,-2.025
2026-04-03T13:45:31.061Z,46.814,pi:0,duck,0.6277,836.76,454.74,940.60,574.38,1.936,-1.985
2026-04-03T13:45:31.163Z,46.915,pi:0,duck,0.6277,836.25,456.32,940.24,574.41,1.962,-1.999
2026-04-03T13:45:31.216Z,46.968,pi:0,duck,0.4452,838.18,449.28,939.24,571.26,1.899,-1.984
2026-04-03T13:45:31.279Z,47.032,pi:0,duck,0.3796,838.59,452.34,939.08,569.78,1.973,-1.980
2026-04-03T13:45:31.357Z,47.110,pi:0,duck,0.3053,835.61,453.85,933.32,572.76,1.948,-2.123
2026-04-03T13:45:31.619Z,47.371,pi:0,duck,0.4343,838.92,455.37,937.41,570.19,2.018,-2.002
2026-04-03T13:45:31.693Z,47.445,pi:0,duck,0.4744,839.48,456.23,937.83,568.84,2.057,-1.986
2026-04-03T13:45:31.755Z,47.507,pi:0,duck,0.5584,837.97,452.78,937.17,569.30,1.988,-2.021
2026-04-03T13:45:31.815Z,47.568,pi:0,duck,0.5401,836.35,451.80,937.26,569.74,1.964,-2.046
2026-04-03T13:45:31.874Z,47.627,pi:0,duck,0.6350,833.47,454.38,937.90,572.43,1.962,-2.083
2026-04-03T13:45:31.917Z,47.670,pi:0,duck,0.6642,833.86,453.68,937.65,572.44,1.951,-2.080
2026-04-03T13:45:32.034Z,47.787,pi:0,duck,0.7007,832.76,452.89,937.45,573.74,1.917,-2.102
2026-04-03T13:45:32.080Z,47.833,pi:0,duck,0.7153,832.17,450.08,937.34,575.15,1.852,-2.113
2026-04-03T13:45:32.138Z,47.891,pi:0,duck,0.7263,832.72,451.94,937.12,573.09,1.912,-2.108
2026-04-03T13:45:32.218Z,47.971,pi:0,duck,0.7153,832.17,451.94,936.92,573.75,1.902,-2.120
2026-04-03T13:45:32.278Z,48.031,pi:0,duck,0.7080,832.19,452.82,937.34,573.11,1.926,-2.113
2026-04-03T13:45:32.334Z,48.087,pi:0,duck,0.7226,832.74,452.87,937.07,572.46,1.937,-2.108
2026-04-03T13:45:32.424Z,48.177,pi:0,duck,0.7263,832.89,452.89,937.33,573.72,1.917,-2.102
2026-04-03T13:45:32.483Z,48.235,pi:0,duck,0.7372,832.31,451.94,936.86,573.10,1.912,-2.119
2026-04-03T13:45:32.558Z,48.310,pi:0,duck,0.7372,832.26,451.94,936.99,572.46,1.922,-2.117
2026-04-03T13:45:32.616Z,48.369,pi:0,duck,0.7450,57.05,510.75,779.92,1045.24,0.433,-16.841
2026-04-03T13:45:32.672Z,48.425,pi:0,duck,0.7117,832.23,454.55,937.12,573.08,1.954,-2.116
2026-04-03T13:45:32.747Z,48.500,pi:0,duck,0.7153,832.83,457.85,936.86,571.85,2.032,-2.110
2026-04-03T13:45:32.867Z,48.620,pi:0,duck,0.6095,832.37,456.17,937.74,572.39,1.993,-2.103
2026-04-03T13:45:33.067Z,48.820,pi:0,duck,0.2851,63.84,508.65,821.90,1043.54,0.433,-16.108
2026-04-03T13:45:33.112Z,48.865,pi:0,duck,0.4143,68.79,510.78,801.45,1041.50,0.437,-16.342
2026-04-03T13:45:33.277Z,49.029,pi:0,duck,0.4029,41.03,501.77,862.62,1032.33,0.437,-15.838
2026-04-03T13:45:33.419Z,49.171,pi:0,duck,0.2509,33.93,519.06,874.00,1032.33,0.451,-15.773
2026-04-03T13:45:33.474Z,49.226,pi:0,duck,0.3155,45.22,508.14,875.32,1034.68,0.440,-15.582
2026-04-03T13:45:33.616Z,49.368,pi:0,duck,0.2661,27.95,515.04,887.50,1034.63,0.446,-15.660
2026-04-03T13:45:33.842Z,49.595,pi:0,duck,0.2813,44.87,516.72,866.35,1032.35,0.449,-15.724
2026-04-03T13:45:33.881Z,49.634,pi:0,duck,0.4219,29.59,523.28,867.58,1045.44,0.444,-15.936
2026-04-03T13:45:34.032Z,49.784,pi:0,duck,0.2509,37.44,518.03,802.54,1041.56,0.442,-16.796
2026-04-03T13:45:34.087Z,49.839,pi:0,duck,0.5208,72.33,516.80,800.42,1043.43,0.440,-16.304
2026-04-03T13:45:34.138Z,49.891,pi:0,duck,0.4371,46.89,511.91,803.96,1043.48,0.436,-16.633
2026-04-03T13:45:34.192Z,49.944,pi:0,duck,0.4105,69.90,521.78,816.85,1043.43,0.444,-16.093
2026-04-03T13:45:34.243Z,49.995,pi:0,duck,0.3725,66.44,527.83,804.37,1043.43,0.449,-16.333
2026-04-03T13:45:34.305Z,50.058,pi:0,duck,0.5550,66.41,520.13,802.69,1043.43,0.443,-16.359
2026-04-03T13:45:34.354Z,50.106,pi:0,duck,0.5778,57.40,528.79,801.63,1043.38,0.450,-16.510
2026-04-03T13:45:34.451Z,50.203,pi:0,duck,0.6310,73.36,516.70,802.81,1041.45,0.441,-16.253
2026-04-03T13:45:34.495Z,50.247,pi:0,duck,0.5816,75.44,517.53,801.49,1043.49,0.440,-16.241
2026-04-03T13:45:34.547Z,50.300,pi:0,duck,0.5474,61.05,526.22,804.00,1043.38,0.448,-16.420
2026-04-03T13:45:34.631Z,50.383,pi:0,duck,0.7260,55.65,515.92,801.54,1043.43,0.439,-16.538
2026-04-03T13:45:34.707Z,50.459,pi:0,duck,0.7108,54.95,518.23,799.90,1043.43,0.441,-16.573
2026-04-03T13:45:34.787Z,50.540,pi:0,duck,0.6918,79.54,521.08,803.61,1043.34,0.444,-16.148
2026-04-03T13:45:34.898Z,50.651,pi:0,duck,0.5132,42.15,531.75,802.31,1043.55,0.453,-16.729
2026-04-03T13:45:34.982Z,50.735,pi:0,duck,0.6918,44.53,521.17,799.08,1041.40,0.445,-16.741
2026-04-03T13:45:35.075Z,50.827,pi:0,duck,0.6348,54.19,507.17,796.60,1043.43,0.432,-16.634
2026-04-03T13:45:35.127Z,50.879,pi:0,duck,0.6348,56.69,514.50,797.78,1041.36,0.440,-16.579
2026-04-03T13:45:35.204Z,50.957,pi:0,duck,0.7831,63.37,518.62,799.77,1043.30,0.442,-16.449
2026-04-03T13:45:35.292Z,51.044,pi:0,duck,0.4600,49.49,528.56,809.28,1045.33,0.448,-16.514
2026-04-03T13:45:35.598Z,51.351,pi:0,duck,0.2623,24.86,509.29,858.50,1034.62,0.441,-16.144
2026-04-03T13:45:35.888Z,51.640,pi:0,duck,0.3839,22.30,501.51,864.87,1029.97,0.438,-16.087
2026-04-03T13:45:36.615Z,52.368,pi:0,duck,0.2585,47.12,507.04,889.06,1034.66,0.439,-15.345
2026-04-03T13:45:37.681Z,53.433,pi:0,duck,0.4447,98.97,503.21,621.51,1032.31,0.438,-18.567
2026-04-03T13:45:37.721Z,53.474,pi:0,duck,0.4219,65.70,535.63,664.80,1045.60,0.454,-18.420
2026-04-03T13:45:37.781Z,53.533,pi:0,duck,0.4927,750.29,762.27,943.13,1092.28,0.702,-3.353
2026-04-03T13:45:37.987Z,53.739,pi:0,duck,0.6642,832.62,457.73,922.03,567.81,2.105,-2.355
2026-04-03T13:45:38.098Z,53.851,pi:0,duck,0.6496,834.00,454.64,931.83,570.35,2.002,-2.173
2026-04-03T13:45:38.210Z,53.963,pi:0,duck,0.7190,831.56,455.42,932.83,571.93,1.988,-2.197
2026-04-03T13:45:38.367Z,54.120,pi:0,duck,0.2701,853.84,452.76,944.68,574.71,1.900,-1.640
2026-04-03T13:45:38.466Z,54.218,pi:0,duck,0.2820,850.06,453.97,932.36,576.26,1.894,-1.903
2026-04-03T13:45:38.579Z,54.331,pi:0,duck,0.5182,841.10,455.35,939.78,573.03,1.969,-1.928
2026-04-03T13:45:38.664Z,54.416,pi:0,duck,0.3978,846.81,455.27,939.63,576.53,1.910,-1.837
2026-04-03T13:45:38.979Z,54.731,pi:0,duck,0.5132,68.30,504.39,793.79,1043.76,0.430,-16.464
2026-04-03T13:45:39.035Z,54.790,pi:0,duck,0.5284,70.98,500.48,749.19,1043.35,0.427,-17.092
2026-04-03T13:45:39.206Z,54.959,pi:0,duck,0.4523,62.14,497.31,710.75,1043.56,0.424,-17.794
2026-04-03T13:45:39.939Z,55.691,pi:0,duck,0.6496,837.37,456.99,937.46,575.88,1.949,-2.026
2026-04-03T13:45:40.007Z,55.759,pi:0,duck,0.6642,828.93,456.30,936.76,575.88,1.937,-2.175
2026-04-03T13:45:40.052Z,55.805,pi:0,duck,0.6898,832.72,456.27,937.16,575.15,1.949,-2.107
2026-04-03T13:45:40.132Z,55.885,pi:0,duck,0.6277,835.20,456.21,937.69,578.29,1.898,-2.058
2026-04-03T13:45:40.208Z,55.961,pi:0,duck,0.5438,833.52,456.17,937.65,573.70,1.971,-2.086
2026-04-03T13:45:40.270Z,56.023,pi:0,duck,0.4708,832.27,456.11,937.24,589.99,1.730,-2.113
2026-04-03T13:45:40.352Z,56.105,pi:0,duck,0.6679,831.57,454.62,937.45,579.20,1.860,-2.121
2026-04-03T13:45:40.438Z,56.190,pi:0,duck,0.6715,832.14,455.45,937.44,577.49,1.898,-2.112
2026-04-03T13:45:40.481Z,56.233,pi:0,duck,0.6825,831.52,456.28,937.00,575.90,1.937,-2.129
2026-04-03T13:45:40.567Z,56.320,pi:0,duck,0.6423,832.19,456.20,937.21,576.69,1.923,-2.115
2026-04-03T13:45:40.635Z,56.388,pi:0,duck,0.6715,830.92,456.23,937.56,575.89,1.936,-2.130
2026-04-03T13:45:40.690Z,56.443,pi:0,duck,0.6825,831.53,456.23,935.53,573.08,1.983,-2.153
2026-04-03T13:45:40.735Z,56.487,pi:0,duck,0.6788,831.51,455.47,935.04,573.10,1.969,-2.161
2026-04-03T13:45:40.805Z,56.558,pi:0,duck,0.6825,832.09,455.41,934.76,571.89,1.989,-2.157
2026-04-03T13:45:40.883Z,56.635,pi:0,duck,0.6788,830.88,455.37,934.76,572.46,1.979,-2.176
2026-04-03T13:45:40.943Z,56.695,pi:0,duck,0.6861,831.50,455.37,936.56,572.47,1.978,-2.137
2026-04-03T13:45:40.997Z,56.750,pi:0,duck,0.6642,831.54,455.43,937.00,572.50,1.979,-2.129
2026-04-03T13:45:41.079Z,56.831,pi:0,duck,0.5985,831.56,454.59,937.66,573.11,1.955,-2.118
2026-04-03T13:45:41.146Z,56.899,pi:0,duck,0.5584,831.55,454.64,937.57,573.09,1.956,-2.119
2026-04-03T13:45:41.210Z,56.963,pi:0,duck,0.5949,831.52,454.59,937.08,573.09,1.955,-2.128
2026-04-03T13:45:41.308Z,57.060,pi:0,duck,0.5584,831.54,454.62,937.79,573.10,1.955,-2.116
2026-04-03T13:45:41.358Z,57.110,pi:0,duck,0.5803,832.15,454.58,937.34,571.91,1.975,-2.113
2026-04-03T13:45:41.419Z,57.171,pi:0,duck,0.6095,832.12,454.60,937.34,571.88,1.975,-2.114
2026-04-03T13:45:41.463Z,57.216,pi:0,duck,0.5474,831.59,454.59,937.57,572.48,1.965,-2.119
2026-04-03T13:45:41.521Z,57.273,pi:0,duck,0.6058,831.59,454.60,937.70,571.89,1.975,-2.117
2026-04-03T13:45:41.619Z,57.371,pi:0,duck,0.6569,833.32,454.54,937.94,570.80,1.993,-2.085
2026-04-03T13:45:41.664Z,57.416,pi:0,duck,0.4963,831.00,453.73,938.37,573.73,1.931,-2.115
2026-04-03T13:45:41.715Z,57.468,pi:0,duck,0.3723,684.25,27.18,819.04,163.93,1.694,-6.434
2026-04-03T13:45:41.806Z,57.558,pi:0,duck,0.2774,685.42,30.78,827.38,169.26,1.673,-6.281
2026-04-03T13:45:41.916Z,57.668,pi:0,duck,0.6204,832.15,453.70,936.23,573.78,1.929,-2.131
2026-04-03T13:45:42.010Z,57.763,pi:0,duck,0.6423,831.51,454.57,937.45,573.76,1.944,-2.122
2026-04-03T13:45:42.063Z,57.815,pi:0,duck,0.5730,831.53,451.91,935.78,573.07,1.912,-2.149
2026-04-03T13:45:42.119Z,57.871,pi:0,duck,0.5438,831.57,454.57,936.02,574.42,1.933,-2.145
2026-04-03T13:45:42.205Z,57.958,pi:0,duck,0.5146,830.92,451.95,938.30,573.74,1.902,-2.118
2026-04-03T13:45:42.251Z,58.003,pi:0,duck,0.6715,830.20,455.35,926.61,568.96,2.039,-2.320
2026-04-03T13:45:42.305Z,58.058,pi:0,duck,0.6861,831.50,455.38,926.54,567.90,2.059,-2.300
2026-04-03T13:45:42.356Z,58.109,pi:0,duck,0.6825,831.54,454.60,933.98,570.33,2.002,-2.178
2026-04-03T13:45:42.412Z,58.165,pi:0,duck,0.6788,831.55,454.55,933.98,570.32,2.001,-2.178
2026-04-03T13:45:42.519Z,58.271,pi:0,duck,0.6533,830.30,454.58,931.53,570.78,1.994,-2.238
2026-04-03T13:45:42.562Z,58.315,pi:0,duck,0.6496,830.26,455.38,927.68,569.82,2.024,-2.302
2026-04-03T13:45:42.623Z,58.375,pi:0,duck,0.6569,830.21,455.33,924.15,568.50,2.047,-2.360
2026-04-03T13:45:42.735Z,58.487,pi:0,duck,0.4416,830.22,453.33,918.97,568.36,2.014,-2.444
2026-04-03T13:45:44.052Z,59.805,pi:0,duck,0.2585,47.21,540.49,689.93,1045.39,0.459,-18.322
2026-04-03T13:45:44.861Z,60.614,pi:0,duck,0.2813,4.58,646.13,777.17,1024.92,0.612,-17.663
2026-04-03T13:45:44.914Z,60.667,pi:0,duck,0.2585,34.59,571.87,768.22,1045.29,0.489,-17.350
2026-04-03T13:45:45.023Z,60.775,pi:0,duck,0.2585,52.43,548.23,765.94,1045.24,0.466,-17.119
2026-04-03T13:45:45.094Z,60.847,pi:0,duck,0.3345,11.22,669.24,775.14,1024.98,0.651,-17.595
2026-04-03T13:45:45.470Z,61.223,pi:0,duck,0.3991,46.52,550.95,766.91,1045.24,0.469,-17.192
2026-04-03T13:45:45.547Z,61.300,pi:0,duck,0.3345,71.03,543.43,776.99,1045.24,0.462,-16.675
2026-04-03T13:45:45.604Z,61.356,pi:0,duck,0.3079,41.42,527.72,769.85,1045.33,0.448,-17.224
2026-04-03T13:45:45.671Z,61.423,pi:0,duck,0.5170,43.46,537.01,776.10,1045.29,0.456,-17.101
2026-04-03T13:45:45.816Z,61.569,pi:0,duck,0.3687,50.90,539.60,752.12,1045.28,0.458,-17.347
2026-04-03T13:45:47.482Z,63.235,pi:0,duck,0.2547,56.96,522.95,741.11,1046.99,0.442,-17.421
2026-04-03T13:45:48.026Z,63.778,pi:0,duck,0.2965,78.78,524.11,737.69,1045.13,0.445,-17.147
2026-04-03T13:45:48.320Z,64.072,pi:0,duck,0.4306,833.38,452.89,937.01,573.08,1.927,-2.099
2026-04-03T13:45:48.383Z,64.135,pi:0,duck,0.4270,833.41,453.75,936.78,572.48,1.951,-2.102
2026-04-03T13:45:48.466Z,64.219,pi:0,duck,0.3686,832.85,452.76,937.98,573.07,1.925,-2.092
2026-04-03T13:45:48.518Z,64.271,pi:0,duck,0.2762,834.37,454.00,936.06,573.37,1.941,-2.098
2026-04-03T13:45:48.564Z,64.317,pi:0,duck,0.3763,61.92,506.54,735.73,1046.92,0.429,-17.427
2026-04-03T13:45:48.664Z,64.416,pi:0,duck,0.2849,834.77,453.77,935.97,573.09,1.942,-2.093
2026-04-03T13:45:48.716Z,64.469,pi:0,duck,0.2733,834.39,454.35,935.94,573.06,1.952,-2.100
2026-04-03T13:45:48.788Z,64.541,pi:0,duck,0.2820,834.74,454.30,935.99,572.95,1.952,-2.093
2026-04-03T13:45:48.883Z,64.635,pi:0,duck,0.2675,834.76,453.59,935.46,573.40,1.934,-2.102
2026-04-03T13:45:48.938Z,64.691,pi:0,duck,0.2675,834.76,454.01,936.12,573.08,1.946,-2.091
2026-04-03T13:45:49.003Z,64.756,pi:0,duck,0.2820,834.79,454.74,935.98,573.49,1.951,-2.093
2026-04-03T13:45:49.090Z,64.842,pi:0,duck,0.2791,834.34,454.09,935.51,573.35,1.942,-2.107
2026-04-03T13:45:49.140Z,64.892,pi:0,duck,0.2878,834.82,454.36,935.50,573.10,1.951,-2.100
2026-04-03T13:45:49.195Z,64.948,pi:0,duck,0.2878,834.37,454.21,936.09,573.22,1.947,-2.098
2026-04-03T13:45:49.254Z,65.007,pi:0,duck,0.2733,834.39,453.74,937.20,573.24,1.939,-2.079
2026-04-03T13:45:49.300Z,65.053,pi:0,duck,0.2791,834.38,454.98,935.95,573.21,1.959,-2.100
2026-04-03T13:45:49.393Z,65.146,pi:0,duck,0.2791,834.38,453.97,935.98,573.06,1.945,-2.099
2026-04-03T13:45:49.446Z,65.199,pi:0,duck,0.2907,834.39,454.16,936.03,573.09,1.948,-2.098
2026-04-03T13:45:49.510Z,65.263,pi:0,duck,0.2646,834.31,454.04,936.09,573.38,1.941,-2.099
2026-04-03T13:45:49.600Z,65.352,pi:0,duck,0.2936,834.37,454.02,936.05,573.23,1.943,-2.098
2026-04-03T13:45:49.647Z,65.399,pi:0,duck,0.2791,834.39,453.62,936.06,573.24,1.937,-2.098
2026-04-03T13:45:49.705Z,65.458,pi:0,duck,0.2733,834.39,453.91,936.60,572.92,1.947,-2.089
2026-04-03T13:45:49.802Z,65.554,pi:0,duck,0.2966,834.31,454.36,936.04,572.93,1.954,-2.099
2026-04-03T13:45:49.856Z,65.609,pi:0,duck,0.2762,834.31,453.28,936.02,573.24,1.931,-2.100
2026-04-03T13:45:49.929Z,65.682,pi:0,duck,0.2762,834.28,454.11,935.99,573.35,1.943,-2.101
2026-04-03T13:45:50.038Z,65.791,pi:0,duck,0.2791,834.79,453.97,936.03,573.20,1.943,-2.092
2026-04-03T13:45:50.170Z,65.923,pi:0,duck,0.2617,834.76,454.41,936.03,573.19,1.950,-2.092
2026-04-03T13:45:50.279Z,66.031,pi:0,duck,0.2907,834.34,453.38,936.54,573.47,1.929,-2.091
2026-04-03T13:45:50.371Z,66.124,pi:0,duck,0.2995,833.80,452.95,936.02,573.06,1.929,-2.108
2026-04-03T13:45:50.501Z,66.253,pi:0,duck,0.3978,832.82,451.68,936.98,573.72,1.898,-2.108
2026-04-03T13:45:50.857Z,66.609,pi:0,duck,0.2737,831.61,451.07,944.28,575.01,1.869,-2.009
2026-04-03T13:45:51.056Z,66.809,pi:0,duck,0.3358,831.55,448.10,937.53,575.07,1.825,-2.120
2026-04-03T13:45:51.176Z,66.929,pi:0,duck,0.2920,831.62,441.33,938.89,573.67,1.751,-2.097
2026-04-03T13:45:51.275Z,67.028,pi:0,duck,0.3175,830.93,447.69,942.74,574.31,1.830,-2.045
2026-04-03T13:45:51.388Z,67.140,pi:0,duck,0.2920,833.13,449.83,939.45,573.63,1.871,-2.063
2026-04-03T13:45:51.492Z,67.245,pi:0,duck,0.3053,835.30,451.92,934.39,574.08,1.896,-2.110
2026-04-03T13:45:51.593Z,67.346,pi:0,duck,0.2529,835.20,453.30,935.78,573.75,1.923,-2.089
2026-04-03T13:45:51.698Z,67.451,pi:0,duck,0.4980,74.34,519.97,780.25,1043.56,0.442,-16.577
2026-04-03T13:45:51.758Z,67.511,pi:0,duck,0.3905,833.16,447.19,944.44,573.58,1.833,-1.981
2026-04-03T13:45:51.807Z,67.560,pi:0,duck,0.4598,835.41,448.17,942.81,573.62,1.847,-1.971
2026-04-03T13:45:51.891Z,67.643,pi:0,duck,0.3431,835.07,450.15,942.80,572.89,1.888,-1.977
2026-04-03T13:45:51.939Z,67.692,pi:0,duck,0.4890,835.97,451.09,942.35,572.91,1.902,-1.969
2026-04-03T13:45:51.983Z,67.736,pi:0,duck,0.3796,836.51,450.13,941.83,572.89,1.887,-1.969
2026-04-03T13:45:52.093Z,67.845,pi:0,duck,0.3905,834.58,450.14,942.85,574.20,1.867,-1.984
2026-04-03T13:45:52.143Z,67.895,pi:0,duck,0.4671,835.81,449.11,943.35,574.97,1.841,-1.956
2026-04-03T13:45:52.242Z,67.994,pi:0,duck,0.4051,837.03,449.17,942.81,573.56,1.862,-1.945
2026-04-03T13:45:52.335Z,68.087,pi:0,duck,0.4598,836.89,450.15,942.85,574.99,1.856,-1.946
2026-04-03T13:45:52.411Z,68.163,pi:0,duck,0.5219,839.14,452.90,941.00,574.36,1.907,-1.940
2026-04-03T13:45:52.470Z,68.223,pi:0,duck,0.5328,838.79,452.89,941.04,573.69,1.918,-1.945
2026-04-03T13:45:52.538Z,68.291,pi:0,duck,0.5182,839.20,452.88,941.01,573.71,1.917,-1.939
2026-04-03T13:45:52.574Z,68.327,pi:0,duck,0.5219,839.56,452.90,941.02,573.03,1.928,-1.933
2026-04-03T13:45:52.641Z,68.393,pi:0,duck,0.4927,839.20,452.87,941.02,573.03,1.928,-1.938
2026-04-03T13:45:52.676Z,68.429,pi:0,duck,0.5036,839.26,452.89,940.65,571.85,1.947,-1.944
2026-04-03T13:45:52.758Z,68.510,pi:0,duck,0.4854,840.00,451.95,939.78,570.76,1.950,-1.946
2026-04-03T13:45:52.838Z,68.590,pi:0,duck,0.5109,840.34,451.96,939.83,570.78,1.950,-1.939
2026-04-03T13:45:52.880Z,68.633,pi:0,duck,0.5109,840.40,451.98,939.33,571.28,1.942,-1.946
2026-04-03T13:45:52.951Z,68.703,pi:0,duck,0.4817,840.00,451.94,939.41,570.76,1.950,-1.952
2026-04-03T13:45:53.026Z,68.778,pi:0,duck,0.4817,840.13,451.01,939.47,571.27,1.926,-1.949
2026-04-03T13:45:53.078Z,68.831,pi:0,duck,0.5073,839.56,451.93,939.78,571.28,1.941,-1.953
2026-04-03T13:45:53.142Z,68.894,pi:0,duck,0.4708,839.56,451.90,939.86,571.82,1.932,-1.952
2026-04-03T13:45:53.235Z,68.988,pi:0,duck,0.5146,839.69,451.93,940.11,571.81,1.932,-1.945
2026-04-03T13:45:53.287Z,69.039,pi:0,duck,0.5109,839.86,451.92,939.50,571.30,1.941,-1.952
2026-04-03T13:45:53.348Z,69.100,pi:0,duck,0.4963,839.56,450.97,939.86,571.85,1.916,-1.952
2026-04-03T13:45:53.436Z,69.189,pi:0,duck,0.5620,839.59,450.10,939.88,571.31,1.911,-1.951
2026-04-03T13:45:53.488Z,69.240,pi:0,duck,0.5620,839.59,451.03,940.96,573.04,1.899,-1.933
2026-04-03T13:45:53.543Z,69.295,pi:0,duck,0.5730,839.62,451.03,940.16,572.44,1.908,-1.946
2026-04-03T13:45:53.643Z,69.396,pi:0,duck,0.5438,839.72,451.95,939.83,571.86,1.932,-1.949
2026-04-03T13:45:53.692Z,69.444,pi:0,duck,0.5438,839.62,450.07,939.86,571.30,1.911,-1.951
2026-04-03T13:45:53.741Z,69.493,pi:0,duck,0.4890,839.74,449.08,940.16,571.30,1.895,-1.944
2026-04-03T13:45:53.789Z,69.542,pi:0,duck,0.4963,840.24,451.00,940.14,570.27,1.942,-1.936
2026-04-03T13:45:53.838Z,69.590,pi:0,duck,0.5219,840.00,451.02,940.21,570.74,1.935,-1.939
2026-04-03T13:45:53.885Z,69.638,pi:0,duck,0.5328,839.74,451.93,940.14,570.76,1.949,-1.944
2026-04-03T13:45:53.983Z,69.736,pi:0,duck,0.4598,839.59,450.08,940.52,571.23,1.912,-1.940
2026-04-03T13:45:54.040Z,69.793,pi:0,duck,0.4671,839.72,450.03,940.52,570.73,1.919,-1.938
2026-04-03T13:45:54.103Z,69.856,pi:0,duck,0.4708,839.86,450.04,940.43,571.21,1.912,-1.937
2026-04-03T13:45:54.147Z,69.900,pi:0,duck,0.4744,839.39,450.03,940.47,571.27,1.911,-1.944
2026-04-03T13:45:54.215Z,69.968,pi:0,duck,0.4781,839.72,449.09,940.52,571.27,1.896,-1.938
2026-04-03T13:45:54.318Z,70.071,pi:0,duck,0.4744,839.39,449.06,940.11,571.82,1.887,-1.950
2026-04-03T13:45:54.368Z,70.121,pi:0,duck,0.4343,839.00,448.05,940.01,571.82,1.872,-1.958
2026-04-03T13:45:54.428Z,70.181,pi:0,duck,0.4525,839.56,449.00,939.64,572.40,1.877,-1.955
2026-04-03T13:45:54.474Z,70.226,pi:0,duck,0.4671,839.56,448.03,939.64,572.39,1.863,-1.955
2026-04-03T13:45:54.567Z,70.320,pi:0,duck,0.5766,840.00,451.00,939.04,571.30,1.926,-1.958
2026-04-03T13:45:54.662Z,70.415,pi:0,duck,0.4379,839.20,450.09,940.60,572.40,1.894,-1.945
2026-04-03T13:45:54.734Z,70.487,pi:0,duck,0.4671,839.39,450.98,939.83,572.38,1.908,-1.955
2026-04-03T13:45:54.855Z,70.607,pi:0,duck,0.4708,839.72,450.99,940.21,571.27,1.926,-1.943
2026-04-03T13:45:54.919Z,70.672,pi:0,duck,0.4708,839.20,450.99,940.58,571.80,1.918,-1.946
2026-04-03T13:45:54.963Z,70.716,pi:0,duck,0.4598,839.39,451.02,940.58,571.80,1.918,-1.943
2026-04-03T13:45:55.013Z,70.765,pi:0,duck,0.4124,839.85,450.98,940.23,572.38,1.908,-1.941
2026-04-03T13:45:55.103Z,70.855,pi:0,duck,0.4306,839.69,450.07,940.23,571.80,1.903,-1.943
2026-04-03T13:45:55.162Z,70.914,pi:0,duck,0.4124,839.69,451.93,940.54,571.80,1.933,-1.938
2026-04-03T13:45:55.218Z,70.970,pi:0,duck,0.4270,839.56,451.95,940.62,571.80,1.933,-1.939
2026-04-03T13:45:55.301Z,71.053,pi:0,duck,0.4927,839.26,452.84,940.65,571.29,1.956,-1.944
2026-04-03T13:45:55.372Z,71.125,pi:0,duck,0.5401,840.24,453.70,939.47,570.76,1.979,-1.947
2026-04-03T13:45:55.422Z,71.175,pi:0,duck,0.6168,840.37,452.80,938.80,571.30,1.955,-1.956
2026-04-03T13:45:55.495Z,71.248,pi:0,duck,0.5985,839.72,453.67,938.66,571.29,1.970,-1.968
2026-04-03T13:45:55.571Z,71.323,pi:0,duck,0.5182,837.22,453.66,938.05,571.84,1.960,-2.019
2026-04-03T13:45:55.625Z,71.377,pi:0,duck,0.5803,833.28,451.82,937.98,571.89,1.929,-2.085
2026-04-03T13:45:55.683Z,71.435,pi:0,duck,0.5073,832.74,449.92,938.39,572.46,1.891,-2.087
2026-04-03T13:45:55.725Z,71.478,pi:0,duck,0.4963,832.11,440.42,939.00,572.46,1.754,-2.087
2026-04-03T13:45:55.793Z,71.546,pi:0,duck,0.4306,832.74,427.72,939.60,573.69,1.587,-2.067
2026-04-03T13:45:55.888Z,71.641,pi:0,duck,0.3869,836.67,447.72,939.56,571.25,1.875,-2.004
2026-04-03T13:45:55.938Z,71.690,pi:0,duck,0.5219,839.39,452.81,939.14,571.82,1.947,-1.966
2026-04-03T13:45:55.996Z,71.749,pi:0,duck,0.5000,839.39,452.84,938.66,571.80,1.947,-1.974
2026-04-03T13:45:56.076Z,71.829,pi:0,duck,0.4343,839.34,451.93,939.14,571.78,1.933,-1.967
2026-04-03T13:45:56.145Z,71.897,pi:0,duck,0.4306,839.84,451.94,939.25,571.25,1.942,-1.957
2026-04-03T13:45:56.200Z,71.953,pi:0,duck,0.4562,839.00,451.96,939.14,571.25,1.942,-1.972
2026-04-03T13:45:56.252Z,72.005,pi:0,duck,0.4233,839.14,452.86,939.08,570.71,1.966,-1.971
2026-04-03T13:45:56.305Z,72.057,pi:0,duck,0.4379,839.52,450.99,938.86,571.78,1.918,-1.969
2026-04-03T13:45:56.396Z,72.148,pi:0,duck,0.3796,839.67,452.88,938.73,571.23,1.957,-1.968
2026-04-03T13:45:56.455Z,72.207,pi:0,duck,0.4270,839.52,452.84,939.55,571.20,1.957,-1.957
2026-04-03T13:45:56.510Z,72.263,pi:0,duck,0.5000,839.39,452.87,939.33,571.27,1.957,-1.963
2026-04-03T13:45:56.565Z,72.318,pi:0,duck,0.4306,839.67,452.80,938.85,571.78,1.947,-1.966
2026-04-03T13:45:56.606Z,72.358,pi:0,duck,0.4708,840.32,452.75,938.50,571.25,1.955,-1.961
2026-04-03T13:45:56.681Z,72.434,pi:0,duck,0.5474,840.52,454.51,938.23,571.28,1.984,-1.962
2026-04-03T13:45:56.775Z,72.527,pi:0,duck,0.4635,840.26,452.85,939.45,571.28,1.956,-1.947
2026-04-03T13:45:56.872Z,72.625,pi:0,duck,0.2878,835.70,451.93,936.55,574.40,1.892,-2.069
2026-04-03T13:45:56.927Z,72.680,pi:0,duck,0.2646,835.77,452.09,935.43,574.74,1.889,-2.086
2026-04-03T13:45:57.055Z,72.807,pi:0,duck,0.2646,836.18,450.65,936.02,574.62,1.869,-2.069
2026-04-03T13:45:57.202Z,72.955,pi:0,duck,0.3942,840.67,451.87,938.74,571.27,1.940,-1.952
2026-04-03T13:45:57.266Z,73.019,pi:0,duck,0.3198,836.19,452.70,935.81,573.73,1.914,-2.073
2026-04-03T13:45:57.316Z,73.068,pi:0,duck,0.3577,840.14,452.78,938.92,570.75,1.964,-1.957
2026-04-03T13:45:57.389Z,73.141,pi:0,duck,0.3402,835.77,452.20,935.91,573.84,1.904,-2.078
2026-04-03T13:45:57.472Z,73.225,pi:0,duck,0.3467,839.14,452.78,939.48,571.25,1.956,-1.965
2026-04-03T13:45:57.533Z,73.285,pi:0,duck,0.4233,839.39,453.67,938.78,570.75,1.979,-1.972
2026-04-03T13:45:57.586Z,73.338,pi:0,duck,0.3576,835.78,454.00,935.95,573.82,1.933,-2.077
2026-04-03T13:45:57.643Z,73.396,pi:0,duck,0.3504,839.39,450.83,939.13,570.73,1.932,-1.966
2026-04-03T13:45:57.743Z,73.496,pi:0,duck,0.3489,836.23,453.48,935.93,573.96,1.923,-2.070
2026-04-03T13:45:57.793Z,73.546,pi:0,duck,0.3576,835.77,453.49,935.94,573.82,1.925,-2.077
2026-04-03T13:45:57.845Z,73.598,pi:0,duck,0.3809,835.77,454.00,935.90,574.16,1.928,-2.078
2026-04-03T13:45:57.903Z,73.655,pi:0,duck,0.3650,840.00,451.84,939.19,570.26,1.956,-1.955
2026-04-03T13:45:57.954Z,73.707,pi:0,duck,0.3650,840.14,453.61,939.16,571.25,1.969,-1.953
2026-04-03T13:45:58.008Z,73.760,pi:0,duck,0.4197,840.14,452.76,939.16,571.25,1.955,-1.953
2026-04-03T13:45:58.075Z,73.828,pi:0,duck,0.4051,840.00,453.64,939.09,571.82,1.960,-1.957
2026-04-03T13:45:58.158Z,73.911,pi:0,duck,0.3905,839.56,451.90,939.13,571.25,1.941,-1.964
2026-04-03T13:45:58.216Z,73.969,pi:0,duck,0.3832,839.39,452.74,939.22,571.78,1.946,-1.965
2026-04-03T13:45:58.305Z,74.058,pi:0,duck,0.3978,839.69,452.81,939.12,571.27,1.956,-1.961
2026-04-03T13:45:58.366Z,74.119,pi:0,duck,0.3692,835.78,453.24,935.87,574.05,1.918,-2.078
2026-04-03T13:45:58.415Z,74.167,pi:0,duck,0.3605,835.78,453.50,936.40,573.82,1.925,-2.069
2026-04-03T13:45:58.495Z,74.248,pi:0,duck,0.3780,835.78,453.42,936.39,574.08,1.920,-2.070
2026-04-03T13:45:58.574Z,74.326,pi:0,duck,0.3576,835.77,453.48,935.91,574.05,1.921,-2.078
2026-04-03T13:45:58.634Z,74.387,pi:0,duck,0.3832,839.34,452.78,939.19,571.27,1.955,-1.966
2026-04-03T13:45:58.690Z,74.442,pi:0,duck,0.3576,835.79,453.22,935.92,574.17,1.915,-2.077
2026-04-03T13:45:58.782Z,74.535,pi:0,duck,0.3978,838.79,451.79,939.16,571.25,1.939,-1.976
2026-04-03T13:45:58.855Z,74.608,pi:0,duck,0.4233,839.39,452.75,939.50,571.27,1.955,-1.960
2026-04-03T13:45:58.986Z,74.739,pi:0,duck,0.4233,839.39,452.81,939.22,571.27,1.956,-1.965
2026-04-03T13:45:59.027Z,74.780,pi:0,duck,0.4124,839.39,451.84,939.19,571.27,1.940,-1.965
2026-04-03T13:45:59.097Z,74.850,pi:0,duck,0.4854,839.52,453.72,939.16,571.28,1.971,-1.964
2026-04-03T13:45:59.190Z,74.943,pi:0,duck,0.4562,839.69,453.64,939.16,571.27,1.969,-1.961
2026-04-03T13:45:59.238Z,74.991,pi:0,duck,0.4087,840.00,452.84,939.13,571.25,1.957,-1.956
2026-04-03T13:45:59.283Z,75.036,pi:0,duck,0.4562,839.52,453.68,939.16,571.83,1.961,-1.964
2026-04-03T13:45:59.378Z,75.130,pi:0,duck,0.4270,839.39,453.69,939.50,572.40,1.952,-1.960
2026-04-03T13:45:59.424Z,75.177,pi:0,duck,0.3942,839.85,452.78,939.50,571.27,1.955,-1.953
2026-04-03T13:45:59.483Z,75.236,pi:0,duck,0.3838,835.35,452.50,935.86,574.17,1.904,-2.085
2026-04-03T13:45:59.575Z,75.327,pi:0,duck,0.4051,839.69,452.81,939.19,571.27,1.956,-1.960
2026-04-03T13:45:59.643Z,75.396,pi:0,duck,0.4379,839.69,452.85,939.47,571.27,1.956,-1.956
2026-04-03T13:45:59.691Z,75.443,pi:0,duck,0.4306,839.67,453.64,938.74,570.75,1.978,-1.968
2026-04-03T13:45:59.739Z,75.491,pi:0,duck,0.3692,836.20,453.84,935.89,574.06,1.927,-2.071
2026-04-03T13:45:59.803Z,75.555,pi:0,duck,0.3692,835.79,453.13,935.94,574.48,1.909,-2.077
2026-04-03T13:45:59.902Z,75.655,pi:0,duck,0.3634,836.22,453.93,935.90,574.28,1.925,-2.071
2026-04-03T13:45:59.950Z,75.703,pi:0,duck,0.4306,839.39,452.82,939.19,571.82,1.947,-1.965
2026-04-03T13:45:59.992Z,75.745,pi:0,duck,0.4525,839.69,452.86,939.13,571.82,1.948,-1.961
2026-04-03T13:46:00.041Z,75.794,pi:0,duck,0.4160,839.69,452.79,939.09,571.27,1.955,-1.962
2026-04-03T13:46:00.148Z,75.901,pi:0,duck,0.3613,839.34,452.78,939.13,571.80,1.947,-1.967
2026-04-03T13:46:00.195Z,75.947,pi:0,duck,0.4124,839.52,453.73,938.82,571.82,1.962,-1.969
2026-04-03T13:46:00.276Z,76.028,pi:0,duck,0.3547,835.78,453.38,936.47,574.05,1.920,-2.068
2026-04-03T13:46:00.360Z,76.113,pi:0,duck,0.3978,839.85,451.84,939.13,571.26,1.940,-1.959
2026-04-03T13:46:00.411Z,76.163,pi:0,duck,0.3723,839.52,452.80,938.79,571.25,1.956,-1.970
2026-04-03T13:46:00.450Z,76.202,pi:0,duck,0.4233,839.39,452.85,939.05,571.81,1.947,-1.967
2026-04-03T13:46:00.508Z,76.261,pi:0,duck,0.4233,839.34,452.81,939.38,571.82,1.947,-1.963
2026-04-03T13:46:00.566Z,76.318,pi:0,duck,0.4598,839.00,452.83,939.09,572.43,1.937,-1.973
2026-04-03T13:46:00.659Z,76.412,pi:0,duck,0.4708,839.00,453.64,938.82,573.69,1.930,-1.978
2026-04-03T13:46:00.700Z,76.452,pi:0,duck,0.4562,839.69,453.65,938.82,572.45,1.950,-1.966
2026-04-03T13:46:00.757Z,76.509,pi:0,duck,0.4416,839.52,451.78,939.01,573.69,1.900,-1.966
2026-04-03T13:46:00.863Z,76.616,pi:0,duck,0.4671,839.67,453.68,939.01,573.05,1.941,-1.964
2026-04-03T13:46:00.939Z,76.692,pi:0,duck,0.4525,838.92,452.70,939.05,573.69,1.915,-1.975
2026-04-03T13:46:01.034Z,76.787,pi:0,duck,0.5219,838.32,453.71,938.74,572.41,1.952,-1.990
2026-04-03T13:46:01.098Z,76.851,pi:0,duck,0.4744,838.67,451.87,938.45,573.05,1.912,-1.989
2026-04-03T13:46:01.215Z,76.967,pi:0,duck,0.4817,838.04,453.63,938.74,573.06,1.940,-1.995
2026-04-03T13:46:01.272Z,77.025,pi:0,duck,0.5036,838.92,452.82,939.01,573.07,1.926,-1.976
2026-04-03T13:46:01.311Z,77.064,pi:0,duck,0.5109,839.14,453.68,938.45,572.44,1.951,-1.981
2026-04-03T13:46:01.367Z,77.120,pi:0,duck,0.5474,838.44,454.62,938.82,573.06,1.956,-1.987
2026-04-03T13:46:01.477Z,77.229,pi:0,duck,0.5401,838.55,453.80,938.44,572.45,1.953,-1.991
2026-04-03T13:46:01.522Z,77.274,pi:0,duck,0.5146,838.88,453.73,938.44,572.43,1.952,-1.986
2026-04-03T13:46:01.590Z,77.342,pi:0,duck,0.5219,839.00,453.70,938.59,572.43,1.951,-1.981
2026-04-03T13:46:01.690Z,77.443,pi:0,duck,0.5511,838.67,453.67,938.49,572.45,1.950,-1.988
2026-04-03T13:46:01.743Z,77.496,pi:0,duck,0.5292,838.79,454.56,938.44,572.43,1.965,-1.987
2026-04-03T13:46:01.829Z,77.582,pi:0,duck,0.5328,839.00,454.56,938.44,572.45,1.965,-1.984
2026-04-03T13:46:01.908Z,77.661,pi:0,duck,0.5146,838.56,454.57,938.74,571.85,1.975,-1.986
2026-04-03T13:46:01.959Z,77.712,pi:0,duck,0.5182,839.39,453.74,938.59,572.45,1.952,-1.975
2026-04-03T13:46:02.010Z,77.762,pi:0,duck,0.5109,838.43,453.70,939.05,573.05,1.941,-1.983
2026-04-03T13:46:02.055Z,77.808,pi:0,duck,0.5182,837.32,454.57,939.09,574.37,1.934,-2.001
2026-04-03T13:46:02.105Z,77.858,pi:0,duck,0.4817,838.31,452.78,939.12,573.05,1.926,-1.984
2026-04-03T13:46:02.160Z,77.913,pi:0,duck,0.5109,838.31,453.68,939.44,573.69,1.930,-1.979
2026-04-03T13:46:02.202Z,77.954,pi:0,duck,0.5401,838.67,454.52,939.05,573.05,1.955,-1.979
2026-04-03T13:46:02.252Z,78.004,pi:0,duck,0.5109,838.07,454.63,939.50,573.06,1.956,-1.982
2026-04-03T13:46:02.354Z,78.107,pi:0,duck,0.5182,838.55,454.62,939.44,572.41,1.967,-1.975
2026-04-03T13:46:02.401Z,78.153,pi:0,duck,0.5073,838.55,453.76,938.59,570.76,1.980,-1.989
2026-04-03T13:46:02.448Z,78.201,pi:0,duck,0.5219,838.88,453.75,938.74,571.85,1.962,-1.981
2026-04-03T13:46:02.543Z,78.295,pi:0,duck,0.4343,839.39,452.84,938.59,571.27,1.956,-1.975
2026-04-03T13:46:02.610Z,78.362,pi:0,duck,0.5109,839.72,453.71,938.69,570.78,1.979,-1.968
2026-04-03T13:46:02.666Z,78.419,pi:0,duck,0.5146,840.00,452.86,938.82,571.28,1.956,-1.961
2026-04-03T13:46:02.710Z,78.463,pi:0,duck,0.4927,840.00,452.81,938.74,570.76,1.964,-1.963
2026-04-03T13:46:02.771Z,78.523,pi:0,duck,0.5073,839.69,453.71,939.05,571.27,1.971,-1.963
2026-04-03T13:46:02.868Z,78.620,pi:0,duck,0.4817,840.00,453.66,938.91,571.30,1.969,-1.960
2026-04-03T13:46:02.949Z,78.701,pi:0,duck,0.4708,839.69,453.70,938.53,571.83,1.961,-1.971
2026-04-03T13:46:03.090Z,78.843,pi:0,duck,0.3905,840.14,453.69,938.66,571.80,1.962,-1.962
2026-04-03T13:46:03.175Z,78.927,pi:0,duck,0.3759,840.56,452.83,938.59,570.76,1.964,-1.956
2026-04-03T13:46:03.267Z,79.019,pi:0,duck,0.3212,840.56,451.78,938.34,570.73,1.948,-1.960
2026-04-03T13:46:03.323Z,79.076,pi:0,duck,0.3212,839.20,450.95,939.04,571.25,1.926,-1.971
2026-04-03T13:46:03.710Z,79.463,pi:0,duck,0.2664,836.58,441.83,939.47,571.18,1.791,-2.006
2026-04-03T13:46:03.763Z,79.515,pi:0,duck,0.2518,836.32,434.30,939.64,571.20,1.692,-2.008
2026-04-03T13:46:04.155Z,79.907,pi:0,duck,0.2774,837.31,429.91,939.51,572.36,1.626,-1.994
2026-04-03T13:46:04.239Z,79.992,pi:0,duck,0.3723,838.21,439.43,939.61,570.71,1.765,-1.978
2026-04-03T13:46:04.311Z,80.063,pi:0,duck,0.3139,837.31,431.03,939.30,571.78,1.646,-1.997
2026-04-03T13:46:04.365Z,80.117,pi:0,duck,0.2701,837.22,431.03,939.26,571.75,1.646,-1.999
2026-04-03T13:46:04.415Z,80.167,pi:0,duck,0.4124,837.97,446.55,939.05,571.23,1.858,-1.991
2026-04-03T13:46:04.463Z,80.215,pi:0,duck,0.5657,835.30,445.35,938.64,571.30,1.839,-2.041
2026-04-03T13:46:04.551Z,80.304,pi:0,duck,0.5365,832.58,402.82,938.29,571.28,1.375,-2.091
2026-04-03T13:46:04.617Z,80.369,pi:0,duck,0.7044,825.57,435.30,929.20,569.44,1.727,-2.354
2026-04-03T13:46:04.670Z,80.422,pi:0,duck,0.6168,821.94,423.29,928.35,567.88,1.602,-2.427
2026-04-03T13:46:04.719Z,80.472,pi:0,duck,0.6934,818.01,433.70,927.62,566.80,1.741,-2.503
2026-04-03T13:46:04.774Z,80.527,pi:0,duck,0.7117,817.00,441.03,928.18,569.48,1.804,-2.510
2026-04-03T13:46:04.815Z,80.568,pi:0,duck,0.7226,821.95,454.02,930.15,574.46,1.924,-2.397
2026-04-03T13:46:04.871Z,80.623,pi:0,duck,0.5511,826.41,450.70,931.06,576.64,1.840,-2.309
2026-04-03T13:46:04.923Z,80.676,pi:0,duck,0.6168,825.57,452.37,934.24,576.03,1.873,-2.271
2026-04-03T13:46:04.972Z,80.724,pi:0,duck,0.6314,825.57,450.73,935.78,582.07,1.764,-2.246
2026-04-03T13:46:05.046Z,80.798,pi:0,duck,0.5474,826.40,442.19,937.43,583.04,1.645,-2.206
2026-04-03T13:46:05.144Z,80.896,pi:0,duck,0.5730,827.21,451.18,936.26,584.01,1.744,-2.212
2026-04-03T13:46:05.230Z,80.982,pi:0,duck,0.5146,826.40,439.88,936.24,586.00,1.585,-2.225
2026-04-03T13:46:05.308Z,81.060,pi:0,duck,0.3227,825.74,465.75,932.21,587.66,1.900,-2.302
2026-04-03T13:46:05.373Z,81.125,pi:0,duck,0.3942,825.56,443.17,934.99,587.01,1.611,-2.259
2026-04-03T13:46:05.424Z,81.177,pi:0,duck,0.4525,825.57,442.63,934.99,587.01,1.605,-2.259
2026-04-03T13:46:05.479Z,81.232,pi:0,duck,0.4744,824.69,441.98,935.79,586.00,1.609,-2.260
2026-04-03T13:46:05.552Z,81.305,pi:0,duck,0.5146,824.69,439.50,936.03,585.00,1.592,-2.257
2026-04-03T13:46:05.631Z,81.383,pi:0,duck,0.5073,825.56,438.27,935.80,585.00,1.579,-2.246
2026-04-03T13:46:05.674Z,81.427,pi:0,duck,0.5657,825.56,445.72,935.51,585.00,1.663,-2.251
2026-04-03T13:46:05.736Z,81.489,pi:0,duck,0.5036,824.69,441.98,936.03,586.01,1.609,-2.256
2026-04-03T13:46:05.840Z,81.592,pi:0,duck,0.5620,826.40,449.41,935.78,585.00,1.709,-2.233
2026-04-03T13:46:05.878Z,81.631,pi:0,duck,0.5438,825.56,447.41,935.17,586.00,1.671,-2.256
2026-04-03T13:46:05.941Z,81.694,pi:0,duck,0.5730,825.56,452.03,936.67,585.00,1.742,-2.232
2026-04-03T13:46:06.032Z,81.784,pi:0,duck,0.5730,825.56,443.01,936.62,583.03,1.654,-2.233
2026-04-03T13:46:06.079Z,81.832,pi:0,duck,0.5584,825.56,447.41,937.02,583.03,1.708,-2.226
2026-04-03T13:46:06.166Z,81.918,pi:0,duck,0.5219,825.56,440.79,937.02,584.01,1.618,-2.226
2026-04-03T13:46:06.242Z,81.995,pi:0,duck,0.5000,825.56,430.59,936.47,584.01,1.510,-2.235
2026-04-03T13:46:06.279Z,82.031,pi:0,duck,0.4744,826.40,437.57,936.85,584.01,1.582,-2.215
2026-04-03T13:46:06.348Z,82.101,pi:0,duck,0.4927,824.69,445.08,936.62,585.01,1.656,-2.247
2026-04-03T13:46:06.395Z,82.147,pi:0,duck,0.4890,825.56,436.17,936.48,584.01,1.567,-2.235
2026-04-03T13:46:06.445Z,82.197,pi:0,duck,0.5036,824.69,433.69,937.33,585.00,1.531,-2.235
2026-04-03T13:46:06.500Z,82.252,pi:0,duck,0.4854,826.40,432.60,936.86,585.00,1.520,-2.215
2026-04-03T13:46:06.551Z,82.303,pi:0,duck,0.5511,825.56,438.32,936.73,583.03,1.601,-2.231
2026-04-03T13:46:06.601Z,82.354,pi:0,duck,0.5620,824.69,447.10,936.67,585.00,1.680,-2.246
2026-04-03T13:46:06.712Z,82.464,pi:0,duck,0.4963,825.56,440.41,936.26,583.03,1.624,-2.239
2026-04-03T13:46:06.758Z,82.511,pi:0,duck,0.5693,824.69,445.32,936.86,582.07,1.694,-2.243
2026-04-03T13:46:06.828Z,82.581,pi:0,duck,0.5912,825.56,436.67,937.18,581.13,1.604,-2.223
2026-04-03T13:46:06.923Z,82.675,pi:0,duck,0.5584,825.57,444.05,937.18,581.13,1.690,-2.223
2026-04-03T13:46:07.004Z,82.756,pi:0,duck,0.4817,826.41,434.61,937.83,580.21,1.591,-2.199
2026-04-03T13:46:07.076Z,82.829,pi:0,duck,0.4671,826.41,443.04,937.70,580.21,1.689,-2.201
2026-04-03T13:46:07.169Z,82.922,pi:0,duck,0.5073,826.41,446.99,937.35,579.32,1.751,-2.207
2026-04-03T13:46:07.223Z,82.976,pi:0,duck,0.5146,825.57,449.99,937.58,579.32,1.791,-2.217
2026-04-03T13:46:07.334Z,83.087,pi:0,duck,0.5219,825.58,445.99,937.47,578.45,1.749,-2.219
2026-04-03T13:46:07.382Z,83.135,pi:0,duck,0.4635,826.40,442.79,938.24,579.32,1.697,-2.193
2026-04-03T13:46:07.439Z,83.191,pi:0,duck,0.4890,826.41,444.17,937.80,578.45,1.725,-2.199
2026-04-03T13:46:07.542Z,83.295,pi:0,duck,0.4051,826.41,439.44,938.07,579.32,1.656,-2.195
2026-04-03T13:46:07.595Z,83.348,pi:0,duck,0.4708,825.57,444.12,938.15,579.32,1.714,-2.208
2026-04-03T13:46:07.660Z,83.412,pi:0,duck,0.4890,825.57,445.98,937.81,578.45,1.749,-2.213
2026-04-03T13:46:07.746Z,83.499,pi:0,duck,0.5657,827.22,451.27,937.90,578.45,1.822,-2.185
2026-04-03T13:46:07.795Z,83.548,pi:0,duck,0.5292,827.22,451.03,938.74,578.45,1.818,-2.171
2026-04-03T13:46:07.854Z,83.607,pi:0,duck,0.5949,827.22,453.13,938.05,578.45,1.849,-2.182
2026-04-03T13:46:07.955Z,83.708,pi:0,duck,0.5365,827.22,451.30,938.75,578.45,1.822,-2.171
2026-04-03T13:46:08.007Z,83.759,pi:0,duck,0.6022,827.22,451.38,938.70,578.45,1.823,-2.172
2026-04-03T13:46:08.101Z,83.853,pi:0,duck,0.5693,827.22,452.37,938.45,579.32,1.825,-2.176
2026-04-03T13:46:08.154Z,83.906,pi:0,duck,0.5766,827.22,453.41,938.28,578.45,1.853,-2.178
2026-04-03T13:46:08.223Z,83.975,pi:0,duck,0.6314,827.22,452.44,938.49,579.31,1.826,-2.175
2026-04-03T13:46:08.309Z,84.062,pi:0,duck,0.6277,827.22,452.42,938.17,578.45,1.838,-2.180
2026-04-03T13:46:08.357Z,84.110,pi:0,duck,0.5730,828.00,453.35,938.05,578.45,1.852,-2.170
2026-04-03T13:46:08.412Z,84.165,pi:0,duck,0.5620,827.22,452.43,938.40,578.45,1.838,-2.177
2026-04-03T13:46:08.508Z,84.261,pi:0,duck,0.5292,827.22,450.06,938.49,579.32,1.792,-2.175
2026-04-03T13:46:08.557Z,84.310,pi:0,duck,0.5073,827.22,441.73,938.86,578.45,1.694,-2.169
2026-04-03T13:46:08.606Z,84.359,pi:0,duck,0.5255,827.23,437.63,938.90,578.45,1.645,-2.168
2026-04-03T13:46:08.651Z,84.403,pi:0,duck,0.5109,828.00,430.88,938.89,578.45,1.570,-2.156
2026-04-03T13:46:08.701Z,84.453,pi:0,duck,0.4744,827.23,428.49,938.92,578.45,1.545,-2.168
2026-04-03T13:46:08.755Z,84.507,pi:0,duck,0.5219,827.23,430.96,938.70,578.45,1.571,-2.172
2026-04-03T13:46:08.811Z,84.563,pi:0,duck,0.5328,828.00,430.82,939.31,578.45,1.569,-2.149
2026-04-03T13:46:08.898Z,84.651,pi:0,duck,0.5036,827.23,429.81,939.27,578.45,1.559,-2.162
2026-04-03T13:46:08.956Z,84.709,pi:0,duck,0.5693,828.01,438.38,938.95,578.45,1.654,-2.155
2026-04-03T13:46:09.003Z,84.755,pi:0,duck,0.5109,827.23,427.38,938.92,578.45,1.534,-2.168
2026-04-03T13:46:09.075Z,84.828,pi:0,duck,0.5109,828.01,427.50,938.31,578.45,1.535,-2.165
2026-04-03T13:46:09.207Z,84.960,pi:0,duck,0.5000,828.00,433.12,939.22,578.45,1.594,-2.151
2026-04-03T13:46:09.286Z,85.039,pi:0,duck,0.5255,827.22,440.93,938.34,577.61,1.695,-2.177
2026-04-03T13:46:09.347Z,85.099,pi:0,duck,0.4525,827.22,431.41,938.92,578.45,1.576,-2.168
2026-04-03T13:46:09.457Z,85.209,pi:0,duck,0.5328,827.23,439.58,938.54,578.45,1.668,-2.174
2026-04-03T13:46:09.503Z,85.256,pi:0,duck,0.5073,827.23,432.52,938.58,579.32,1.578,-2.174
2026-04-03T13:46:09.552Z,85.305,pi:0,duck,0.5401,828.00,441.33,938.11,578.45,1.690,-2.169
2026-04-03T13:46:09.644Z,85.396,pi:0,duck,0.4890,827.23,429.87,938.90,577.61,1.568,-2.168
2026-04-03T13:46:09.707Z,85.460,pi:0,duck,0.5401,828.01,435.35,938.95,577.61,1.628,-2.155
2026-04-03T13:46:09.775Z,85.528,pi:0,duck,0.5182,828.00,436.94,938.58,576.81,1.656,-2.161
2026-04-03T13:46:09.852Z,85.605,pi:0,duck,0.4124,828.01,435.39,938.79,577.62,1.629,-2.157
2026-04-03T13:46:09.901Z,85.654,pi:0,duck,0.4927,828.01,440.29,939.16,577.62,1.687,-2.151
2026-04-03T13:46:09.967Z,85.720,pi:0,duck,0.5073,827.23,435.80,938.58,577.62,1.634,-2.174
2026-04-03T13:46:10.031Z,85.784,pi:0,duck,0.4070,830.04,458.08,937.81,581.71,1.874,-2.140
2026-04-03T13:46:10.096Z,85.849,pi:0,duck,0.4890,827.22,445.89,938.86,579.32,1.736,-2.169
2026-04-03T13:46:10.166Z,85.919,pi:0,duck,0.5839,827.22,452.11,938.58,578.45,1.834,-2.174
2026-04-03T13:46:10.226Z,85.979,pi:0,duck,0.5584,827.22,453.46,938.45,579.32,1.841,-2.176
2026-04-03T13:46:10.285Z,86.037,pi:0,duck,0.6752,827.22,451.51,933.98,575.90,1.862,-2.249
2026-04-03T13:46:10.335Z,86.087,pi:0,duck,0.7190,820.01,449.34,929.29,571.94,1.890,-2.443
2026-04-03T13:46:10.436Z,86.189,pi:0,duck,0.7482,808.17,436.87,928.02,561.96,1.852,-2.656
2026-04-03T13:46:10.497Z,86.249,pi:0,duck,0.3942,808.17,407.87,916.21,539.94,1.754,-2.849
2026-04-03T13:46:10.556Z,86.308,pi:0,duck,0.5839,808.18,411.00,911.15,529.36,1.957,-2.931
2026-04-03T13:46:10.640Z,86.392,pi:0,duck,0.6168,809.10,407.21,912.25,532.91,1.843,-2.898
2026-04-03T13:46:10.760Z,86.512,pi:0,duck,0.3613,811.96,395.41,920.25,555.10,1.451,-2.721
2026-04-03T13:46:10.856Z,86.609,pi:0,duck,0.3467,819.02,437.38,924.91,562.87,1.846,-2.530
2026-04-03T13:46:10.914Z,86.666,pi:0,duck,0.2518,823.81,435.38,927.02,563.49,1.808,-2.418
2026-04-03T13:46:11.066Z,86.818,pi:0,duck,0.2993,831.41,381.54,930.26,564.00,1.270,-2.241
2026-04-03T13:46:11.124Z,86.877,pi:0,duck,0.2774,833.17,385.35,937.47,565.99,1.282,-2.095
2026-04-03T13:46:12.287Z,88.039,pi:0,duck,0.2737,839.72,450.68,937.48,566.92,1.993,-1.988
2026-04-03T13:46:12.336Z,88.089,pi:0,duck,0.3613,839.39,453.59,936.03,567.83,2.028,-2.017
2026-04-03T13:46:12.536Z,88.288,pi:0,duck,0.3358,840.37,450.79,937.24,567.18,1.990,-1.981
2026-04-03T13:46:12.593Z,88.346,pi:0,duck,0.3942,840.37,452.66,937.15,567.78,2.012,-1.983
2026-04-03T13:46:12.640Z,88.393,pi:0,duck,0.3978,840.52,450.85,936.59,567.80,1.981,-1.989
2026-04-03T13:46:12.718Z,88.470,pi:0,duck,0.5182,840.28,453.62,936.03,567.57,2.033,-2.002
2026-04-03T13:46:12.780Z,88.533,pi:0,duck,0.4890,840.40,452.68,935.74,567.52,2.017,-2.005
2026-04-03T13:46:12.830Z,88.582,pi:0,duck,0.3431,840.30,451.75,936.30,567.78,1.997,-1.998
2026-04-03T13:46:12.891Z,88.644,pi:0,duck,0.4270,840.88,451.82,936.55,568.49,1.986,-1.984
2026-04-03T13:46:12.935Z,88.687,pi:0,duck,0.4927,840.52,452.70,936.30,568.16,2.006,-1.994
2026-04-03T13:46:12.991Z,88.743,pi:0,duck,0.4160,840.40,452.70,936.77,568.14,2.007,-1.988
2026-04-03T13:46:13.034Z,88.786,pi:0,duck,0.3796,840.88,452.64,936.72,567.78,2.012,-1.981
2026-04-03T13:46:13.103Z,88.855,pi:0,duck,0.4854,840.52,454.45,936.72,567.52,2.049,-1.987
2026-04-03T13:46:13.139Z,88.892,pi:0,duck,0.4015,840.97,452.71,937.19,567.78,2.013,-1.972
2026-04-03T13:46:13.193Z,88.946,pi:0,duck,0.4160,840.78,452.62,936.99,567.44,2.018,-1.978
2026-04-03T13:46:13.231Z,88.984,pi:0,duck,0.4015,840.72,452.76,936.72,567.18,2.025,-1.984
2026-04-03T13:46:13.287Z,89.039,pi:0,duck,0.3832,841.05,452.61,936.51,567.15,2.022,-1.982
2026-04-03T13:46:13.334Z,89.087,pi:0,duck,0.4015,840.78,453.62,936.28,567.18,2.040,-1.990
2026-04-03T13:46:13.426Z,89.179,pi:0,duck,0.4379,840.88,452.71,936.72,568.14,2.007,-1.981
2026-04-03T13:46:13.491Z,89.244,pi:0,duck,0.3905,840.67,452.61,936.92,568.49,1.999,-1.981
2026-04-03T13:46:13.546Z,89.299,pi:0,duck,0.4708,840.67,451.76,937.10,568.52,1.984,-1.978
2026-04-03T13:46:13.599Z,89.351,pi:0,duck,0.4525,840.56,453.62,936.85,567.81,2.029,-1.984
2026-04-03T13:46:13.691Z,89.444,pi:0,duck,0.4671,839.84,451.75,936.67,568.14,1.990,-1.999
2026-04-03T13:46:13.736Z,89.488,pi:0,duck,0.4124,840.67,452.67,936.67,568.11,2.007,-1.985
2026-04-03T13:46:13.805Z,89.558,pi:0,duck,0.3978,840.43,452.70,936.51,568.46,2.001,-1.992
2026-04-03T13:46:13.874Z,89.626,pi:0,duck,0.4927,840.40,452.70,936.85,567.83,2.012,-1.987
2026-04-03T13:46:13.933Z,89.686,pi:0,duck,0.5073,840.67,453.59,936.50,567.83,2.028,-1.988
2026-04-03T13:46:13.983Z,89.735,pi:0,duck,0.4051,840.28,453.56,936.54,567.81,2.028,-1.994
2026-04-03T13:46:14.071Z,89.823,pi:0,duck,0.3869,840.14,451.71,936.73,568.11,1.990,-1.993
2026-04-03T13:46:14.124Z,89.876,pi:0,duck,0.4197,840.14,451.65,936.51,568.90,1.976,-1.997
2026-04-03T13:46:14.183Z,89.935,pi:0,duck,0.4452,840.88,451.67,936.78,568.49,1.983,-1.980
2026-04-03T13:46:14.274Z,90.026,pi:0,duck,0.4233,840.67,451.74,936.99,568.14,1.990,-1.980
2026-04-03T13:46:14.325Z,90.078,pi:0,duck,0.4197,840.78,450.79,936.85,567.78,1.980,-1.981
2026-04-03T13:46:14.375Z,90.128,pi:0,duck,0.4489,840.88,450.85,936.78,568.16,1.975,-1.980
2026-04-03T13:46:14.470Z,90.223,pi:0,duck,0.3759,840.56,451.74,936.78,567.81,1.996,-1.985
2026-04-03T13:46:14.523Z,90.275,pi:0,duck,0.3285,840.30,449.73,936.57,568.82,1.945,-1.993
2026-04-03T13:46:14.598Z,90.350,pi:0,duck,0.4087,841.05,452.70,936.60,567.78,2.013,-1.980
2026-04-03T13:46:14.706Z,90.459,pi:0,duck,0.4233,840.78,453.61,936.55,568.14,2.023,-1.986
2026-04-03T13:46:14.768Z,90.520,pi:0,duck,0.4708,840.67,453.61,937.18,568.47,2.017,-1.977
2026-04-03T13:46:14.861Z,90.614,pi:0,duck,0.5912,840.00,453.54,936.84,568.52,2.015,-1.994
2026-04-03T13:46:14.947Z,90.699,pi:0,duck,0.6277,839.15,452.49,937.56,568.11,2.004,-1.996
2026-04-03T13:46:15.015Z,90.767,pi:0,duck,0.6423,838.35,449.23,937.17,568.11,1.949,-2.015
2026-04-03T13:46:15.123Z,90.876,pi:0,duck,0.6095,839.08,443.15,937.31,568.14,1.854,-2.001
2026-04-03T13:46:15.172Z,90.925,pi:0,duck,0.7831,1287.04,351.42,1720.53,970.21,0.374,17.535
2026-04-03T13:46:15.229Z,90.982,pi:0,duck,0.5839,839.08,409.76,937.27,568.89,1.456,-2.002
2026-04-03T13:46:15.316Z,91.069,pi:0,duck,0.6241,838.43,428.90,936.72,569.30,1.650,-2.021
2026-04-03T13:46:15.369Z,91.121,pi:0,duck,0.6766,1331.77,348.94,1725.56,959.56,0.379,18.271
2026-04-03T13:46:15.432Z,91.185,pi:0,duck,0.6994,1336.59,328.33,1725.94,963.97,0.364,18.348
2026-04-03T13:46:15.523Z,91.275,pi:0,duck,0.6310,1346.86,344.95,1730.54,970.05,0.371,18.566
2026-04-03T13:46:15.576Z,91.328,pi:0,duck,0.5292,840.30,453.57,936.72,567.50,2.033,-1.991
2026-04-03T13:46:15.638Z,91.391,pi:0,duck,0.5255,840.43,453.54,936.51,567.78,2.028,-1.992
2026-04-03T13:46:15.735Z,91.488,pi:0,duck,0.5328,840.28,454.36,936.03,568.19,2.035,-2.002
2026-04-03T13:46:15.784Z,91.536,pi:0,duck,0.5474,840.15,452.40,936.66,567.83,2.007,-1.994
2026-04-03T13:46:15.831Z,91.583,pi:0,duck,0.5803,840.00,453.51,936.43,568.16,2.021,-2.000
2026-04-03T13:46:15.928Z,91.681,pi:0,duck,0.5109,840.28,453.62,937.53,568.11,2.023,-1.978
2026-04-03T13:46:15.989Z,91.741,pi:0,duck,0.4671,839.99,453.71,938.58,572.98,1.942,-1.965
2026-04-03T13:46:16.043Z,91.796,pi:0,duck,0.4635,840.40,454.54,938.58,571.80,1.976,-1.959
2026-04-03T13:46:16.108Z,91.860,pi:0,duck,0.4306,840.14,453.68,938.58,571.21,1.971,-1.963
2026-04-03T13:46:16.159Z,91.911,pi:0,duck,0.4087,839.64,452.72,939.78,569.68,1.981,-1.952
2026-04-03T13:46:16.211Z,91.963,pi:0,duck,0.4452,839.67,452.72,939.10,569.71,1.980,-1.962
2026-04-03T13:46:16.258Z,92.011,pi:0,duck,0.3796,839.82,451.70,938.91,570.66,1.947,-1.963
2026-04-03T13:46:16.316Z,92.068,pi:0,duck,0.3577,839.99,451.71,939.18,570.15,1.956,-1.955
2026-04-03T13:46:16.371Z,92.123,pi:0,duck,0.3248,839.81,450.62,939.73,571.19,1.921,-1.950
2026-04-03T13:46:16.432Z,92.184,pi:0,duck,0.3431,839.99,451.81,939.02,572.32,1.922,-1.958
2026-04-03T13:46:16.498Z,92.250,pi:0,duck,0.4257,97.67,514.22,797.36,1043.54,0.438,-15.968
