timestamp_utc,elapsed_s,camera,label,confidence,bbox_x1,bbox_y1,bbox_x2,bbox_y2,distance_m,angle_deg
2026-04-01T14:25:44.752Z,7.183,pi:0,bottle,0.4614,1344.00,857.00,1523.00,1028.00,3.568,15.425
2026-04-01T14:25:46.254Z,8.685,pi:0,bottle,0.5813,550.00,762.00,803.00,1079.00,1.924,-8.845
2026-04-01T14:25:46.378Z,8.809,pi:0,bottle,0.8757,484.00,561.00,770.00,1071.00,1.196,-10.416
2026-04-01T14:25:46.462Z,8.893,pi:0,bottle,0.9215,467.00,416.00,747.00,1075.00,0.926,-11.047
2026-04-01T14:25:46.516Z,8.947,pi:0,bottle,0.9101,471.00,343.00,745.00,1069.00,0.840,-11.016
2026-04-01T14:25:46.590Z,9.020,pi:0,bottle,0.8986,473.00,238.00,734.00,1070.00,0.733,-11.157
2026-04-01T14:25:46.649Z,9.080,pi:0,bottle,0.9291,475.00,167.00,737.00,1066.00,0.679,-11.078
2026-04-01T14:25:46.692Z,9.123,pi:0,bottle,0.9558,459.00,111.00,739.00,1023.00,0.669,-11.298
2026-04-01T14:25:46.745Z,9.175,pi:0,bottle,0.9634,451.00,99.00,739.00,1007.00,0.672,-11.424
2026-04-01T14:25:46.800Z,9.231,pi:0,bottle,0.9710,439.00,69.00,730.00,981.00,0.669,-11.753
2026-04-01T14:25:46.848Z,9.279,pi:0,bottle,0.9367,430.00,61.00,723.00,992.00,0.655,-12.003
2026-04-01T14:25:46.899Z,9.334,pi:0,bottle,0.8453,422.00,53.00,706.00,976.00,0.661,-12.393
2026-04-01T14:25:46.955Z,9.386,pi:0,bottle,0.9063,404.00,44.00,691.00,944.00,0.678,-12.906
2026-04-01T14:25:47.002Z,9.433,pi:0,bottle,0.9063,397.00,44.00,689.00,963.00,0.664,-13.046
2026-04-01T14:25:47.050Z,9.480,pi:0,bottle,0.9558,391.00,42.00,677.00,949.00,0.673,-13.325
2026-04-01T14:25:47.112Z,9.543,pi:0,bottle,0.9634,388.00,36.00,670.00,946.00,0.670,-13.479
2026-04-01T14:25:47.159Z,9.590,pi:0,bottle,0.9481,392.00,29.00,672.00,938.00,0.671,-13.387
2026-04-01T14:25:47.212Z,9.643,pi:0,bottle,0.9634,394.00,30.00,670.00,948.00,0.665,-13.387
2026-04-01T14:25:47.260Z,9.691,pi:0,bottle,0.9329,381.00,48.00,660.00,950.00,0.676,-13.741
2026-04-01T14:25:47.306Z,9.739,pi:0,bottle,0.9253,377.00,56.00,649.00,955.00,0.679,-13.972
2026-04-01T14:25:47.368Z,9.799,pi:0,bottle,0.9215,364.00,68.00,642.00,1006.00,0.650,-14.280
2026-04-01T14:25:47.410Z,9.841,pi:0,bottle,0.9291,354.00,79.00,630.00,1011.00,0.655,-14.616
2026-04-01T14:25:47.470Z,9.901,pi:0,bottle,0.9634,350.00,82.00,622.00,943.00,0.709,-14.800
2026-04-01T14:25:47.520Z,9.951,pi:0,bottle,0.9672,345.00,85.00,617.00,939.00,0.714,-14.952
2026-04-01T14:25:47.578Z,10.008,pi:0,bottle,0.9672,343.00,85.00,610.00,940.00,0.714,-15.089
2026-04-01T14:25:47.618Z,10.049,pi:0,bottle,0.9672,335.00,88.00,597.00,934.00,0.721,-15.409
2026-04-01T14:25:47.671Z,10.102,pi:0,bottle,0.9634,332.00,91.00,591.00,925.00,0.731,-15.545
2026-04-01T14:25:47.716Z,10.146,pi:0,bottle,0.9672,322.00,88.00,570.00,921.00,0.732,-16.014
2026-04-01T14:25:47.768Z,10.199,pi:0,bottle,0.9672,316.00,87.00,558.00,910.00,0.741,-16.285
2026-04-01T14:25:47.826Z,10.256,pi:0,bottle,0.9634,307.00,85.00,549.00,897.00,0.751,-16.556
2026-04-01T14:25:47.870Z,10.301,pi:0,bottle,0.9672,303.00,101.00,549.00,895.00,0.768,-16.616
2026-04-01T14:25:47.939Z,10.369,pi:0,bottle,0.9024,297.00,113.00,546.00,891.00,0.784,-16.751
2026-04-01T14:25:47.986Z,10.417,pi:0,bottle,0.9329,293.00,119.00,532.00,883.00,0.798,-17.020
2026-04-01T14:25:48.042Z,10.472,pi:0,bottle,0.9405,289.00,127.00,530.00,890.00,0.800,-17.109
2026-04-01T14:25:48.095Z,10.526,pi:0,bottle,0.9291,279.00,142.00,522.00,884.00,0.822,-17.377
2026-04-01T14:25:48.159Z,10.590,pi:0,bottle,0.9101,277.00,146.00,518.00,907.00,0.802,-17.467
2026-04-01T14:25:48.197Z,10.628,pi:0,bottle,0.9253,268.00,154.00,512.00,909.00,0.808,-17.689
2026-04-01T14:25:48.254Z,10.685,pi:0,bottle,0.9177,266.00,154.00,511.00,912.00,0.805,-17.734
2026-04-01T14:25:48.302Z,10.732,pi:0,bottle,0.9215,263.00,154.00,507.00,893.00,0.826,-17.837
2026-04-01T14:25:48.349Z,10.780,pi:0,bottle,0.9481,262.00,156.00,502.00,892.00,0.829,-17.926
2026-04-01T14:25:48.405Z,10.836,pi:0,bottle,0.9634,260.00,160.00,499.00,892.00,0.833,-18.000
2026-04-01T14:25:48.453Z,10.883,pi:0,bottle,0.9634,259.00,162.00,500.00,891.00,0.837,-18.000
2026-04-01T14:25:48.508Z,10.939,pi:0,bottle,0.9177,259.00,162.00,495.00,892.00,0.836,-18.074
2026-04-01T14:25:48.551Z,10.982,pi:0,bottle,0.9253,258.00,162.00,494.00,887.00,0.841,-18.103
2026-04-01T14:25:48.613Z,11.043,pi:0,bottle,0.9253,255.00,162.00,494.00,885.00,0.844,-18.147
2026-04-01T14:25:48.652Z,11.083,pi:0,bottle,0.9405,258.00,160.00,494.00,886.00,0.840,-18.103
2026-04-01T14:25:48.712Z,11.142,pi:0,bottle,0.9291,257.00,158.00,494.00,887.00,0.837,-18.118
2026-04-01T14:25:48.746Z,11.177,pi:0,bottle,0.9481,255.00,158.00,492.00,888.00,0.836,-18.177
2026-04-01T14:25:48.849Z,11.280,pi:0,bottle,0.9253,254.00,162.00,492.00,889.00,0.839,-18.192
2026-04-01T14:25:48.894Z,11.325,pi:0,bottle,0.9443,253.00,164.00,492.00,888.00,0.843,-18.206
2026-04-01T14:25:48.948Z,11.378,pi:0,bottle,0.9405,252.00,162.00,492.00,888.00,0.840,-18.221
2026-04-01T14:25:49.000Z,11.431,pi:0,bottle,0.9596,252.00,162.00,492.00,888.00,0.840,-18.221
2026-04-01T14:25:49.049Z,11.480,pi:0,bottle,0.9596,253.00,164.00,490.00,885.00,0.846,-18.236
2026-04-01T14:25:49.105Z,11.536,pi:0,bottle,0.9481,253.00,164.00,488.00,887.00,0.844,-18.265
2026-04-01T14:25:49.157Z,11.588,pi:0,bottle,0.9519,249.00,164.00,488.00,885.00,0.846,-18.324
2026-04-01T14:25:49.204Z,11.635,pi:0,bottle,0.9634,250.00,164.00,484.00,882.00,0.850,-18.368
2026-04-01T14:25:49.249Z,11.680,pi:0,bottle,0.9596,248.00,166.00,484.00,881.00,0.853,-18.398
2026-04-01T14:25:49.320Z,11.751,pi:0,bottle,0.9558,248.00,166.00,482.00,880.00,0.854,-18.427
2026-04-01T14:25:49.358Z,11.789,pi:0,bottle,0.9519,248.00,166.00,484.00,880.00,0.854,-18.398
2026-04-01T14:25:49.405Z,11.836,pi:0,bottle,0.9634,248.00,166.00,482.00,880.00,0.854,-18.427
2026-04-01T14:25:49.457Z,11.888,pi:0,bottle,0.9596,248.00,167.00,482.00,878.00,0.858,-18.427
2026-04-01T14:25:49.516Z,11.947,pi:0,bottle,0.9558,248.00,166.00,482.00,879.00,0.856,-18.427
2026-04-01T14:25:49.572Z,12.010,pi:0,bottle,0.9596,248.00,162.00,482.00,879.00,0.851,-18.427
2026-04-01T14:25:49.637Z,12.068,pi:0,bottle,0.9672,251.00,162.00,480.00,878.00,0.852,-18.413
2026-04-01T14:25:49.709Z,12.140,pi:0,bottle,0.9672,252.00,162.00,482.00,877.00,0.853,-18.368
2026-04-01T14:25:49.786Z,12.216,pi:0,bottle,0.9634,254.00,162.00,484.00,877.00,0.853,-18.310
2026-04-01T14:25:49.845Z,12.276,pi:0,bottle,0.9519,254.00,168.00,486.00,882.00,0.854,-18.280
2026-04-01T14:25:49.906Z,12.336,pi:0,bottle,0.9481,254.00,168.00,486.00,885.00,0.851,-18.280
2026-04-01T14:25:49.944Z,12.375,pi:0,bottle,0.9596,256.00,167.00,486.00,885.00,0.850,-18.251
2026-04-01T14:25:50.005Z,12.435,pi:0,bottle,0.9634,257.00,166.00,486.00,884.00,0.850,-18.236
2026-04-01T14:25:50.054Z,12.485,pi:0,bottle,0.9672,257.00,162.00,486.00,881.00,0.848,-18.236
2026-04-01T14:25:50.103Z,12.534,pi:0,bottle,0.9672,258.00,156.00,486.00,881.00,0.841,-18.221
2026-04-01T14:25:50.151Z,12.582,pi:0,bottle,0.9672,258.00,154.00,486.00,877.00,0.844,-18.221
2026-04-01T14:25:50.204Z,12.635,pi:0,bottle,0.9672,258.00,152.00,486.00,873.00,0.846,-18.221
2026-04-01T14:25:50.257Z,12.688,pi:0,bottle,0.9558,259.00,148.00,486.00,874.00,0.840,-18.206
2026-04-01T14:25:50.305Z,12.736,pi:0,bottle,0.9634,262.00,144.00,486.00,867.00,0.844,-18.162
2026-04-01T14:25:50.354Z,12.785,pi:0,bottle,0.9596,263.00,140.00,480.00,864.00,0.843,-18.236
2026-04-01T14:25:50.409Z,12.840,pi:0,bottle,0.9481,265.00,136.00,480.00,860.00,0.843,-18.206
2026-04-01T14:25:50.461Z,12.892,pi:0,bottle,0.9443,267.00,133.00,480.00,857.00,0.843,-18.177
2026-04-01T14:25:50.505Z,12.935,pi:0,bottle,0.9443,263.00,135.00,486.00,857.00,0.845,-18.147
2026-04-01T14:25:50.561Z,12.992,pi:0,bottle,0.9443,265.00,132.00,484.00,861.00,0.837,-18.147
2026-04-01T14:25:50.618Z,13.048,pi:0,bottle,0.9481,268.00,133.00,486.00,857.00,0.843,-18.074
2026-04-01T14:25:50.667Z,13.098,pi:0,bottle,0.9405,270.00,130.00,488.00,857.00,0.839,-18.015
2026-04-01T14:25:50.716Z,13.147,pi:0,bottle,0.9443,270.00,133.00,490.00,856.00,0.844,-17.985
2026-04-01T14:25:50.780Z,13.211,pi:0,bottle,0.9443,268.00,132.00,488.00,857.00,0.841,-18.044
2026-04-01T14:25:50.827Z,13.258,pi:0,bottle,0.9367,270.00,135.00,490.00,856.00,0.846,-17.985
2026-04-01T14:25:50.881Z,13.312,pi:0,bottle,0.9443,270.00,135.00,488.00,856.00,0.846,-18.015
2026-04-01T14:25:50.934Z,13.365,pi:0,bottle,0.9367,270.00,133.00,486.00,857.00,0.843,-18.044
2026-04-01T14:25:50.974Z,13.405,pi:0,bottle,0.9443,267.00,133.00,486.00,859.00,0.840,-18.088
2026-04-01T14:25:51.030Z,13.461,pi:0,bottle,0.9443,268.00,132.00,484.00,856.00,0.843,-18.103
2026-04-01T14:25:51.072Z,13.503,pi:0,bottle,0.9519,267.00,133.00,486.00,854.00,0.846,-18.088
2026-04-01T14:25:51.127Z,13.558,pi:0,bottle,0.9481,265.00,132.00,484.00,856.00,0.843,-18.147
2026-04-01T14:25:51.176Z,13.607,pi:0,bottle,0.9481,265.00,130.00,484.00,854.00,0.843,-18.147
2026-04-01T14:25:51.234Z,13.664,pi:0,bottle,0.9405,265.00,129.00,484.00,857.00,0.838,-18.147
2026-04-01T14:25:51.282Z,13.713,pi:0,bottle,0.9443,262.00,129.00,484.00,854.00,0.841,-18.192
2026-04-01T14:25:51.328Z,13.759,pi:0,bottle,0.9596,260.00,129.00,484.00,858.00,0.837,-18.221
2026-04-01T14:25:51.380Z,13.811,pi:0,bottle,0.9443,257.00,127.00,478.00,855.00,0.838,-18.354
2026-04-01T14:25:51.447Z,13.878,pi:0,bottle,0.9329,249.00,125.00,470.00,855.00,0.836,-18.589
2026-04-01T14:25:51.489Z,13.920,pi:0,bottle,0.9634,235.00,125.00,454.00,856.00,0.835,-19.028
2026-04-01T14:25:51.543Z,13.974,pi:0,bottle,0.9405,225.00,121.00,446.00,857.00,0.829,-19.290
2026-04-01T14:25:51.543Z,13.974,pi:0,bottle,0.2907,221.00,125.00,438.00,583.00,1.332,-19.464
2026-04-01T14:25:51.600Z,14.030,pi:0,bottle,0.8986,197.00,125.00,423.00,854.00,0.837,-20.029
2026-04-01T14:25:51.646Z,14.077,pi:0,bottle,0.9253,170.00,120.00,399.00,852.00,0.833,-20.760
2026-04-01T14:25:51.707Z,14.138,pi:0,bottle,0.9558,160.00,125.00,384.00,854.00,0.837,-21.116
2026-04-01T14:25:51.757Z,14.188,pi:0,bottle,0.9329,140.00,117.00,357.00,858.00,0.823,-21.781
2026-04-01T14:25:51.805Z,14.236,pi:0,bottle,0.9215,126.00,113.00,351.00,857.00,0.820,-22.062
2026-04-01T14:25:51.854Z,14.285,pi:0,bottle,0.9101,103.00,118.00,331.00,870.00,0.811,-22.663
2026-04-01T14:25:51.909Z,14.340,pi:0,bottle,0.9063,93.00,122.00,324.00,867.00,0.819,-22.899
2026-04-01T14:25:51.957Z,14.388,pi:0,bottle,0.9215,80.00,128.00,315.00,871.00,0.821,-23.203
2026-04-01T14:25:52.011Z,14.442,pi:0,bottle,0.9291,78.00,129.00,313.00,870.00,0.823,-23.258
2026-04-01T14:25:52.068Z,14.499,pi:0,bottle,0.9215,74.00,131.00,312.00,871.00,0.824,-23.327
2026-04-01T14:25:52.103Z,14.534,pi:0,bottle,0.9291,74.00,128.00,310.00,871.00,0.821,-23.355
2026-04-01T14:25:52.164Z,14.594,pi:0,bottle,0.9367,74.00,128.00,305.00,869.00,0.823,-23.424
2026-04-01T14:25:52.209Z,14.640,pi:0,bottle,0.9405,73.00,132.00,305.00,865.00,0.832,-23.437
2026-04-01T14:25:52.267Z,14.698,pi:0,bottle,0.9405,73.00,129.00,305.00,866.00,0.828,-23.437
2026-04-01T14:25:52.311Z,14.742,pi:0,bottle,0.9367,71.00,124.00,300.00,863.00,0.826,-23.533
2026-04-01T14:25:52.367Z,14.797,pi:0,bottle,0.9329,73.00,121.00,300.00,862.00,0.823,-23.506
2026-04-01T14:25:52.412Z,14.843,pi:0,bottle,0.9367,70.00,123.00,303.00,861.00,0.827,-23.506
2026-04-01T14:25:52.457Z,14.888,pi:0,bottle,0.9405,71.00,118.00,301.00,860.00,0.822,-23.520
2026-04-01T14:25:52.511Z,14.942,pi:0,bottle,0.9481,75.00,119.00,307.00,858.00,0.826,-23.382
2026-04-01T14:25:52.567Z,14.998,pi:0,bottle,0.9215,87.00,113.00,317.00,857.00,0.820,-23.079
2026-04-01T14:25:52.614Z,15.045,pi:0,bottle,0.9405,105.00,105.00,333.00,851.00,0.818,-22.607
2026-04-01T14:25:52.678Z,15.109,pi:0,bottle,0.9215,116.00,101.00,343.00,848.00,0.817,-22.314
2026-04-01T14:25:52.771Z,15.201,pi:0,bottle,0.9672,140.00,98.00,369.00,847.00,0.814,-21.612
2026-04-01T14:25:52.826Z,15.257,pi:0,bottle,0.9481,161.00,99.00,396.00,841.00,0.822,-20.931
2026-04-01T14:25:52.889Z,15.320,pi:0,bottle,0.9139,187.00,97.00,414.00,845.00,0.816,-20.302
2026-04-01T14:25:52.941Z,15.372,pi:0,bottle,0.9329,209.00,99.00,493.00,860.00,0.802,-18.838
2026-04-01T14:25:52.998Z,15.428,pi:0,bottle,0.9291,234.00,101.00,464.00,857.00,0.807,-18.896
2026-04-01T14:25:52.998Z,15.428,pi:0,bottle,0.4142,234.00,103.00,456.00,579.00,1.282,-19.013
2026-04-01T14:25:53.062Z,15.493,pi:0,bottle,0.9291,255.00,103.00,486.00,874.00,0.791,-18.265
2026-04-01T14:25:53.113Z,15.544,pi:0,bottle,0.9215,262.00,104.00,505.00,876.00,0.790,-17.882
2026-04-01T14:25:53.150Z,15.580,pi:0,bottle,0.9519,268.00,106.00,509.00,882.00,0.786,-17.734
2026-04-01T14:25:53.190Z,15.620,pi:0,bottle,0.9634,281.00,112.00,534.00,890.00,0.784,-17.169
2026-04-01T14:25:53.250Z,15.681,pi:0,bottle,0.9634,291.00,113.00,532.00,893.00,0.782,-17.050
2026-04-01T14:25:53.301Z,15.732,pi:0,bottle,0.9634,306.00,82.00,546.00,928.00,0.721,-16.616
2026-04-01T14:25:53.347Z,15.777,pi:0,bottle,0.9596,316.00,78.00,553.00,925.00,0.720,-16.360
2026-04-01T14:25:53.347Z,15.777,pi:0,bottle,0.3997,315.00,103.00,552.00,671.00,1.074,-16.390
2026-04-01T14:25:53.402Z,15.832,pi:0,bottle,0.9634,323.00,117.00,560.00,931.00,0.749,-16.150
2026-04-01T14:25:53.453Z,15.884,pi:0,bottle,0.9672,331.00,127.00,576.00,931.00,0.759,-15.787
2026-04-01T14:25:53.508Z,15.939,pi:0,bottle,0.9519,334.00,126.00,580.00,924.00,0.764,-15.681
2026-04-01T14:25:53.551Z,15.982,pi:0,bottle,0.9634,345.00,124.00,593.00,917.00,0.769,-15.318
2026-04-01T14:25:53.608Z,16.038,pi:0,bottle,0.9519,349.00,119.00,598.00,927.00,0.755,-15.181
2026-04-01T14:25:53.657Z,16.087,pi:0,bottle,0.9634,358.00,122.00,607.00,926.00,0.759,-14.907
2026-04-01T14:25:53.705Z,16.136,pi:0,bottle,0.9596,361.00,125.00,609.00,925.00,0.763,-14.830
2026-04-01T14:25:53.760Z,16.191,pi:0,bottle,0.9101,371.00,123.00,619.00,938.00,0.749,-14.525
2026-04-01T14:25:53.812Z,16.243,pi:0,bottle,0.9291,373.00,124.00,621.00,927.00,0.760,-14.463
2026-04-01T14:25:53.867Z,16.298,pi:0,bottle,0.9519,385.00,121.00,632.00,932.00,0.752,-14.111
2026-04-01T14:25:53.920Z,16.350,pi:0,bottle,0.9519,391.00,121.00,641.00,936.00,0.749,-13.880
2026-04-01T14:25:53.968Z,16.399,pi:0,bottle,0.9519,413.00,121.00,664.00,950.00,0.736,-13.185
2026-04-01T14:25:54.021Z,16.452,pi:0,bottle,0.8872,431.00,118.00,686.00,945.00,0.738,-12.565
2026-04-01T14:25:54.021Z,16.452,pi:0,bottle,0.3052,435.00,119.00,682.00,651.00,1.147,-12.565
2026-04-01T14:25:54.076Z,16.507,pi:0,bottle,0.9063,438.00,116.00,700.00,989.00,0.699,-12.238
2026-04-01T14:25:54.126Z,16.557,pi:0,bottle,0.7082,467.00,112.00,729.00,1042.00,0.656,-11.330
2026-04-01T14:25:54.126Z,16.557,pi:0,bottle,0.6104,470.00,108.00,722.00,675.00,1.076,-11.393
2026-04-01T14:25:54.180Z,16.610,pi:0,bottle,0.9443,483.00,111.00,752.00,987.00,0.696,-10.716
2026-04-01T14:25:54.239Z,16.670,pi:0,bottle,0.9596,495.00,111.00,764.00,995.00,0.690,-10.337
2026-04-01T14:25:54.275Z,16.706,pi:0,bottle,0.8986,515.00,105.00,794.00,1007.00,0.676,-9.545
2026-04-01T14:25:54.340Z,16.771,pi:0,bottle,0.8986,534.00,98.00,807.00,998.00,0.678,-9.036
2026-04-01T14:25:54.378Z,16.809,pi:0,bottle,0.8796,543.00,105.00,833.00,996.00,0.685,-8.478
2026-04-01T14:25:54.454Z,16.884,pi:0,bottle,0.8986,547.00,100.00,847.00,1001.00,0.677,-8.190
2026-04-01T14:25:54.478Z,16.909,pi:0,bottle,0.8682,598.00,98.00,874.00,1016.00,0.665,-6.939
2026-04-01T14:25:54.589Z,17.020,pi:0,bottle,0.8339,585.00,89.00,885.00,1003.00,0.667,-6.971
2026-04-01T14:25:54.638Z,17.069,pi:0,bottle,0.8111,592.00,95.00,909.00,1017.00,0.662,-6.471
2026-04-01T14:25:54.638Z,17.069,pi:0,bottle,0.6286,644.00,116.00,907.00,796.00,0.897,-5.664
2026-04-01T14:25:54.693Z,17.124,pi:0,bottle,0.5750,621.00,140.00,929.00,833.00,0.880,-5.680
2026-04-01T14:25:54.751Z,17.182,pi:0,bottle,0.6169,622.00,155.00,937.00,1008.00,0.715,-5.535
2026-04-01T14:25:54.751Z,17.182,pi:0,bottle,0.3851,666.00,138.00,935.00,785.00,0.943,-4.854
2026-04-01T14:25:54.797Z,17.228,pi:0,bottle,0.7996,671.00,85.00,952.00,781.00,0.877,-4.497
2026-04-01T14:25:54.856Z,17.287,pi:0,bottle,0.7501,679.00,151.00,958.00,785.00,0.962,-4.270
2026-04-01T14:25:54.913Z,17.344,pi:0,bottle,0.7730,680.00,93.00,989.00,1033.00,0.649,-3.750
2026-04-01T14:25:54.960Z,17.394,pi:0,bottle,0.7159,669.00,89.00,999.00,807.00,0.850,-3.766
2026-04-01T14:25:55.014Z,17.445,pi:0,bottle,0.6702,741.00,80.00,1010.00,1036.00,0.638,-2.415
2026-04-01T14:25:55.069Z,17.500,pi:0,bottle,0.8225,762.00,82.00,1025.00,1047.00,0.632,-1.828
2026-04-01T14:25:55.118Z,17.549,pi:0,bottle,0.8682,760.00,82.00,1026.00,1048.00,0.632,-1.844
2026-04-01T14:25:55.170Z,17.600,pi:0,bottle,0.8149,762.00,86.00,1023.00,1045.00,0.636,-1.860
2026-04-01T14:25:55.217Z,17.648,pi:0,bottle,0.8453,692.00,93.00,1009.00,1051.00,0.637,-3.229
2026-04-01T14:25:55.270Z,17.700,pi:0,bottle,0.7577,727.00,94.00,999.00,1047.00,0.640,-2.822
2026-04-01T14:25:55.322Z,17.753,pi:0,bottle,0.8301,711.00,100.00,984.00,804.00,0.867,-3.327
2026-04-01T14:25:55.369Z,17.800,pi:0,bottle,0.6626,690.00,100.00,968.00,851.00,0.812,-3.929
2026-04-01T14:25:55.369Z,17.800,pi:0,bottle,0.2894,640.00,101.00,968.00,1052.00,0.641,-4.741
2026-04-01T14:25:55.422Z,17.853,pi:0,bottle,0.7425,663.00,146.00,954.00,793.00,0.943,-4.595
2026-04-01T14:25:55.480Z,17.911,pi:0,bottle,0.7121,626.00,100.00,944.00,807.00,0.863,-5.357
2026-04-01T14:25:55.525Z,17.956,pi:0,bottle,0.7121,607.00,161.00,933.00,818.00,0.929,-5.842
2026-04-01T14:25:55.525Z,17.956,pi:0,bottle,0.3808,649.00,160.00,933.00,1012.00,0.716,-5.162
2026-04-01T14:25:55.583Z,18.014,pi:0,bottle,0.6892,587.00,92.00,926.00,971.00,0.694,-6.278
2026-04-01T14:25:55.638Z,18.069,pi:0,bottle,0.8111,615.00,93.00,919.00,1029.00,0.652,-5.939
2026-04-01T14:25:55.685Z,18.116,pi:0,bottle,0.8948,583.00,98.00,910.00,1029.00,0.655,-6.600
2026-04-01T14:25:55.740Z,18.171,pi:0,bottle,0.8910,574.00,93.00,907.00,1031.00,0.650,-6.794
2026-04-01T14:25:55.740Z,18.171,pi:0,bottle,0.3597,636.00,104.00,908.00,824.00,0.847,-5.777
2026-04-01T14:25:55.795Z,18.225,pi:0,bottle,0.9024,568.00,90.00,900.00,1049.00,0.636,-7.003
2026-04-01T14:25:55.851Z,18.282,pi:0,bottle,0.8796,568.00,89.00,891.00,1031.00,0.648,-7.148
2026-04-01T14:25:55.903Z,18.334,pi:0,bottle,0.8910,600.00,96.00,885.00,1044.00,0.644,-6.729
2026-04-01T14:25:55.946Z,18.377,pi:0,bottle,0.9063,605.00,98.00,888.00,1055.00,0.637,-6.600
2026-04-01T14:25:56.000Z,18.431,pi:0,bottle,0.8986,608.00,99.00,882.00,1050.00,0.641,-6.649
2026-04-01T14:25:56.049Z,18.480,pi:0,bottle,0.9063,596.00,99.00,886.00,1055.00,0.638,-6.778
2026-04-01T14:25:56.093Z,18.524,pi:0,bottle,0.9063,619.00,99.00,886.00,1053.00,0.639,-6.407
2026-04-01T14:25:56.148Z,18.579,pi:0,bottle,0.9215,624.00,98.00,883.00,1051.00,0.640,-6.375
2026-04-01T14:25:56.206Z,18.637,pi:0,bottle,0.9139,626.00,97.00,885.00,1048.00,0.641,-6.310
2026-04-01T14:25:56.250Z,18.681,pi:0,bottle,0.9291,622.00,97.00,883.00,1044.00,0.644,-6.407
2026-04-01T14:25:56.302Z,18.733,pi:0,bottle,0.9367,625.00,98.00,885.00,1047.00,0.643,-6.326
2026-04-01T14:25:56.357Z,18.788,pi:0,bottle,0.9405,625.00,99.00,883.00,1045.00,0.645,-6.359
2026-04-01T14:25:56.406Z,18.837,pi:0,bottle,0.9481,625.00,99.00,883.00,1049.00,0.642,-6.359
2026-04-01T14:25:56.454Z,18.885,pi:0,bottle,0.9367,624.00,99.00,883.00,1044.00,0.646,-6.375
2026-04-01T14:25:56.503Z,18.934,pi:0,bottle,0.9253,624.00,99.00,883.00,1043.00,0.646,-6.375
2026-04-01T14:25:56.554Z,18.985,pi:0,bottle,0.9101,621.00,98.00,883.00,1048.00,0.642,-6.423
2026-04-01T14:25:56.602Z,19.033,pi:0,bottle,0.9291,621.00,98.00,885.00,1047.00,0.643,-6.391
2026-04-01T14:25:56.655Z,19.086,pi:0,bottle,0.9405,613.00,97.00,881.00,1044.00,0.644,-6.584
2026-04-01T14:25:56.759Z,19.190,pi:0,bottle,0.9215,606.00,98.00,885.00,1046.00,0.644,-6.633
2026-04-01T14:25:56.838Z,19.269,pi:0,bottle,0.9139,623.00,98.00,886.00,1039.00,0.648,-6.342
2026-04-01T14:25:56.923Z,19.354,pi:0,bottle,0.9405,619.00,99.00,885.00,1045.00,0.645,-6.423
2026-04-01T14:25:56.972Z,19.403,pi:0,bottle,0.9253,626.00,99.00,888.00,1047.00,0.644,-6.262
2026-04-01T14:25:57.026Z,19.457,pi:0,bottle,0.9367,618.00,99.00,885.00,1045.00,0.645,-6.439
2026-04-01T14:25:57.068Z,19.499,pi:0,bottle,0.9329,626.00,99.00,886.00,1050.00,0.641,-6.294
2026-04-01T14:25:57.107Z,19.538,pi:0,bottle,0.9253,625.00,100.00,885.00,1049.00,0.643,-6.326
2026-04-01T14:25:57.166Z,19.597,pi:0,bottle,0.9253,624.00,100.00,886.00,1048.00,0.644,-6.326
2026-04-01T14:25:57.214Z,19.644,pi:0,bottle,0.9215,624.00,98.00,888.00,1054.00,0.638,-6.294
2026-04-01T14:25:57.267Z,19.697,pi:0,bottle,0.9215,618.00,99.00,881.00,1047.00,0.644,-6.504
2026-04-01T14:25:57.324Z,19.755,pi:0,bottle,0.9329,619.00,99.00,883.00,1052.00,0.640,-6.455
2026-04-01T14:25:57.362Z,19.793,pi:0,bottle,0.9291,625.00,99.00,888.00,1045.00,0.645,-6.278
2026-04-01T14:25:57.432Z,19.863,pi:0,bottle,0.9367,615.00,97.00,883.00,1053.00,0.638,-6.520
2026-04-01T14:25:57.472Z,19.902,pi:0,bottle,0.9177,617.00,97.00,885.00,1050.00,0.640,-6.455
2026-04-01T14:25:57.518Z,19.949,pi:0,bottle,0.9177,618.00,97.00,886.00,1052.00,0.639,-6.423
2026-04-01T14:25:57.572Z,20.003,pi:0,bottle,0.9253,621.00,99.00,886.00,1051.00,0.641,-6.375
2026-04-01T14:25:57.626Z,20.057,pi:0,bottle,0.9139,620.00,98.00,888.00,1050.00,0.641,-6.359
2026-04-01T14:25:57.674Z,20.105,pi:0,bottle,0.9215,625.00,97.00,888.00,1044.00,0.644,-6.278
2026-04-01T14:25:57.722Z,20.153,pi:0,bottle,0.9291,621.00,93.00,885.00,1045.00,0.641,-6.391
2026-04-01T14:25:57.773Z,20.204,pi:0,bottle,0.8910,595.00,91.00,883.00,1021.00,0.656,-6.842
2026-04-01T14:25:57.830Z,20.261,pi:0,bottle,0.8606,601.00,66.00,870.00,1029.00,0.633,-6.955
2026-04-01T14:25:57.874Z,20.305,pi:0,bottle,0.8720,552.00,76.00,845.00,985.00,0.671,-8.142
2026-04-01T14:25:57.925Z,20.355,pi:0,bottle,0.7616,577.00,70.00,830.00,969.00,0.679,-7.982
2026-04-01T14:25:57.925Z,20.355,pi:0,bottle,0.5268,576.00,73.00,828.00,676.00,1.012,-8.030
2026-04-01T14:25:57.980Z,20.411,pi:0,bottle,0.8187,550.00,72.00,814.00,963.00,0.685,-8.670
2026-04-01T14:25:57.980Z,20.411,pi:0,bottle,0.4069,552.00,76.00,811.00,636.00,1.089,-8.686
2026-04-01T14:25:58.018Z,20.448,pi:0,bottle,0.6549,487.00,80.00,800.00,1052.00,0.628,-9.894
2026-04-01T14:25:58.018Z,20.448,pi:0,bottle,0.5886,497.00,73.00,769.00,658.00,1.043,-10.227
2026-04-01T14:25:58.075Z,20.506,pi:0,bottle,0.7920,461.00,79.00,747.00,917.00,0.728,-11.141
2026-04-01T14:25:58.075Z,20.506,pi:0,bottle,0.3922,461.00,80.00,820.00,1058.00,0.624,-9.989
2026-04-01T14:25:58.139Z,20.570,pi:0,bottle,0.6903,441.00,77.00,687.00,613.00,1.138,-12.393
2026-04-01T14:25:58.139Z,20.570,pi:0,bottle,0.3465,438.00,88.00,728.00,1067.00,0.623,-11.800
2026-04-01T14:25:58.139Z,20.570,pi:0,bottle,0.2551,433.00,90.00,856.00,1064.00,0.626,-9.863
2026-04-01T14:25:58.179Z,20.610,pi:0,bottle,0.6968,415.00,96.00,667.00,906.00,0.753,-13.108
2026-04-01T14:25:58.179Z,20.610,pi:0,bottle,0.5141,413.00,98.00,807.00,1011.00,0.668,-10.953
2026-04-01T14:25:58.229Z,20.660,pi:0,bottle,0.8910,377.00,107.00,617.00,884.00,0.785,-14.463
2026-04-01T14:25:58.294Z,20.724,pi:0,bottle,0.9329,344.00,115.00,574.00,876.00,0.802,-15.621
2026-04-01T14:25:58.337Z,20.768,pi:0,bottle,0.9519,336.00,124.00,555.00,878.00,0.809,-16.029
2026-04-01T14:25:58.386Z,20.816,pi:0,bottle,0.9481,308.00,74.00,529.00,856.00,0.780,-16.840
2026-04-01T14:25:58.445Z,20.876,pi:0,bottle,0.9215,299.00,153.00,519.00,871.00,0.850,-17.124
2026-04-01T14:25:58.500Z,20.931,pi:0,bottle,0.9024,287.00,158.00,507.00,862.00,0.867,-17.481
2026-04-01T14:25:58.554Z,20.985,pi:0,bottle,0.9063,289.00,153.00,502.00,852.00,0.873,-17.526
2026-04-01T14:25:58.594Z,21.025,pi:0,bottle,0.9063,291.00,147.00,505.00,846.00,0.873,-17.452
2026-04-01T14:25:58.650Z,21.081,pi:0,bottle,0.8910,293.00,143.00,507.00,850.00,0.863,-17.392
2026-04-01T14:25:58.704Z,21.135,pi:0,bottle,0.9063,297.00,147.00,511.00,847.00,0.871,-17.273
2026-04-01T14:25:58.747Z,21.178,pi:0,bottle,0.7539,308.00,119.00,527.00,954.00,0.731,-16.870
2026-04-01T14:25:58.800Z,21.231,pi:0,bottle,0.9558,317.00,74.00,531.00,848.00,0.788,-16.676
2026-04-01T14:25:58.848Z,21.278,pi:0,bottle,0.9672,329.00,128.00,546.00,874.00,0.818,-16.270
2026-04-01T14:25:58.898Z,21.329,pi:0,bottle,0.9024,340.00,166.00,560.00,906.00,0.824,-15.893
2026-04-01T14:25:58.954Z,21.384,pi:0,bottle,0.8948,355.00,187.00,590.00,942.00,0.808,-15.211
2026-04-01T14:25:59.010Z,21.441,pi:0,bottle,0.8872,363.00,78.00,604.00,978.00,0.678,-14.876
2026-04-01T14:25:59.062Z,21.492,pi:0,bottle,0.9101,370.00,254.00,623.00,1042.00,0.774,-14.479
2026-04-01T14:25:59.103Z,21.534,pi:0,bottle,0.9443,369.00,285.00,643.00,1060.00,0.787,-14.187
2026-04-01T14:25:59.156Z,21.587,pi:0,bottle,0.9634,366.00,346.00,660.00,1074.00,0.838,-13.972
2026-04-01T14:25:59.209Z,21.640,pi:0,bottle,0.8910,368.00,382.00,654.00,1071.00,0.885,-14.034
2026-04-01T14:25:59.260Z,21.690,pi:0,bottle,0.7921,366.00,450.00,612.00,1073.00,0.979,-14.708
2026-04-01T14:25:59.317Z,21.748,pi:0,bottle,0.8066,351.00,516.00,593.00,1072.00,1.097,-15.226
2026-04-01T14:25:59.359Z,21.790,pi:0,bottle,0.7739,342.00,540.00,591.00,1071.00,1.149,-15.393
2026-04-01T14:25:59.409Z,21.840,pi:0,bottle,0.8575,330.00,613.00,585.00,1074.00,1.323,-15.666
2026-04-01T14:25:59.466Z,21.896,pi:0,bottle,0.8866,325.00,605.00,588.00,1071.00,1.309,-15.697
2026-04-01T14:25:59.521Z,21.952,pi:0,bottle,0.8284,322.00,578.00,573.00,1071.00,1.237,-15.969
2026-04-01T14:25:59.582Z,22.012,pi:0,bottle,0.8684,312.00,543.00,566.00,1065.00,1.169,-16.225
2026-04-01T14:25:59.628Z,22.059,pi:0,bottle,0.6358,269.00,464.00,549.00,1056.00,1.030,-17.124
2026-04-01T14:25:59.684Z,22.115,pi:0,bottle,0.4687,234.00,386.00,521.00,824.00,1.393,-18.059
2026-04-01T14:25:59.684Z,22.115,pi:0,bottle,0.3197,230.00,387.00,524.00,1051.00,0.919,-18.074
2026-04-01T14:25:59.723Z,22.153,pi:0,bottle,0.7577,227.00,325.00,506.00,1064.00,0.826,-18.383
2026-04-01T14:25:59.723Z,22.153,pi:0,bottle,0.2616,231.00,325.00,497.00,817.00,1.240,-18.457
2026-04-01T14:25:59.772Z,22.203,pi:0,bottle,0.6549,203.00,278.00,503.00,1039.00,0.802,-18.779
2026-04-01T14:25:59.772Z,22.203,pi:0,bottle,0.2543,224.00,284.00,482.00,759.00,1.284,-18.779
2026-04-01T14:25:59.820Z,22.251,pi:0,bottle,0.8720,193.00,196.00,521.00,1056.00,0.709,-18.662
2026-04-01T14:25:59.879Z,22.310,pi:0,bottle,0.5141,167.00,128.00,449.00,947.00,0.745,-20.086
2026-04-01T14:25:59.879Z,22.310,pi:0,bottle,0.2834,199.00,128.00,440.00,769.00,0.952,-19.754
2026-04-01T14:25:59.967Z,22.398,pi:0,bottle,0.4189,163.00,109.00,416.00,857.00,0.816,-20.617
2026-04-01T14:26:06.772Z,29.203,pi:0,bottle,0.5050,167.00,247.00,254.00,420.00,3.526,-22.844
2026-04-01T14:26:06.893Z,29.323,pi:0,bottle,0.6841,212.00,259.00,283.00,428.00,3.610,-21.810
2026-04-01T14:26:06.945Z,29.376,pi:0,bottle,0.5450,240.00,270.00,309.00,440.00,3.589,-21.045
2026-04-01T14:26:07.006Z,29.437,pi:0,bottle,0.3234,281.00,288.00,345.00,449.00,3.789,-19.942
2026-04-01T14:26:07.062Z,29.493,pi:0,bottle,0.4978,299.00,300.00,364.00,449.00,4.094,-19.406
2026-04-01T14:26:07.062Z,29.493,pi:0,bottle,0.2941,299.00,298.00,362.00,408.00,5.546,-19.435
2026-04-01T14:26:07.103Z,29.534,pi:0,bottle,0.3888,324.00,308.00,381.00,414.00,5.755,-18.794
2026-04-01T14:26:07.164Z,29.595,pi:0,bottle,0.5917,330.00,314.00,384.00,446.00,4.622,-18.662
2026-04-01T14:26:07.210Z,29.640,pi:0,bottle,0.4069,342.00,324.00,393.00,422.00,6.225,-18.354
2026-04-01T14:26:07.266Z,29.697,pi:0,bottle,0.4891,347.00,326.00,397.00,424.00,6.225,-18.221
2026-04-01T14:26:07.323Z,29.753,pi:0,bottle,0.6259,353.00,334.00,402.00,428.00,6.490,-18.059
2026-04-01T14:26:07.364Z,29.795,pi:0,bottle,0.6259,356.00,336.00,402.00,437.00,6.040,-18.015
2026-04-01T14:26:07.419Z,29.849,pi:0,bottle,0.6499,358.00,341.00,405.00,441.00,6.100,-17.941
2026-04-01T14:26:07.466Z,29.897,pi:0,bottle,0.6122,353.00,344.00,407.00,443.00,6.162,-17.985
2026-04-01T14:26:07.522Z,29.952,pi:0,bottle,0.6327,355.00,346.00,408.00,445.00,6.162,-17.941
2026-04-01T14:26:07.571Z,30.002,pi:0,bottle,0.6430,356.00,346.00,408.00,445.00,6.162,-17.926
2026-04-01T14:26:07.616Z,30.047,pi:0,bottle,0.6430,354.00,344.00,410.00,442.00,6.225,-17.926
2026-04-01T14:26:07.671Z,30.101,pi:0,bottle,0.6259,356.00,338.00,405.00,439.00,6.040,-17.970
2026-04-01T14:26:07.829Z,30.260,pi:0,bottle,0.5985,313.00,308.00,364.00,410.00,5.981,-19.203
2026-04-01T14:26:07.829Z,30.260,pi:0,bottle,0.3694,316.00,308.00,365.00,447.00,4.389,-19.144
2026-04-01T14:26:07.875Z,30.306,pi:0,bottle,0.6464,306.00,308.00,353.00,404.00,6.355,-19.464
2026-04-01T14:26:07.937Z,30.368,pi:0,bottle,0.5813,277.00,309.00,330.00,431.00,5.000,-20.216
2026-04-01T14:26:07.974Z,30.405,pi:0,bottle,0.6601,263.00,310.00,315.00,418.00,5.649,-20.632
2026-04-01T14:26:08.030Z,30.461,pi:0,bottle,0.6533,250.00,316.00,297.00,424.00,5.649,-21.074
2026-04-01T14:26:08.073Z,30.504,pi:0,bottle,0.6977,231.00,323.00,280.00,436.00,5.399,-21.584
2026-04-01T14:26:08.127Z,30.558,pi:0,bottle,0.7046,227.00,326.00,272.00,432.00,5.755,-21.753
2026-04-01T14:26:08.175Z,30.606,pi:0,bottle,0.6601,216.00,328.00,266.00,434.00,5.755,-21.992
2026-04-01T14:26:08.239Z,30.670,pi:0,bottle,0.6362,207.00,335.00,257.00,436.00,6.040,-22.245
2026-04-01T14:26:08.279Z,30.710,pi:0,bottle,0.5165,202.00,341.00,249.00,442.00,6.040,-22.426
2026-04-01T14:26:08.331Z,30.762,pi:0,bottle,0.6396,201.00,345.00,248.00,445.00,6.100,-22.454
2026-04-01T14:26:08.391Z,30.822,pi:0,bottle,0.6499,193.00,349.00,243.00,447.00,6.225,-22.635
2026-04-01T14:26:08.439Z,30.870,pi:0,bottle,0.6704,194.00,351.00,243.00,449.00,6.225,-22.621
2026-04-01T14:26:08.482Z,30.913,pi:0,bottle,0.7080,194.00,351.00,242.00,449.00,6.225,-22.635
2026-04-01T14:26:08.537Z,30.967,pi:0,bottle,0.6567,194.00,351.00,242.00,449.00,6.225,-22.635
2026-04-01T14:26:08.587Z,31.018,pi:0,bottle,0.6772,194.00,350.00,241.00,448.00,6.225,-22.649
2026-04-01T14:26:08.642Z,31.073,pi:0,bottle,0.7285,193.00,352.00,241.00,448.00,6.355,-22.663
2026-04-01T14:26:08.690Z,31.121,pi:0,bottle,0.7080,194.00,352.00,241.00,449.00,6.289,-22.649
2026-04-01T14:26:08.741Z,31.172,pi:0,bottle,0.7285,194.00,352.00,241.00,450.00,6.225,-22.649
2026-04-01T14:26:08.791Z,31.221,pi:0,bottle,0.7046,191.00,350.00,240.00,449.00,6.162,-22.705
2026-04-01T14:26:08.837Z,31.268,pi:0,bottle,0.7354,190.00,351.00,240.00,451.00,6.100,-22.719
2026-04-01T14:26:08.891Z,31.322,pi:0,bottle,0.7251,191.00,351.00,240.00,450.00,6.162,-22.705
2026-04-01T14:26:08.944Z,31.375,pi:0,bottle,0.7354,191.00,351.00,240.00,451.00,6.100,-22.705
2026-04-01T14:26:08.992Z,31.423,pi:0,bottle,0.7388,191.00,351.00,240.00,451.00,6.100,-22.705
2026-04-01T14:26:09.051Z,31.482,pi:0,bottle,0.7525,191.00,351.00,241.00,451.00,6.100,-22.691
2026-04-01T14:26:09.094Z,31.525,pi:0,bottle,0.7490,191.00,351.00,240.00,451.00,6.100,-22.705
2026-04-01T14:26:09.155Z,31.585,pi:0,bottle,0.7148,192.00,351.00,240.00,450.00,6.162,-22.691
2026-04-01T14:26:09.201Z,31.631,pi:0,bottle,0.6738,193.00,351.00,240.00,449.00,6.225,-22.677
2026-04-01T14:26:09.250Z,31.681,pi:0,bottle,0.7251,194.00,351.00,240.00,449.00,6.225,-22.663
2026-04-01T14:26:09.299Z,31.729,pi:0,bottle,0.7183,191.00,351.00,239.00,450.00,6.162,-22.719
2026-04-01T14:26:09.345Z,31.776,pi:0,bottle,0.6977,191.00,351.00,239.00,450.00,6.162,-22.719
2026-04-01T14:26:09.409Z,31.840,pi:0,bottle,0.6841,190.00,352.00,239.00,450.00,6.225,-22.732
2026-04-01T14:26:09.453Z,31.884,pi:0,bottle,0.6943,190.00,348.00,238.00,451.00,5.923,-22.746
2026-04-01T14:26:09.503Z,31.934,pi:0,bottle,0.7046,189.00,348.00,238.00,452.00,5.866,-22.760
2026-04-01T14:26:09.561Z,31.992,pi:0,bottle,0.7798,188.00,348.00,238.00,453.00,5.810,-22.774
2026-04-01T14:26:09.607Z,32.037,pi:0,bottle,0.7764,187.00,349.00,238.00,452.00,5.923,-22.788
2026-04-01T14:26:09.668Z,32.099,pi:0,bottle,0.7593,187.00,349.00,237.00,452.00,5.923,-22.802
2026-04-01T14:26:09.710Z,32.141,pi:0,bottle,0.7354,188.00,350.00,237.00,453.00,5.923,-22.788
2026-04-01T14:26:09.767Z,32.198,pi:0,bottle,0.7456,189.00,350.00,238.00,452.00,5.981,-22.760
2026-04-01T14:26:09.825Z,32.256,pi:0,bottle,0.7559,189.00,348.00,237.00,452.00,5.866,-22.774
2026-04-01T14:26:09.876Z,32.307,pi:0,bottle,0.7593,188.00,350.00,237.00,450.00,6.100,-22.788
2026-04-01T14:26:09.917Z,32.348,pi:0,bottle,0.7388,185.00,350.00,238.00,450.00,6.100,-22.816
2026-04-01T14:26:09.984Z,32.415,pi:0,bottle,0.7046,189.00,351.00,237.00,451.00,6.100,-22.774
2026-04-01T14:26:10.065Z,32.496,pi:0,bottle,0.7661,186.00,350.00,237.00,453.00,5.923,-22.816
2026-04-01T14:26:10.115Z,32.548,pi:0,bottle,0.7661,187.00,350.00,237.00,454.00,5.866,-22.802
2026-04-01T14:26:10.195Z,32.626,pi:0,bottle,0.7319,188.00,352.00,237.00,454.00,5.981,-22.788
2026-04-01T14:26:10.261Z,32.692,pi:0,bottle,0.7251,187.00,351.00,238.00,454.00,5.923,-22.788
2026-04-01T14:26:10.341Z,32.772,pi:0,bottle,0.7593,187.00,350.00,237.00,454.00,5.866,-22.802
2026-04-01T14:26:10.371Z,32.802,pi:0,bottle,0.7456,187.00,352.00,237.00,454.00,5.981,-22.802
2026-04-01T14:26:10.437Z,32.868,pi:0,bottle,0.7285,187.00,351.00,237.00,455.00,5.866,-22.802
2026-04-01T14:26:10.479Z,32.909,pi:0,bottle,0.7490,188.00,350.00,237.00,455.00,5.810,-22.788
2026-04-01T14:26:10.541Z,32.972,pi:0,bottle,0.7148,187.00,351.00,237.00,455.00,5.866,-22.802
2026-04-01T14:26:10.586Z,33.017,pi:0,bottle,0.7251,188.00,350.00,237.00,455.00,5.810,-22.788
2026-04-01T14:26:10.633Z,33.064,pi:0,bottle,0.7114,187.00,352.00,237.00,454.00,5.981,-22.802
2026-04-01T14:26:10.686Z,33.117,pi:0,bottle,0.7354,188.00,351.00,237.00,454.00,5.923,-22.788
2026-04-01T14:26:10.741Z,33.172,pi:0,bottle,0.7319,187.00,351.00,237.00,455.00,5.866,-22.802
2026-04-01T14:26:10.786Z,33.217,pi:0,bottle,0.7114,187.00,351.00,237.00,454.00,5.923,-22.802
2026-04-01T14:26:10.844Z,33.275,pi:0,bottle,0.7114,187.00,351.00,238.00,455.00,5.866,-22.788
2026-04-01T14:26:10.899Z,33.330,pi:0,bottle,0.7319,187.00,350.00,237.00,455.00,5.810,-22.802
2026-04-01T14:26:10.945Z,33.376,pi:0,bottle,0.7046,188.00,352.00,237.00,454.00,5.981,-22.788
2026-04-01T14:26:10.997Z,33.427,pi:0,bottle,0.7085,190.00,352.00,240.00,453.00,6.040,-22.719
2026-04-01T14:26:11.049Z,33.480,pi:0,bottle,0.7183,187.00,352.00,237.00,455.00,5.923,-22.802
2026-04-01T14:26:11.101Z,33.532,pi:0,bottle,0.7388,188.00,351.00,237.00,454.00,5.923,-22.788
2026-04-01T14:26:11.151Z,33.582,pi:0,bottle,0.7251,187.00,352.00,237.00,455.00,5.923,-22.802
2026-04-01T14:26:11.206Z,33.637,pi:0,bottle,0.7080,187.00,352.00,237.00,454.00,5.981,-22.802
2026-04-01T14:26:11.247Z,33.678,pi:0,bottle,0.7354,187.00,351.00,238.00,455.00,5.866,-22.788
2026-04-01T14:26:11.306Z,33.737,pi:0,bottle,0.7319,187.00,350.00,237.00,454.00,5.866,-22.802
2026-04-01T14:26:11.350Z,33.781,pi:0,bottle,0.7183,188.00,350.00,237.00,454.00,5.866,-22.788
2026-04-01T14:26:11.402Z,33.833,pi:0,bottle,0.7046,188.00,351.00,237.00,454.00,5.923,-22.788
2026-04-01T14:26:11.462Z,33.893,pi:0,bottle,0.7285,188.00,350.00,237.00,455.00,5.810,-22.788
2026-04-01T14:26:11.508Z,33.939,pi:0,bottle,0.7046,187.00,352.00,237.00,454.00,5.981,-22.802
2026-04-01T14:26:11.563Z,33.994,pi:0,bottle,0.7012,187.00,352.00,238.00,455.00,5.923,-22.788
2026-04-01T14:26:11.615Z,34.045,pi:0,bottle,0.7251,187.00,352.00,237.00,455.00,5.923,-22.802
2026-04-01T14:26:11.672Z,34.102,pi:0,bottle,0.7183,187.00,351.00,238.00,455.00,5.866,-22.788
2026-04-01T14:26:11.713Z,34.144,pi:0,bottle,0.7285,187.00,351.00,237.00,455.00,5.866,-22.802
2026-04-01T14:26:11.768Z,34.199,pi:0,bottle,0.7251,187.00,351.00,237.00,455.00,5.866,-22.802
2026-04-01T14:26:11.820Z,34.251,pi:0,bottle,0.7148,187.00,350.00,237.00,454.00,5.866,-22.802
2026-04-01T14:26:11.865Z,34.296,pi:0,bottle,0.7319,187.00,350.00,237.00,454.00,5.866,-22.802
2026-04-01T14:26:11.914Z,34.344,pi:0,bottle,0.7354,188.00,350.00,237.00,455.00,5.810,-22.788
2026-04-01T14:26:11.974Z,34.405,pi:0,bottle,0.7217,187.00,350.00,238.00,454.00,5.866,-22.788
2026-04-01T14:26:12.020Z,34.451,pi:0,bottle,0.7354,187.00,352.00,237.00,454.00,5.981,-22.802
2026-04-01T14:26:12.074Z,34.505,pi:0,bottle,0.7354,188.00,350.00,237.00,455.00,5.810,-22.788
2026-04-01T14:26:12.126Z,34.557,pi:0,bottle,0.7354,187.00,350.00,237.00,454.00,5.866,-22.802
2026-04-01T14:26:12.182Z,34.613,pi:0,bottle,0.7217,187.00,351.00,237.00,455.00,5.866,-22.802
2026-04-01T14:26:12.230Z,34.661,pi:0,bottle,0.7148,188.00,350.00,237.00,454.00,5.866,-22.788
2026-04-01T14:26:12.271Z,34.702,pi:0,bottle,0.7388,187.00,350.00,237.00,454.00,5.866,-22.802
2026-04-01T14:26:12.331Z,34.762,pi:0,bottle,0.7114,187.00,350.00,237.00,454.00,5.866,-22.802
2026-04-01T14:26:12.382Z,34.813,pi:0,bottle,0.7319,187.00,350.00,238.00,454.00,5.866,-22.788
2026-04-01T14:26:12.436Z,34.867,pi:0,bottle,0.7319,187.00,351.00,237.00,455.00,5.866,-22.802
2026-04-01T14:26:12.487Z,34.918,pi:0,bottle,0.7354,187.00,351.00,237.00,455.00,5.866,-22.802
2026-04-01T14:26:12.534Z,34.965,pi:0,bottle,0.7456,188.00,351.00,237.00,455.00,5.866,-22.788
2026-04-01T14:26:12.590Z,35.021,pi:0,bottle,0.7217,187.00,352.00,237.00,454.00,5.981,-22.802
2026-04-01T14:26:12.646Z,35.076,pi:0,bottle,0.7319,187.00,351.00,238.00,454.00,5.923,-22.788
2026-04-01T14:26:12.646Z,35.076,pi:0,bottle,0.2599,0.00,403.00,33.00,506.00,5.923,-28.006
2026-04-01T14:26:12.688Z,35.119,pi:0,bottle,0.7114,188.00,351.00,237.00,455.00,5.866,-22.788
2026-04-01T14:26:12.737Z,35.168,pi:0,bottle,0.7354,187.00,352.00,237.00,455.00,5.923,-22.802
2026-04-01T14:26:12.795Z,35.226,pi:0,bottle,0.7319,188.00,351.00,237.00,454.00,5.923,-22.788
2026-04-01T14:26:12.842Z,35.273,pi:0,bottle,0.7525,187.00,351.00,237.00,455.00,5.866,-22.802
2026-04-01T14:26:12.884Z,35.315,pi:0,bottle,0.7183,187.00,352.00,237.00,454.00,5.981,-22.802
2026-04-01T14:26:12.938Z,35.369,pi:0,bottle,0.7388,187.00,352.00,237.00,454.00,5.981,-22.802
2026-04-01T14:26:12.986Z,35.417,pi:0,bottle,0.7388,187.00,351.00,237.00,455.00,5.866,-22.802
2026-04-01T14:26:13.036Z,35.467,pi:0,bottle,0.7456,187.00,350.00,237.00,455.00,5.810,-22.802
2026-04-01T14:26:13.085Z,35.516,pi:0,bottle,0.7388,187.00,350.00,238.00,455.00,5.810,-22.788
2026-04-01T14:26:13.141Z,35.572,pi:0,bottle,0.7456,187.00,350.00,237.00,455.00,5.810,-22.802
2026-04-01T14:26:13.189Z,35.620,pi:0,bottle,0.7593,187.00,351.00,237.00,454.00,5.923,-22.802
2026-04-01T14:26:13.189Z,35.620,pi:0,bottle,0.2599,0.00,403.00,34.00,504.00,6.040,-27.993
2026-04-01T14:26:13.232Z,35.663,pi:0,bottle,0.7354,187.00,350.00,238.00,454.00,5.866,-22.788
2026-04-01T14:26:13.294Z,35.725,pi:0,bottle,0.7319,187.00,352.00,237.00,455.00,5.923,-22.802
2026-04-01T14:26:13.354Z,35.785,pi:0,bottle,0.7388,187.00,352.00,237.00,455.00,5.923,-22.802
2026-04-01T14:26:13.354Z,35.785,pi:0,bottle,0.3044,0.00,403.00,36.00,503.00,6.100,-27.968
2026-04-01T14:26:13.426Z,35.857,pi:0,bottle,0.7456,187.00,350.00,237.00,454.00,5.866,-22.802
2026-04-01T14:26:13.495Z,35.926,pi:0,bottle,0.7456,187.00,352.00,237.00,455.00,5.923,-22.802
2026-04-01T14:26:13.559Z,35.990,pi:0,bottle,0.7388,187.00,352.00,237.00,454.00,5.981,-22.802
2026-04-01T14:26:13.616Z,36.047,pi:0,bottle,0.7456,187.00,350.00,237.00,454.00,5.866,-22.802
2026-04-01T14:26:13.658Z,36.089,pi:0,bottle,0.7490,187.00,351.00,237.00,454.00,5.923,-22.802
2026-04-01T14:26:13.706Z,36.137,pi:0,bottle,0.7456,187.00,350.00,237.00,455.00,5.810,-22.802
2026-04-01T14:26:13.764Z,36.194,pi:0,bottle,0.7627,187.00,352.00,237.00,455.00,5.923,-22.802
2026-04-01T14:26:13.807Z,36.237,pi:0,bottle,0.7661,187.00,351.00,237.00,454.00,5.923,-22.802
2026-04-01T14:26:13.867Z,36.298,pi:0,bottle,0.7525,187.00,350.00,237.00,454.00,5.866,-22.802
2026-04-01T14:26:13.917Z,36.348,pi:0,bottle,0.7559,187.00,350.00,237.00,455.00,5.810,-22.802
2026-04-01T14:26:13.959Z,36.390,pi:0,bottle,0.7490,187.00,351.00,237.00,455.00,5.866,-22.802
2026-04-01T14:26:14.010Z,36.441,pi:0,bottle,0.7251,187.00,350.00,237.00,454.00,5.866,-22.802
2026-04-01T14:26:14.059Z,36.490,pi:0,bottle,0.7661,187.00,351.00,237.00,454.00,5.923,-22.802
2026-04-01T14:26:14.105Z,36.535,pi:0,bottle,0.7798,187.00,350.00,237.00,454.00,5.866,-22.802
2026-04-01T14:26:14.162Z,36.593,pi:0,bottle,0.7593,187.00,350.00,237.00,455.00,5.810,-22.802
2026-04-01T14:26:14.222Z,36.653,pi:0,bottle,0.7490,187.00,350.00,237.00,455.00,5.810,-22.802
2026-04-01T14:26:14.265Z,36.698,pi:0,bottle,0.7490,187.00,351.00,237.00,454.00,5.923,-22.802
2026-04-01T14:26:14.323Z,36.754,pi:0,bottle,0.7627,186.00,351.00,237.00,455.00,5.866,-22.816
2026-04-01T14:26:14.371Z,36.802,pi:0,bottle,0.7627,187.00,351.00,237.00,455.00,5.866,-22.802
2026-04-01T14:26:14.411Z,36.842,pi:0,bottle,0.7696,186.00,350.00,237.00,455.00,5.810,-22.816
2026-04-01T14:26:14.474Z,36.905,pi:0,bottle,0.7696,187.00,350.00,237.00,454.00,5.866,-22.802
2026-04-01T14:26:14.512Z,36.943,pi:0,bottle,0.7661,187.00,350.00,237.00,455.00,5.810,-22.802
2026-04-01T14:26:14.566Z,36.996,pi:0,bottle,0.7832,187.00,350.00,237.00,455.00,5.810,-22.802
2026-04-01T14:26:14.624Z,37.055,pi:0,bottle,0.7764,187.00,351.00,237.00,454.00,5.923,-22.802
2026-04-01T14:26:14.673Z,37.104,pi:0,bottle,0.7730,187.00,350.00,237.00,454.00,5.866,-22.802
2026-04-01T14:26:14.723Z,37.153,pi:0,bottle,0.7627,187.00,351.00,237.00,455.00,5.866,-22.802
2026-04-01T14:26:14.776Z,37.207,pi:0,bottle,0.7730,186.00,351.00,237.00,455.00,5.866,-22.816
2026-04-01T14:26:14.823Z,37.254,pi:0,bottle,0.7661,187.00,350.00,237.00,454.00,5.866,-22.802
2026-04-01T14:26:14.874Z,37.304,pi:0,bottle,0.7456,187.00,351.00,237.00,455.00,5.866,-22.802
2026-04-01T14:26:14.928Z,37.358,pi:0,bottle,0.7490,187.00,351.00,237.00,455.00,5.866,-22.802
2026-04-01T14:26:14.975Z,37.406,pi:0,bottle,0.7456,187.00,351.00,237.00,454.00,5.923,-22.802
2026-04-01T14:26:15.018Z,37.449,pi:0,bottle,0.7559,187.00,352.00,237.00,455.00,5.923,-22.802
2026-04-01T14:26:15.075Z,37.506,pi:0,bottle,0.7696,187.00,351.00,237.00,455.00,5.866,-22.802
2026-04-01T14:26:15.136Z,37.567,pi:0,bottle,0.7696,186.00,352.00,237.00,455.00,5.923,-22.816
2026-04-01T14:26:15.187Z,37.618,pi:0,bottle,0.7627,187.00,351.00,237.00,455.00,5.866,-22.802
2026-04-01T14:26:15.236Z,37.667,pi:0,bottle,0.7798,187.00,351.00,237.00,455.00,5.866,-22.802
2026-04-01T14:26:15.291Z,37.722,pi:0,bottle,0.7456,187.00,352.00,237.00,454.00,5.981,-22.802
2026-04-01T14:26:15.340Z,37.771,pi:0,bottle,0.7627,187.00,352.00,237.00,455.00,5.923,-22.802
2026-04-01T14:26:15.395Z,37.826,pi:0,bottle,0.7696,187.00,351.00,237.00,454.00,5.923,-22.802
2026-04-01T14:26:15.446Z,37.877,pi:0,bottle,0.7661,187.00,352.00,237.00,454.00,5.981,-22.802
2026-04-01T14:26:15.486Z,37.917,pi:0,bottle,0.7661,187.00,350.00,237.00,455.00,5.810,-22.802
2026-04-01T14:26:15.545Z,37.976,pi:0,bottle,0.7730,186.00,351.00,237.00,454.00,5.923,-22.816
2026-04-01T14:26:15.589Z,38.020,pi:0,bottle,0.7593,187.00,350.00,237.00,454.00,5.866,-22.802
2026-04-01T14:26:15.645Z,38.076,pi:0,bottle,0.7696,187.00,350.00,237.00,455.00,5.810,-22.802
2026-04-01T14:26:15.709Z,38.140,pi:0,bottle,0.7593,188.00,350.00,237.00,455.00,5.810,-22.788
2026-04-01T14:26:15.750Z,38.181,pi:0,bottle,0.7525,187.00,352.00,237.00,455.00,5.923,-22.802
2026-04-01T14:26:15.808Z,38.238,pi:0,bottle,0.7490,187.00,352.00,237.00,454.00,5.981,-22.802
2026-04-01T14:26:15.855Z,38.286,pi:0,bottle,0.7593,187.00,350.00,237.00,455.00,5.810,-22.802
2026-04-01T14:26:15.906Z,38.337,pi:0,bottle,0.7696,188.00,350.00,237.00,454.00,5.866,-22.788
2026-04-01T14:26:15.962Z,38.393,pi:0,bottle,0.7456,187.00,350.00,237.00,455.00,5.810,-22.802
2026-04-01T14:26:16.009Z,38.439,pi:0,bottle,0.7422,187.00,351.00,237.00,455.00,5.866,-22.802
2026-04-01T14:26:16.114Z,38.545,pi:0,bottle,0.7593,188.00,350.00,237.00,455.00,5.810,-22.788
2026-04-01T14:26:16.166Z,38.597,pi:0,bottle,0.7559,187.00,350.00,237.00,455.00,5.810,-22.802
2026-04-01T14:26:16.213Z,38.643,pi:0,bottle,0.7285,186.00,352.00,237.00,454.00,5.981,-22.816
2026-04-01T14:26:16.262Z,38.693,pi:0,bottle,0.7456,187.00,351.00,237.00,455.00,5.866,-22.802
2026-04-01T14:26:16.314Z,38.745,pi:0,bottle,0.7388,187.00,351.00,237.00,455.00,5.866,-22.802
2026-04-01T14:26:16.361Z,38.792,pi:0,bottle,0.7388,187.00,350.00,237.00,455.00,5.810,-22.802
2026-04-01T14:26:16.420Z,38.851,pi:0,bottle,0.7422,187.00,350.00,237.00,454.00,5.866,-22.802
2026-04-01T14:26:16.466Z,38.897,pi:0,bottle,0.7661,187.00,350.00,237.00,454.00,5.866,-22.802
2026-04-01T14:26:16.526Z,38.957,pi:0,bottle,0.7490,187.00,350.00,237.00,454.00,5.866,-22.802
2026-04-01T14:26:16.568Z,38.998,pi:0,bottle,0.7798,187.00,350.00,237.00,453.00,5.923,-22.802
2026-04-01T14:26:16.626Z,39.057,pi:0,bottle,0.7627,186.00,351.00,237.00,454.00,5.923,-22.816
2026-04-01T14:26:16.670Z,39.100,pi:0,bottle,0.7798,187.00,350.00,237.00,455.00,5.810,-22.802
2026-04-01T14:26:16.727Z,39.158,pi:0,bottle,0.6635,189.00,348.00,238.00,454.00,5.755,-22.760
2026-04-01T14:26:17.919Z,40.350,pi:0,bottle,0.3557,200.00,354.00,240.00,457.00,5.923,-22.580
2026-04-01T14:26:17.979Z,40.410,pi:0,bottle,0.5165,195.00,352.00,239.00,457.00,5.810,-22.663
2026-04-01T14:26:18.029Z,40.460,pi:0,bottle,0.5883,186.00,352.00,239.00,474.00,5.000,-22.788
2026-04-01T14:26:18.080Z,40.511,pi:0,bottle,0.6054,185.00,352.00,240.00,497.00,4.207,-22.788
2026-04-01T14:26:18.134Z,40.565,pi:0,bottle,0.6841,187.00,352.00,239.00,505.00,3.987,-22.774
2026-04-01T14:26:18.185Z,40.616,pi:0,bottle,0.7832,186.00,352.00,239.00,503.00,4.040,-22.788
2026-04-01T14:26:18.237Z,40.668,pi:0,bottle,0.7422,187.00,352.00,240.00,502.00,4.067,-22.760
2026-04-01T14:26:18.294Z,40.724,pi:0,bottle,0.7559,187.00,352.00,240.00,503.00,4.040,-22.760
2026-04-01T14:26:18.341Z,40.772,pi:0,bottle,0.7148,188.00,351.00,240.00,503.00,4.013,-22.746
2026-04-01T14:26:18.396Z,40.827,pi:0,bottle,0.7593,188.00,352.00,239.00,504.00,4.013,-22.760
2026-04-01T14:26:18.445Z,40.876,pi:0,bottle,0.7285,187.00,350.00,240.00,503.00,3.987,-22.760
2026-04-01T14:26:18.496Z,40.926,pi:0,bottle,0.7046,189.00,351.00,240.00,503.00,4.013,-22.732
2026-04-01T14:26:18.551Z,40.982,pi:0,bottle,0.7388,187.00,351.00,239.00,504.00,3.987,-22.774
2026-04-01T14:26:18.604Z,41.035,pi:0,bottle,0.7183,187.00,351.00,240.00,504.00,3.987,-22.760
2026-04-01T14:26:18.662Z,41.092,pi:0,bottle,0.7559,187.00,350.00,239.00,503.00,3.987,-22.774
2026-04-01T14:26:18.706Z,41.136,pi:0,bottle,0.7080,188.00,352.00,240.00,504.00,4.013,-22.746
2026-04-01T14:26:18.760Z,41.190,pi:0,bottle,0.7285,187.00,351.00,239.00,503.00,4.013,-22.774
2026-04-01T14:26:18.826Z,41.257,pi:0,bottle,0.7285,188.00,351.00,240.00,504.00,3.987,-22.746
2026-04-01T14:26:18.864Z,41.295,pi:0,bottle,0.7559,189.00,351.00,240.00,505.00,3.961,-22.732
2026-04-01T14:26:18.926Z,41.357,pi:0,bottle,0.7627,186.00,350.00,239.00,503.00,3.987,-22.788
2026-04-01T14:26:18.970Z,41.401,pi:0,bottle,0.7525,187.00,352.00,240.00,504.00,4.013,-22.760
2026-04-01T14:26:19.018Z,41.448,pi:0,bottle,0.7319,188.00,350.00,240.00,504.00,3.961,-22.746
2026-04-01T14:26:19.069Z,41.500,pi:0,bottle,0.7661,188.00,352.00,240.00,504.00,4.013,-22.746
2026-04-01T14:26:19.126Z,41.557,pi:0,bottle,0.7490,186.00,351.00,239.00,504.00,3.987,-22.788
2026-04-01T14:26:19.180Z,41.611,pi:0,bottle,0.6875,186.00,350.00,239.00,503.00,3.987,-22.788
2026-04-01T14:26:19.229Z,41.660,pi:0,bottle,0.6772,186.00,350.00,239.00,503.00,3.987,-22.788
2026-04-01T14:26:19.289Z,41.720,pi:0,bottle,0.7559,188.00,351.00,240.00,504.00,3.987,-22.746
2026-04-01T14:26:19.337Z,41.768,pi:0,bottle,0.6704,186.00,349.00,239.00,503.00,3.961,-22.788
2026-04-01T14:26:19.399Z,41.829,pi:0,bottle,0.7559,186.00,350.00,239.00,503.00,3.987,-22.788
2026-04-01T14:26:19.440Z,41.871,pi:0,bottle,0.7422,186.00,349.00,239.00,503.00,3.961,-22.788
2026-04-01T14:26:19.491Z,41.922,pi:0,bottle,0.7593,186.00,349.00,240.00,504.00,3.936,-22.774
2026-04-01T14:26:19.545Z,41.976,pi:0,bottle,0.7559,186.00,350.00,239.00,504.00,3.961,-22.788
2026-04-01T14:26:19.605Z,42.035,pi:0,bottle,0.7798,187.00,350.00,240.00,503.00,3.987,-22.760
2026-04-01T14:26:19.647Z,42.078,pi:0,bottle,0.7559,187.00,350.00,239.00,504.00,3.961,-22.774
2026-04-01T14:26:19.700Z,42.131,pi:0,bottle,0.7593,186.00,350.00,240.00,503.00,3.987,-22.774
2026-04-01T14:26:19.758Z,42.189,pi:0,bottle,0.7696,186.00,352.00,239.00,503.00,4.040,-22.788
2026-04-01T14:26:19.812Z,42.243,pi:0,bottle,0.7696,186.00,350.00,240.00,504.00,3.961,-22.774
2026-04-01T14:26:19.857Z,42.288,pi:0,bottle,0.7832,187.00,350.00,239.00,504.00,3.961,-22.774
2026-04-01T14:26:19.910Z,42.341,pi:0,bottle,0.7935,187.00,351.00,239.00,504.00,3.987,-22.774
2026-04-01T14:26:19.957Z,42.388,pi:0,bottle,0.7730,187.00,350.00,239.00,504.00,3.961,-22.774
2026-04-01T14:26:20.022Z,42.453,pi:0,bottle,0.8140,186.00,350.00,240.00,504.00,3.961,-22.774
2026-04-01T14:26:20.077Z,42.508,pi:0,bottle,0.7832,186.00,350.00,240.00,503.00,3.987,-22.774
2026-04-01T14:26:20.115Z,42.545,pi:0,bottle,0.7832,185.00,350.00,240.00,504.00,3.961,-22.788
2026-04-01T14:26:20.170Z,42.601,pi:0,bottle,0.5883,191.00,350.00,239.00,497.00,4.150,-22.719
2026-04-01T14:26:20.170Z,42.601,pi:0,bottle,0.3597,176.00,350.00,243.00,503.00,3.987,-22.871
2026-04-01T14:26:20.430Z,42.861,pi:0,bottle,0.2702,185.00,352.00,241.00,505.00,3.987,-22.774
2026-04-01T14:26:20.469Z,42.900,pi:0,bottle,0.5814,187.00,352.00,242.00,505.00,3.987,-22.732
2026-04-01T14:26:26.085Z,48.516,pi:0,bottle,0.5336,189.00,353.00,240.00,529.00,3.466,-22.732
2026-04-01T14:26:26.132Z,48.563,pi:0,bottle,0.4723,196.00,351.00,242.00,468.00,5.214,-22.607
2026-04-01T14:26:26.132Z,48.563,pi:0,bottle,0.4481,193.00,352.00,239.00,516.00,3.720,-22.691
2026-04-01T14:26:26.191Z,48.622,pi:0,bottle,0.7798,186.00,352.00,240.00,520.00,3.631,-22.774
2026-04-01T14:26:26.234Z,48.664,pi:0,bottle,0.7627,187.00,350.00,241.00,524.00,3.506,-22.746
2026-04-01T14:26:26.297Z,48.728,pi:0,bottle,0.7901,187.00,350.00,240.00,524.00,3.506,-22.760
2026-04-01T14:26:26.336Z,48.767,pi:0,bottle,0.7285,188.00,350.00,240.00,519.00,3.610,-22.746
2026-04-01T14:26:26.391Z,48.822,pi:0,bottle,0.7319,188.00,350.00,241.00,518.00,3.631,-22.732
2026-04-01T14:26:26.449Z,48.879,pi:0,bottle,0.7319,187.00,350.00,240.00,518.00,3.631,-22.760
2026-04-01T14:26:26.493Z,48.924,pi:0,bottle,0.7525,188.00,351.00,241.00,520.00,3.610,-22.732
2026-04-01T14:26:26.552Z,48.983,pi:0,bottle,0.7354,187.00,350.00,240.00,519.00,3.610,-22.760
2026-04-01T14:26:26.598Z,49.029,pi:0,bottle,0.7490,187.00,350.00,240.00,520.00,3.589,-22.760
2026-04-01T14:26:26.646Z,49.077,pi:0,bottle,0.7114,189.00,351.00,240.00,516.00,3.697,-22.732
2026-04-01T14:26:26.705Z,49.136,pi:0,bottle,0.7490,188.00,351.00,241.00,517.00,3.675,-22.732
2026-04-01T14:26:26.740Z,49.171,pi:0,bottle,0.7525,187.00,350.00,240.00,519.00,3.610,-22.760
2026-04-01T14:26:26.813Z,49.244,pi:0,bottle,0.7798,187.00,350.00,240.00,521.00,3.568,-22.760
2026-04-01T14:26:26.851Z,49.282,pi:0,bottle,0.7593,187.00,350.00,240.00,520.00,3.589,-22.760
2026-04-01T14:26:26.915Z,49.346,pi:0,bottle,0.7114,187.00,352.00,240.00,519.00,3.653,-22.760
2026-04-01T14:26:26.958Z,49.389,pi:0,bottle,0.7559,187.00,350.00,240.00,522.00,3.547,-22.760
2026-04-01T14:26:27.007Z,49.438,pi:0,bottle,0.7319,188.00,350.00,241.00,521.00,3.568,-22.732
2026-04-01T14:26:27.066Z,49.497,pi:0,bottle,0.7046,188.00,351.00,241.00,520.00,3.610,-22.732
2026-04-01T14:26:27.118Z,49.549,pi:0,bottle,0.7319,187.00,352.00,240.00,523.00,3.568,-22.760
2026-04-01T14:26:27.167Z,49.597,pi:0,bottle,0.7217,187.00,350.00,240.00,523.00,3.526,-22.760
2026-04-01T14:26:27.234Z,49.665,pi:0,bottle,0.7388,189.00,350.00,240.00,521.00,3.568,-22.732
2026-04-01T14:26:27.290Z,49.721,pi:0,bottle,0.7422,187.00,350.00,240.00,523.00,3.526,-22.760
2026-04-01T14:26:27.339Z,49.770,pi:0,bottle,0.7456,187.00,351.00,240.00,527.00,3.466,-22.760
2026-04-01T14:26:27.387Z,49.818,pi:0,bottle,0.7319,187.00,352.00,240.00,525.00,3.526,-22.760
2026-04-01T14:26:27.425Z,49.856,pi:0,bottle,0.7456,187.00,352.00,240.00,525.00,3.526,-22.760
2026-04-01T14:26:27.490Z,49.921,pi:0,bottle,0.7183,187.00,350.00,240.00,521.00,3.568,-22.760
2026-04-01T14:26:27.542Z,49.973,pi:0,bottle,0.7490,187.00,350.00,240.00,526.00,3.466,-22.760
2026-04-01T14:26:27.579Z,50.010,pi:0,bottle,0.7456,186.00,350.00,240.00,525.00,3.486,-22.774
2026-04-01T14:26:27.647Z,50.078,pi:0,bottle,0.7525,187.00,352.00,240.00,525.00,3.526,-22.760
2026-04-01T14:26:27.697Z,50.128,pi:0,bottle,0.7319,187.00,352.00,240.00,522.00,3.589,-22.760
2026-04-01T14:26:27.738Z,50.169,pi:0,bottle,0.7388,186.00,351.00,240.00,528.00,3.447,-22.774
2026-04-01T14:26:27.800Z,50.231,pi:0,bottle,0.7456,186.00,351.00,240.00,527.00,3.466,-22.774
2026-04-01T14:26:27.847Z,50.278,pi:0,bottle,0.7525,187.00,350.00,240.00,526.00,3.466,-22.760
2026-04-01T14:26:27.900Z,50.330,pi:0,bottle,0.7456,186.00,351.00,240.00,521.00,3.589,-22.774
2026-04-01T14:26:27.950Z,50.381,pi:0,bottle,0.7593,187.00,351.00,240.00,527.00,3.466,-22.760
2026-04-01T14:26:28.002Z,50.433,pi:0,bottle,0.7627,187.00,351.00,240.00,524.00,3.526,-22.760
2026-04-01T14:26:28.055Z,50.486,pi:0,bottle,0.7354,186.00,351.00,240.00,524.00,3.526,-22.774
2026-04-01T14:26:28.114Z,50.545,pi:0,bottle,0.7696,187.00,351.00,240.00,525.00,3.506,-22.760
2026-04-01T14:26:28.167Z,50.598,pi:0,bottle,0.7456,187.00,350.00,240.00,524.00,3.506,-22.760
2026-04-01T14:26:28.217Z,50.648,pi:0,bottle,0.7661,187.00,351.00,240.00,525.00,3.506,-22.760
2026-04-01T14:26:28.299Z,50.730,pi:0,bottle,0.7525,187.00,352.00,240.00,522.00,3.589,-22.760
2026-04-01T14:26:28.385Z,50.816,pi:0,bottle,0.7798,187.00,352.00,240.00,524.00,3.547,-22.760
2026-04-01T14:26:28.467Z,50.897,pi:0,bottle,0.7696,187.00,351.00,240.00,526.00,3.486,-22.760
2026-04-01T14:26:28.526Z,50.957,pi:0,bottle,0.7456,187.00,352.00,240.00,527.00,3.486,-22.760
2026-04-01T14:26:28.562Z,50.993,pi:0,bottle,0.7593,187.00,352.00,240.00,525.00,3.526,-22.760
2026-04-01T14:26:28.628Z,51.059,pi:0,bottle,0.7525,186.00,351.00,240.00,528.00,3.447,-22.774
2026-04-01T14:26:28.684Z,51.115,pi:0,bottle,0.7525,187.00,351.00,240.00,527.00,3.466,-22.760
2026-04-01T14:26:28.735Z,51.166,pi:0,bottle,0.7525,187.00,352.00,240.00,526.00,3.506,-22.760
2026-04-01T14:26:28.779Z,51.210,pi:0,bottle,0.7661,187.00,350.00,240.00,524.00,3.506,-22.760
2026-04-01T14:26:28.844Z,51.275,pi:0,bottle,0.7525,187.00,351.00,240.00,525.00,3.506,-22.760
2026-04-01T14:26:28.891Z,51.322,pi:0,bottle,0.7627,187.00,351.00,240.00,526.00,3.486,-22.760
2026-04-01T14:26:28.934Z,51.365,pi:0,bottle,0.7319,188.00,351.00,240.00,525.00,3.506,-22.746
2026-04-01T14:26:28.991Z,51.422,pi:0,bottle,0.7696,187.00,350.00,240.00,527.00,3.447,-22.760
2026-04-01T14:26:29.034Z,51.464,pi:0,bottle,0.7456,187.00,351.00,240.00,527.00,3.466,-22.760
2026-04-01T14:26:29.095Z,51.525,pi:0,bottle,0.7490,187.00,350.00,240.00,528.00,3.427,-22.760
2026-04-01T14:26:29.150Z,51.581,pi:0,bottle,0.7627,187.00,351.00,240.00,527.00,3.466,-22.760
2026-04-01T14:26:29.195Z,51.626,pi:0,bottle,0.7559,187.00,352.00,240.00,523.00,3.568,-22.760
2026-04-01T14:26:29.251Z,51.682,pi:0,bottle,0.7456,187.00,351.00,240.00,525.00,3.506,-22.760
2026-04-01T14:26:29.304Z,51.735,pi:0,bottle,0.7422,186.00,351.00,240.00,524.00,3.526,-22.774
2026-04-01T14:26:29.343Z,51.774,pi:0,bottle,0.7456,187.00,352.00,240.00,525.00,3.526,-22.760
2026-04-01T14:26:29.403Z,51.834,pi:0,bottle,0.7627,187.00,351.00,240.00,527.00,3.466,-22.760
2026-04-01T14:26:29.450Z,51.881,pi:0,bottle,0.7559,186.00,350.00,240.00,527.00,3.447,-22.774
2026-04-01T14:26:29.491Z,51.922,pi:0,bottle,0.7661,187.00,351.00,240.00,525.00,3.506,-22.760
2026-04-01T14:26:29.552Z,51.983,pi:0,bottle,0.7490,187.00,352.00,240.00,526.00,3.506,-22.760
2026-04-01T14:26:29.595Z,52.026,pi:0,bottle,0.7456,187.00,351.00,240.00,524.00,3.526,-22.760
2026-04-01T14:26:29.655Z,52.086,pi:0,bottle,0.7422,187.00,352.00,241.00,525.00,3.526,-22.746
2026-04-01T14:26:29.702Z,52.133,pi:0,bottle,0.7696,187.00,350.00,240.00,524.00,3.506,-22.760
2026-04-01T14:26:29.745Z,52.176,pi:0,bottle,0.7559,187.00,352.00,240.00,526.00,3.506,-22.760
2026-04-01T14:26:29.808Z,52.239,pi:0,bottle,0.7422,187.00,352.00,240.00,526.00,3.506,-22.760
2026-04-01T14:26:29.861Z,52.292,pi:0,bottle,0.7559,187.00,350.00,240.00,526.00,3.466,-22.760
2026-04-01T14:26:29.903Z,52.334,pi:0,bottle,0.7627,187.00,351.00,240.00,520.00,3.610,-22.760
2026-04-01T14:26:29.953Z,52.384,pi:0,bottle,0.7627,187.00,350.00,240.00,523.00,3.526,-22.760
2026-04-01T14:26:30.002Z,52.432,pi:0,bottle,0.7661,187.00,350.00,240.00,524.00,3.506,-22.760
2026-04-01T14:26:30.051Z,52.486,pi:0,bottle,0.7832,187.00,350.00,240.00,526.00,3.466,-22.760
2026-04-01T14:26:30.104Z,52.535,pi:0,bottle,0.7798,187.00,350.00,240.00,527.00,3.447,-22.760
2026-04-01T14:26:30.159Z,52.590,pi:0,bottle,0.7764,187.00,351.00,240.00,526.00,3.486,-22.760
2026-04-01T14:26:30.203Z,52.634,pi:0,bottle,0.7525,187.00,350.00,240.00,524.00,3.506,-22.760
2026-04-01T14:26:30.260Z,52.691,pi:0,bottle,0.7764,187.00,351.00,240.00,527.00,3.466,-22.760
2026-04-01T14:26:30.316Z,52.747,pi:0,bottle,0.7354,187.00,350.00,240.00,527.00,3.447,-22.760
2026-04-01T14:26:30.363Z,52.794,pi:0,bottle,0.7559,187.00,351.00,240.00,528.00,3.447,-22.760
2026-04-01T14:26:30.418Z,52.849,pi:0,bottle,0.7490,187.00,350.00,240.00,526.00,3.466,-22.760
2026-04-01T14:26:30.468Z,52.899,pi:0,bottle,0.7627,186.00,351.00,240.00,528.00,3.447,-22.774
2026-04-01T14:26:30.529Z,52.959,pi:0,bottle,0.7456,186.00,351.00,240.00,523.00,3.547,-22.774
2026-04-01T14:26:30.568Z,52.999,pi:0,bottle,0.7730,186.00,352.00,240.00,525.00,3.526,-22.774
2026-04-01T14:26:30.614Z,53.044,pi:0,bottle,0.7627,187.00,351.00,240.00,522.00,3.568,-22.760
2026-04-01T14:26:30.668Z,53.099,pi:0,bottle,0.7525,186.00,351.00,240.00,523.00,3.547,-22.774
2026-04-01T14:26:30.721Z,53.152,pi:0,bottle,0.7456,187.00,351.00,240.00,524.00,3.526,-22.760
2026-04-01T14:26:30.771Z,53.202,pi:0,bottle,0.7764,186.00,350.00,240.00,523.00,3.526,-22.774
2026-04-01T14:26:30.807Z,53.238,pi:0,bottle,0.7730,186.00,351.00,240.00,522.00,3.568,-22.774
2026-04-01T14:26:30.866Z,53.297,pi:0,bottle,0.7525,186.00,350.00,240.00,527.00,3.447,-22.774
2026-04-01T14:26:30.918Z,53.349,pi:0,bottle,0.7627,186.00,350.00,240.00,525.00,3.486,-22.774
2026-04-01T14:26:30.970Z,53.401,pi:0,bottle,0.7525,187.00,351.00,240.00,525.00,3.506,-22.760
2026-04-01T14:26:31.028Z,53.459,pi:0,bottle,0.7422,186.00,351.00,240.00,525.00,3.506,-22.774
2026-04-01T14:26:31.080Z,53.510,pi:0,bottle,0.7661,187.00,351.00,240.00,522.00,3.568,-22.760
2026-04-01T14:26:31.128Z,53.559,pi:0,bottle,0.7593,187.00,351.00,240.00,524.00,3.526,-22.760
2026-04-01T14:26:31.215Z,53.650,pi:0,bottle,0.7525,187.00,351.00,240.00,524.00,3.526,-22.760
2026-04-01T14:26:31.251Z,53.682,pi:0,bottle,0.7559,186.00,350.00,240.00,523.00,3.526,-22.774
2026-04-01T14:26:31.276Z,53.707,pi:0,bottle,0.7251,187.00,350.00,240.00,524.00,3.506,-22.760
2026-04-01T14:26:31.386Z,53.817,pi:0,bottle,0.7593,187.00,350.00,240.00,526.00,3.466,-22.760
2026-04-01T14:26:31.427Z,53.857,pi:0,bottle,0.7730,186.00,350.00,240.00,526.00,3.466,-22.774
2026-04-01T14:26:31.479Z,53.910,pi:0,bottle,0.7354,187.00,350.00,240.00,525.00,3.486,-22.760
2026-04-01T14:26:31.529Z,53.960,pi:0,bottle,0.7490,187.00,350.00,240.00,526.00,3.466,-22.760
2026-04-01T14:26:31.599Z,54.030,pi:0,bottle,0.7661,187.00,350.00,241.00,522.00,3.547,-22.746
2026-04-01T14:26:31.686Z,54.117,pi:0,bottle,0.7388,187.00,352.00,240.00,524.00,3.547,-22.760
2026-04-01T14:26:31.746Z,54.177,pi:0,bottle,0.7559,187.00,350.00,240.00,529.00,3.408,-22.760
2026-04-01T14:26:31.823Z,54.254,pi:0,bottle,0.7490,187.00,351.00,241.00,526.00,3.486,-22.746
2026-04-01T14:26:31.889Z,54.320,pi:0,bottle,0.7696,186.00,351.00,240.00,521.00,3.589,-22.774
2026-04-01T14:26:31.929Z,54.360,pi:0,bottle,0.7593,187.00,351.00,240.00,524.00,3.526,-22.760
2026-04-01T14:26:31.993Z,54.424,pi:0,bottle,0.7559,186.00,352.00,240.00,522.00,3.589,-22.774
2026-04-01T14:26:32.038Z,54.469,pi:0,bottle,0.7183,187.00,351.00,241.00,521.00,3.589,-22.746
2026-04-01T14:26:32.086Z,54.517,pi:0,bottle,0.7422,186.00,352.00,240.00,526.00,3.506,-22.774
2026-04-01T14:26:32.137Z,54.568,pi:0,bottle,0.7422,189.00,350.00,240.00,516.00,3.675,-22.732
2026-04-01T14:26:32.193Z,54.624,pi:0,bottle,0.7559,187.00,351.00,240.00,522.00,3.568,-22.760
2026-04-01T14:26:32.243Z,54.674,pi:0,bottle,0.7456,186.00,351.00,240.00,521.00,3.589,-22.774
2026-04-01T14:26:32.298Z,54.728,pi:0,bottle,0.7661,187.00,351.00,240.00,524.00,3.526,-22.760
2026-04-01T14:26:32.345Z,54.776,pi:0,bottle,0.7593,187.00,349.00,240.00,520.00,3.568,-22.760
2026-04-01T14:26:32.399Z,54.830,pi:0,bottle,0.7559,187.00,351.00,240.00,525.00,3.506,-22.760
2026-04-01T14:26:32.445Z,54.876,pi:0,bottle,0.7422,187.00,350.00,240.00,524.00,3.506,-22.760
2026-04-01T14:26:32.502Z,54.933,pi:0,bottle,0.7525,187.00,352.00,240.00,528.00,3.466,-22.760
2026-04-01T14:26:32.545Z,54.976,pi:0,bottle,0.7559,187.00,350.00,240.00,525.00,3.486,-22.760
2026-04-01T14:26:32.597Z,55.028,pi:0,bottle,0.7490,187.00,352.00,240.00,525.00,3.526,-22.760
2026-04-01T14:26:32.671Z,55.102,pi:0,bottle,0.7764,187.00,351.00,240.00,526.00,3.486,-22.760
2026-04-01T14:26:32.723Z,55.154,pi:0,bottle,0.7354,187.00,352.00,241.00,520.00,3.631,-22.746
2026-04-01T14:26:32.780Z,55.211,pi:0,bottle,0.7422,188.00,352.00,241.00,527.00,3.486,-22.732
2026-04-01T14:26:32.831Z,55.262,pi:0,bottle,0.7525,186.00,352.00,240.00,525.00,3.526,-22.774
2026-04-01T14:26:32.882Z,55.313,pi:0,bottle,0.7456,186.00,352.00,240.00,527.00,3.486,-22.774
2026-04-01T14:26:32.930Z,55.361,pi:0,bottle,0.7525,186.00,351.00,240.00,527.00,3.466,-22.774
2026-04-01T14:26:32.977Z,55.408,pi:0,bottle,0.7388,187.00,351.00,240.00,526.00,3.486,-22.760
2026-04-01T14:26:33.031Z,55.462,pi:0,bottle,0.7490,187.00,350.00,240.00,522.00,3.547,-22.760
2026-04-01T14:26:33.078Z,55.509,pi:0,bottle,0.7593,187.00,352.00,240.00,523.00,3.568,-22.760
2026-04-01T14:26:33.136Z,55.567,pi:0,bottle,0.7388,187.00,352.00,240.00,524.00,3.547,-22.760
2026-04-01T14:26:33.183Z,55.613,pi:0,bottle,0.7525,186.00,350.00,240.00,524.00,3.506,-22.774
2026-04-01T14:26:33.227Z,55.658,pi:0,bottle,0.7456,187.00,352.00,240.00,528.00,3.466,-22.760
2026-04-01T14:26:33.293Z,55.724,pi:0,bottle,0.7490,187.00,352.00,240.00,521.00,3.610,-22.760
2026-04-01T14:26:33.341Z,55.772,pi:0,bottle,0.7559,187.00,350.00,240.00,530.00,3.389,-22.760
2026-04-01T14:26:33.387Z,55.818,pi:0,bottle,0.7456,187.00,352.00,240.00,524.00,3.547,-22.760
2026-04-01T14:26:33.454Z,55.885,pi:0,bottle,0.7593,186.00,352.00,240.00,529.00,3.447,-22.774
2026-04-01T14:26:33.486Z,55.917,pi:0,bottle,0.7456,186.00,352.00,240.00,526.00,3.506,-22.774
2026-04-01T14:26:33.546Z,55.977,pi:0,bottle,0.7627,187.00,350.00,240.00,527.00,3.447,-22.760
2026-04-01T14:26:33.602Z,56.033,pi:0,bottle,0.7456,187.00,350.00,240.00,526.00,3.466,-22.760
2026-04-01T14:26:33.653Z,56.083,pi:0,bottle,0.7559,187.00,350.00,240.00,527.00,3.447,-22.760
2026-04-01T14:26:33.702Z,56.133,pi:0,bottle,0.7627,187.00,351.00,240.00,523.00,3.547,-22.760
2026-04-01T14:26:33.765Z,56.195,pi:0,bottle,0.7559,186.00,351.00,240.00,530.00,3.408,-22.774
2026-04-01T14:26:33.811Z,56.242,pi:0,bottle,0.7559,187.00,352.00,240.00,525.00,3.526,-22.760
2026-04-01T14:26:33.851Z,56.282,pi:0,bottle,0.7593,186.00,351.00,240.00,526.00,3.486,-22.774
2026-04-01T14:26:33.899Z,56.330,pi:0,bottle,0.7559,187.00,350.00,240.00,522.00,3.547,-22.760
2026-04-01T14:26:33.960Z,56.391,pi:0,bottle,0.7525,187.00,350.00,240.00,524.00,3.506,-22.760
2026-04-01T14:26:34.006Z,56.437,pi:0,bottle,0.7525,187.00,350.00,240.00,525.00,3.486,-22.760
2026-04-01T14:26:34.050Z,56.481,pi:0,bottle,0.7422,187.00,350.00,240.00,525.00,3.486,-22.760
2026-04-01T14:26:34.107Z,56.538,pi:0,bottle,0.7525,187.00,350.00,240.00,526.00,3.466,-22.760
2026-04-01T14:26:34.157Z,56.588,pi:0,bottle,0.7080,186.00,351.00,240.00,526.00,3.486,-22.774
2026-04-01T14:26:34.218Z,56.649,pi:0,bottle,0.7456,188.00,351.00,241.00,530.00,3.408,-22.732
2026-04-01T14:26:34.265Z,56.696,pi:0,bottle,0.7422,186.00,352.00,241.00,529.00,3.447,-22.760
2026-04-01T14:26:34.313Z,56.744,pi:0,bottle,0.7730,186.00,351.00,241.00,527.00,3.466,-22.760
2026-04-01T14:26:34.369Z,56.800,pi:0,bottle,0.7422,188.00,351.00,242.00,525.00,3.506,-22.719
2026-04-01T14:26:34.420Z,56.851,pi:0,bottle,0.7627,186.00,352.00,240.00,528.00,3.466,-22.774
2026-04-01T14:26:34.467Z,56.898,pi:0,bottle,0.7525,188.00,351.00,240.00,524.00,3.526,-22.746
2026-04-01T14:26:34.515Z,56.946,pi:0,bottle,0.7661,187.00,350.00,240.00,529.00,3.408,-22.760
2026-04-01T14:26:34.570Z,57.001,pi:0,bottle,0.7696,187.00,350.00,240.00,530.00,3.389,-22.760
2026-04-01T14:26:34.622Z,57.052,pi:0,bottle,0.7696,187.00,350.00,240.00,530.00,3.389,-22.760
2026-04-01T14:26:34.678Z,57.108,pi:0,bottle,0.7661,187.00,351.00,240.00,528.00,3.447,-22.760
2026-04-01T14:26:34.729Z,57.160,pi:0,bottle,0.7525,187.00,351.00,240.00,530.00,3.408,-22.760
2026-04-01T14:26:34.779Z,57.210,pi:0,bottle,0.7696,186.00,349.00,240.00,528.00,3.408,-22.774
2026-04-01T14:26:34.839Z,57.270,pi:0,bottle,0.7593,186.00,350.00,240.00,527.00,3.447,-22.774
2026-04-01T14:26:34.923Z,57.353,pi:0,bottle,0.7696,186.00,350.00,240.00,528.00,3.427,-22.774
2026-04-01T14:26:34.998Z,57.429,pi:0,bottle,0.7525,187.00,351.00,240.00,528.00,3.447,-22.760
2026-04-01T14:26:35.062Z,57.493,pi:0,bottle,0.7422,186.00,350.00,240.00,528.00,3.427,-22.774
2026-04-01T14:26:35.131Z,57.562,pi:0,bottle,0.7593,187.00,350.00,240.00,530.00,3.389,-22.760
2026-04-01T14:26:35.175Z,57.605,pi:0,bottle,0.7661,186.00,350.00,240.00,529.00,3.408,-22.774
2026-04-01T14:26:35.229Z,57.660,pi:0,bottle,0.7388,187.00,350.00,241.00,526.00,3.466,-22.746
2026-04-01T14:26:35.281Z,57.712,pi:0,bottle,0.7593,186.00,349.00,240.00,528.00,3.408,-22.774
2026-04-01T14:26:35.326Z,57.757,pi:0,bottle,0.7559,186.00,351.00,240.00,527.00,3.466,-22.774
2026-04-01T14:26:35.383Z,57.813,pi:0,bottle,0.7388,186.00,350.00,240.00,529.00,3.408,-22.774
2026-04-01T14:26:35.433Z,57.864,pi:0,bottle,0.7422,186.00,350.00,240.00,526.00,3.466,-22.774
2026-04-01T14:26:35.488Z,57.919,pi:0,bottle,0.7559,186.00,351.00,240.00,530.00,3.408,-22.774
2026-04-01T14:26:35.546Z,57.977,pi:0,bottle,0.7422,187.00,350.00,240.00,525.00,3.486,-22.760
2026-04-01T14:26:35.593Z,58.024,pi:0,bottle,0.7490,187.00,350.00,240.00,528.00,3.427,-22.760
2026-04-01T14:26:35.643Z,58.074,pi:0,bottle,0.7490,187.00,350.00,240.00,526.00,3.466,-22.760
2026-04-01T14:26:35.694Z,58.124,pi:0,bottle,0.7525,187.00,348.00,240.00,527.00,3.408,-22.760
2026-04-01T14:26:35.754Z,58.185,pi:0,bottle,0.7627,186.00,350.00,240.00,519.00,3.610,-22.774
2026-04-01T14:26:35.794Z,58.225,pi:0,bottle,0.7627,186.00,348.00,240.00,528.00,3.389,-22.774
2026-04-01T14:26:35.847Z,58.278,pi:0,bottle,0.7696,186.00,350.00,240.00,523.00,3.526,-22.774
2026-04-01T14:26:35.902Z,58.333,pi:0,bottle,0.7627,186.00,350.00,240.00,527.00,3.447,-22.774
2026-04-01T14:26:35.953Z,58.383,pi:0,bottle,0.7832,186.00,350.00,240.00,524.00,3.506,-22.774
2026-04-01T14:26:36.007Z,58.438,pi:0,bottle,0.7661,186.00,350.00,240.00,525.00,3.486,-22.774
2026-04-01T14:26:36.061Z,58.491,pi:0,bottle,0.6670,184.00,353.00,242.00,526.00,3.526,-22.774
2026-04-01T14:26:36.122Z,58.553,pi:0,bottle,0.6430,184.00,353.00,241.00,526.00,3.526,-22.788
2026-04-01T14:26:36.155Z,58.585,pi:0,bottle,0.7696,187.00,349.00,241.00,525.00,3.466,-22.746
2026-04-01T14:26:36.216Z,58.647,pi:0,bottle,0.7935,189.00,349.00,242.00,523.00,3.506,-22.705
2026-04-01T14:26:36.272Z,58.703,pi:0,bottle,0.8243,189.00,349.00,241.00,519.00,3.589,-22.719
2026-04-01T14:26:36.317Z,58.748,pi:0,bottle,0.8003,189.00,349.00,241.00,514.00,3.697,-22.719
2026-04-01T14:26:36.368Z,58.799,pi:0,bottle,0.8174,189.00,349.00,242.00,516.00,3.653,-22.705
2026-04-01T14:26:36.415Z,58.846,pi:0,bottle,0.7490,191.00,348.00,244.00,518.00,3.589,-22.649
2026-04-01T14:26:36.415Z,58.846,pi:0,bottle,0.2702,190.00,348.00,242.00,469.00,5.042,-22.691
2026-04-01T14:26:36.467Z,58.898,pi:0,bottle,0.6088,199.00,342.00,250.00,506.00,3.720,-22.454
2026-04-01T14:26:36.529Z,58.960,pi:0,bottle,0.6841,204.00,338.00,254.00,479.00,4.327,-22.328
2026-04-01T14:26:36.571Z,59.002,pi:0,bottle,0.5414,215.00,333.00,276.00,467.00,4.553,-21.866
2026-04-01T14:26:36.571Z,59.002,pi:0,bottle,0.2599,217.00,333.00,270.00,435.00,5.981,-21.922
2026-04-01T14:26:36.637Z,59.068,pi:0,bottle,0.5575,230.00,328.00,280.00,469.00,4.327,-21.598
2026-04-01T14:26:36.637Z,59.068,pi:0,bottle,0.3283,231.00,329.00,277.00,430.00,6.040,-21.626
2026-04-01T14:26:36.686Z,59.117,pi:0,bottle,0.6841,248.00,323.00,303.00,468.00,4.207,-21.017
2026-04-01T14:26:36.741Z,59.172,pi:0,bottle,0.6943,263.00,326.00,315.00,465.00,4.389,-20.632
2026-04-01T14:26:36.792Z,59.223,pi:0,bottle,0.6943,275.00,329.00,322.00,466.00,4.453,-20.359
2026-04-01T14:26:36.847Z,59.278,pi:0,bottle,0.6909,283.00,335.00,333.00,468.00,4.587,-20.086
2026-04-01T14:26:36.904Z,59.334,pi:0,bottle,0.4869,297.00,343.00,339.00,453.00,5.546,-19.798
2026-04-01T14:26:36.904Z,59.334,pi:0,bottle,0.2668,286.00,343.00,342.00,465.00,5.000,-19.913
2026-04-01T14:26:36.951Z,59.382,pi:0,bottle,0.5609,301.00,343.00,345.00,432.00,6.854,-19.653
2026-04-01T14:26:36.951Z,59.382,pi:0,bottle,0.3044,296.00,344.00,345.00,464.00,5.084,-19.725
2026-04-01T14:26:37.003Z,59.433,pi:0,bottle,0.5028,304.00,344.00,351.00,435.00,6.704,-19.522
2026-04-01T14:26:37.058Z,59.489,pi:0,bottle,0.6806,309.00,347.00,359.00,441.00,6.490,-19.334
2026-04-01T14:26:37.108Z,59.539,pi:0,bottle,0.6054,322.00,351.00,366.00,445.00,6.490,-19.042
2026-04-01T14:26:37.167Z,59.598,pi:0,bottle,0.6156,323.00,352.00,368.00,443.00,6.704,-18.999
2026-04-01T14:26:37.231Z,59.662,pi:0,bottle,0.6191,326.00,353.00,372.00,443.00,6.778,-18.896
2026-04-01T14:26:37.280Z,59.711,pi:0,bottle,0.5985,329.00,353.00,374.00,444.00,6.704,-18.823
2026-04-01T14:26:37.335Z,59.766,pi:0,bottle,0.6738,329.00,355.00,376.00,445.00,6.778,-18.794
2026-04-01T14:26:37.371Z,59.802,pi:0,bottle,0.6191,336.00,356.00,379.00,451.00,6.422,-18.647
2026-04-01T14:26:37.460Z,59.891,pi:0,bottle,0.6635,336.00,356.00,381.00,461.00,5.810,-18.618
2026-04-01T14:26:37.531Z,59.961,pi:0,bottle,0.4941,344.00,356.00,385.00,470.00,5.351,-18.442
2026-04-01T14:26:37.584Z,60.015,pi:0,bottle,0.4796,345.00,355.00,385.00,460.00,5.810,-18.427
2026-04-01T14:26:37.635Z,60.066,pi:0,bottle,0.4941,345.00,355.00,385.00,456.00,6.040,-18.427
2026-04-01T14:26:37.681Z,60.112,pi:0,bottle,0.5377,345.00,355.00,385.00,481.00,4.842,-18.427
2026-04-01T14:26:37.739Z,60.169,pi:0,bottle,0.5014,345.00,356.00,385.00,481.00,4.880,-18.427
2026-04-01T14:26:37.786Z,60.217,pi:0,bottle,0.6464,337.00,355.00,382.00,458.00,5.923,-18.589
2026-04-01T14:26:37.837Z,60.268,pi:0,bottle,0.6499,338.00,357.00,382.00,464.00,5.701,-18.574
2026-04-01T14:26:37.895Z,60.326,pi:0,bottle,0.5886,343.00,355.00,382.00,482.00,4.804,-18.501
2026-04-01T14:26:37.955Z,60.386,pi:0,bottle,0.6286,343.00,356.00,384.00,465.00,5.597,-18.471
2026-04-01T14:26:38.025Z,60.456,pi:0,bottle,0.6722,344.00,356.00,385.00,477.00,5.042,-18.442
2026-04-01T14:26:38.095Z,60.526,pi:0,bottle,0.6831,344.00,357.00,384.00,472.00,5.305,-18.457
2026-04-01T14:26:38.158Z,60.589,pi:0,bottle,0.7456,338.00,357.00,382.00,484.00,4.804,-18.574
2026-04-01T14:26:38.248Z,60.678,pi:0,bottle,0.7049,341.00,357.00,384.00,473.00,5.259,-18.501
2026-04-01T14:26:38.295Z,60.726,pi:0,bottle,0.6576,342.00,356.00,384.00,476.00,5.084,-18.486
2026-04-01T14:26:38.346Z,60.777,pi:0,bottle,0.6976,341.00,357.00,384.00,473.00,5.259,-18.501
2026-04-01T14:26:38.392Z,60.823,pi:0,bottle,0.7194,341.00,357.00,384.00,476.00,5.126,-18.501
2026-04-01T14:26:38.449Z,60.880,pi:0,bottle,0.7148,338.00,358.00,382.00,477.00,5.126,-18.574
2026-04-01T14:26:38.499Z,60.930,pi:0,bottle,0.7388,339.00,358.00,382.00,481.00,4.960,-18.559
2026-04-01T14:26:38.546Z,60.977,pi:0,bottle,0.6722,342.00,357.00,384.00,475.00,5.170,-18.486
2026-04-01T14:26:38.590Z,61.021,pi:0,bottle,0.6685,342.00,357.00,384.00,478.00,5.042,-18.486
2026-04-01T14:26:38.653Z,61.083,pi:0,bottle,0.6213,342.00,357.00,384.00,480.00,4.960,-18.486
2026-04-01T14:26:38.691Z,61.122,pi:0,bottle,0.6499,341.00,357.00,384.00,476.00,5.126,-18.501
2026-04-01T14:26:38.745Z,61.176,pi:0,bottle,0.6875,338.00,358.00,381.00,483.00,4.880,-18.589
2026-04-01T14:26:38.801Z,61.232,pi:0,bottle,0.6191,340.00,357.00,383.00,477.00,5.084,-18.530
2026-04-01T14:26:38.843Z,61.274,pi:0,bottle,0.6122,339.00,358.00,384.00,483.00,4.880,-18.530
2026-04-01T14:26:38.894Z,61.325,pi:0,bottle,0.5595,342.00,357.00,385.00,474.00,5.214,-18.471
2026-04-01T14:26:38.949Z,61.380,pi:0,bottle,0.6601,340.00,357.00,384.00,483.00,4.842,-18.515
2026-04-01T14:26:39.002Z,61.433,pi:0,bottle,0.6567,340.00,357.00,383.00,473.00,5.259,-18.530
2026-04-01T14:26:39.041Z,61.472,pi:0,bottle,0.6704,339.00,358.00,382.00,483.00,4.880,-18.559
2026-04-01T14:26:39.108Z,61.539,pi:0,bottle,0.6430,340.00,358.00,382.00,477.00,5.126,-18.545
2026-04-01T14:26:39.156Z,61.587,pi:0,bottle,0.5951,340.00,357.00,386.00,481.00,4.920,-18.486
2026-04-01T14:26:39.200Z,61.631,pi:0,bottle,0.6504,341.00,357.00,384.00,476.00,5.126,-18.501
2026-04-01T14:26:39.254Z,61.685,pi:0,bottle,0.6738,339.00,358.00,382.00,486.00,4.766,-18.559
2026-04-01T14:26:39.308Z,61.739,pi:0,bottle,0.6293,340.00,357.00,384.00,479.00,5.000,-18.515
2026-04-01T14:26:39.357Z,61.788,pi:0,bottle,0.6467,341.00,357.00,385.00,480.00,4.960,-18.486
2026-04-01T14:26:39.410Z,61.841,pi:0,bottle,0.5741,342.00,357.00,384.00,478.00,5.042,-18.486
2026-04-01T14:26:39.461Z,61.892,pi:0,bottle,0.6467,340.00,357.00,385.00,477.00,5.084,-18.501
2026-04-01T14:26:39.524Z,61.955,pi:0,bottle,0.6225,339.00,358.00,382.00,479.00,5.042,-18.559
2026-04-01T14:26:39.571Z,62.001,pi:0,bottle,0.6794,342.00,357.00,384.00,479.00,5.000,-18.486
2026-04-01T14:26:39.630Z,62.060,pi:0,bottle,0.6031,341.00,358.00,384.00,480.00,5.000,-18.501
2026-04-01T14:26:39.671Z,62.101,pi:0,bottle,0.6499,341.00,357.00,384.00,481.00,4.920,-18.501
2026-04-01T14:26:39.723Z,62.154,pi:0,bottle,0.6104,341.00,357.00,384.00,476.00,5.126,-18.501
2026-04-01T14:26:39.780Z,62.210,pi:0,bottle,0.6322,341.00,357.00,384.00,475.00,5.170,-18.501
2026-04-01T14:26:39.832Z,62.263,pi:0,bottle,0.6758,340.00,357.00,384.00,480.00,4.960,-18.515
2026-04-01T14:26:39.888Z,62.319,pi:0,bottle,0.6613,341.00,357.00,385.00,479.00,5.000,-18.486
2026-04-01T14:26:39.925Z,62.355,pi:0,bottle,0.6396,340.00,357.00,384.00,481.00,4.920,-18.515
2026-04-01T14:26:39.982Z,62.413,pi:0,bottle,0.6613,340.00,357.00,384.00,478.00,5.042,-18.515
2026-04-01T14:26:40.035Z,62.466,pi:0,bottle,0.6841,339.00,358.00,383.00,486.00,4.766,-18.545
2026-04-01T14:26:40.095Z,62.526,pi:0,bottle,0.6358,340.00,357.00,384.00,480.00,4.960,-18.515
2026-04-01T14:26:40.135Z,62.566,pi:0,bottle,0.6685,340.00,357.00,385.00,480.00,4.960,-18.501
2026-04-01T14:26:40.194Z,62.625,pi:0,bottle,0.6430,340.00,358.00,384.00,479.00,5.042,-18.515
2026-04-01T14:26:40.243Z,62.674,pi:0,bottle,0.6430,340.00,357.00,384.00,481.00,4.920,-18.515
2026-04-01T14:26:40.301Z,62.732,pi:0,bottle,0.6613,342.00,358.00,384.00,479.00,5.042,-18.486
2026-04-01T14:26:40.354Z,62.785,pi:0,bottle,0.6358,340.00,357.00,385.00,478.00,5.042,-18.501
2026-04-01T14:26:40.409Z,62.840,pi:0,bottle,0.7114,339.00,358.00,383.00,483.00,4.880,-18.545
2026-04-01T14:26:40.474Z,62.905,pi:0,bottle,0.6576,342.00,357.00,384.00,478.00,5.042,-18.486
2026-04-01T14:26:40.532Z,62.963,pi:0,bottle,0.6322,340.00,357.00,384.00,477.00,5.084,-18.515
2026-04-01T14:26:40.575Z,63.006,pi:0,bottle,0.6431,341.00,357.00,384.00,479.00,5.000,-18.501
2026-04-01T14:26:40.624Z,63.054,pi:0,bottle,0.6430,338.00,358.00,382.00,479.00,5.042,-18.574
2026-04-01T14:26:40.682Z,63.113,pi:0,bottle,0.6467,341.00,358.00,385.00,479.00,5.042,-18.486
2026-04-01T14:26:40.725Z,63.156,pi:0,bottle,0.6540,341.00,357.00,384.00,476.00,5.126,-18.501
2026-04-01T14:26:40.782Z,63.212,pi:0,bottle,0.7080,339.00,358.00,383.00,483.00,4.880,-18.545
2026-04-01T14:26:40.830Z,63.260,pi:0,bottle,0.6396,340.00,358.00,384.00,479.00,5.042,-18.515
2026-04-01T14:26:40.881Z,63.312,pi:0,bottle,0.6903,340.00,357.00,385.00,482.00,4.880,-18.501
2026-04-01T14:26:40.944Z,63.375,pi:0,bottle,0.6467,341.00,357.00,384.00,475.00,5.170,-18.501
2026-04-01T14:26:40.982Z,63.412,pi:0,bottle,0.6499,339.00,358.00,383.00,486.00,4.766,-18.545
2026-04-01T14:26:41.027Z,63.458,pi:0,bottle,0.6122,340.00,357.00,384.00,479.00,5.000,-18.515
2026-04-01T14:26:41.078Z,63.509,pi:0,bottle,0.6831,340.00,357.00,385.00,482.00,4.880,-18.501
2026-04-01T14:26:41.135Z,63.566,pi:0,bottle,0.6722,340.00,357.00,385.00,477.00,5.084,-18.501
2026-04-01T14:26:41.223Z,63.662,pi:0,bottle,0.6362,340.00,358.00,384.00,481.00,4.960,-18.515
2026-04-01T14:26:41.301Z,63.732,pi:0,bottle,0.6685,340.00,357.00,385.00,481.00,4.920,-18.501
2026-04-01T14:26:41.370Z,63.801,pi:0,bottle,0.6088,338.00,358.00,383.00,481.00,4.960,-18.559
2026-04-01T14:26:41.427Z,63.857,pi:0,bottle,0.6841,339.00,358.00,383.00,483.00,4.880,-18.545
2026-04-01T14:26:41.490Z,63.921,pi:0,bottle,0.6396,339.00,358.00,383.00,482.00,4.920,-18.545
2026-04-01T14:26:41.535Z,63.966,pi:0,bottle,0.6613,340.00,357.00,384.00,480.00,4.960,-18.515
2026-04-01T14:26:41.590Z,64.021,pi:0,bottle,0.6738,339.00,358.00,383.00,484.00,4.842,-18.545
2026-04-01T14:26:41.627Z,64.058,pi:0,bottle,0.6504,341.00,357.00,384.00,477.00,5.084,-18.501
2026-04-01T14:26:41.687Z,64.117,pi:0,bottle,0.6533,340.00,357.00,385.00,478.00,5.042,-18.501
2026-04-01T14:26:41.735Z,64.166,pi:0,bottle,0.6649,340.00,357.00,385.00,483.00,4.842,-18.501
2026-04-01T14:26:41.775Z,64.206,pi:0,bottle,0.6601,341.00,357.00,384.00,476.00,5.126,-18.501
2026-04-01T14:26:41.831Z,64.262,pi:0,bottle,0.6635,341.00,357.00,384.00,482.00,4.880,-18.501
2026-04-01T14:26:41.875Z,64.306,pi:0,bottle,0.6362,340.00,357.00,384.00,478.00,5.042,-18.515
2026-04-01T14:26:41.931Z,64.362,pi:0,bottle,0.5959,340.00,358.00,385.00,479.00,5.042,-18.501
2026-04-01T14:26:41.979Z,64.410,pi:0,bottle,0.6540,340.00,356.00,384.00,474.00,5.170,-18.515
2026-04-01T14:26:42.042Z,64.472,pi:0,bottle,0.6977,340.00,358.00,382.00,486.00,4.766,-18.545
2026-04-01T14:26:42.095Z,64.526,pi:0,bottle,0.6464,340.00,358.00,385.00,476.00,5.170,-18.501
2026-04-01T14:26:42.137Z,64.568,pi:0,bottle,0.6831,340.00,356.00,385.00,483.00,4.804,-18.501
2026-04-01T14:26:42.200Z,64.631,pi:0,bottle,0.6533,340.00,358.00,382.00,482.00,4.920,-18.545
2026-04-01T14:26:42.262Z,64.693,pi:0,bottle,0.6738,340.00,358.00,383.00,486.00,4.766,-18.530
2026-04-01T14:26:42.305Z,64.736,pi:0,bottle,0.6362,340.00,357.00,384.00,478.00,5.042,-18.515
2026-04-01T14:26:42.362Z,64.793,pi:0,bottle,0.6499,339.00,358.00,383.00,482.00,4.920,-18.545
2026-04-01T14:26:42.399Z,64.830,pi:0,bottle,0.5951,340.00,358.00,384.00,480.00,5.000,-18.515
2026-04-01T14:26:42.476Z,64.907,pi:0,bottle,0.6395,340.00,356.00,385.00,480.00,4.920,-18.501
2026-04-01T14:26:42.519Z,64.950,pi:0,bottle,0.6104,341.00,357.00,385.00,478.00,5.042,-18.486
2026-04-01T14:26:42.562Z,64.993,pi:0,bottle,0.6395,340.00,357.00,385.00,479.00,5.000,-18.501
2026-04-01T14:26:42.617Z,65.048,pi:0,bottle,0.6794,341.00,357.00,384.00,479.00,5.000,-18.501
2026-04-01T14:26:42.662Z,65.093,pi:0,bottle,0.6670,339.00,358.00,383.00,481.00,4.960,-18.545
2026-04-01T14:26:42.717Z,65.148,pi:0,bottle,0.7012,339.00,358.00,383.00,484.00,4.842,-18.545
2026-04-01T14:26:42.769Z,65.200,pi:0,bottle,0.6794,340.00,357.00,385.00,480.00,4.960,-18.501
2026-04-01T14:26:42.814Z,65.245,pi:0,bottle,0.7285,339.00,358.00,383.00,486.00,4.766,-18.545
2026-04-01T14:26:42.875Z,65.306,pi:0,bottle,0.6722,340.00,357.00,385.00,481.00,4.920,-18.501
2026-04-01T14:26:42.929Z,65.360,pi:0,bottle,0.7012,340.00,358.00,383.00,486.00,4.766,-18.530
2026-04-01T14:26:42.986Z,65.416,pi:0,bottle,0.6831,341.00,357.00,384.00,479.00,5.000,-18.501
2026-04-01T14:26:43.038Z,65.469,pi:0,bottle,0.6940,340.00,356.00,384.00,479.00,4.960,-18.515
2026-04-01T14:26:43.082Z,65.513,pi:0,bottle,0.6806,340.00,358.00,383.00,483.00,4.880,-18.530
2026-04-01T14:26:43.143Z,65.574,pi:0,bottle,0.6794,340.00,357.00,385.00,479.00,5.000,-18.501
2026-04-01T14:26:43.182Z,65.613,pi:0,bottle,0.6867,340.00,357.00,385.00,481.00,4.920,-18.501
2026-04-01T14:26:43.238Z,65.675,pi:0,bottle,0.7085,340.00,356.00,385.00,480.00,4.920,-18.501
2026-04-01T14:26:43.293Z,65.723,pi:0,bottle,0.6875,339.00,358.00,383.00,482.00,4.920,-18.545
2026-04-01T14:26:43.336Z,65.766,pi:0,bottle,0.7354,340.00,358.00,384.00,486.00,4.766,-18.515
2026-04-01T14:26:43.385Z,65.816,pi:0,bottle,0.6940,341.00,357.00,384.00,476.00,5.126,-18.501
2026-04-01T14:26:43.442Z,65.879,pi:0,bottle,0.6567,340.00,357.00,384.00,481.00,4.920,-18.515
2026-04-01T14:26:43.493Z,65.924,pi:0,bottle,0.6831,340.00,357.00,384.00,481.00,4.920,-18.515
2026-04-01T14:26:43.548Z,65.979,pi:0,bottle,0.6191,339.00,358.00,383.00,482.00,4.920,-18.545
2026-04-01T14:26:43.605Z,66.036,pi:0,bottle,0.6649,340.00,357.00,384.00,482.00,4.880,-18.515
2026-04-01T14:26:43.644Z,66.075,pi:0,bottle,0.6431,341.00,357.00,384.00,478.00,5.042,-18.501
2026-04-01T14:26:43.698Z,66.129,pi:0,bottle,0.6464,339.00,358.00,383.00,483.00,4.880,-18.545
2026-04-01T14:26:43.745Z,66.176,pi:0,bottle,0.6903,340.00,357.00,384.00,479.00,5.000,-18.515
2026-04-01T14:26:43.797Z,66.227,pi:0,bottle,0.6327,340.00,357.00,384.00,480.00,4.960,-18.515
2026-04-01T14:26:43.847Z,66.278,pi:0,bottle,0.6431,340.00,358.00,384.00,477.00,5.126,-18.515
2026-04-01T14:26:43.902Z,66.333,pi:0,bottle,0.6504,340.00,358.00,384.00,477.00,5.126,-18.515
2026-04-01T14:26:43.953Z,66.384,pi:0,bottle,0.5951,340.00,357.00,384.00,479.00,5.000,-18.515
2026-04-01T14:26:44.007Z,66.438,pi:0,bottle,0.6467,340.00,358.00,384.00,475.00,5.214,-18.515
2026-04-01T14:26:44.059Z,66.490,pi:0,bottle,0.6649,341.00,357.00,385.00,478.00,5.042,-18.486
2026-04-01T14:26:44.105Z,66.536,pi:0,bottle,0.6156,339.00,358.00,383.00,481.00,4.960,-18.545
2026-04-01T14:26:44.164Z,66.595,pi:0,bottle,0.6635,339.00,358.00,384.00,487.00,4.729,-18.530
2026-04-01T14:26:44.219Z,66.650,pi:0,bottle,0.6358,340.00,357.00,385.00,478.00,5.042,-18.501
2026-04-01T14:26:44.262Z,66.693,pi:0,bottle,0.7012,339.00,358.00,383.00,484.00,4.842,-18.545
2026-04-01T14:26:44.315Z,66.746,pi:0,bottle,0.6567,339.00,358.00,383.00,480.00,5.000,-18.545
2026-04-01T14:26:44.367Z,66.801,pi:0,bottle,0.7046,339.00,358.00,383.00,483.00,4.880,-18.545
2026-04-01T14:26:44.415Z,66.846,pi:0,bottle,0.6977,339.00,358.00,383.00,483.00,4.880,-18.545
2026-04-01T14:26:44.484Z,66.915,pi:0,bottle,0.6685,340.00,357.00,384.00,478.00,5.042,-18.515
2026-04-01T14:26:44.517Z,66.948,pi:0,bottle,0.6533,339.00,358.00,383.00,480.00,5.000,-18.545
2026-04-01T14:26:44.571Z,67.002,pi:0,bottle,0.6286,340.00,356.00,384.00,474.00,5.170,-18.515
2026-04-01T14:26:44.621Z,67.052,pi:0,bottle,0.6358,340.00,358.00,384.00,478.00,5.084,-18.515
2026-04-01T14:26:44.680Z,67.111,pi:0,bottle,0.6431,340.00,357.00,384.00,479.00,5.000,-18.515
2026-04-01T14:26:44.729Z,67.159,pi:0,bottle,0.6431,341.00,357.00,382.00,474.00,5.214,-18.530
2026-04-01T14:26:44.780Z,67.211,pi:0,bottle,0.6327,340.00,357.00,384.00,476.00,5.126,-18.515
2026-04-01T14:26:44.827Z,67.262,pi:0,bottle,0.6533,340.00,358.00,384.00,481.00,4.960,-18.515
2026-04-01T14:26:44.881Z,67.312,pi:0,bottle,0.6533,339.00,358.00,383.00,482.00,4.920,-18.545
2026-04-01T14:26:44.932Z,67.362,pi:0,bottle,0.6362,340.00,357.00,384.00,476.00,5.126,-18.515
2026-04-01T14:26:44.984Z,67.415,pi:0,bottle,0.6322,340.00,357.00,384.00,476.00,5.126,-18.515
2026-04-01T14:26:45.027Z,67.458,pi:0,bottle,0.6704,339.00,358.00,383.00,484.00,4.842,-18.545
2026-04-01T14:26:45.078Z,67.509,pi:0,bottle,0.6396,340.00,357.00,384.00,475.00,5.170,-18.515
2026-04-01T14:26:45.127Z,67.558,pi:0,bottle,0.7148,340.00,358.00,383.00,484.00,4.842,-18.530
2026-04-01T14:26:45.170Z,67.601,pi:0,bottle,0.6903,340.00,357.00,384.00,479.00,5.000,-18.515
2026-04-01T14:26:45.225Z,67.656,pi:0,bottle,0.6613,340.00,358.00,385.00,480.00,5.000,-18.501
2026-04-01T14:26:45.289Z,67.720,pi:0,bottle,0.6722,340.00,357.00,385.00,477.00,5.084,-18.501
2026-04-01T14:26:45.323Z,67.754,pi:0,bottle,0.6867,340.00,357.00,384.00,477.00,5.084,-18.515
2026-04-01T14:26:45.380Z,67.811,pi:0,bottle,0.6903,339.00,357.00,384.00,475.00,5.170,-18.530
2026-04-01T14:26:45.440Z,67.871,pi:0,bottle,0.6794,340.00,357.00,384.00,475.00,5.170,-18.515
2026-04-01T14:26:45.487Z,67.917,pi:0,bottle,0.7085,340.00,356.00,384.00,474.00,5.170,-18.515
2026-04-01T14:26:45.547Z,67.978,pi:0,bottle,0.6504,341.00,356.00,385.00,485.00,4.729,-18.486
2026-04-01T14:26:45.837Z,68.268,pi:0,bottle,0.4905,341.00,366.00,386.00,488.00,5.000,-18.471
2026-04-01T14:26:45.896Z,68.327,pi:0,bottle,0.6104,341.00,366.00,386.00,488.00,5.000,-18.471
2026-04-01T14:26:45.954Z,68.385,pi:0,bottle,0.6213,341.00,362.00,386.00,488.00,4.842,-18.471
2026-04-01T14:26:46.003Z,68.434,pi:0,bottle,0.6213,340.00,358.00,388.00,492.00,4.553,-18.457
2026-04-01T14:26:46.069Z,68.500,pi:0,bottle,0.6068,341.00,356.00,387.00,493.00,4.453,-18.457
2026-04-01T14:26:46.149Z,68.580,pi:0,bottle,0.5704,341.00,357.00,387.00,493.00,4.486,-18.457
2026-04-01T14:26:46.239Z,68.670,pi:0,bottle,0.5886,340.00,361.00,387.00,493.00,4.622,-18.471
2026-04-01T14:26:46.920Z,69.351,pi:0,bottle,0.3078,341.00,356.00,384.00,425.00,8.841,-18.501
2026-04-01T14:26:46.955Z,69.386,pi:0,bottle,0.5336,339.00,356.00,383.00,444.00,6.932,-18.545
2026-04-01T14:26:47.020Z,69.451,pi:0,bottle,0.5849,340.00,357.00,383.00,443.00,7.094,-18.530
2026-04-01T14:26:47.064Z,69.495,pi:0,bottle,0.6738,341.00,357.00,384.00,446.00,6.854,-18.501
2026-04-01T14:26:47.111Z,69.542,pi:0,bottle,0.6909,340.00,357.00,383.00,443.00,7.094,-18.530
2026-04-01T14:26:47.170Z,69.600,pi:0,bottle,0.7114,340.00,357.00,383.00,442.00,7.177,-18.530
2026-04-01T14:26:47.225Z,69.656,pi:0,bottle,0.7251,340.00,356.00,383.00,441.00,7.177,-18.530
2026-04-01T14:26:47.268Z,69.699,pi:0,bottle,0.7251,339.00,358.00,383.00,448.00,6.778,-18.545
2026-04-01T14:26:47.325Z,69.756,pi:0,bottle,0.7354,339.00,357.00,383.00,450.00,6.560,-18.545
2026-04-01T14:26:47.369Z,69.800,pi:0,bottle,0.7049,341.00,357.00,382.00,457.00,6.100,-18.530
2026-04-01T14:26:47.424Z,69.855,pi:0,bottle,0.6903,341.00,357.00,384.00,467.00,5.546,-18.501
2026-04-01T14:26:47.472Z,69.903,pi:0,bottle,0.6875,339.00,358.00,383.00,471.00,5.399,-18.545
2026-04-01T14:26:47.527Z,69.958,pi:0,bottle,0.7049,341.00,357.00,384.00,472.00,5.305,-18.501
2026-04-01T14:26:47.588Z,70.019,pi:0,bottle,0.6758,340.00,357.00,384.00,472.00,5.305,-18.515
2026-04-01T14:26:47.633Z,70.064,pi:0,bottle,0.6613,341.00,357.00,382.00,472.00,5.305,-18.530
2026-04-01T14:26:47.684Z,70.115,pi:0,bottle,0.6772,339.00,357.00,382.00,454.00,6.289,-18.559
2026-04-01T14:26:47.737Z,70.168,pi:0,bottle,0.6576,341.00,356.00,385.00,473.00,5.214,-18.486
2026-04-01T14:26:47.802Z,70.233,pi:0,bottle,0.6649,340.00,357.00,384.00,472.00,5.305,-18.515
2026-04-01T14:26:47.843Z,70.274,pi:0,bottle,0.6806,340.00,358.00,383.00,484.00,4.842,-18.530
2026-04-01T14:26:47.901Z,70.332,pi:0,bottle,0.6395,341.00,357.00,385.00,470.00,5.399,-18.486
2026-04-01T14:26:47.956Z,70.387,pi:0,bottle,0.6259,339.00,358.00,383.00,484.00,4.842,-18.545
2026-04-01T14:26:48.002Z,70.433,pi:0,bottle,0.6464,339.00,357.00,383.00,465.00,5.649,-18.545
2026-04-01T14:26:48.055Z,70.486,pi:0,bottle,0.6504,340.00,357.00,384.00,475.00,5.170,-18.515
2026-04-01T14:26:48.103Z,70.534,pi:0,bottle,0.6396,339.00,358.00,383.00,475.00,5.214,-18.545
2026-04-01T14:26:48.157Z,70.588,pi:0,bottle,0.6191,339.00,358.00,383.00,479.00,5.042,-18.545
2026-04-01T14:26:48.213Z,70.644,pi:0,bottle,0.6499,341.00,357.00,384.00,473.00,5.259,-18.501
2026-04-01T14:26:48.274Z,70.705,pi:0,bottle,0.6601,339.00,357.00,382.00,475.00,5.170,-18.559
2026-04-01T14:26:48.311Z,70.742,pi:0,bottle,0.7114,340.00,358.00,383.00,482.00,4.920,-18.530
2026-04-01T14:26:48.381Z,70.811,pi:0,bottle,0.6362,340.00,357.00,384.00,474.00,5.214,-18.515
2026-04-01T14:26:48.427Z,70.858,pi:0,bottle,0.6358,341.00,356.00,384.00,475.00,5.126,-18.501
2026-04-01T14:26:48.483Z,70.914,pi:0,bottle,0.6467,340.00,357.00,382.00,472.00,5.305,-18.545
2026-04-01T14:26:48.536Z,70.967,pi:0,bottle,0.5922,340.00,356.00,384.00,476.00,5.084,-18.515
2026-04-01T14:26:48.589Z,71.020,pi:0,bottle,0.6322,339.00,357.00,384.00,475.00,5.170,-18.530
2026-04-01T14:26:48.642Z,71.072,pi:0,bottle,0.5995,339.00,356.00,384.00,472.00,5.259,-18.530
2026-04-01T14:26:48.691Z,71.122,pi:0,bottle,0.6122,340.00,357.00,384.00,471.00,5.351,-18.515
2026-04-01T14:26:48.740Z,71.170,pi:0,bottle,0.6122,341.00,357.00,384.00,479.00,5.000,-18.501
2026-04-01T14:26:48.789Z,71.220,pi:0,bottle,0.6054,339.00,358.00,383.00,479.00,5.042,-18.545
2026-04-01T14:26:48.846Z,71.277,pi:0,bottle,0.6430,340.00,357.00,384.00,474.00,5.214,-18.515
2026-04-01T14:26:48.902Z,71.333,pi:0,bottle,0.6540,341.00,357.00,384.00,477.00,5.084,-18.501
2026-04-01T14:26:48.956Z,71.387,pi:0,bottle,0.6286,339.00,357.00,382.00,473.00,5.259,-18.559
2026-04-01T14:26:49.013Z,71.444,pi:0,bottle,0.6104,341.00,357.00,384.00,477.00,5.084,-18.501
2026-04-01T14:26:49.059Z,71.490,pi:0,bottle,0.6431,339.00,357.00,385.00,477.00,5.084,-18.515
2026-04-01T14:26:49.111Z,71.542,pi:0,bottle,0.6395,340.00,357.00,385.00,477.00,5.084,-18.501
2026-04-01T14:26:49.172Z,71.602,pi:0,bottle,0.6358,340.00,357.00,384.00,478.00,5.042,-18.515
2026-04-01T14:26:49.224Z,71.655,pi:0,bottle,0.6020,341.00,357.00,384.00,474.00,5.214,-18.501
2026-04-01T14:26:49.275Z,71.705,pi:0,bottle,0.6704,340.00,358.00,383.00,483.00,4.880,-18.530
2026-04-01T14:26:49.334Z,71.765,pi:0,bottle,0.6293,340.00,357.00,384.00,478.00,5.042,-18.515
2026-04-01T14:26:49.380Z,71.810,pi:0,bottle,0.6249,340.00,357.00,385.00,477.00,5.084,-18.501
2026-04-01T14:26:49.434Z,71.865,pi:0,bottle,0.6088,340.00,357.00,384.00,469.00,5.447,-18.515
2026-04-01T14:26:49.490Z,71.921,pi:0,bottle,0.6504,339.00,357.00,384.00,471.00,5.351,-18.530
2026-04-01T14:26:49.559Z,71.990,pi:0,bottle,0.6293,340.00,357.00,384.00,475.00,5.170,-18.515
2026-04-01T14:26:49.647Z,72.086,pi:0,bottle,0.6293,341.00,358.00,384.00,472.00,5.351,-18.501
2026-04-01T14:26:49.706Z,72.137,pi:0,bottle,0.6395,341.00,357.00,382.00,478.00,5.042,-18.530
2026-04-01T14:26:49.773Z,72.204,pi:0,bottle,0.6293,340.00,357.00,384.00,479.00,5.000,-18.515
2026-04-01T14:26:49.827Z,72.258,pi:0,bottle,0.6249,340.00,357.00,384.00,476.00,5.126,-18.515
2026-04-01T14:26:49.883Z,72.313,pi:0,bottle,0.6841,339.00,358.00,383.00,484.00,4.842,-18.545
2026-04-01T14:26:49.935Z,72.366,pi:0,bottle,0.6259,339.00,358.00,383.00,484.00,4.842,-18.545
2026-04-01T14:26:49.999Z,72.430,pi:0,bottle,0.6122,339.00,358.00,384.00,485.00,4.804,-18.530
2026-04-01T14:26:50.049Z,72.480,pi:0,bottle,0.6430,341.00,357.00,384.00,481.00,4.920,-18.501
2026-04-01T14:26:50.095Z,72.530,pi:0,bottle,0.6140,339.00,357.00,382.00,475.00,5.170,-18.559
2026-04-01T14:26:50.160Z,72.591,pi:0,bottle,0.6104,340.00,357.00,384.00,477.00,5.084,-18.515
2026-04-01T14:26:50.203Z,72.633,pi:0,bottle,0.6540,339.00,357.00,384.00,478.00,5.042,-18.530
2026-04-01T14:26:50.260Z,72.690,pi:0,bottle,0.6504,340.00,357.00,384.00,479.00,5.000,-18.515
2026-04-01T14:26:50.326Z,72.757,pi:0,bottle,0.6362,340.00,358.00,383.00,482.00,4.920,-18.530
2026-04-01T14:26:50.371Z,72.802,pi:0,bottle,0.6504,340.00,357.00,382.00,477.00,5.084,-18.545
2026-04-01T14:26:50.416Z,72.847,pi:0,bottle,0.6259,339.00,358.00,383.00,482.00,4.920,-18.545
2026-04-01T14:26:50.485Z,72.915,pi:0,bottle,0.6322,340.00,356.00,384.00,473.00,5.214,-18.515
2026-04-01T14:26:50.520Z,72.951,pi:0,bottle,0.6704,339.00,358.00,383.00,483.00,4.880,-18.545
2026-04-01T14:26:50.583Z,73.014,pi:0,bottle,0.6322,339.00,356.00,384.00,475.00,5.126,-18.530
2026-04-01T14:26:50.622Z,73.053,pi:0,bottle,0.6467,340.00,357.00,384.00,481.00,4.920,-18.515
2026-04-01T14:26:50.675Z,73.105,pi:0,bottle,0.6286,339.00,357.00,384.00,475.00,5.170,-18.530
2026-04-01T14:26:50.738Z,73.168,pi:0,bottle,0.6358,339.00,357.00,384.00,476.00,5.126,-18.530
2026-04-01T14:26:50.791Z,73.221,pi:0,bottle,0.6286,340.00,357.00,384.00,475.00,5.170,-18.515
2026-04-01T14:26:50.842Z,73.273,pi:0,bottle,0.6156,341.00,357.00,384.00,471.00,5.351,-18.501
2026-04-01T14:26:50.888Z,73.319,pi:0,bottle,0.6601,341.00,357.00,384.00,474.00,5.214,-18.501
2026-04-01T14:26:50.939Z,73.370,pi:0,bottle,0.6213,340.00,357.00,384.00,478.00,5.042,-18.515
2026-04-01T14:26:50.989Z,73.420,pi:0,bottle,0.6293,340.00,357.00,383.00,480.00,4.960,-18.530
2026-04-01T14:26:51.074Z,73.505,pi:0,bottle,0.6140,340.00,357.00,382.00,477.00,5.084,-18.545
2026-04-01T14:26:51.120Z,73.551,pi:0,bottle,0.6088,340.00,357.00,384.00,478.00,5.042,-18.515
2026-04-01T14:26:51.159Z,73.590,pi:0,bottle,0.6635,339.00,358.00,383.00,483.00,4.880,-18.545
2026-04-01T14:26:51.207Z,73.638,pi:0,bottle,0.6156,340.00,357.00,384.00,481.00,4.920,-18.515
2026-04-01T14:26:51.254Z,73.685,pi:0,bottle,0.6464,339.00,358.00,383.00,485.00,4.804,-18.545
2026-04-01T14:26:51.314Z,73.744,pi:0,bottle,0.6362,340.00,357.00,384.00,481.00,4.920,-18.515
2026-04-01T14:26:51.354Z,73.785,pi:0,bottle,0.6533,340.00,358.00,383.00,482.00,4.920,-18.530
2026-04-01T14:26:51.406Z,73.837,pi:0,bottle,0.7114,340.00,358.00,383.00,486.00,4.766,-18.530
2026-04-01T14:26:51.480Z,73.910,pi:0,bottle,0.6430,340.00,357.00,384.00,480.00,4.960,-18.515
2026-04-01T14:26:51.524Z,73.955,pi:0,bottle,0.6504,339.00,357.00,384.00,481.00,4.920,-18.530
2026-04-01T14:26:51.578Z,74.009,pi:0,bottle,0.6249,339.00,357.00,384.00,475.00,5.170,-18.530
2026-04-01T14:26:51.612Z,74.043,pi:0,bottle,0.6540,340.00,357.00,384.00,481.00,4.920,-18.515
2026-04-01T14:26:51.680Z,74.110,pi:0,bottle,0.6738,339.00,358.00,384.00,482.00,4.920,-18.530
2026-04-01T14:26:51.727Z,74.158,pi:0,bottle,0.6670,339.00,357.00,383.00,482.00,4.880,-18.545
2026-04-01T14:26:51.780Z,74.211,pi:0,bottle,0.6286,340.00,357.00,384.00,475.00,5.170,-18.515
2026-04-01T14:26:51.838Z,74.269,pi:0,bottle,0.6430,339.00,358.00,383.00,484.00,4.842,-18.545
2026-04-01T14:26:51.892Z,74.323,pi:0,bottle,0.6794,340.00,357.00,384.00,474.00,5.214,-18.515
2026-04-01T14:26:51.943Z,74.373,pi:0,bottle,0.6430,341.00,358.00,384.00,473.00,5.305,-18.501
2026-04-01T14:26:51.998Z,74.429,pi:0,bottle,0.6362,340.00,357.00,384.00,481.00,4.920,-18.515
2026-04-01T14:26:52.046Z,74.477,pi:0,bottle,0.6362,340.00,357.00,384.00,475.00,5.170,-18.515
2026-04-01T14:26:52.102Z,74.533,pi:0,bottle,0.6467,340.00,356.00,384.00,478.00,5.000,-18.515
2026-04-01T14:26:52.148Z,74.579,pi:0,bottle,0.6613,340.00,357.00,384.00,476.00,5.126,-18.515
2026-04-01T14:26:52.209Z,74.640,pi:0,bottle,0.6909,339.00,358.00,383.00,481.00,4.960,-18.545
2026-04-01T14:26:52.257Z,74.688,pi:0,bottle,0.6576,340.00,357.00,385.00,476.00,5.126,-18.501
2026-04-01T14:26:52.313Z,74.744,pi:0,bottle,0.6567,340.00,358.00,384.00,482.00,4.920,-18.515
2026-04-01T14:26:52.355Z,74.786,pi:0,bottle,0.6467,340.00,356.00,384.00,478.00,5.000,-18.515
2026-04-01T14:26:52.419Z,74.849,pi:0,bottle,0.6431,340.00,357.00,385.00,478.00,5.042,-18.501
2026-04-01T14:26:52.468Z,74.899,pi:0,bottle,0.7080,339.00,358.00,384.00,483.00,4.880,-18.530
2026-04-01T14:26:52.535Z,74.966,pi:0,bottle,0.6395,340.00,357.00,384.00,476.00,5.126,-18.515
2026-04-01T14:26:52.607Z,75.037,pi:0,bottle,0.6670,339.00,358.00,384.00,483.00,4.880,-18.530
2026-04-01T14:26:52.689Z,75.120,pi:0,bottle,0.6903,340.00,357.00,384.00,479.00,5.000,-18.515
2026-04-01T14:26:52.772Z,75.203,pi:0,bottle,0.6670,339.00,358.00,383.00,483.00,4.880,-18.545
2026-04-01T14:26:52.825Z,75.256,pi:0,bottle,0.6395,340.00,357.00,384.00,476.00,5.126,-18.515
2026-04-01T14:26:52.864Z,75.295,pi:0,bottle,0.6722,341.00,357.00,384.00,482.00,4.880,-18.501
2026-04-01T14:26:52.926Z,75.357,pi:0,bottle,0.6191,340.00,357.00,384.00,473.00,5.259,-18.515
2026-04-01T14:26:52.967Z,75.398,pi:0,bottle,0.6875,340.00,358.00,383.00,486.00,4.766,-18.530
2026-04-01T14:26:53.029Z,75.460,pi:0,bottle,0.6685,340.00,357.00,385.00,477.00,5.084,-18.501
2026-04-01T14:26:53.073Z,75.504,pi:0,bottle,0.6362,339.00,358.00,383.00,482.00,4.920,-18.545
2026-04-01T14:26:53.131Z,75.562,pi:0,bottle,0.6322,339.00,357.00,385.00,476.00,5.126,-18.515
2026-04-01T14:26:53.190Z,75.621,pi:0,bottle,0.6431,340.00,357.00,385.00,480.00,4.960,-18.501
2026-04-01T14:26:53.245Z,75.676,pi:0,bottle,0.6322,339.00,357.00,385.00,478.00,5.042,-18.515
2026-04-01T14:26:53.295Z,75.726,pi:0,bottle,0.6467,340.00,357.00,382.00,478.00,5.042,-18.545
2026-04-01T14:26:53.344Z,75.775,pi:0,bottle,0.6249,340.00,357.00,384.00,479.00,5.000,-18.515
2026-04-01T14:26:53.391Z,75.822,pi:0,bottle,0.6191,340.00,358.00,384.00,477.00,5.126,-18.515
2026-04-01T14:26:53.454Z,75.885,pi:0,bottle,0.6601,339.00,358.00,383.00,483.00,4.880,-18.545
2026-04-01T14:26:53.507Z,75.938,pi:0,bottle,0.6601,339.00,358.00,383.00,483.00,4.880,-18.545
2026-04-01T14:26:53.560Z,75.991,pi:0,bottle,0.6576,341.00,357.00,384.00,482.00,4.880,-18.501
2026-04-01T14:26:53.605Z,76.036,pi:0,bottle,0.6362,341.00,357.00,384.00,481.00,4.920,-18.501
2026-04-01T14:26:53.665Z,76.096,pi:0,bottle,0.6396,339.00,357.00,384.00,482.00,4.880,-18.530
2026-04-01T14:26:53.703Z,76.134,pi:0,bottle,0.6613,340.00,357.00,384.00,480.00,4.960,-18.515
2026-04-01T14:26:53.763Z,76.193,pi:0,bottle,0.6576,340.00,357.00,384.00,474.00,5.214,-18.515
2026-04-01T14:26:53.817Z,76.248,pi:0,bottle,0.6293,341.00,357.00,384.00,474.00,5.214,-18.501
2026-04-01T14:26:53.871Z,76.302,pi:0,bottle,0.6613,341.00,357.00,385.00,480.00,4.960,-18.486
2026-04-01T14:26:53.911Z,76.342,pi:0,bottle,0.6467,340.00,356.00,384.00,478.00,5.000,-18.515
2026-04-01T14:26:53.967Z,76.398,pi:0,bottle,0.7114,340.00,358.00,383.00,485.00,4.804,-18.530
2026-04-01T14:26:54.007Z,76.437,pi:0,bottle,0.6613,339.00,357.00,382.00,481.00,4.920,-18.559
2026-04-01T14:26:54.059Z,76.490,pi:0,bottle,0.6467,340.00,357.00,384.00,474.00,5.214,-18.515
2026-04-01T14:26:54.121Z,76.552,pi:0,bottle,0.6635,340.00,358.00,383.00,482.00,4.920,-18.530
2026-04-01T14:26:54.173Z,76.604,pi:0,bottle,0.6635,340.00,358.00,384.00,483.00,4.880,-18.515
2026-04-01T14:26:54.225Z,76.656,pi:0,bottle,0.6772,339.00,358.00,383.00,482.00,4.920,-18.545
2026-04-01T14:26:54.276Z,76.707,pi:0,bottle,0.6327,340.00,357.00,384.00,479.00,5.000,-18.515
2026-04-01T14:26:54.327Z,76.758,pi:0,bottle,0.6467,339.00,357.00,384.00,474.00,5.214,-18.530
2026-04-01T14:26:54.372Z,76.802,pi:0,bottle,0.6576,340.00,357.00,385.00,480.00,4.960,-18.501
2026-04-01T14:26:54.431Z,76.862,pi:0,bottle,0.6943,339.00,358.00,384.00,485.00,4.804,-18.530
2026-04-01T14:26:54.489Z,76.920,pi:0,bottle,0.6504,339.00,357.00,384.00,477.00,5.084,-18.530
2026-04-01T14:26:54.535Z,76.966,pi:0,bottle,0.6467,341.00,357.00,384.00,478.00,5.042,-18.501
2026-04-01T14:26:54.580Z,77.011,pi:0,bottle,0.6395,340.00,357.00,384.00,478.00,5.042,-18.515
2026-04-01T14:26:54.637Z,77.067,pi:0,bottle,0.6540,340.00,357.00,384.00,480.00,4.960,-18.515
2026-04-01T14:26:54.687Z,77.118,pi:0,bottle,0.6533,340.00,357.00,384.00,481.00,4.920,-18.515
2026-04-01T14:26:54.731Z,77.162,pi:0,bottle,0.6601,340.00,357.00,384.00,477.00,5.084,-18.515
2026-04-01T14:26:54.789Z,77.220,pi:0,bottle,0.6685,340.00,357.00,384.00,478.00,5.042,-18.515
2026-04-01T14:26:54.852Z,77.283,pi:0,bottle,0.6504,340.00,357.00,384.00,478.00,5.042,-18.515
2026-04-01T14:26:54.900Z,77.331,pi:0,bottle,0.6943,339.00,358.00,384.00,485.00,4.804,-18.530
2026-04-01T14:26:54.950Z,77.381,pi:0,bottle,0.6613,340.00,357.00,384.00,477.00,5.084,-18.515
2026-04-01T14:26:55.009Z,77.440,pi:0,bottle,0.6738,340.00,358.00,384.00,485.00,4.804,-18.515
2026-04-01T14:26:55.050Z,77.481,pi:0,bottle,0.6467,339.00,357.00,384.00,474.00,5.214,-18.530
2026-04-01T14:26:55.104Z,77.535,pi:0,bottle,0.6909,339.00,358.00,383.00,483.00,4.880,-18.545
2026-04-01T14:26:55.160Z,77.591,pi:0,bottle,0.6327,339.00,358.00,384.00,480.00,5.000,-18.530
2026-04-01T14:26:55.198Z,77.629,pi:0,bottle,0.6613,340.00,356.00,384.00,477.00,5.042,-18.515
2026-04-01T14:26:55.261Z,77.692,pi:0,bottle,0.6177,340.00,357.00,382.00,473.00,5.259,-18.545
2026-04-01T14:26:55.305Z,77.735,pi:0,bottle,0.6156,340.00,357.00,384.00,473.00,5.259,-18.515
2026-04-01T14:26:55.350Z,77.781,pi:0,bottle,0.6104,339.00,357.00,384.00,477.00,5.084,-18.530
2026-04-01T14:26:55.401Z,77.832,pi:0,bottle,0.6327,339.00,358.00,383.00,480.00,5.000,-18.545
2026-04-01T14:26:55.457Z,77.888,pi:0,bottle,0.6430,340.00,358.00,383.00,481.00,4.960,-18.530
2026-04-01T14:26:55.504Z,77.935,pi:0,bottle,0.6467,340.00,357.00,384.00,476.00,5.126,-18.515
2026-04-01T14:26:55.555Z,77.986,pi:0,bottle,0.6225,340.00,357.00,384.00,480.00,4.960,-18.515
2026-04-01T14:26:55.618Z,78.049,pi:0,bottle,0.6875,340.00,358.00,383.00,478.00,5.084,-18.530
2026-04-01T14:26:55.668Z,78.099,pi:0,bottle,0.7148,339.00,358.00,382.00,486.00,4.766,-18.559
2026-04-01T14:26:55.715Z,78.146,pi:0,bottle,0.7046,339.00,358.00,383.00,485.00,4.804,-18.545
2026-04-01T14:26:55.791Z,78.222,pi:0,bottle,0.7080,339.00,358.00,383.00,484.00,4.842,-18.545
2026-04-01T14:26:55.879Z,78.310,pi:0,bottle,0.6977,339.00,358.00,383.00,480.00,5.000,-18.545
2026-04-01T14:26:55.956Z,78.387,pi:0,bottle,0.7194,341.00,356.00,384.00,474.00,5.170,-18.501
2026-04-01T14:26:56.028Z,78.459,pi:0,bottle,0.6943,339.00,358.00,382.00,481.00,4.960,-18.559
2026-04-01T14:26:56.071Z,78.502,pi:0,bottle,0.6499,339.00,357.00,383.00,483.00,4.842,-18.545
2026-04-01T14:26:56.124Z,78.554,pi:0,bottle,0.6841,339.00,358.00,383.00,476.00,5.170,-18.545
2026-04-01T14:26:56.182Z,78.613,pi:0,bottle,0.6670,340.00,357.00,384.00,481.00,4.920,-18.515
2026-04-01T14:26:56.233Z,78.664,pi:0,bottle,0.6395,340.00,357.00,384.00,479.00,5.000,-18.515
2026-04-01T14:26:56.289Z,78.719,pi:0,bottle,0.6635,340.00,358.00,383.00,480.00,5.000,-18.530
2026-04-01T14:26:56.339Z,78.770,pi:0,bottle,0.6358,339.00,357.00,384.00,477.00,5.084,-18.530
2026-04-01T14:26:56.393Z,78.824,pi:0,bottle,0.6758,341.00,356.00,384.00,479.00,4.960,-18.501
2026-04-01T14:26:56.447Z,78.878,pi:0,bottle,0.5813,341.00,357.00,386.00,463.00,5.755,-18.471
2026-04-01T14:26:56.504Z,78.935,pi:0,bottle,0.5917,339.00,358.00,384.00,469.00,5.496,-18.530
2026-04-01T14:26:56.559Z,78.990,pi:0,bottle,0.5130,340.00,358.00,384.00,456.00,6.225,-18.515
2026-04-01T14:26:57.232Z,79.662,pi:0,bottle,0.4070,446.00,278.00,496.00,430.00,4.013,-15.257
2026-04-01T14:26:57.267Z,79.698,pi:0,bottle,0.5780,467.00,293.00,518.00,442.00,4.094,-14.601
2026-04-01T14:26:57.330Z,79.761,pi:0,bottle,0.4754,473.00,300.00,524.00,445.00,4.207,-14.417
2026-04-01T14:26:57.375Z,79.806,pi:0,bottle,0.7319,467.00,294.00,520.00,439.00,4.207,-14.571
2026-04-01T14:26:57.422Z,79.853,pi:0,bottle,0.5336,461.00,288.00,518.00,430.00,4.296,-14.693
2026-04-01T14:26:57.895Z,80.326,pi:0,bottle,0.5267,299.00,183.00,380.00,312.00,4.729,-19.174
2026-04-01T14:26:57.895Z,80.326,pi:0,bottle,0.4215,287.00,186.00,379.00,398.00,2.878,-19.363
2026-04-01T14:26:57.947Z,80.378,pi:0,bottle,0.5922,286.00,188.00,377.00,397.00,2.919,-19.406
2026-04-01T14:26:57.947Z,80.378,pi:0,bottle,0.4754,300.00,184.00,378.00,310.00,4.842,-19.188
2026-04-01T14:26:57.995Z,80.426,pi:0,bottle,0.5450,289.00,188.00,376.00,399.00,2.891,-19.377
2026-04-01T14:26:58.055Z,80.486,pi:0,bottle,0.4344,305.00,180.00,376.00,317.00,4.453,-19.144
2026-04-01T14:26:58.055Z,80.486,pi:0,bottle,0.3997,287.00,179.00,376.00,398.00,2.786,-19.406
2026-04-01T14:26:58.102Z,80.533,pi:0,bottle,0.8611,287.00,166.00,378.00,409.00,2.510,-19.377
2026-04-01T14:26:58.159Z,80.590,pi:0,bottle,0.7412,282.00,161.00,377.00,411.00,2.440,-19.464
2026-04-01T14:26:58.159Z,80.590,pi:0,bottle,0.3625,293.00,162.00,373.00,335.00,3.526,-19.363
2026-04-01T14:26:58.212Z,80.643,pi:0,bottle,0.6054,292.00,155.00,372.00,345.00,3.211,-19.392
2026-04-01T14:26:58.212Z,80.643,pi:0,bottle,0.4469,280.00,158.00,377.00,411.00,2.411,-19.493
2026-04-01T14:26:58.258Z,80.689,pi:0,bottle,0.5780,288.00,148.00,372.00,336.00,3.245,-19.450
2026-04-01T14:26:58.313Z,80.743,pi:0,bottle,0.6738,288.00,138.00,372.00,364.00,2.699,-19.450
2026-04-01T14:26:58.370Z,80.801,pi:0,bottle,0.6704,293.00,140.00,379.00,322.00,3.352,-19.275
2026-04-01T14:26:58.407Z,80.838,pi:0,bottle,0.6088,298.00,148.00,385.00,335.00,3.262,-19.115
2026-04-01T14:26:58.407Z,80.838,pi:0,bottle,0.3343,296.00,149.00,386.00,409.00,2.346,-19.130
2026-04-01T14:26:58.473Z,80.904,pi:0,bottle,0.6327,303.00,149.00,390.00,334.00,3.298,-18.969
2026-04-01T14:26:58.511Z,80.942,pi:0,bottle,0.7122,313.00,150.00,405.00,372.00,2.748,-18.603
2026-04-01T14:26:58.562Z,80.993,pi:0,bottle,0.4310,314.00,161.00,413.00,371.00,2.905,-18.471
2026-04-01T14:26:58.562Z,80.993,pi:0,bottle,0.3779,315.00,159.00,414.00,458.00,2.040,-18.442
2026-04-01T14:26:58.633Z,81.063,pi:0,bottle,0.3815,321.00,171.00,417.00,480.00,1.974,-18.310
2026-04-01T14:26:58.681Z,81.112,pi:0,bottle,0.6540,328.00,186.00,436.00,527.00,1.789,-17.926
2026-04-01T14:26:58.681Z,81.112,pi:0,bottle,0.2668,329.00,204.00,430.00,431.00,2.687,-18.000
2026-04-01T14:26:58.735Z,81.166,pi:0,bottle,0.7340,341.00,193.00,455.00,539.00,1.763,-17.452
2026-04-01T14:26:58.785Z,81.216,pi:0,bottle,0.8030,352.00,198.00,463.00,538.00,1.794,-17.169
2026-04-01T14:26:58.837Z,81.268,pi:0,bottle,0.6940,364.00,194.00,481.00,554.00,1.695,-16.721
2026-04-01T14:26:58.891Z,81.322,pi:0,bottle,0.8139,375.00,197.00,486.00,560.00,1.681,-16.481
2026-04-01T14:26:58.955Z,81.386,pi:0,bottle,0.8393,383.00,202.00,496.00,569.00,1.662,-16.210
2026-04-01T14:26:58.993Z,81.424,pi:0,bottle,0.8103,392.00,200.00,505.00,574.00,1.631,-15.939
2026-04-01T14:26:59.059Z,81.490,pi:0,bottle,0.8757,397.00,208.00,506.00,575.00,1.662,-15.848
2026-04-01T14:26:59.106Z,81.537,pi:0,bottle,0.8793,399.00,213.00,508.00,581.00,1.658,-15.787
2026-04-01T14:26:59.163Z,81.594,pi:0,bottle,0.8611,399.00,212.00,510.00,582.00,1.649,-15.757
2026-04-01T14:26:59.203Z,81.634,pi:0,bottle,0.8611,399.00,214.00,510.00,584.00,1.649,-15.757
2026-04-01T14:26:59.255Z,81.686,pi:0,bottle,0.8502,399.00,215.00,509.00,585.00,1.649,-15.772
2026-04-01T14:26:59.339Z,81.778,pi:0,bottle,0.8866,401.00,215.00,514.00,584.00,1.653,-15.666
2026-04-01T14:26:59.442Z,81.873,pi:0,bottle,0.8866,402.00,215.00,516.00,584.00,1.653,-15.621
2026-04-01T14:26:59.495Z,81.932,pi:0,bottle,0.8938,401.00,216.00,516.00,584.00,1.658,-15.636
2026-04-01T14:26:59.572Z,82.003,pi:0,bottle,0.8793,401.00,216.00,516.00,583.00,1.662,-15.636
2026-04-01T14:26:59.617Z,82.048,pi:0,bottle,0.8793,400.00,215.00,516.00,583.00,1.658,-15.651
2026-04-01T14:26:59.658Z,82.089,pi:0,bottle,0.8866,402.00,215.00,518.00,583.00,1.658,-15.591
2026-04-01T14:26:59.721Z,82.152,pi:0,bottle,0.8866,403.00,213.00,518.00,584.00,1.644,-15.575
2026-04-01T14:26:59.769Z,82.200,pi:0,bottle,0.9047,403.00,213.00,518.00,583.00,1.649,-15.575
2026-04-01T14:26:59.822Z,82.253,pi:0,bottle,0.8975,403.00,213.00,516.00,583.00,1.649,-15.606
2026-04-01T14:26:59.879Z,82.310,pi:0,bottle,0.8829,403.00,213.00,516.00,584.00,1.644,-15.606
2026-04-01T14:26:59.926Z,82.356,pi:0,bottle,0.8829,402.00,213.00,517.00,583.00,1.649,-15.606
2026-04-01T14:26:59.976Z,82.407,pi:0,bottle,0.8829,402.00,213.00,516.00,584.00,1.644,-15.621
2026-04-01T14:27:00.023Z,82.458,pi:0,bottle,0.8975,402.00,214.00,517.00,581.00,1.662,-15.606
2026-04-01T14:27:00.072Z,82.503,pi:0,bottle,0.8902,402.00,215.00,517.00,585.00,1.649,-15.606
2026-04-01T14:27:00.123Z,82.554,pi:0,bottle,0.8938,402.00,212.00,517.00,584.00,1.640,-15.606
2026-04-01T14:27:00.181Z,82.612,pi:0,bottle,0.8902,402.00,214.00,518.00,583.00,1.653,-15.591
2026-04-01T14:27:00.223Z,82.654,pi:0,bottle,0.8866,402.00,215.00,519.00,583.00,1.658,-15.575
2026-04-01T14:27:00.274Z,82.708,pi:0,bottle,0.8866,402.00,214.00,520.00,583.00,1.653,-15.560
2026-04-01T14:27:00.325Z,82.756,pi:0,bottle,0.8793,401.00,213.00,518.00,584.00,1.644,-15.606
2026-04-01T14:27:00.382Z,82.813,pi:0,bottle,0.8829,401.00,213.00,518.00,583.00,1.649,-15.606
2026-04-01T14:27:00.432Z,82.863,pi:0,bottle,0.8866,402.00,212.00,518.00,583.00,1.644,-15.591
2026-04-01T14:27:00.485Z,82.916,pi:0,bottle,0.8866,402.00,212.00,519.00,583.00,1.644,-15.575
2026-04-01T14:27:00.531Z,82.962,pi:0,bottle,0.8866,402.00,213.00,517.00,584.00,1.644,-15.606
2026-04-01T14:27:00.584Z,83.015,pi:0,bottle,0.8902,402.00,213.00,518.00,584.00,1.644,-15.591
2026-04-01T14:27:00.642Z,83.073,pi:0,bottle,0.8975,402.00,215.00,518.00,584.00,1.653,-15.591
2026-04-01T14:27:00.682Z,83.113,pi:0,bottle,0.8938,402.00,214.00,518.00,584.00,1.649,-15.591
2026-04-01T14:27:00.745Z,83.175,pi:0,bottle,0.9011,402.00,216.00,517.00,584.00,1.658,-15.606
2026-04-01T14:27:00.787Z,83.218,pi:0,bottle,0.9047,402.00,214.00,517.00,584.00,1.649,-15.606
2026-04-01T14:27:00.859Z,83.290,pi:0,bottle,0.9047,403.00,214.00,518.00,584.00,1.649,-15.575
2026-04-01T14:27:00.918Z,83.349,pi:0,bottle,0.8975,403.00,213.00,517.00,583.00,1.649,-15.591
2026-04-01T14:27:00.991Z,83.431,pi:0,bottle,0.8975,403.00,213.00,517.00,584.00,1.644,-15.591
2026-04-01T14:27:01.047Z,83.478,pi:0,bottle,0.9011,403.00,213.00,517.00,583.00,1.649,-15.591
2026-04-01T14:27:01.108Z,83.539,pi:0,bottle,0.9047,403.00,212.00,516.00,583.00,1.644,-15.606
2026-04-01T14:27:01.160Z,83.590,pi:0,bottle,0.9011,403.00,213.00,518.00,583.00,1.649,-15.575
2026-04-01T14:27:01.220Z,83.651,pi:0,bottle,0.9011,404.00,212.00,516.00,584.00,1.640,-15.591
2026-04-01T14:27:01.261Z,83.692,pi:0,bottle,0.9011,403.00,214.00,516.00,583.00,1.653,-15.606
2026-04-01T14:27:01.312Z,83.743,pi:0,bottle,0.9084,403.00,213.00,516.00,584.00,1.644,-15.606
2026-04-01T14:27:01.365Z,83.795,pi:0,bottle,0.9011,403.00,212.00,517.00,583.00,1.644,-15.591
2026-04-01T14:27:01.422Z,83.852,pi:0,bottle,0.9011,403.00,212.00,517.00,583.00,1.644,-15.591
2026-04-01T14:27:01.464Z,83.895,pi:0,bottle,0.9011,403.00,212.00,518.00,584.00,1.640,-15.575
2026-04-01T14:27:01.511Z,83.942,pi:0,bottle,0.9011,403.00,214.00,517.00,583.00,1.653,-15.591
2026-04-01T14:27:01.564Z,83.995,pi:0,bottle,0.9047,403.00,212.00,517.00,584.00,1.640,-15.591
2026-04-01T14:27:01.610Z,84.040,pi:0,bottle,0.8975,403.00,213.00,517.00,583.00,1.649,-15.591
2026-04-01T14:27:01.663Z,84.094,pi:0,bottle,0.8975,402.00,212.00,518.00,584.00,1.640,-15.591
2026-04-01T14:27:01.754Z,84.185,pi:0,bottle,0.9047,403.00,213.00,516.00,582.00,1.653,-15.606
2026-04-01T14:27:01.815Z,84.245,pi:0,bottle,0.9011,403.00,214.00,517.00,584.00,1.649,-15.591
2026-04-01T14:27:01.898Z,84.329,pi:0,bottle,0.8975,403.00,214.00,517.00,583.00,1.653,-15.591
2026-04-01T14:27:01.977Z,84.408,pi:0,bottle,0.8975,403.00,213.00,517.00,585.00,1.640,-15.591
2026-04-01T14:27:02.056Z,84.487,pi:0,bottle,0.9047,403.00,213.00,516.00,584.00,1.644,-15.606
2026-04-01T14:27:02.139Z,84.578,pi:0,bottle,0.9084,403.00,211.00,515.00,583.00,1.640,-15.621
2026-04-01T14:27:02.200Z,84.631,pi:0,bottle,0.9011,403.00,212.00,516.00,583.00,1.644,-15.606
2026-04-01T14:27:02.254Z,84.685,pi:0,bottle,0.8975,403.00,212.00,518.00,584.00,1.640,-15.575
2026-04-01T14:27:02.306Z,84.737,pi:0,bottle,0.8938,403.00,212.00,515.00,583.00,1.644,-15.621
2026-04-01T14:27:02.367Z,84.798,pi:0,bottle,0.8938,402.00,213.00,516.00,584.00,1.644,-15.621
2026-04-01T14:27:02.423Z,84.854,pi:0,bottle,0.8902,403.00,212.00,515.00,584.00,1.640,-15.621
2026-04-01T14:27:02.462Z,84.893,pi:0,bottle,0.8902,403.00,213.00,517.00,585.00,1.640,-15.591
2026-04-01T14:27:02.506Z,84.937,pi:0,bottle,0.8938,403.00,214.00,517.00,584.00,1.649,-15.591
2026-04-01T14:27:02.560Z,84.991,pi:0,bottle,0.8902,403.00,213.00,517.00,584.00,1.644,-15.591
2026-04-01T14:27:02.618Z,85.049,pi:0,bottle,0.8938,403.00,214.00,516.00,583.00,1.653,-15.606
2026-04-01T14:27:02.662Z,85.093,pi:0,bottle,0.8938,403.00,213.00,516.00,584.00,1.644,-15.606
2026-04-01T14:27:02.714Z,85.145,pi:0,bottle,0.8902,403.00,212.00,518.00,584.00,1.640,-15.575
2026-04-01T14:27:02.775Z,85.206,pi:0,bottle,0.8975,403.00,212.00,517.00,584.00,1.640,-15.591
2026-04-01T14:27:02.819Z,85.250,pi:0,bottle,0.8866,403.00,213.00,516.00,585.00,1.640,-15.606
2026-04-01T14:27:02.890Z,85.321,pi:0,bottle,0.9011,403.00,212.00,518.00,585.00,1.636,-15.575
2026-04-01T14:27:02.949Z,85.380,pi:0,bottle,0.8938,403.00,213.00,518.00,584.00,1.644,-15.575
2026-04-01T14:27:03.021Z,85.452,pi:0,bottle,0.8975,404.00,212.00,517.00,585.00,1.636,-15.575
2026-04-01T14:27:03.107Z,85.538,pi:0,bottle,0.8975,403.00,213.00,516.00,585.00,1.640,-15.606
2026-04-01T14:27:03.164Z,85.595,pi:0,bottle,0.8866,402.00,214.00,515.00,586.00,1.640,-15.636
2026-04-01T14:27:03.209Z,85.640,pi:0,bottle,0.8902,402.00,214.00,515.00,584.00,1.649,-15.636
2026-04-01T14:27:03.253Z,85.684,pi:0,bottle,0.8902,402.00,213.00,516.00,584.00,1.644,-15.621
2026-04-01T14:27:03.308Z,85.739,pi:0,bottle,0.8902,402.00,212.00,517.00,584.00,1.640,-15.606
2026-04-01T14:27:03.359Z,85.790,pi:0,bottle,0.8902,402.00,213.00,516.00,583.00,1.649,-15.621
2026-04-01T14:27:03.410Z,85.841,pi:0,bottle,0.8757,402.00,210.00,516.00,583.00,1.636,-15.621
2026-04-01T14:27:03.461Z,85.891,pi:0,bottle,0.8720,402.00,210.00,517.00,584.00,1.631,-15.606
2026-04-01T14:27:03.507Z,85.938,pi:0,bottle,0.8575,402.00,212.00,517.00,583.00,1.644,-15.606
2026-04-01T14:27:03.574Z,86.005,pi:0,bottle,0.8720,403.00,211.00,518.00,585.00,1.631,-15.575
2026-04-01T14:27:03.615Z,86.046,pi:0,bottle,0.8938,402.00,209.00,516.00,583.00,1.631,-15.621
2026-04-01T14:27:03.663Z,86.094,pi:0,bottle,0.8866,403.00,209.00,515.00,584.00,1.627,-15.621
2026-04-01T14:27:03.719Z,86.150,pi:0,bottle,0.8793,403.00,212.00,515.00,585.00,1.636,-15.621
2026-04-01T14:27:03.770Z,86.201,pi:0,bottle,0.8975,403.00,210.00,515.00,584.00,1.631,-15.621
2026-04-01T14:27:03.823Z,86.254,pi:0,bottle,0.8938,404.00,210.00,514.00,585.00,1.627,-15.621
2026-04-01T14:27:03.878Z,86.309,pi:0,bottle,0.8938,403.00,210.00,514.00,584.00,1.631,-15.636
2026-04-01T14:27:03.914Z,86.344,pi:0,bottle,0.8793,403.00,210.00,515.00,585.00,1.627,-15.621
2026-04-01T14:27:03.966Z,86.397,pi:0,bottle,0.8902,403.00,209.00,515.00,584.00,1.627,-15.621
2026-04-01T14:27:04.027Z,86.457,pi:0,bottle,0.8902,403.00,209.00,515.00,585.00,1.622,-15.621
2026-04-01T14:27:04.071Z,86.502,pi:0,bottle,0.8902,403.00,210.00,515.00,585.00,1.627,-15.621
2026-04-01T14:27:04.126Z,86.557,pi:0,bottle,0.8938,404.00,210.00,516.00,584.00,1.631,-15.591
2026-04-01T14:27:04.178Z,86.609,pi:0,bottle,0.8866,403.00,211.00,515.00,583.00,1.640,-15.621
2026-04-01T14:27:04.233Z,86.664,pi:0,bottle,0.8866,404.00,210.00,514.00,584.00,1.631,-15.621
2026-04-01T14:27:04.273Z,86.704,pi:0,bottle,0.8938,403.00,210.00,515.00,583.00,1.636,-15.621
2026-04-01T14:27:04.328Z,86.759,pi:0,bottle,0.9011,403.00,211.00,514.00,583.00,1.640,-15.636
2026-04-01T14:27:04.387Z,86.817,pi:0,bottle,0.9047,404.00,211.00,515.00,584.00,1.636,-15.606
2026-04-01T14:27:04.429Z,86.860,pi:0,bottle,0.9011,403.00,211.00,514.00,584.00,1.636,-15.636
2026-04-01T14:27:04.480Z,86.911,pi:0,bottle,0.8938,404.00,210.00,514.00,584.00,1.631,-15.621
2026-04-01T14:27:04.530Z,86.961,pi:0,bottle,0.8866,404.00,211.00,515.00,584.00,1.636,-15.606
2026-04-01T14:27:04.586Z,87.017,pi:0,bottle,0.8902,403.00,211.00,515.00,584.00,1.636,-15.621
2026-04-01T14:27:04.633Z,87.064,pi:0,bottle,0.8829,404.00,212.00,514.00,584.00,1.640,-15.621
2026-04-01T14:27:04.687Z,87.118,pi:0,bottle,0.8902,404.00,211.00,515.00,584.00,1.636,-15.606
2026-04-01T14:27:04.742Z,87.173,pi:0,bottle,0.8866,403.00,212.00,515.00,583.00,1.644,-15.621
2026-04-01T14:27:04.797Z,87.227,pi:0,bottle,0.8902,403.00,211.00,515.00,584.00,1.636,-15.621
2026-04-01T14:27:04.840Z,87.271,pi:0,bottle,0.8902,404.00,211.00,515.00,584.00,1.636,-15.606
2026-04-01T14:27:04.894Z,87.325,pi:0,bottle,0.8938,404.00,211.00,514.00,583.00,1.640,-15.621
2026-04-01T14:27:04.952Z,87.382,pi:0,bottle,0.8866,403.00,209.00,515.00,583.00,1.631,-15.621
2026-04-01T14:27:05.004Z,87.435,pi:0,bottle,0.8975,404.00,210.00,514.00,585.00,1.627,-15.621
2026-04-01T14:27:05.051Z,87.482,pi:0,bottle,0.8866,404.00,210.00,514.00,585.00,1.627,-15.621
2026-04-01T14:27:05.110Z,87.540,pi:0,bottle,0.8866,403.00,209.00,515.00,583.00,1.631,-15.621
2026-04-01T14:27:05.167Z,87.598,pi:0,bottle,0.8902,403.00,211.00,515.00,583.00,1.640,-15.621
2026-04-01T14:27:05.212Z,87.643,pi:0,bottle,0.8829,404.00,209.00,515.00,583.00,1.631,-15.606
2026-04-01T14:27:05.263Z,87.694,pi:0,bottle,0.8902,403.00,211.00,514.00,583.00,1.640,-15.636
2026-04-01T14:27:05.301Z,87.732,pi:0,bottle,0.8866,403.00,210.00,514.00,584.00,1.631,-15.636
2026-04-01T14:27:05.363Z,87.794,pi:0,bottle,0.8938,403.00,210.00,514.00,584.00,1.631,-15.636
2026-04-01T14:27:05.410Z,87.841,pi:0,bottle,0.8938,403.00,210.00,514.00,585.00,1.627,-15.636
2026-04-01T14:27:05.464Z,87.895,pi:0,bottle,0.8975,403.00,211.00,515.00,584.00,1.636,-15.621
2026-04-01T14:27:05.519Z,87.950,pi:0,bottle,0.8975,403.00,210.00,515.00,583.00,1.636,-15.621
2026-04-01T14:27:05.570Z,88.000,pi:0,bottle,0.8938,403.00,211.00,516.00,583.00,1.640,-15.606
2026-04-01T14:27:05.626Z,88.056,pi:0,bottle,0.9011,402.00,209.00,516.00,583.00,1.631,-15.621
2026-04-01T14:27:05.682Z,88.113,pi:0,bottle,0.8938,403.00,209.00,514.00,585.00,1.622,-15.636
2026-04-01T14:27:05.724Z,88.155,pi:0,bottle,0.8938,403.00,210.00,515.00,584.00,1.631,-15.621
2026-04-01T14:27:05.771Z,88.202,pi:0,bottle,0.8902,403.00,210.00,515.00,585.00,1.627,-15.621
2026-04-01T14:27:05.826Z,88.256,pi:0,bottle,0.8938,403.00,209.00,514.00,583.00,1.631,-15.636
2026-04-01T14:27:05.877Z,88.308,pi:0,bottle,0.8902,403.00,209.00,515.00,584.00,1.627,-15.621
2026-04-01T14:27:05.918Z,88.349,pi:0,bottle,0.8975,403.00,209.00,515.00,584.00,1.627,-15.621
2026-04-01T14:27:05.977Z,88.408,pi:0,bottle,0.8902,403.00,210.00,514.00,585.00,1.627,-15.636
2026-04-01T14:27:06.018Z,88.449,pi:0,bottle,0.8975,403.00,209.00,515.00,584.00,1.627,-15.621
2026-04-01T14:27:06.073Z,88.504,pi:0,bottle,0.8938,403.00,209.00,515.00,583.00,1.631,-15.621
2026-04-01T14:27:06.122Z,88.553,pi:0,bottle,0.8866,402.00,211.00,515.00,583.00,1.640,-15.636
2026-04-01T14:27:06.174Z,88.605,pi:0,bottle,0.8902,402.00,211.00,515.00,582.00,1.644,-15.636
2026-04-01T14:27:06.231Z,88.662,pi:0,bottle,0.8938,403.00,212.00,515.00,583.00,1.644,-15.621
2026-04-01T14:27:06.304Z,88.735,pi:0,bottle,0.8938,402.00,210.00,516.00,583.00,1.636,-15.621
2026-04-01T14:27:06.405Z,88.836,pi:0,bottle,0.8975,402.00,211.00,516.00,583.00,1.640,-15.621
2026-04-01T14:27:06.466Z,88.897,pi:0,bottle,0.9011,403.00,211.00,515.00,584.00,1.636,-15.621
2026-04-01T14:27:06.513Z,88.944,pi:0,bottle,0.8829,403.00,215.00,514.00,584.00,1.653,-15.636
2026-04-01T14:27:06.582Z,89.013,pi:0,bottle,0.8975,403.00,213.00,515.00,584.00,1.644,-15.621
2026-04-01T14:27:06.631Z,89.061,pi:0,bottle,0.9120,404.00,213.00,515.00,583.00,1.649,-15.606
2026-04-01T14:27:06.680Z,89.110,pi:0,bottle,0.9047,403.00,211.00,515.00,583.00,1.640,-15.621
2026-04-01T14:27:06.737Z,89.168,pi:0,bottle,0.9156,403.00,212.00,515.00,584.00,1.640,-15.621
2026-04-01T14:27:06.790Z,89.221,pi:0,bottle,0.9084,403.00,212.00,515.00,583.00,1.644,-15.621
2026-04-01T14:27:06.840Z,89.271,pi:0,bottle,0.9120,403.00,212.00,515.00,584.00,1.640,-15.621
2026-04-01T14:27:06.888Z,89.318,pi:0,bottle,0.9120,404.00,213.00,514.00,584.00,1.644,-15.621
2026-04-01T14:27:06.938Z,89.369,pi:0,bottle,0.9084,404.00,213.00,515.00,583.00,1.649,-15.606
2026-04-01T14:27:06.986Z,89.416,pi:0,bottle,0.9120,404.00,212.00,515.00,584.00,1.640,-15.606
2026-04-01T14:27:07.038Z,89.469,pi:0,bottle,0.9047,403.00,212.00,515.00,584.00,1.640,-15.621
2026-04-01T14:27:07.096Z,89.527,pi:0,bottle,0.9084,403.00,212.00,516.00,585.00,1.636,-15.606
2026-04-01T14:27:07.142Z,89.573,pi:0,bottle,0.9047,404.00,212.00,515.00,583.00,1.644,-15.606
2026-04-01T14:27:07.204Z,89.635,pi:0,bottle,0.9084,403.00,212.00,515.00,584.00,1.640,-15.621
2026-04-01T14:27:07.243Z,89.674,pi:0,bottle,0.9120,403.00,211.00,515.00,582.00,1.644,-15.621
2026-04-01T14:27:07.299Z,89.730,pi:0,bottle,0.8975,404.00,212.00,514.00,583.00,1.644,-15.621
2026-04-01T14:27:07.358Z,89.789,pi:0,bottle,0.9011,404.00,211.00,515.00,583.00,1.640,-15.606
2026-04-01T14:27:07.401Z,89.831,pi:0,bottle,0.9011,403.00,210.00,515.00,583.00,1.636,-15.621
2026-04-01T14:27:07.461Z,89.892,pi:0,bottle,0.8975,403.00,210.00,514.00,583.00,1.636,-15.636
2026-04-01T14:27:07.512Z,89.943,pi:0,bottle,0.9084,404.00,213.00,515.00,584.00,1.644,-15.606
2026-04-01T14:27:07.555Z,89.986,pi:0,bottle,0.8902,404.00,212.00,515.00,583.00,1.644,-15.606
2026-04-01T14:27:07.611Z,90.041,pi:0,bottle,0.8938,402.00,211.00,516.00,583.00,1.640,-15.621
2026-04-01T14:27:07.668Z,90.099,pi:0,bottle,0.8938,402.00,211.00,516.00,584.00,1.636,-15.621
2026-04-01T14:27:07.715Z,90.146,pi:0,bottle,0.8975,402.00,210.00,515.00,583.00,1.636,-15.636
2026-04-01T14:27:07.794Z,90.225,pi:0,bottle,0.9011,403.00,210.00,515.00,583.00,1.636,-15.621
2026-04-01T14:27:07.940Z,90.371,pi:0,bottle,0.9011,402.00,209.00,515.00,583.00,1.631,-15.636
2026-04-01T14:27:07.985Z,90.416,pi:0,bottle,0.9011,402.00,210.00,515.00,583.00,1.636,-15.636
2026-04-01T14:27:08.059Z,90.489,pi:0,bottle,0.9011,403.00,210.00,515.00,583.00,1.636,-15.621
2026-04-01T14:27:08.151Z,90.582,pi:0,bottle,0.9047,403.00,210.00,515.00,584.00,1.631,-15.621
2026-04-01T14:27:08.220Z,90.651,pi:0,bottle,0.9084,403.00,211.00,515.00,583.00,1.640,-15.621
2026-04-01T14:27:08.294Z,90.725,pi:0,bottle,0.9084,403.00,210.00,516.00,583.00,1.636,-15.606
2026-04-01T14:27:08.339Z,90.770,pi:0,bottle,0.9084,403.00,211.00,515.00,583.00,1.640,-15.621
2026-04-01T14:27:08.408Z,90.839,pi:0,bottle,0.9084,403.00,210.00,515.00,584.00,1.631,-15.621
2026-04-01T14:27:08.474Z,90.905,pi:0,bottle,0.9011,402.00,211.00,516.00,583.00,1.640,-15.621
2026-04-01T14:27:08.509Z,90.939,pi:0,bottle,0.8975,403.00,211.00,515.00,582.00,1.644,-15.621
2026-04-01T14:27:08.535Z,90.966,pi:0,bottle,0.8938,402.00,212.00,516.00,582.00,1.649,-15.621
2026-04-01T14:27:08.599Z,91.030,pi:0,bottle,0.8902,403.00,210.00,515.00,584.00,1.631,-15.621
2026-04-01T14:27:08.651Z,91.081,pi:0,bottle,0.8866,403.00,211.00,515.00,583.00,1.640,-15.621
2026-04-01T14:27:08.696Z,91.127,pi:0,bottle,0.9011,403.00,210.00,515.00,584.00,1.631,-15.621
2026-04-01T14:27:08.751Z,91.182,pi:0,bottle,0.9011,403.00,211.00,515.00,584.00,1.636,-15.621
2026-04-01T14:27:08.806Z,91.237,pi:0,bottle,0.8902,403.00,212.00,514.00,583.00,1.644,-15.636
2026-04-01T14:27:08.866Z,91.297,pi:0,bottle,0.8938,403.00,210.00,515.00,583.00,1.636,-15.621
2026-04-01T14:27:08.917Z,91.347,pi:0,bottle,0.8975,403.00,212.00,516.00,583.00,1.644,-15.606
2026-04-01T14:27:08.963Z,91.394,pi:0,bottle,0.8975,403.00,211.00,515.00,583.00,1.640,-15.621
2026-04-01T14:27:09.019Z,91.449,pi:0,bottle,0.9011,403.00,210.00,515.00,583.00,1.636,-15.621
2026-04-01T14:27:09.083Z,91.514,pi:0,bottle,0.8902,403.00,210.00,516.00,583.00,1.636,-15.606
2026-04-01T14:27:09.133Z,91.564,pi:0,bottle,0.8975,403.00,211.00,514.00,583.00,1.640,-15.636
2026-04-01T14:27:09.187Z,91.617,pi:0,bottle,0.8938,403.00,211.00,514.00,583.00,1.640,-15.636
2026-04-01T14:27:09.231Z,91.662,pi:0,bottle,0.8902,404.00,212.00,514.00,584.00,1.640,-15.621
2026-04-01T14:27:09.286Z,91.717,pi:0,bottle,0.8902,404.00,212.00,514.00,584.00,1.640,-15.621
2026-04-01T14:27:09.340Z,91.771,pi:0,bottle,0.8902,404.00,212.00,515.00,582.00,1.649,-15.606
2026-04-01T14:27:09.390Z,91.821,pi:0,bottle,0.8866,404.00,212.00,515.00,582.00,1.649,-15.606
2026-04-01T14:27:09.455Z,91.886,pi:0,bottle,0.8829,404.00,212.00,514.00,585.00,1.636,-15.621
2026-04-01T14:27:09.496Z,91.926,pi:0,bottle,0.8938,404.00,211.00,514.00,584.00,1.636,-15.621
2026-04-01T14:27:09.559Z,91.990,pi:0,bottle,0.8902,404.00,211.00,514.00,583.00,1.640,-15.621
2026-04-01T14:27:09.627Z,92.058,pi:0,bottle,0.8902,402.00,211.00,514.00,583.00,1.640,-15.651
2026-04-01T14:27:09.701Z,92.132,pi:0,bottle,0.8902,402.00,211.00,515.00,584.00,1.636,-15.636
2026-04-01T14:27:09.767Z,92.197,pi:0,bottle,0.9011,403.00,211.00,515.00,583.00,1.640,-15.621
2026-04-01T14:27:09.835Z,92.266,pi:0,bottle,0.9120,403.00,211.00,514.00,584.00,1.636,-15.636
2026-04-01T14:27:09.899Z,92.330,pi:0,bottle,0.9084,403.00,211.00,515.00,584.00,1.636,-15.621
2026-04-01T14:27:09.954Z,92.385,pi:0,bottle,0.9084,403.00,212.00,515.00,584.00,1.640,-15.621
2026-04-01T14:27:10.013Z,92.444,pi:0,bottle,0.9084,403.00,211.00,515.00,584.00,1.636,-15.621
2026-04-01T14:27:10.064Z,92.495,pi:0,bottle,0.9084,402.00,210.00,515.00,583.00,1.636,-15.636
2026-04-01T14:27:10.114Z,92.545,pi:0,bottle,0.9120,403.00,211.00,515.00,584.00,1.636,-15.621
2026-04-01T14:27:10.172Z,92.603,pi:0,bottle,0.9084,403.00,211.00,514.00,584.00,1.636,-15.636
2026-04-01T14:27:10.223Z,92.654,pi:0,bottle,0.9084,403.00,211.00,514.00,584.00,1.636,-15.636
2026-04-01T14:27:10.269Z,92.700,pi:0,bottle,0.9011,402.00,211.00,515.00,583.00,1.640,-15.636
2026-04-01T14:27:10.328Z,92.758,pi:0,bottle,0.9084,403.00,212.00,514.00,583.00,1.644,-15.636
2026-04-01T14:27:10.382Z,92.812,pi:0,bottle,0.9011,403.00,211.00,514.00,583.00,1.640,-15.636
2026-04-01T14:27:10.442Z,92.873,pi:0,bottle,0.8938,404.00,212.00,514.00,585.00,1.636,-15.621
2026-04-01T14:27:10.481Z,92.912,pi:0,bottle,0.9084,404.00,212.00,514.00,585.00,1.636,-15.621
2026-04-01T14:27:10.546Z,92.977,pi:0,bottle,0.9084,403.00,211.00,514.00,584.00,1.636,-15.636
2026-04-01T14:27:10.589Z,93.020,pi:0,bottle,0.8938,403.00,212.00,514.00,584.00,1.640,-15.636
2026-04-01T14:27:10.642Z,93.073,pi:0,bottle,0.8902,404.00,212.00,514.00,584.00,1.640,-15.621
2026-04-01T14:27:10.695Z,93.126,pi:0,bottle,0.9047,402.00,210.00,514.00,584.00,1.631,-15.651
2026-04-01T14:27:10.750Z,93.181,pi:0,bottle,0.9011,403.00,212.00,514.00,584.00,1.640,-15.636
2026-04-01T14:27:10.809Z,93.239,pi:0,bottle,0.8757,401.00,211.00,514.00,583.00,1.640,-15.666
2026-04-01T14:27:10.855Z,93.286,pi:0,bottle,0.8502,403.00,198.00,514.00,584.00,1.580,-15.636
2026-04-01T14:27:10.909Z,93.340,pi:0,bottle,0.8720,402.00,171.00,514.00,585.00,1.474,-15.651
2026-04-01T14:27:10.954Z,93.385,pi:0,bottle,0.8793,403.00,202.00,514.00,586.00,1.589,-15.636
2026-04-01T14:27:11.007Z,93.438,pi:0,bottle,0.8793,403.00,201.00,514.00,586.00,1.585,-15.636
2026-04-01T14:27:11.063Z,93.494,pi:0,bottle,0.8648,403.00,200.00,514.00,585.00,1.585,-15.636
2026-04-01T14:27:11.114Z,93.545,pi:0,bottle,0.8684,402.00,202.00,515.00,586.00,1.589,-15.636
2026-04-01T14:27:11.169Z,93.600,pi:0,bottle,0.8611,402.00,204.00,514.00,586.00,1.597,-15.651
2026-04-01T14:27:11.229Z,93.660,pi:0,bottle,0.8793,402.00,199.00,514.00,585.00,1.580,-15.651
2026-04-01T14:27:11.270Z,93.700,pi:0,bottle,0.8648,403.00,204.00,516.00,584.00,1.605,-15.606
2026-04-01T14:27:11.330Z,93.761,pi:0,bottle,0.8684,402.00,203.00,514.00,585.00,1.597,-15.651
2026-04-01T14:27:11.378Z,93.809,pi:0,bottle,0.8611,403.00,201.00,514.00,585.00,1.589,-15.636
2026-04-01T14:27:11.430Z,93.861,pi:0,bottle,0.8611,402.00,195.00,515.00,586.00,1.560,-15.636
2026-04-01T14:27:11.486Z,93.916,pi:0,bottle,0.8575,403.00,195.00,514.00,586.00,1.560,-15.636
2026-04-01T14:27:11.539Z,93.969,pi:0,bottle,0.8611,403.00,199.00,515.00,584.00,1.585,-15.621
2026-04-01T14:27:11.589Z,94.020,pi:0,bottle,0.8684,403.00,200.00,514.00,585.00,1.585,-15.636
2026-04-01T14:27:11.650Z,94.081,pi:0,bottle,0.8611,403.00,201.00,514.00,585.00,1.589,-15.636
2026-04-01T14:27:11.698Z,94.129,pi:0,bottle,0.8757,403.00,202.00,514.00,586.00,1.589,-15.636
2026-04-01T14:27:11.748Z,94.179,pi:0,bottle,0.8648,403.00,201.00,514.00,586.00,1.585,-15.636
2026-04-01T14:27:11.808Z,94.239,pi:0,bottle,0.8648,403.00,198.00,514.00,585.00,1.576,-15.636
2026-04-01T14:27:11.851Z,94.286,pi:0,bottle,0.8757,402.00,200.00,514.00,586.00,1.580,-15.651
2026-04-01T14:27:11.913Z,94.344,pi:0,bottle,0.8684,402.00,202.00,514.00,585.00,1.593,-15.651
2026-04-01T14:27:11.966Z,94.397,pi:0,bottle,0.8575,403.00,191.00,514.00,585.00,1.548,-15.636
2026-04-01T14:27:12.018Z,94.449,pi:0,bottle,0.8575,403.00,199.00,515.00,585.00,1.580,-15.621
2026-04-01T14:27:12.072Z,94.503,pi:0,bottle,0.8611,403.00,200.00,515.00,585.00,1.585,-15.621
2026-04-01T14:27:12.123Z,94.554,pi:0,bottle,0.8611,403.00,199.00,514.00,586.00,1.576,-15.636
2026-04-01T14:27:12.184Z,94.615,pi:0,bottle,0.8539,402.00,201.00,514.00,585.00,1.589,-15.651
2026-04-01T14:27:12.227Z,94.658,pi:0,bottle,0.8757,402.00,203.00,514.00,585.00,1.597,-15.651
2026-04-01T14:27:12.295Z,94.726,pi:0,bottle,0.8757,403.00,202.00,514.00,585.00,1.593,-15.636
2026-04-01T14:27:12.326Z,94.757,pi:0,bottle,0.8648,403.00,199.00,514.00,585.00,1.580,-15.636
2026-04-01T14:27:12.410Z,94.840,pi:0,bottle,0.8684,403.00,203.00,515.00,585.00,1.597,-15.621
2026-04-01T14:27:12.447Z,94.878,pi:0,bottle,0.8575,402.00,200.00,514.00,586.00,1.580,-15.651
2026-04-01T14:27:12.510Z,94.941,pi:0,bottle,0.8648,403.00,197.00,514.00,585.00,1.572,-15.636
2026-04-01T14:27:12.557Z,94.988,pi:0,bottle,0.8829,402.00,199.00,514.00,585.00,1.580,-15.651
2026-04-01T14:27:12.618Z,95.048,pi:0,bottle,0.8648,402.00,199.00,515.00,585.00,1.580,-15.636
2026-04-01T14:27:12.666Z,95.096,pi:0,bottle,0.8575,402.00,200.00,514.00,586.00,1.580,-15.651
2026-04-01T14:27:12.720Z,95.151,pi:0,bottle,0.8575,403.00,197.00,514.00,586.00,1.568,-15.636
2026-04-01T14:27:12.773Z,95.204,pi:0,bottle,0.8684,402.00,202.00,514.00,585.00,1.593,-15.651
2026-04-01T14:27:12.833Z,95.264,pi:0,bottle,0.8684,402.00,201.00,514.00,586.00,1.585,-15.651
2026-04-01T14:27:12.929Z,95.360,pi:0,bottle,0.8720,402.00,200.00,514.00,585.00,1.585,-15.651
2026-04-01T14:27:13.003Z,95.433,pi:0,bottle,0.8684,403.00,200.00,514.00,586.00,1.580,-15.636
2026-04-01T14:27:13.072Z,95.503,pi:0,bottle,0.8357,401.00,201.00,514.00,585.00,1.589,-15.666
2026-04-01T14:27:13.129Z,95.560,pi:0,bottle,0.8430,401.00,200.00,514.00,586.00,1.580,-15.666
2026-04-01T14:27:13.172Z,95.603,pi:0,bottle,0.8357,401.00,204.00,514.00,586.00,1.597,-15.666
2026-04-01T14:27:13.227Z,95.658,pi:0,bottle,0.8539,402.00,202.00,514.00,585.00,1.593,-15.651
2026-04-01T14:27:13.277Z,95.708,pi:0,bottle,0.8502,401.00,200.00,514.00,586.00,1.580,-15.666
2026-04-01T14:27:13.320Z,95.751,pi:0,bottle,0.8284,402.00,204.00,514.00,586.00,1.597,-15.651
2026-04-01T14:27:13.381Z,95.812,pi:0,bottle,0.8284,403.00,203.00,515.00,583.00,1.605,-15.621
2026-04-01T14:27:13.435Z,95.866,pi:0,bottle,0.8466,402.00,199.00,514.00,586.00,1.576,-15.651
2026-04-01T14:27:13.488Z,95.919,pi:0,bottle,0.8466,402.00,199.00,514.00,585.00,1.580,-15.651
2026-04-01T14:27:13.537Z,95.968,pi:0,bottle,0.8393,402.00,200.00,514.00,586.00,1.580,-15.651
2026-04-01T14:27:13.600Z,96.031,pi:0,bottle,0.8212,402.00,200.00,514.00,586.00,1.580,-15.651
2026-04-01T14:27:13.643Z,96.074,pi:0,bottle,0.8430,402.00,204.00,514.00,586.00,1.597,-15.651
2026-04-01T14:27:13.702Z,96.133,pi:0,bottle,0.8575,403.00,203.00,515.00,584.00,1.601,-15.621
2026-04-01T14:27:13.751Z,96.182,pi:0,bottle,0.8684,402.00,203.00,514.00,584.00,1.601,-15.651
2026-04-01T14:27:13.808Z,96.239,pi:0,bottle,0.8575,403.00,202.00,514.00,586.00,1.589,-15.636
2026-04-01T14:27:13.854Z,96.285,pi:0,bottle,0.8829,403.00,202.00,515.00,584.00,1.597,-15.621
2026-04-01T14:27:13.913Z,96.344,pi:0,bottle,0.8648,402.00,201.00,514.00,584.00,1.593,-15.651
2026-04-01T14:27:13.968Z,96.399,pi:0,bottle,0.8757,402.00,203.00,514.00,583.00,1.605,-15.651
2026-04-01T14:27:14.010Z,96.440,pi:0,bottle,0.8757,403.00,202.00,514.00,583.00,1.601,-15.636
2026-04-01T14:27:14.069Z,96.500,pi:0,bottle,0.8720,403.00,200.00,514.00,584.00,1.589,-15.636
2026-04-01T14:27:14.119Z,96.550,pi:0,bottle,0.8757,404.00,199.00,514.00,584.00,1.585,-15.621
2026-04-01T14:27:14.171Z,96.601,pi:0,bottle,0.8648,403.00,202.00,515.00,584.00,1.597,-15.621
2026-04-01T14:27:14.215Z,96.646,pi:0,bottle,0.8720,403.00,205.00,515.00,585.00,1.605,-15.621
2026-04-01T14:27:14.271Z,96.702,pi:0,bottle,0.8757,403.00,200.00,515.00,584.00,1.589,-15.621
2026-04-01T14:27:14.317Z,96.747,pi:0,bottle,0.8866,403.00,203.00,514.00,583.00,1.605,-15.636
2026-04-01T14:27:14.369Z,96.800,pi:0,bottle,0.8757,402.00,201.00,514.00,584.00,1.593,-15.651
2026-04-01T14:27:14.425Z,96.856,pi:0,bottle,0.8793,403.00,202.00,515.00,584.00,1.597,-15.621
2026-04-01T14:27:14.477Z,96.908,pi:0,bottle,0.8793,402.00,203.00,514.00,585.00,1.597,-15.651
2026-04-01T14:27:14.526Z,96.957,pi:0,bottle,0.8757,402.00,200.00,515.00,584.00,1.589,-15.636
2026-04-01T14:27:14.584Z,97.015,pi:0,bottle,0.8829,403.00,203.00,514.00,583.00,1.605,-15.636
2026-04-01T14:27:14.633Z,97.064,pi:0,bottle,0.8720,402.00,201.00,515.00,584.00,1.593,-15.636
2026-04-01T14:27:14.690Z,97.121,pi:0,bottle,0.8757,402.00,203.00,515.00,583.00,1.605,-15.636
2026-04-01T14:27:14.733Z,97.164,pi:0,bottle,0.8757,403.00,201.00,515.00,584.00,1.593,-15.621
2026-04-01T14:27:14.791Z,97.221,pi:0,bottle,0.8793,403.00,197.00,515.00,583.00,1.580,-15.621
2026-04-01T14:27:14.851Z,97.282,pi:0,bottle,0.8829,403.00,201.00,514.00,583.00,1.597,-15.636
2026-04-01T14:27:14.888Z,97.319,pi:0,bottle,0.8793,403.00,199.00,514.00,583.00,1.589,-15.636
2026-04-01T14:27:14.948Z,97.379,pi:0,bottle,0.8793,403.00,202.00,514.00,584.00,1.597,-15.636
2026-04-01T14:27:15.001Z,97.432,pi:0,bottle,0.8793,403.00,201.00,514.00,584.00,1.593,-15.636
2026-04-01T14:27:15.039Z,97.474,pi:0,bottle,0.8793,404.00,203.00,515.00,584.00,1.601,-15.606
2026-04-01T14:27:15.104Z,97.535,pi:0,bottle,0.8793,404.00,199.00,514.00,584.00,1.585,-15.621
2026-04-01T14:27:15.142Z,97.573,pi:0,bottle,0.8793,404.00,199.00,515.00,583.00,1.589,-15.606
2026-04-01T14:27:15.209Z,97.640,pi:0,bottle,0.8757,403.00,199.00,514.00,584.00,1.585,-15.636
2026-04-01T14:27:15.250Z,97.681,pi:0,bottle,0.8684,403.00,201.00,514.00,584.00,1.593,-15.636
2026-04-01T14:27:15.312Z,97.743,pi:0,bottle,0.8793,403.00,197.00,514.00,584.00,1.576,-15.636
2026-04-01T14:27:15.361Z,97.791,pi:0,bottle,0.8757,403.00,199.00,514.00,584.00,1.585,-15.636
2026-04-01T14:27:15.423Z,97.854,pi:0,bottle,0.8757,404.00,199.00,514.00,583.00,1.589,-15.621
2026-04-01T14:27:15.463Z,97.894,pi:0,bottle,0.8757,403.00,200.00,514.00,583.00,1.593,-15.636
2026-04-01T14:27:15.520Z,97.951,pi:0,bottle,0.8757,403.00,201.00,514.00,583.00,1.597,-15.636
2026-04-01T14:27:15.570Z,98.001,pi:0,bottle,0.8757,403.00,199.00,515.00,583.00,1.589,-15.621
2026-04-01T14:27:15.634Z,98.065,pi:0,bottle,0.8793,403.00,200.00,515.00,584.00,1.589,-15.621
2026-04-01T14:27:15.673Z,98.104,pi:0,bottle,0.8829,403.00,199.00,514.00,584.00,1.585,-15.636
2026-04-01T14:27:15.737Z,98.167,pi:0,bottle,0.8793,403.00,198.00,514.00,584.00,1.580,-15.636
2026-04-01T14:27:15.788Z,98.219,pi:0,bottle,0.8720,403.00,203.00,515.00,584.00,1.601,-15.621
2026-04-01T14:27:15.846Z,98.277,pi:0,bottle,0.8793,403.00,202.00,515.00,584.00,1.597,-15.621
2026-04-01T14:27:15.935Z,98.366,pi:0,bottle,0.8793,403.00,202.00,514.00,584.00,1.597,-15.636
2026-04-01T14:27:16.009Z,98.440,pi:0,bottle,0.8757,403.00,204.00,514.00,584.00,1.605,-15.636
2026-04-01T14:27:16.075Z,98.506,pi:0,bottle,0.8611,403.00,200.00,514.00,584.00,1.589,-15.636
2026-04-01T14:27:16.138Z,98.569,pi:0,bottle,0.8829,403.00,201.00,515.00,584.00,1.593,-15.621
2026-04-01T14:27:16.191Z,98.621,pi:0,bottle,0.8793,403.00,201.00,515.00,583.00,1.597,-15.621
2026-04-01T14:27:16.254Z,98.685,pi:0,bottle,0.8648,403.00,202.00,515.00,584.00,1.597,-15.621
2026-04-01T14:27:16.294Z,98.725,pi:0,bottle,0.8866,403.00,200.00,514.00,583.00,1.593,-15.636
2026-04-01T14:27:16.351Z,98.781,pi:0,bottle,0.8648,403.00,201.00,514.00,584.00,1.593,-15.636
2026-04-01T14:27:16.398Z,98.829,pi:0,bottle,0.8793,404.00,201.00,514.00,584.00,1.593,-15.621
2026-04-01T14:27:16.449Z,98.880,pi:0,bottle,0.8793,403.00,203.00,514.00,584.00,1.601,-15.636
2026-04-01T14:27:16.515Z,98.946,pi:0,bottle,0.8757,404.00,200.00,514.00,584.00,1.589,-15.621
2026-04-01T14:27:16.555Z,98.986,pi:0,bottle,0.8793,403.00,199.00,515.00,584.00,1.585,-15.621
2026-04-01T14:27:16.614Z,99.044,pi:0,bottle,0.8829,403.00,200.00,514.00,583.00,1.593,-15.636
2026-04-01T14:27:16.667Z,99.097,pi:0,bottle,0.8720,404.00,201.00,515.00,585.00,1.589,-15.606
2026-04-01T14:27:16.710Z,99.141,pi:0,bottle,0.8793,403.00,200.00,514.00,584.00,1.589,-15.636
2026-04-01T14:27:16.770Z,99.201,pi:0,bottle,0.8720,404.00,200.00,515.00,583.00,1.593,-15.606
2026-04-01T14:27:16.819Z,99.250,pi:0,bottle,0.8684,403.00,198.00,514.00,584.00,1.580,-15.636
2026-04-01T14:27:16.879Z,99.310,pi:0,bottle,0.8720,403.00,200.00,515.00,584.00,1.589,-15.621
2026-04-01T14:27:16.917Z,99.348,pi:0,bottle,0.8648,403.00,200.00,514.00,585.00,1.585,-15.636
2026-04-01T14:27:16.983Z,99.414,pi:0,bottle,0.8757,403.00,201.00,514.00,584.00,1.593,-15.636
2026-04-01T14:27:17.033Z,99.464,pi:0,bottle,0.8757,403.00,199.00,514.00,584.00,1.585,-15.636
2026-04-01T14:27:17.091Z,99.522,pi:0,bottle,0.8575,403.00,197.00,515.00,583.00,1.580,-15.621
2026-04-01T14:27:17.126Z,99.557,pi:0,bottle,0.8684,403.00,200.00,514.00,584.00,1.589,-15.636
2026-04-01T14:27:17.184Z,99.614,pi:0,bottle,0.8720,403.00,200.00,515.00,584.00,1.589,-15.621
2026-04-01T14:27:17.225Z,99.656,pi:0,bottle,0.8720,403.00,203.00,515.00,584.00,1.601,-15.621
2026-04-01T14:27:17.278Z,99.709,pi:0,bottle,0.8757,403.00,200.00,515.00,584.00,1.589,-15.621
2026-04-01T14:27:17.325Z,99.756,pi:0,bottle,0.8648,403.00,199.00,515.00,583.00,1.589,-15.621
2026-04-01T14:27:17.381Z,99.812,pi:0,bottle,0.8720,403.00,199.00,515.00,584.00,1.585,-15.621
2026-04-01T14:27:17.439Z,99.870,pi:0,bottle,0.8720,403.00,201.00,514.00,584.00,1.593,-15.636
2026-04-01T14:27:17.481Z,99.912,pi:0,bottle,0.8757,403.00,203.00,515.00,583.00,1.605,-15.621
2026-04-01T14:27:17.535Z,99.966,pi:0,bottle,0.8684,403.00,199.00,514.00,583.00,1.589,-15.636
2026-04-01T14:27:17.593Z,100.024,pi:0,bottle,0.8720,403.00,200.00,514.00,583.00,1.593,-15.636
2026-04-01T14:27:17.646Z,100.077,pi:0,bottle,0.8648,403.00,199.00,514.00,583.00,1.589,-15.636
2026-04-01T14:27:17.688Z,100.119,pi:0,bottle,0.8720,403.00,200.00,514.00,583.00,1.593,-15.636
2026-04-01T14:27:17.743Z,100.174,pi:0,bottle,0.8793,403.00,199.00,515.00,584.00,1.585,-15.621
2026-04-01T14:27:17.803Z,100.234,pi:0,bottle,0.8720,403.00,200.00,515.00,583.00,1.593,-15.621
2026-04-01T14:27:17.851Z,100.281,pi:0,bottle,0.8829,403.00,200.00,514.00,583.00,1.593,-15.636
2026-04-01T14:27:17.910Z,100.341,pi:0,bottle,0.8757,403.00,203.00,515.00,583.00,1.605,-15.621
2026-04-01T14:27:17.955Z,100.386,pi:0,bottle,0.8793,403.00,197.00,514.00,583.00,1.580,-15.636
2026-04-01T14:27:18.016Z,100.447,pi:0,bottle,0.8829,404.00,204.00,515.00,583.00,1.610,-15.606
2026-04-01T14:27:18.067Z,100.498,pi:0,bottle,0.8793,404.00,201.00,514.00,583.00,1.597,-15.621
2026-04-01T14:27:18.115Z,100.546,pi:0,bottle,0.8793,404.00,203.00,515.00,583.00,1.605,-15.606
2026-04-01T14:27:18.172Z,100.603,pi:0,bottle,0.8720,403.00,199.00,514.00,584.00,1.585,-15.636
2026-04-01T14:27:18.217Z,100.648,pi:0,bottle,0.8829,403.00,200.00,515.00,584.00,1.589,-15.621
2026-04-01T14:27:18.267Z,100.698,pi:0,bottle,0.8793,403.00,201.00,515.00,584.00,1.593,-15.621
2026-04-01T14:27:18.314Z,100.745,pi:0,bottle,0.8829,403.00,204.00,515.00,584.00,1.605,-15.621
2026-04-01T14:27:18.367Z,100.797,pi:0,bottle,0.8757,403.00,202.00,514.00,584.00,1.597,-15.636
2026-04-01T14:27:18.421Z,100.851,pi:0,bottle,0.8757,403.00,200.00,515.00,583.00,1.593,-15.621
2026-04-01T14:27:18.473Z,100.904,pi:0,bottle,0.8793,404.00,201.00,514.00,583.00,1.597,-15.621
2026-04-01T14:27:18.533Z,100.964,pi:0,bottle,0.8793,403.00,201.00,515.00,583.00,1.597,-15.621
2026-04-01T14:27:18.579Z,101.009,pi:0,bottle,0.8757,404.00,202.00,515.00,584.00,1.597,-15.606
2026-04-01T14:27:18.645Z,101.075,pi:0,bottle,0.8793,403.00,201.00,515.00,584.00,1.593,-15.621
2026-04-01T14:27:18.689Z,101.120,pi:0,bottle,0.8793,403.00,200.00,515.00,583.00,1.593,-15.621
2026-04-01T14:27:18.740Z,101.171,pi:0,bottle,0.8793,403.00,201.00,514.00,583.00,1.597,-15.636
2026-04-01T14:27:18.799Z,101.230,pi:0,bottle,0.8611,403.00,198.00,515.00,584.00,1.580,-15.621
2026-04-01T14:27:18.848Z,101.278,pi:0,bottle,0.8793,403.00,201.00,514.00,583.00,1.597,-15.636
2026-04-01T14:27:18.903Z,101.334,pi:0,bottle,0.8757,404.00,200.00,514.00,583.00,1.593,-15.621
2026-04-01T14:27:18.954Z,101.385,pi:0,bottle,0.8793,403.00,201.00,514.00,584.00,1.593,-15.636
2026-04-01T14:27:19.021Z,101.451,pi:0,bottle,0.8793,403.00,201.00,514.00,583.00,1.597,-15.636
2026-04-01T14:27:19.078Z,101.509,pi:0,bottle,0.8829,403.00,204.00,514.00,583.00,1.610,-15.636
2026-04-01T14:27:19.151Z,101.582,pi:0,bottle,0.8793,404.00,205.00,515.00,584.00,1.610,-15.606
2026-04-01T14:27:19.220Z,101.651,pi:0,bottle,0.8757,403.00,202.00,515.00,583.00,1.601,-15.621
2026-04-01T14:27:19.273Z,101.704,pi:0,bottle,0.8648,404.00,201.00,515.00,584.00,1.593,-15.606
2026-04-01T14:27:19.340Z,101.771,pi:0,bottle,0.8793,403.00,203.00,515.00,583.00,1.605,-15.621
2026-04-01T14:27:19.387Z,101.818,pi:0,bottle,0.8793,403.00,204.00,515.00,583.00,1.610,-15.621
2026-04-01T14:27:19.435Z,101.866,pi:0,bottle,0.8793,404.00,202.00,514.00,583.00,1.601,-15.621
2026-04-01T14:27:19.486Z,101.916,pi:0,bottle,0.8793,403.00,201.00,514.00,584.00,1.593,-15.636
2026-04-01T14:27:19.543Z,101.974,pi:0,bottle,0.8720,404.00,200.00,515.00,583.00,1.593,-15.606
2026-04-01T14:27:19.585Z,102.016,pi:0,bottle,0.8648,403.00,201.00,515.00,584.00,1.593,-15.621
2026-04-01T14:27:19.642Z,102.073,pi:0,bottle,0.8793,404.00,201.00,514.00,584.00,1.593,-15.621
2026-04-01T14:27:19.695Z,102.126,pi:0,bottle,0.8757,403.00,203.00,515.00,583.00,1.605,-15.621
2026-04-01T14:27:19.762Z,102.193,pi:0,bottle,0.8575,403.00,202.00,514.00,586.00,1.589,-15.636
2026-04-01T14:27:19.809Z,102.240,pi:0,bottle,0.8648,403.00,202.00,515.00,584.00,1.597,-15.621
2026-04-01T14:27:19.850Z,102.281,pi:0,bottle,0.8757,403.00,205.00,514.00,584.00,1.610,-15.636
2026-04-01T14:27:19.902Z,102.333,pi:0,bottle,0.8720,404.00,201.00,515.00,584.00,1.593,-15.606
2026-04-01T14:27:19.966Z,102.397,pi:0,bottle,0.8684,403.00,201.00,515.00,584.00,1.593,-15.621
2026-04-01T14:27:20.010Z,102.441,pi:0,bottle,0.8720,403.00,202.00,514.00,585.00,1.593,-15.636
2026-04-01T14:27:20.065Z,102.496,pi:0,bottle,0.8757,403.00,203.00,515.00,583.00,1.605,-15.621
2026-04-01T14:27:20.114Z,102.545,pi:0,bottle,0.8757,403.00,202.00,515.00,583.00,1.601,-15.621
2026-04-01T14:27:20.163Z,102.594,pi:0,bottle,0.8793,403.00,202.00,514.00,584.00,1.597,-15.636
2026-04-01T14:27:20.233Z,102.664,pi:0,bottle,0.8575,403.00,202.00,514.00,583.00,1.601,-15.636
2026-04-01T14:27:20.269Z,102.700,pi:0,bottle,0.8720,403.00,201.00,515.00,584.00,1.593,-15.621
2026-04-01T14:27:20.317Z,102.748,pi:0,bottle,0.8757,403.00,201.00,514.00,584.00,1.593,-15.636
2026-04-01T14:27:20.378Z,102.809,pi:0,bottle,0.8757,403.00,201.00,514.00,584.00,1.593,-15.636
2026-04-01T14:27:20.422Z,102.853,pi:0,bottle,0.8757,403.00,202.00,515.00,584.00,1.597,-15.621
2026-04-01T14:27:20.466Z,102.897,pi:0,bottle,0.8502,403.00,201.00,515.00,584.00,1.593,-15.621
2026-04-01T14:27:20.526Z,102.956,pi:0,bottle,0.8684,403.00,201.00,515.00,584.00,1.593,-15.621
2026-04-01T14:27:20.574Z,103.005,pi:0,bottle,0.8793,403.00,200.00,515.00,584.00,1.589,-15.621
2026-04-01T14:27:20.637Z,103.068,pi:0,bottle,0.8793,403.00,202.00,515.00,583.00,1.601,-15.621
2026-04-01T14:27:20.683Z,103.113,pi:0,bottle,0.8793,404.00,202.00,514.00,584.00,1.597,-15.621
2026-04-01T14:27:20.748Z,103.179,pi:0,bottle,0.8793,404.00,202.00,515.00,583.00,1.601,-15.606
2026-04-01T14:27:20.794Z,103.225,pi:0,bottle,0.8793,404.00,201.00,514.00,584.00,1.593,-15.621
2026-04-01T14:27:20.847Z,103.277,pi:0,bottle,0.8829,403.00,204.00,514.00,584.00,1.605,-15.636
2026-04-01T14:27:20.898Z,103.329,pi:0,bottle,0.8866,403.00,201.00,514.00,584.00,1.593,-15.636
2026-04-01T14:27:20.950Z,103.381,pi:0,bottle,0.8793,404.00,203.00,515.00,584.00,1.601,-15.606
2026-04-01T14:27:20.999Z,103.430,pi:0,bottle,0.8829,403.00,201.00,515.00,584.00,1.593,-15.621
2026-04-01T14:27:21.048Z,103.479,pi:0,bottle,0.8829,403.00,199.00,515.00,584.00,1.585,-15.621
2026-04-01T14:27:21.098Z,103.529,pi:0,bottle,0.8793,403.00,201.00,514.00,583.00,1.597,-15.636
2026-04-01T14:27:21.152Z,103.583,pi:0,bottle,0.8793,403.00,201.00,515.00,583.00,1.597,-15.621
2026-04-01T14:27:21.203Z,103.634,pi:0,bottle,0.8757,403.00,202.00,515.00,584.00,1.597,-15.621
2026-04-01T14:27:21.250Z,103.681,pi:0,bottle,0.8611,403.00,202.00,515.00,584.00,1.597,-15.621
2026-04-01T14:27:21.305Z,103.735,pi:0,bottle,0.8793,403.00,202.00,515.00,583.00,1.601,-15.621
2026-04-01T14:27:21.353Z,103.784,pi:0,bottle,0.8648,403.00,202.00,515.00,584.00,1.597,-15.621
2026-04-01T14:27:21.407Z,103.838,pi:0,bottle,0.8720,403.00,201.00,514.00,584.00,1.593,-15.636
2026-04-01T14:27:21.468Z,103.898,pi:0,bottle,0.8684,403.00,202.00,515.00,584.00,1.597,-15.621
2026-04-01T14:27:21.509Z,103.940,pi:0,bottle,0.8720,403.00,198.00,515.00,583.00,1.585,-15.621
2026-04-01T14:27:21.559Z,103.989,pi:0,bottle,0.8793,403.00,201.00,514.00,584.00,1.593,-15.636
2026-04-01T14:27:21.610Z,104.040,pi:0,bottle,0.8575,404.00,201.00,515.00,584.00,1.593,-15.606
2026-04-01T14:27:21.666Z,104.097,pi:0,bottle,0.8793,403.00,203.00,515.00,583.00,1.605,-15.621
2026-04-01T14:27:21.716Z,104.146,pi:0,bottle,0.8648,403.00,202.00,515.00,584.00,1.597,-15.621
2026-04-01T14:27:21.769Z,104.200,pi:0,bottle,0.8611,403.00,201.00,515.00,584.00,1.593,-15.621
2026-04-01T14:27:21.822Z,104.253,pi:0,bottle,0.8648,403.00,199.00,515.00,584.00,1.585,-15.621
2026-04-01T14:27:21.869Z,104.299,pi:0,bottle,0.8793,403.00,201.00,515.00,584.00,1.593,-15.621
2026-04-01T14:27:21.924Z,104.355,pi:0,bottle,0.8793,403.00,200.00,515.00,584.00,1.589,-15.621
2026-04-01T14:27:21.981Z,104.412,pi:0,bottle,0.8793,403.00,201.00,515.00,584.00,1.593,-15.621
2026-04-01T14:27:22.034Z,104.465,pi:0,bottle,0.8757,403.00,202.00,514.00,583.00,1.601,-15.636
2026-04-01T14:27:22.079Z,104.510,pi:0,bottle,0.8684,404.00,199.00,514.00,584.00,1.585,-15.621
2026-04-01T14:27:22.138Z,104.568,pi:0,bottle,0.8648,403.00,202.00,515.00,584.00,1.597,-15.621
2026-04-01T14:27:22.203Z,104.634,pi:0,bottle,0.8575,403.00,201.00,514.00,584.00,1.593,-15.636
2026-04-01T14:27:22.246Z,104.676,pi:0,bottle,0.8684,404.00,202.00,515.00,584.00,1.597,-15.606
2026-04-01T14:27:22.304Z,104.734,pi:0,bottle,0.8502,403.00,200.00,515.00,583.00,1.593,-15.621
2026-04-01T14:27:22.346Z,104.777,pi:0,bottle,0.8829,403.00,202.00,515.00,584.00,1.597,-15.621
2026-04-01T14:27:22.411Z,104.842,pi:0,bottle,0.8720,404.00,202.00,515.00,584.00,1.597,-15.606
2026-04-01T14:27:22.451Z,104.882,pi:0,bottle,0.8757,403.00,202.00,515.00,584.00,1.597,-15.621
2026-04-01T14:27:22.511Z,104.942,pi:0,bottle,0.8684,404.00,200.00,515.00,584.00,1.589,-15.606
2026-04-01T14:27:22.564Z,104.995,pi:0,bottle,0.8793,403.00,202.00,515.00,584.00,1.597,-15.621
2026-04-01T14:27:22.608Z,105.039,pi:0,bottle,0.8720,403.00,204.00,515.00,584.00,1.605,-15.621
2026-04-01T14:27:22.675Z,105.106,pi:0,bottle,0.8793,403.00,203.00,515.00,583.00,1.605,-15.621
2026-04-01T14:27:22.744Z,105.175,pi:0,bottle,0.8757,403.00,203.00,515.00,584.00,1.601,-15.621
2026-04-01T14:27:22.823Z,105.254,pi:0,bottle,0.8720,403.00,201.00,515.00,583.00,1.597,-15.621
2026-04-01T14:27:22.891Z,105.322,pi:0,bottle,0.8684,403.00,202.00,515.00,583.00,1.601,-15.621
2026-04-01T14:27:22.954Z,105.385,pi:0,bottle,0.8757,403.00,201.00,514.00,584.00,1.593,-15.636
2026-04-01T14:27:23.002Z,105.433,pi:0,bottle,0.8793,403.00,202.00,515.00,584.00,1.597,-15.621
2026-04-01T14:27:23.053Z,105.484,pi:0,bottle,0.8757,403.00,202.00,514.00,583.00,1.601,-15.636
2026-04-01T14:27:23.100Z,105.531,pi:0,bottle,0.8757,403.00,201.00,515.00,584.00,1.593,-15.621
2026-04-01T14:27:23.148Z,105.579,pi:0,bottle,0.8720,403.00,199.00,515.00,583.00,1.589,-15.621
2026-04-01T14:27:23.204Z,105.635,pi:0,bottle,0.8757,404.00,201.00,515.00,584.00,1.593,-15.606
2026-04-01T14:27:23.250Z,105.681,pi:0,bottle,0.8757,403.00,199.00,514.00,584.00,1.585,-15.636
2026-04-01T14:27:23.316Z,105.747,pi:0,bottle,0.8757,403.00,201.00,514.00,584.00,1.593,-15.636
2026-04-01T14:27:23.363Z,105.794,pi:0,bottle,0.8575,403.00,200.00,515.00,584.00,1.589,-15.621
2026-04-01T14:27:23.416Z,105.847,pi:0,bottle,0.8684,403.00,200.00,515.00,584.00,1.589,-15.621
2026-04-01T14:27:23.472Z,105.903,pi:0,bottle,0.8757,403.00,202.00,515.00,583.00,1.601,-15.621
2026-04-01T14:27:23.514Z,105.945,pi:0,bottle,0.8648,404.00,202.00,514.00,585.00,1.593,-15.621
2026-04-01T14:27:23.570Z,106.001,pi:0,bottle,0.8648,403.00,196.00,515.00,585.00,1.568,-15.621
2026-04-01T14:27:23.631Z,106.062,pi:0,bottle,0.8648,404.00,202.00,514.00,585.00,1.593,-15.621
2026-04-01T14:27:23.667Z,106.098,pi:0,bottle,0.8720,403.00,201.00,515.00,584.00,1.593,-15.621
2026-04-01T14:27:23.733Z,106.163,pi:0,bottle,0.8575,403.00,203.00,515.00,585.00,1.597,-15.621
2026-04-01T14:27:23.776Z,106.207,pi:0,bottle,0.8648,403.00,201.00,515.00,583.00,1.597,-15.621
2026-04-01T14:27:23.832Z,106.263,pi:0,bottle,0.8757,403.00,201.00,514.00,584.00,1.593,-15.636
2026-04-01T14:27:23.883Z,106.314,pi:0,bottle,0.8720,403.00,201.00,515.00,584.00,1.593,-15.621
2026-04-01T14:27:23.934Z,106.365,pi:0,bottle,0.8793,403.00,201.00,515.00,584.00,1.593,-15.621
2026-04-01T14:27:23.987Z,106.418,pi:0,bottle,0.8466,403.00,196.00,514.00,585.00,1.568,-15.636
2026-04-01T14:27:24.034Z,106.465,pi:0,bottle,0.8684,403.00,204.00,514.00,583.00,1.610,-15.636
2026-04-01T14:27:24.090Z,106.520,pi:0,bottle,0.8720,403.00,201.00,515.00,584.00,1.593,-15.621
2026-04-01T14:27:24.139Z,106.569,pi:0,bottle,0.8575,403.00,200.00,515.00,584.00,1.589,-15.621
2026-04-01T14:27:24.195Z,106.626,pi:0,bottle,0.8793,404.00,201.00,514.00,583.00,1.597,-15.621
2026-04-01T14:27:24.235Z,106.666,pi:0,bottle,0.8720,404.00,202.00,515.00,584.00,1.597,-15.606
2026-04-01T14:27:24.308Z,106.739,pi:0,bottle,0.8757,404.00,200.00,514.00,584.00,1.589,-15.621
2026-04-01T14:27:24.351Z,106.782,pi:0,bottle,0.8793,403.00,204.00,514.00,583.00,1.610,-15.636
2026-04-01T14:27:24.408Z,106.839,pi:0,bottle,0.8720,403.00,204.00,515.00,584.00,1.605,-15.621
2026-04-01T14:27:24.448Z,106.879,pi:0,bottle,0.8720,403.00,200.00,514.00,583.00,1.593,-15.636
2026-04-01T14:27:24.497Z,106.928,pi:0,bottle,0.8684,403.00,203.00,515.00,584.00,1.601,-15.621
2026-04-01T14:27:24.546Z,106.976,pi:0,bottle,0.8684,403.00,202.00,514.00,584.00,1.597,-15.636
2026-04-01T14:27:24.620Z,107.051,pi:0,bottle,0.8575,404.00,202.00,515.00,584.00,1.597,-15.606
2026-04-01T14:27:24.663Z,107.094,pi:0,bottle,0.8757,404.00,201.00,515.00,584.00,1.593,-15.606
2026-04-01T14:27:24.711Z,107.142,pi:0,bottle,0.8648,403.00,201.00,514.00,586.00,1.585,-15.636
2026-04-01T14:27:24.771Z,107.202,pi:0,bottle,0.8757,403.00,202.00,515.00,583.00,1.601,-15.621
2026-04-01T14:27:24.812Z,107.243,pi:0,bottle,0.8720,403.00,202.00,515.00,584.00,1.597,-15.621
2026-04-01T14:27:24.863Z,107.294,pi:0,bottle,0.8684,403.00,202.00,515.00,583.00,1.601,-15.621
2026-04-01T14:27:24.919Z,107.350,pi:0,bottle,0.8793,403.00,203.00,515.00,584.00,1.601,-15.621
2026-04-01T14:27:24.966Z,107.397,pi:0,bottle,0.8793,404.00,205.00,514.00,583.00,1.614,-15.621
2026-04-01T14:27:25.026Z,107.457,pi:0,bottle,0.8757,403.00,201.00,514.00,584.00,1.593,-15.636
2026-04-01T14:27:25.069Z,107.499,pi:0,bottle,0.8684,404.00,204.00,514.00,584.00,1.605,-15.621
2026-04-01T14:27:25.129Z,107.559,pi:0,bottle,0.8684,403.00,201.00,514.00,584.00,1.593,-15.636
2026-04-01T14:27:25.169Z,107.600,pi:0,bottle,0.8648,404.00,204.00,515.00,584.00,1.605,-15.606
2026-04-01T14:27:25.223Z,107.654,pi:0,bottle,0.8757,403.00,203.00,515.00,584.00,1.601,-15.621
2026-04-01T14:27:25.278Z,107.709,pi:0,bottle,0.8793,403.00,201.00,515.00,584.00,1.593,-15.621
2026-04-01T14:27:25.340Z,107.771,pi:0,bottle,0.8720,403.00,202.00,515.00,583.00,1.601,-15.621
2026-04-01T14:27:25.397Z,107.828,pi:0,bottle,0.8793,403.00,204.00,515.00,584.00,1.605,-15.621
2026-04-01T14:27:25.450Z,107.881,pi:0,bottle,0.8684,403.00,200.00,514.00,583.00,1.593,-15.636
2026-04-01T14:27:25.485Z,107.916,pi:0,bottle,0.8502,403.00,199.00,515.00,586.00,1.576,-15.621
2026-04-01T14:27:25.538Z,107.969,pi:0,bottle,0.8720,404.00,201.00,514.00,585.00,1.589,-15.621
2026-04-01T14:27:25.596Z,108.027,pi:0,bottle,0.8793,404.00,201.00,514.00,584.00,1.593,-15.621
2026-04-01T14:27:25.646Z,108.076,pi:0,bottle,0.8793,404.00,202.00,515.00,583.00,1.601,-15.606
2026-04-01T14:27:25.711Z,108.142,pi:0,bottle,0.8502,404.00,201.00,515.00,584.00,1.593,-15.606
2026-04-01T14:27:25.783Z,108.214,pi:0,bottle,0.8684,403.00,201.00,514.00,583.00,1.597,-15.636
2026-04-01T14:27:25.875Z,108.306,pi:0,bottle,0.8684,403.00,201.00,515.00,583.00,1.597,-15.621
2026-04-01T14:27:25.938Z,108.369,pi:0,bottle,0.8684,403.00,202.00,515.00,584.00,1.597,-15.621
2026-04-01T14:27:26.009Z,108.440,pi:0,bottle,0.8684,404.00,201.00,515.00,584.00,1.593,-15.606
2026-04-01T14:27:26.049Z,108.480,pi:0,bottle,0.8684,403.00,202.00,515.00,584.00,1.597,-15.621
2026-04-01T14:27:26.103Z,108.533,pi:0,bottle,0.8757,404.00,201.00,515.00,584.00,1.593,-15.606
2026-04-01T14:27:26.155Z,108.586,pi:0,bottle,0.8757,404.00,203.00,514.00,584.00,1.601,-15.621
2026-04-01T14:27:26.215Z,108.646,pi:0,bottle,0.8757,403.00,201.00,514.00,583.00,1.597,-15.636
2026-04-01T14:27:26.267Z,108.697,pi:0,bottle,0.8757,403.00,202.00,514.00,584.00,1.597,-15.636
2026-04-01T14:27:26.320Z,108.751,pi:0,bottle,0.8720,403.00,204.00,515.00,584.00,1.605,-15.621
2026-04-01T14:27:26.373Z,108.804,pi:0,bottle,0.8757,403.00,202.00,514.00,583.00,1.601,-15.636
2026-04-01T14:27:26.431Z,108.861,pi:0,bottle,0.8720,403.00,200.00,515.00,584.00,1.589,-15.621
2026-04-01T14:27:26.481Z,108.912,pi:0,bottle,0.8575,404.00,199.00,514.00,584.00,1.585,-15.621
2026-04-01T14:27:26.528Z,108.959,pi:0,bottle,0.8539,403.00,198.00,514.00,583.00,1.585,-15.636
2026-04-01T14:27:26.577Z,109.008,pi:0,bottle,0.8720,403.00,201.00,514.00,584.00,1.593,-15.636
2026-04-01T14:27:26.636Z,109.067,pi:0,bottle,0.8611,403.00,201.00,515.00,584.00,1.593,-15.621
2026-04-01T14:27:26.685Z,109.116,pi:0,bottle,0.8793,403.00,201.00,515.00,584.00,1.593,-15.621
2026-04-01T14:27:26.739Z,109.170,pi:0,bottle,0.8684,403.00,200.00,514.00,584.00,1.589,-15.636
2026-04-01T14:27:26.788Z,109.219,pi:0,bottle,0.8648,403.00,204.00,514.00,585.00,1.601,-15.636
2026-04-01T14:27:26.845Z,109.276,pi:0,bottle,0.8793,403.00,202.00,515.00,584.00,1.597,-15.621
2026-04-01T14:27:26.887Z,109.318,pi:0,bottle,0.8648,403.00,201.00,514.00,584.00,1.593,-15.636
2026-04-01T14:27:26.939Z,109.370,pi:0,bottle,0.8757,403.00,201.00,515.00,583.00,1.597,-15.621
2026-04-01T14:27:26.999Z,109.430,pi:0,bottle,0.8757,403.00,202.00,515.00,583.00,1.601,-15.621
2026-04-01T14:27:27.060Z,109.491,pi:0,bottle,0.8648,403.00,203.00,514.00,585.00,1.597,-15.636
2026-04-01T14:27:27.105Z,109.536,pi:0,bottle,0.8648,403.00,201.00,515.00,584.00,1.593,-15.621
2026-04-01T14:27:27.168Z,109.598,pi:0,bottle,0.8793,403.00,201.00,514.00,584.00,1.593,-15.636
2026-04-01T14:27:27.212Z,109.643,pi:0,bottle,0.8720,403.00,201.00,515.00,584.00,1.593,-15.621
2026-04-01T14:27:27.275Z,109.706,pi:0,bottle,0.8793,403.00,203.00,514.00,584.00,1.601,-15.636
2026-04-01T14:27:27.333Z,109.764,pi:0,bottle,0.8793,403.00,201.00,515.00,583.00,1.597,-15.621
2026-04-01T14:27:27.378Z,109.809,pi:0,bottle,0.8611,404.00,198.00,515.00,584.00,1.580,-15.606
2026-04-01T14:27:27.431Z,109.862,pi:0,bottle,0.8684,404.00,202.00,514.00,584.00,1.597,-15.621
2026-04-01T14:27:27.483Z,109.914,pi:0,bottle,0.8611,403.00,198.00,514.00,584.00,1.580,-15.636
2026-04-01T14:27:27.527Z,109.958,pi:0,bottle,0.8720,403.00,198.00,514.00,584.00,1.580,-15.636
2026-04-01T14:27:27.585Z,110.016,pi:0,bottle,0.8757,403.00,200.00,514.00,584.00,1.589,-15.636
2026-04-01T14:27:27.634Z,110.065,pi:0,bottle,0.8648,403.00,202.00,515.00,584.00,1.597,-15.621
2026-04-01T14:27:27.695Z,110.125,pi:0,bottle,0.8648,403.00,200.00,515.00,584.00,1.589,-15.621
2026-04-01T14:27:27.734Z,110.165,pi:0,bottle,0.8611,403.00,199.00,515.00,584.00,1.585,-15.621
2026-04-01T14:27:27.782Z,110.213,pi:0,bottle,0.8757,404.00,201.00,514.00,584.00,1.593,-15.621
2026-04-01T14:27:27.849Z,110.280,pi:0,bottle,0.8720,403.00,201.00,514.00,584.00,1.593,-15.636
2026-04-01T14:27:27.913Z,110.344,pi:0,bottle,0.8793,403.00,202.00,514.00,583.00,1.601,-15.636
2026-04-01T14:27:27.941Z,110.371,pi:0,bottle,0.8793,403.00,203.00,514.00,583.00,1.605,-15.636
2026-04-01T14:27:28.003Z,110.434,pi:0,bottle,0.8793,404.00,201.00,515.00,583.00,1.597,-15.606
2026-04-01T14:27:28.049Z,110.480,pi:0,bottle,0.8611,403.00,202.00,515.00,584.00,1.597,-15.621
2026-04-01T14:27:28.109Z,110.540,pi:0,bottle,0.8648,403.00,202.00,515.00,584.00,1.597,-15.621
2026-04-01T14:27:28.158Z,110.589,pi:0,bottle,0.8757,403.00,204.00,514.00,584.00,1.605,-15.636
2026-04-01T14:27:28.203Z,110.634,pi:0,bottle,0.8720,403.00,202.00,514.00,583.00,1.601,-15.636
2026-04-01T14:27:28.263Z,110.694,pi:0,bottle,0.8757,404.00,201.00,515.00,584.00,1.593,-15.606
2026-04-01T14:27:28.315Z,110.746,pi:0,bottle,0.8793,403.00,203.00,515.00,583.00,1.605,-15.621
2026-04-01T14:27:28.367Z,110.798,pi:0,bottle,0.8793,403.00,202.00,514.00,583.00,1.601,-15.636
2026-04-01T14:27:28.418Z,110.849,pi:0,bottle,0.8720,404.00,202.00,515.00,583.00,1.601,-15.606
2026-04-01T14:27:28.470Z,110.900,pi:0,bottle,0.8757,404.00,203.00,514.00,584.00,1.601,-15.621
2026-04-01T14:27:28.536Z,110.966,pi:0,bottle,0.8720,403.00,204.00,515.00,583.00,1.610,-15.621
2026-04-01T14:27:28.576Z,111.007,pi:0,bottle,0.8793,403.00,202.00,515.00,583.00,1.601,-15.621
2026-04-01T14:27:28.633Z,111.064,pi:0,bottle,0.8757,403.00,200.00,515.00,584.00,1.589,-15.621
2026-04-01T14:27:28.682Z,111.113,pi:0,bottle,0.8575,403.00,202.00,514.00,584.00,1.597,-15.636
2026-04-01T14:27:28.734Z,111.165,pi:0,bottle,0.8684,403.00,201.00,515.00,583.00,1.597,-15.621
2026-04-01T14:27:28.789Z,111.220,pi:0,bottle,0.8720,403.00,200.00,515.00,582.00,1.597,-15.621
2026-04-01T14:27:28.837Z,111.268,pi:0,bottle,0.8575,403.00,199.00,515.00,583.00,1.589,-15.621
2026-04-01T14:27:28.887Z,111.318,pi:0,bottle,0.8684,403.00,201.00,514.00,584.00,1.593,-15.636
2026-04-01T14:27:28.970Z,111.401,pi:0,bottle,0.8502,403.00,200.00,514.00,585.00,1.585,-15.636
2026-04-01T14:27:29.035Z,111.466,pi:0,bottle,0.8502,403.00,200.00,514.00,584.00,1.589,-15.636
2026-04-01T14:27:29.086Z,111.517,pi:0,bottle,0.8829,404.00,204.00,515.00,584.00,1.605,-15.606
2026-04-01T14:27:29.156Z,111.587,pi:0,bottle,0.8684,403.00,199.00,515.00,583.00,1.589,-15.621
2026-04-01T14:27:29.231Z,111.662,pi:0,bottle,0.8793,404.00,204.00,514.00,584.00,1.605,-15.621
2026-04-01T14:27:29.281Z,111.712,pi:0,bottle,0.8757,403.00,203.00,514.00,584.00,1.601,-15.636
2026-04-01T14:27:29.329Z,111.760,pi:0,bottle,0.8793,403.00,204.00,514.00,583.00,1.610,-15.636
2026-04-01T14:27:29.388Z,111.819,pi:0,bottle,0.8720,404.00,201.00,514.00,584.00,1.593,-15.621
2026-04-01T14:27:29.442Z,111.873,pi:0,bottle,0.8793,403.00,203.00,515.00,584.00,1.601,-15.621
2026-04-01T14:27:29.496Z,111.927,pi:0,bottle,0.8757,403.00,200.00,514.00,584.00,1.589,-15.636
2026-04-01T14:27:29.558Z,111.989,pi:0,bottle,0.8684,404.00,202.00,514.00,584.00,1.597,-15.621
2026-04-01T14:27:29.611Z,112.042,pi:0,bottle,0.8793,404.00,202.00,514.00,585.00,1.593,-15.621
2026-04-01T14:27:29.662Z,112.093,pi:0,bottle,0.8575,403.00,201.00,515.00,584.00,1.593,-15.621
2026-04-01T14:27:29.711Z,112.141,pi:0,bottle,0.8648,403.00,201.00,515.00,584.00,1.593,-15.621
2026-04-01T14:27:29.772Z,112.203,pi:0,bottle,0.8684,403.00,204.00,515.00,583.00,1.610,-15.621
2026-04-01T14:27:29.825Z,112.256,pi:0,bottle,0.8575,404.00,203.00,514.00,584.00,1.601,-15.621
2026-04-01T14:27:29.883Z,112.314,pi:0,bottle,0.8720,403.00,200.00,515.00,584.00,1.589,-15.621
2026-04-01T14:27:29.926Z,112.357,pi:0,bottle,0.8720,403.00,200.00,514.00,583.00,1.593,-15.636
2026-04-01T14:27:29.976Z,112.406,pi:0,bottle,0.8757,403.00,202.00,515.00,583.00,1.601,-15.621
2026-04-01T14:27:30.031Z,112.462,pi:0,bottle,0.8793,404.00,203.00,514.00,584.00,1.601,-15.621
2026-04-01T14:27:30.083Z,112.514,pi:0,bottle,0.8648,403.00,201.00,515.00,584.00,1.593,-15.621
2026-04-01T14:27:30.126Z,112.557,pi:0,bottle,0.8720,403.00,198.00,514.00,584.00,1.580,-15.636
2026-04-01T14:27:30.178Z,112.609,pi:0,bottle,0.8648,404.00,201.00,515.00,584.00,1.593,-15.606
2026-04-01T14:27:30.236Z,112.667,pi:0,bottle,0.8793,404.00,201.00,515.00,583.00,1.597,-15.606
2026-04-01T14:27:30.283Z,112.713,pi:0,bottle,0.8793,403.00,201.00,515.00,584.00,1.593,-15.621
2026-04-01T14:27:30.340Z,112.771,pi:0,bottle,0.8757,403.00,202.00,515.00,584.00,1.597,-15.621
2026-04-01T14:27:30.388Z,112.819,pi:0,bottle,0.8829,403.00,200.00,515.00,583.00,1.593,-15.621
2026-04-01T14:27:30.439Z,112.870,pi:0,bottle,0.8684,404.00,202.00,515.00,584.00,1.597,-15.606
2026-04-01T14:27:30.493Z,112.924,pi:0,bottle,0.8793,403.00,203.00,514.00,583.00,1.605,-15.636
2026-04-01T14:27:30.554Z,112.985,pi:0,bottle,0.8829,403.00,200.00,515.00,583.00,1.593,-15.621
2026-04-01T14:27:30.604Z,113.035,pi:0,bottle,0.8757,403.00,201.00,515.00,584.00,1.593,-15.621
2026-04-01T14:27:30.663Z,113.097,pi:0,bottle,0.8648,403.00,202.00,515.00,584.00,1.597,-15.621
2026-04-01T14:27:30.718Z,113.149,pi:0,bottle,0.8793,403.00,202.00,515.00,584.00,1.597,-15.621
2026-04-01T14:27:30.774Z,113.205,pi:0,bottle,0.8357,404.00,199.00,514.00,585.00,1.580,-15.621
2026-04-01T14:27:30.820Z,113.251,pi:0,bottle,0.8648,403.00,203.00,515.00,584.00,1.601,-15.621
2026-04-01T14:27:30.885Z,113.316,pi:0,bottle,0.8757,402.00,203.00,515.00,584.00,1.601,-15.636
2026-04-01T14:27:30.931Z,113.361,pi:0,bottle,0.8829,403.00,203.00,515.00,584.00,1.601,-15.621
2026-04-01T14:27:31.003Z,113.434,pi:0,bottle,0.8975,403.00,211.00,514.00,584.00,1.636,-15.636
2026-04-01T14:27:31.050Z,113.480,pi:0,bottle,0.8684,403.00,224.00,515.00,584.00,1.695,-15.621
2026-04-01T14:27:31.102Z,113.533,pi:0,bottle,0.7812,403.00,244.00,516.00,584.00,1.794,-15.606
2026-04-01T14:27:31.143Z,113.574,pi:0,bottle,0.7049,403.00,249.00,518.00,585.00,1.816,-15.575
2026-04-01T14:27:31.143Z,113.574,pi:0,bottle,0.5050,399.00,126.00,515.00,587.00,1.323,-15.681
2026-04-01T14:27:31.202Z,113.633,pi:0,bottle,0.6613,406.00,264.00,517.00,585.00,1.900,-15.545
2026-04-01T14:27:31.202Z,113.633,pi:0,bottle,0.3561,400.00,99.00,516.00,589.00,1.245,-15.651
2026-04-01T14:27:31.256Z,113.687,pi:0,bottle,0.6685,403.00,205.00,521.00,584.00,1.610,-15.530
2026-04-01T14:27:31.256Z,113.687,pi:0,bottle,0.4360,387.00,72.00,517.00,584.00,1.192,-15.833
2026-04-01T14:27:31.309Z,113.740,pi:0,bottle,0.7630,406.00,203.00,519.00,585.00,1.597,-15.515
2026-04-01T14:27:31.309Z,113.740,pi:0,bottle,0.4396,398.00,72.00,518.00,585.00,1.189,-15.651
2026-04-01T14:27:31.378Z,113.809,pi:0,bottle,0.7485,404.00,203.00,519.00,584.00,1.601,-15.545
2026-04-01T14:27:31.378Z,113.809,pi:0,bottle,0.3924,397.00,73.00,517.00,587.00,1.187,-15.681
2026-04-01T14:27:31.419Z,113.850,pi:0,bottle,0.7776,405.00,206.00,518.00,584.00,1.614,-15.545
2026-04-01T14:27:31.480Z,113.911,pi:0,bottle,0.8066,406.00,207.00,522.00,585.00,1.614,-15.469
2026-04-01T14:27:31.527Z,113.958,pi:0,bottle,0.7921,406.00,208.00,519.00,585.00,1.618,-15.515
2026-04-01T14:27:31.579Z,114.010,pi:0,bottle,0.7703,405.00,205.00,517.00,583.00,1.614,-15.560
2026-04-01T14:27:31.634Z,114.065,pi:0,bottle,0.7303,388.00,81.00,506.00,582.00,1.218,-15.984
2026-04-01T14:27:31.684Z,114.115,pi:0,bottle,0.5632,367.00,80.00,490.00,564.00,1.260,-16.541
2026-04-01T14:27:31.739Z,114.170,pi:0,bottle,0.7049,353.00,75.00,484.00,557.00,1.266,-16.840
2026-04-01T14:27:31.794Z,114.224,pi:0,bottle,0.3016,312.00,134.00,437.00,533.00,1.529,-18.147
2026-04-01T14:27:36.951Z,119.382,pi:0,bottle,0.6395,1554.00,168.00,1709.00,609.00,1.383,21.245
2026-04-01T14:27:37.007Z,119.438,pi:0,bottle,0.7303,1563.00,176.00,1714.00,619.00,1.377,21.444
2026-04-01T14:27:37.072Z,119.503,pi:0,bottle,0.7376,1586.00,206.00,1726.00,641.00,1.402,21.937
2026-04-01T14:27:37.128Z,119.558,pi:0,bottle,0.8757,1597.00,223.00,1736.00,649.00,1.432,22.232
2026-04-01T14:27:37.159Z,119.590,pi:0,bottle,0.8466,1598.00,233.00,1741.00,650.00,1.463,22.315
2026-04-01T14:27:37.227Z,119.658,pi:0,bottle,0.7921,1603.00,245.00,1751.00,655.00,1.488,22.525
2026-04-01T14:27:37.279Z,119.710,pi:0,bottle,0.8212,1609.00,251.00,1758.00,652.00,1.521,22.706
2026-04-01T14:27:37.334Z,119.765,pi:0,bottle,0.8284,1614.00,256.00,1767.00,655.00,1.529,22.900
2026-04-01T14:27:37.388Z,119.819,pi:0,bottle,0.8430,1614.00,255.00,1770.00,659.00,1.510,22.941
2026-04-01T14:27:37.442Z,119.873,pi:0,bottle,0.8648,1626.00,258.00,1772.00,667.00,1.492,23.135
2026-04-01T14:27:37.500Z,119.931,pi:0,bottle,0.6867,1632.00,261.00,1779.00,670.00,1.492,23.314
2026-04-01T14:27:37.542Z,119.973,pi:0,bottle,0.5341,1634.00,264.00,1785.00,670.00,1.503,23.424
2026-04-01T14:27:37.605Z,120.036,pi:0,bottle,0.6685,1637.00,263.00,1787.00,671.00,1.495,23.493
2026-04-01T14:27:37.650Z,120.081,pi:0,bottle,0.6322,1638.00,283.00,1784.00,673.00,1.564,23.466
2026-04-01T14:27:37.705Z,120.136,pi:0,bottle,0.8175,1641.00,277.00,1786.00,672.00,1.544,23.534
2026-04-01T14:27:37.754Z,120.185,pi:0,bottle,0.8502,1646.00,283.00,1789.00,675.00,1.556,23.644
2026-04-01T14:27:37.801Z,120.232,pi:0,bottle,0.8539,1654.00,274.00,1794.00,691.00,1.463,23.822
2026-04-01T14:27:37.861Z,120.292,pi:0,bottle,0.8066,1667.00,258.00,1804.00,696.00,1.393,24.136
2026-04-01T14:27:37.911Z,120.342,pi:0,bottle,0.7630,1670.00,255.00,1810.00,701.00,1.368,24.258
2026-04-01T14:27:37.963Z,120.394,pi:0,bottle,0.8175,1684.00,258.00,1826.00,702.00,1.374,24.664
2026-04-01T14:27:38.021Z,120.452,pi:0,bottle,0.7885,1687.00,256.00,1836.00,691.00,1.402,24.839
2026-04-01T14:27:38.070Z,120.500,pi:0,bottle,0.8793,1711.00,249.00,1851.00,672.00,1.442,25.361
2026-04-01T14:27:38.110Z,120.541,pi:0,bottle,0.8829,1723.00,232.00,1870.00,663.00,1.415,25.773
2026-04-01T14:27:38.181Z,120.612,pi:0,bottle,0.8321,1735.00,228.00,1873.00,661.00,1.409,25.971
2026-04-01T14:27:38.225Z,120.656,pi:0,bottle,0.7703,1740.00,222.00,1883.00,656.00,1.406,26.169
2026-04-01T14:27:38.225Z,120.656,pi:0,bottle,0.2907,1858.00,165.00,1920.00,501.00,1.816,28.172
2026-04-01T14:27:38.285Z,120.716,pi:0,bottle,0.7594,1744.00,217.00,1889.00,645.00,1.425,26.300
2026-04-01T14:27:38.285Z,120.716,pi:0,bottle,0.2870,1857.00,169.00,1920.00,501.00,1.837,28.159
2026-04-01T14:27:38.336Z,120.767,pi:0,bottle,0.7667,1748.00,218.00,1892.00,643.00,1.435,26.392
2026-04-01T14:27:38.386Z,120.817,pi:0,bottle,0.7485,1750.00,214.00,1895.00,640.00,1.432,26.458
2026-04-01T14:27:38.442Z,120.873,pi:0,bottle,0.7558,1750.00,213.00,1896.00,639.00,1.432,26.471
2026-04-01T14:27:38.496Z,120.927,pi:0,bottle,0.7667,1752.00,215.00,1896.00,640.00,1.435,26.497
2026-04-01T14:27:38.549Z,120.980,pi:0,bottle,0.7994,1755.00,214.00,1898.00,642.00,1.425,26.562
2026-04-01T14:27:38.605Z,121.035,pi:0,bottle,0.7957,1755.00,214.00,1898.00,641.00,1.429,26.562
2026-04-01T14:27:38.656Z,121.087,pi:0,bottle,0.8212,1757.00,213.00,1899.00,642.00,1.422,26.602
2026-04-01T14:27:38.725Z,121.155,pi:0,bottle,0.8248,1758.00,213.00,1901.00,643.00,1.419,26.641
2026-04-01T14:27:38.771Z,121.202,pi:0,bottle,0.8321,1757.00,212.00,1902.00,642.00,1.419,26.641
2026-04-01T14:27:38.821Z,121.251,pi:0,bottle,0.8321,1758.00,212.00,1902.00,643.00,1.415,26.654
2026-04-01T14:27:38.878Z,121.309,pi:0,bottle,0.7957,1756.00,213.00,1902.00,643.00,1.419,26.628
2026-04-01T14:27:38.927Z,121.363,pi:0,bottle,0.8066,1758.00,212.00,1902.00,642.00,1.419,26.654
2026-04-01T14:27:38.988Z,121.419,pi:0,bottle,0.8175,1758.00,211.00,1902.00,640.00,1.422,26.654
2026-04-01T14:27:39.033Z,121.463,pi:0,bottle,0.8248,1756.00,211.00,1901.00,641.00,1.419,26.615
2026-04-01T14:27:39.093Z,121.524,pi:0,bottle,0.8030,1756.00,210.00,1902.00,640.00,1.419,26.628
2026-04-01T14:27:39.145Z,121.576,pi:0,bottle,0.8175,1758.00,208.00,1901.00,639.00,1.415,26.641
2026-04-01T14:27:39.198Z,121.629,pi:0,bottle,0.8502,1758.00,208.00,1902.00,637.00,1.422,26.654
2026-04-01T14:27:39.249Z,121.680,pi:0,bottle,0.8575,1761.00,207.00,1903.00,636.00,1.422,26.706
2026-04-01T14:27:39.293Z,121.724,pi:0,bottle,0.8502,1762.00,206.00,1906.00,637.00,1.415,26.758
2026-04-01T14:27:39.382Z,121.813,pi:0,bottle,0.8502,1763.00,205.00,1907.00,636.00,1.415,26.784
2026-04-01T14:27:39.461Z,121.892,pi:0,bottle,0.8575,1765.00,205.00,1909.00,635.00,1.419,26.836
2026-04-01T14:27:39.537Z,121.968,pi:0,bottle,0.8611,1770.00,204.00,1908.00,635.00,1.415,26.888
2026-04-01T14:27:39.594Z,122.025,pi:0,bottle,0.8648,1769.00,204.00,1908.00,632.00,1.425,26.875
2026-04-01T14:27:39.642Z,122.073,pi:0,bottle,0.8720,1768.00,203.00,1908.00,634.00,1.415,26.862
2026-04-01T14:27:39.687Z,122.117,pi:0,bottle,0.8757,1768.00,204.00,1908.00,633.00,1.422,26.862
2026-04-01T14:27:39.741Z,122.172,pi:0,bottle,0.8866,1769.00,202.00,1908.00,632.00,1.419,26.875
2026-04-01T14:27:39.799Z,122.230,pi:0,bottle,0.8829,1768.00,201.00,1910.00,624.00,1.442,26.888
2026-04-01T14:27:39.843Z,122.273,pi:0,bottle,0.8829,1772.00,200.00,1910.00,625.00,1.435,26.940
2026-04-01T14:27:39.890Z,122.321,pi:0,bottle,0.8793,1774.00,201.00,1916.00,623.00,1.446,27.044
2026-04-01T14:27:39.942Z,122.373,pi:0,bottle,0.8793,1779.00,199.00,1918.00,620.00,1.449,27.134
2026-04-01T14:27:40.003Z,122.434,pi:0,bottle,0.8684,1780.00,199.00,1917.00,619.00,1.452,27.134
2026-04-01T14:27:40.060Z,122.491,pi:0,bottle,0.8648,1781.00,199.00,1917.00,622.00,1.442,27.147
2026-04-01T14:27:40.118Z,122.549,pi:0,bottle,0.8139,1781.00,199.00,1917.00,621.00,1.446,27.147
2026-04-01T14:27:40.159Z,122.590,pi:0,bottle,0.8175,1783.00,198.00,1917.00,623.00,1.435,27.173
2026-04-01T14:27:40.214Z,122.645,pi:0,bottle,0.8175,1783.00,199.00,1918.00,622.00,1.442,27.186
2026-04-01T14:27:40.296Z,122.727,pi:0,bottle,0.8066,1783.00,199.00,1918.00,622.00,1.442,27.186
2026-04-01T14:27:40.355Z,122.785,pi:0,bottle,0.8139,1784.00,198.00,1918.00,621.00,1.442,27.199
2026-04-01T14:27:40.411Z,122.841,pi:0,bottle,0.8103,1784.00,196.00,1918.00,620.00,1.439,27.199
2026-04-01T14:27:40.456Z,122.887,pi:0,bottle,0.7994,1785.00,192.00,1918.00,621.00,1.422,27.212
2026-04-01T14:27:40.507Z,122.938,pi:0,bottle,0.7848,1786.00,191.00,1918.00,620.00,1.422,27.225
2026-04-01T14:27:40.562Z,122.993,pi:0,bottle,0.8030,1786.00,192.00,1918.00,620.00,1.425,27.225
2026-04-01T14:27:40.611Z,123.042,pi:0,bottle,0.8284,1787.00,191.00,1918.00,620.00,1.422,27.238
2026-04-01T14:27:40.672Z,123.102,pi:0,bottle,0.8393,1789.00,192.00,1917.00,618.00,1.432,27.251
2026-04-01T14:27:40.725Z,123.156,pi:0,bottle,0.7885,1796.00,188.00,1922.00,615.00,1.429,27.405
2026-04-01T14:27:40.771Z,123.202,pi:0,bottle,0.7739,1799.00,187.00,1922.00,613.00,1.432,27.444
2026-04-01T14:27:40.827Z,123.258,pi:0,bottle,0.7885,1807.00,182.00,1921.00,605.00,1.442,27.534
2026-04-01T14:27:40.892Z,123.323,pi:0,bottle,0.7703,1810.00,179.00,1921.00,603.00,1.439,27.572
2026-04-01T14:27:40.929Z,123.360,pi:0,bottle,0.8030,1816.00,179.00,1920.00,600.00,1.449,27.636
2026-04-01T14:27:40.984Z,123.415,pi:0,bottle,0.7885,1819.00,178.00,1921.00,599.00,1.449,27.688
2026-04-01T14:27:41.040Z,123.471,pi:0,bottle,0.8066,1826.00,174.00,1921.00,600.00,1.432,27.777
2026-04-01T14:27:41.094Z,123.525,pi:0,bottle,0.7667,1825.00,173.00,1921.00,598.00,1.435,27.765
2026-04-01T14:27:41.143Z,123.574,pi:0,bottle,0.7957,1827.00,173.00,1921.00,601.00,1.425,27.790
2026-04-01T14:27:41.205Z,123.636,pi:0,bottle,0.7776,1827.00,173.00,1921.00,600.00,1.429,27.790
2026-04-01T14:27:41.257Z,123.688,pi:0,bottle,0.7812,1828.00,175.00,1921.00,602.00,1.429,27.803
2026-04-01T14:27:41.315Z,123.746,pi:0,bottle,0.7848,1829.00,174.00,1921.00,601.00,1.429,27.816
2026-04-01T14:27:41.358Z,123.789,pi:0,bottle,0.7848,1830.00,175.00,1921.00,603.00,1.425,27.828
2026-04-01T14:27:41.412Z,123.843,pi:0,bottle,0.7776,1829.00,175.00,1921.00,602.00,1.429,27.816
2026-04-01T14:27:41.471Z,123.902,pi:0,bottle,0.7994,1831.00,173.00,1921.00,599.00,1.432,27.841
2026-04-01T14:27:41.522Z,123.953,pi:0,bottle,0.7994,1833.00,173.00,1921.00,598.00,1.435,27.867
2026-04-01T14:27:41.572Z,124.003,pi:0,bottle,0.8030,1834.00,172.00,1921.00,598.00,1.432,27.879
2026-04-01T14:27:41.629Z,124.060,pi:0,bottle,0.7957,1836.00,173.00,1921.00,597.00,1.439,27.905
2026-04-01T14:27:41.713Z,124.144,pi:0,bottle,0.7848,1837.00,173.00,1921.00,597.00,1.439,27.918
2026-04-01T14:27:41.766Z,124.197,pi:0,bottle,0.7630,1840.00,173.00,1921.00,600.00,1.429,27.956
2026-04-01T14:27:41.834Z,124.264,pi:0,bottle,0.7521,1838.00,175.00,1921.00,599.00,1.439,27.930
2026-04-01T14:27:41.899Z,124.330,pi:0,bottle,0.8321,1838.00,176.00,1921.00,602.00,1.432,27.930
2026-04-01T14:27:41.952Z,124.383,pi:0,bottle,0.8248,1838.00,175.00,1922.00,607.00,1.412,27.943
2026-04-01T14:27:42.011Z,124.442,pi:0,bottle,0.7921,1837.00,177.00,1921.00,610.00,1.409,27.918
2026-04-01T14:27:42.061Z,124.492,pi:0,bottle,0.7776,1836.00,178.00,1921.00,612.00,1.406,27.905
2026-04-01T14:27:42.115Z,124.546,pi:0,bottle,0.6903,1836.00,178.00,1921.00,612.00,1.406,27.905
2026-04-01T14:27:42.171Z,124.602,pi:0,bottle,0.7085,1836.00,178.00,1922.00,613.00,1.402,27.918
2026-04-01T14:27:42.212Z,124.643,pi:0,bottle,0.7667,1834.00,178.00,1921.00,611.00,1.409,27.879
2026-04-01T14:27:42.269Z,124.699,pi:0,bottle,0.7376,1834.00,178.00,1921.00,612.00,1.406,27.879
2026-04-01T14:27:42.322Z,124.752,pi:0,bottle,0.7776,1832.00,180.00,1922.00,615.00,1.402,27.867
2026-04-01T14:27:42.369Z,124.800,pi:0,bottle,0.7739,1831.00,185.00,1922.00,618.00,1.409,27.854
2026-04-01T14:27:42.438Z,124.868,pi:0,bottle,0.8248,1827.00,192.00,1921.00,619.00,1.429,27.790
2026-04-01T14:27:42.505Z,124.936,pi:0,bottle,0.8248,1820.00,200.00,1918.00,626.00,1.432,27.662
2026-04-01T14:27:42.601Z,125.031,pi:0,bottle,0.8103,1808.00,207.00,1917.00,638.00,1.415,27.495
2026-04-01T14:27:42.665Z,125.096,pi:0,bottle,0.7776,1797.00,214.00,1917.00,636.00,1.446,27.354
2026-04-01T14:27:42.731Z,125.162,pi:0,bottle,0.7376,1785.00,224.00,1917.00,647.00,1.442,27.199
2026-04-01T14:27:42.762Z,125.193,pi:0,bottle,0.8466,1762.00,238.00,1906.00,667.00,1.422,26.758
2026-04-01T14:27:42.869Z,125.300,pi:0,bottle,0.8393,1754.00,248.00,1898.00,671.00,1.442,26.549
2026-04-01T14:27:42.926Z,125.357,pi:0,bottle,0.8866,1739.00,253.00,1884.00,681.00,1.425,26.169
2026-04-01T14:27:42.975Z,125.406,pi:0,bottle,0.8866,1738.00,249.00,1882.00,682.00,1.409,26.130
2026-04-01T14:27:43.059Z,125.490,pi:0,bottle,0.8757,1734.00,248.00,1878.00,681.00,1.409,26.024
2026-04-01T14:27:43.098Z,125.529,pi:0,bottle,0.8648,1735.00,250.00,1876.00,679.00,1.422,26.011
2026-04-01T14:27:43.162Z,125.593,pi:0,bottle,0.8684,1734.00,247.00,1874.00,681.00,1.406,25.971
2026-04-01T14:27:43.195Z,125.626,pi:0,bottle,0.8611,1730.00,247.00,1872.00,681.00,1.406,25.892
2026-04-01T14:27:43.233Z,125.664,pi:0,bottle,0.8720,1731.00,244.00,1873.00,679.00,1.402,25.919
2026-04-01T14:27:43.266Z,125.696,pi:0,bottle,0.8430,1729.00,243.00,1872.00,677.00,1.406,25.879
2026-04-01T14:27:43.318Z,125.749,pi:0,bottle,0.8829,1726.00,242.00,1869.00,678.00,1.399,25.800
2026-04-01T14:27:43.356Z,125.787,pi:0,bottle,0.8866,1724.00,231.00,1867.00,678.00,1.365,25.747
2026-04-01T14:27:43.413Z,125.844,pi:0,bottle,0.8975,1722.00,226.00,1867.00,670.00,1.374,25.720
2026-04-01T14:27:43.461Z,125.891,pi:0,bottle,0.8866,1716.00,208.00,1862.00,653.00,1.371,25.574
2026-04-01T14:27:43.507Z,125.938,pi:0,bottle,0.8502,1715.00,202.00,1861.00,646.00,1.374,25.548
2026-04-01T14:27:43.568Z,125.999,pi:0,bottle,0.8575,1705.00,176.00,1860.00,627.00,1.353,25.401
2026-04-01T14:27:43.610Z,126.041,pi:0,bottle,0.7739,1701.00,151.00,1849.00,605.00,1.344,25.201
2026-04-01T14:27:43.672Z,126.103,pi:0,bottle,0.7049,1688.00,143.00,1846.00,598.00,1.341,24.987
2026-04-01T14:27:43.729Z,126.160,pi:0,bottle,0.7558,1678.00,123.00,1834.00,583.00,1.326,24.691
2026-04-01T14:27:43.782Z,126.213,pi:0,bottle,0.7412,1674.00,115.00,1825.00,577.00,1.320,24.515
2026-04-01T14:27:43.826Z,126.257,pi:0,bottle,0.6722,1655.00,101.00,1815.00,565.00,1.315,24.122
2026-04-01T14:27:43.881Z,126.312,pi:0,bottle,0.4832,1645.00,17.00,1811.00,570.00,1.103,23.931
2026-04-01T14:27:43.924Z,126.355,pi:0,bottle,0.2761,1642.00,124.00,1798.00,552.00,1.425,23.713
2026-04-01T14:27:43.976Z,126.407,pi:0,bottle,0.4036,1709.00,88.00,1797.00,249.00,3.789,24.610
2026-04-01T14:27:43.976Z,126.407,pi:0,bottle,0.2652,1636.00,102.00,1792.00,545.00,1.377,23.548
2026-04-01T14:27:44.026Z,126.457,pi:0,bottle,0.3591,1703.00,91.00,1792.00,250.00,3.837,24.461
2026-04-01T14:27:44.074Z,126.505,pi:0,bottle,0.4760,1616.00,91.00,1780.00,551.00,1.326,23.107
2026-04-01T14:27:44.134Z,126.564,pi:0,bottle,0.3591,1670.00,97.00,1779.00,257.00,3.813,23.836
2026-04-01T14:27:44.134Z,126.564,pi:0,bottle,0.2870,1601.00,96.00,1777.00,547.00,1.353,22.858
2026-04-01T14:27:44.177Z,126.608,pi:0,bottle,0.5741,1603.00,104.00,1769.00,551.00,1.365,22.775
2026-04-01T14:27:44.237Z,126.668,pi:0,bottle,0.3960,1607.00,104.00,1767.00,548.00,1.374,22.803
2026-04-01T14:27:44.295Z,126.726,pi:0,bottle,0.3343,1610.00,102.00,1763.00,466.00,1.676,22.789
2026-04-01T14:27:44.295Z,126.726,pi:0,bottle,0.2941,1659.00,104.00,1760.00,259.00,3.936,23.424
2026-04-01T14:27:44.336Z,126.767,pi:0,bottle,0.4069,1612.00,105.00,1760.00,478.00,1.636,22.775
2026-04-01T14:27:44.336Z,126.767,pi:0,bottle,0.3489,1658.00,104.00,1759.00,260.00,3.911,23.397
2026-04-01T14:27:44.398Z,126.829,pi:0,bottle,0.4069,1610.00,106.00,1757.00,475.00,1.653,22.706
2026-04-01T14:27:44.398Z,126.829,pi:0,bottle,0.3670,1667.00,104.00,1757.00,258.00,3.961,23.493
2026-04-01T14:27:44.443Z,126.874,pi:0,bottle,0.4614,1608.00,102.00,1755.00,482.00,1.605,22.650
2026-04-01T14:27:44.443Z,126.874,pi:0,bottle,0.2531,1658.00,101.00,1756.00,260.00,3.837,23.356
2026-04-01T14:27:44.505Z,126.936,pi:0,bottle,0.4651,1608.00,101.00,1755.00,504.00,1.514,22.650
2026-04-01T14:27:44.505Z,126.936,pi:0,bottle,0.2907,1663.00,100.00,1756.00,257.00,3.886,23.424
2026-04-01T14:27:44.540Z,126.971,pi:0,bottle,0.5486,1607.00,101.00,1753.00,545.00,1.374,22.608
2026-04-01T14:27:44.602Z,127.033,pi:0,bottle,0.4469,1609.00,99.00,1754.00,501.00,1.518,22.650
2026-04-01T14:27:44.645Z,127.076,pi:0,bottle,0.4360,1610.00,100.00,1752.00,502.00,1.518,22.636
2026-04-01T14:27:44.645Z,127.076,pi:0,bottle,0.3489,1667.00,98.00,1754.00,254.00,3.911,23.452
2026-04-01T14:27:44.705Z,127.136,pi:0,bottle,0.5123,1607.00,99.00,1752.00,498.00,1.529,22.594
2026-04-01T14:27:44.753Z,127.184,pi:0,bottle,0.4542,1605.00,99.00,1749.00,548.00,1.359,22.525
2026-04-01T14:27:44.808Z,127.239,pi:0,bottle,0.4178,1600.00,99.00,1750.00,553.00,1.344,22.469
2026-04-01T14:27:44.858Z,127.289,pi:0,bottle,0.3597,1596.00,98.00,1747.00,554.00,1.338,22.371
2026-04-01T14:27:44.858Z,127.289,pi:0,bottle,0.2873,1661.00,100.00,1750.00,256.00,3.911,23.314
2026-04-01T14:27:44.925Z,127.355,pi:0,bottle,0.5196,1595.00,100.00,1748.00,553.00,1.347,22.371
2026-04-01T14:27:44.962Z,127.392,pi:0,bottle,0.5741,1594.00,101.00,1747.00,550.00,1.359,22.343
2026-04-01T14:27:45.022Z,127.453,pi:0,bottle,0.5850,1594.00,104.00,1747.00,550.00,1.368,22.343
2026-04-01T14:27:45.062Z,127.493,pi:0,bottle,0.6467,1594.00,104.00,1746.00,550.00,1.368,22.329
2026-04-01T14:27:45.128Z,127.559,pi:0,bottle,0.6576,1594.00,105.00,1746.00,552.00,1.365,22.329
2026-04-01T14:27:45.175Z,127.606,pi:0,bottle,0.5922,1595.00,104.00,1746.00,551.00,1.365,22.343
2026-04-01T14:27:45.227Z,127.658,pi:0,bottle,0.5196,1595.00,108.00,1745.00,555.00,1.365,22.329
2026-04-01T14:27:45.227Z,127.658,pi:0,bottle,0.2599,1656.00,108.00,1747.00,260.00,4.013,23.204
2026-04-01T14:27:45.273Z,127.704,pi:0,bottle,0.4614,1591.00,107.00,1746.00,562.00,1.341,22.287
2026-04-01T14:27:45.323Z,127.754,pi:0,bottle,0.6249,1599.00,111.00,1746.00,460.00,1.748,22.399
2026-04-01T14:27:45.323Z,127.754,pi:0,bottle,0.2689,1589.00,100.00,1746.00,566.00,1.309,22.259
2026-04-01T14:27:45.397Z,127.828,pi:0,bottle,0.7303,1597.00,111.00,1745.00,451.00,1.794,22.357
2026-04-01T14:27:45.438Z,127.869,pi:0,bottle,0.7267,1597.00,111.00,1745.00,447.00,1.816,22.357
2026-04-01T14:27:45.498Z,127.929,pi:0,bottle,0.6504,1597.00,114.00,1745.00,443.00,1.854,22.357
2026-04-01T14:27:45.549Z,127.980,pi:0,bottle,0.6685,1598.00,114.00,1745.00,441.00,1.866,22.371
2026-04-01T14:27:45.603Z,128.034,pi:0,bottle,0.6504,1596.00,115.00,1743.00,442.00,1.866,22.315
2026-04-01T14:27:45.645Z,128.076,pi:0,bottle,0.6540,1598.00,116.00,1743.00,441.00,1.877,22.343
2026-04-01T14:27:45.691Z,128.122,pi:0,bottle,0.7085,1598.00,117.00,1744.00,444.00,1.866,22.357
2026-04-01T14:27:45.745Z,128.176,pi:0,bottle,0.7340,1597.00,118.00,1744.00,445.00,1.866,22.343
2026-04-01T14:27:45.795Z,128.226,pi:0,bottle,0.7158,1597.00,116.00,1743.00,444.00,1.860,22.329
2026-04-01T14:27:45.849Z,128.280,pi:0,bottle,0.6758,1598.00,116.00,1745.00,442.00,1.871,22.371
2026-04-01T14:27:45.897Z,128.327,pi:0,bottle,0.6940,1598.00,116.00,1745.00,444.00,1.860,22.371
2026-04-01T14:27:45.943Z,128.373,pi:0,bottle,0.6903,1597.00,115.00,1745.00,446.00,1.843,22.357
2026-04-01T14:27:45.997Z,128.427,pi:0,bottle,0.6794,1597.00,116.00,1744.00,444.00,1.860,22.343
2026-04-01T14:27:46.044Z,128.475,pi:0,bottle,0.6940,1598.00,116.00,1745.00,444.00,1.860,22.371
2026-04-01T14:27:46.106Z,128.536,pi:0,bottle,0.6831,1596.00,116.00,1745.00,443.00,1.866,22.343
2026-04-01T14:27:46.147Z,128.577,pi:0,bottle,0.6613,1598.00,116.00,1745.00,443.00,1.866,22.371
2026-04-01T14:27:46.201Z,128.632,pi:0,bottle,0.6395,1597.00,116.00,1745.00,443.00,1.866,22.357
2026-04-01T14:27:46.260Z,128.690,pi:0,bottle,0.6322,1599.00,119.00,1746.00,438.00,1.912,22.399
2026-04-01T14:27:46.319Z,128.749,pi:0,bottle,0.6431,1599.00,116.00,1746.00,440.00,1.883,22.399
2026-04-01T14:27:46.370Z,128.801,pi:0,bottle,0.6322,1598.00,116.00,1747.00,435.00,1.912,22.399
2026-04-01T14:27:46.426Z,128.857,pi:0,bottle,0.6722,1599.00,119.00,1745.00,436.00,1.924,22.385
2026-04-01T14:27:46.463Z,128.894,pi:0,bottle,0.5959,1599.00,120.00,1746.00,427.00,1.987,22.399
2026-04-01T14:27:46.565Z,128.996,pi:0,bottle,0.6504,1598.00,121.00,1743.00,428.00,1.987,22.343
2026-04-01T14:27:46.634Z,129.065,pi:0,bottle,0.6867,1598.00,123.00,1744.00,434.00,1.962,22.357
2026-04-01T14:27:46.719Z,129.150,pi:0,bottle,0.6758,1597.00,122.00,1744.00,434.00,1.955,22.343
2026-04-01T14:27:46.811Z,129.242,pi:0,bottle,0.6504,1599.00,122.00,1745.00,434.00,1.955,22.385
2026-04-01T14:27:46.883Z,129.314,pi:0,bottle,0.4578,1599.00,122.00,1747.00,432.00,1.968,22.413
2026-04-01T14:27:46.883Z,129.314,pi:0,bottle,0.3524,1593.00,120.00,1747.00,567.00,1.365,22.329
2026-04-01T14:27:46.930Z,129.361,pi:0,bottle,0.4578,1593.00,120.00,1747.00,568.00,1.362,22.329
2026-04-01T14:27:46.930Z,129.361,pi:0,bottle,0.3597,1600.00,124.00,1747.00,432.00,1.981,22.427
2026-04-01T14:27:46.987Z,129.418,pi:0,bottle,0.5159,1601.00,126.00,1745.00,408.00,2.163,22.413
2026-04-01T14:27:46.987Z,129.418,pi:0,bottle,0.4215,1586.00,123.00,1744.00,572.00,1.359,22.190
2026-04-01T14:27:47.029Z,129.460,pi:0,bottle,0.6286,1601.00,127.00,1743.00,399.00,2.243,22.385
2026-04-01T14:27:47.086Z,129.517,pi:0,bottle,0.6576,1600.00,131.00,1743.00,399.00,2.276,22.371
2026-04-01T14:27:47.086Z,129.517,pi:0,bottle,0.3306,1565.00,128.00,1741.00,580.00,1.350,21.853
2026-04-01T14:27:47.143Z,129.574,pi:0,bottle,0.6540,1599.00,132.00,1743.00,402.00,2.259,22.357
2026-04-01T14:27:47.143Z,129.574,pi:0,bottle,0.3706,1568.00,128.00,1743.00,584.00,1.338,21.923
2026-04-01T14:27:47.196Z,129.626,pi:0,bottle,0.6104,1598.00,134.00,1742.00,404.00,2.259,22.329
2026-04-01T14:27:47.196Z,129.626,pi:0,bottle,0.4360,1557.00,132.00,1743.00,583.00,1.353,21.768
2026-04-01T14:27:47.235Z,129.666,pi:0,bottle,0.6286,1598.00,135.00,1742.00,410.00,2.218,22.329
2026-04-01T14:27:47.235Z,129.666,pi:0,bottle,0.3088,1541.00,135.00,1743.00,585.00,1.356,21.543
2026-04-01T14:27:47.294Z,129.725,pi:0,bottle,0.6213,1602.00,137.00,1742.00,410.00,2.235,22.385
2026-04-01T14:27:47.294Z,129.725,pi:0,bottle,0.3016,1526.00,137.00,1741.00,587.00,1.356,21.302
2026-04-01T14:27:47.343Z,129.778,pi:0,bottle,0.6758,1596.00,137.00,1741.00,408.00,2.251,22.287
2026-04-01T14:27:47.410Z,129.841,pi:0,bottle,0.6322,1596.00,138.00,1740.00,411.00,2.235,22.273
2026-04-01T14:27:47.410Z,129.841,pi:0,bottle,0.3270,1515.00,138.00,1740.00,591.00,1.347,21.132
2026-04-01T14:27:47.410Z,129.841,pi:0,bottle,0.2652,1583.00,139.00,1740.00,586.00,1.365,22.091
2026-04-01T14:27:47.452Z,129.883,pi:0,bottle,0.6395,1597.00,137.00,1741.00,413.00,2.210,22.301
2026-04-01T14:27:47.452Z,129.883,pi:0,bottle,0.2507,1525.00,137.00,1740.00,589.00,1.350,21.274
2026-04-01T14:27:47.514Z,129.945,pi:0,bottle,0.6322,1597.00,136.00,1741.00,412.00,2.210,22.301
2026-04-01T14:27:47.514Z,129.945,pi:0,bottle,0.2580,1530.00,137.00,1741.00,588.00,1.353,21.359
2026-04-01T14:27:47.567Z,129.997,pi:0,bottle,0.5922,1598.00,136.00,1742.00,410.00,2.226,22.329
2026-04-01T14:27:47.567Z,129.997,pi:0,bottle,0.2870,1534.00,136.00,1742.00,587.00,1.353,21.429
2026-04-01T14:27:47.625Z,130.055,pi:0,bottle,0.5377,1600.00,135.00,1743.00,410.00,2.218,22.371
2026-04-01T14:27:47.625Z,130.055,pi:0,bottle,0.4832,1551.00,135.00,1743.00,587.00,1.350,21.684
2026-04-01T14:27:47.659Z,130.090,pi:0,bottle,0.5159,1601.00,134.00,1743.00,409.00,2.218,22.385
2026-04-01T14:27:47.659Z,130.090,pi:0,bottle,0.4978,1584.00,136.00,1742.00,583.00,1.365,22.133
2026-04-01T14:27:47.659Z,130.090,pi:0,bottle,0.3084,1497.00,133.00,1740.00,588.00,1.341,20.875
2026-04-01T14:27:47.719Z,130.150,pi:0,bottle,0.6104,1580.00,133.00,1744.00,582.00,1.359,22.105
2026-04-01T14:27:47.719Z,130.150,pi:0,bottle,0.4106,1602.00,134.00,1745.00,410.00,2.210,22.427
2026-04-01T14:27:47.719Z,130.150,pi:0,bottle,0.3046,1499.00,132.00,1743.00,586.00,1.344,20.947
2026-04-01T14:27:47.767Z,130.198,pi:0,bottle,0.5232,1576.00,131.00,1744.00,584.00,1.347,22.049
2026-04-01T14:27:47.767Z,130.198,pi:0,bottle,0.5123,1603.00,134.00,1745.00,408.00,2.226,22.441
2026-04-01T14:27:47.824Z,130.255,pi:0,bottle,0.5341,1583.00,130.00,1745.00,582.00,1.350,22.162
2026-04-01T14:27:47.824Z,130.255,pi:0,bottle,0.5268,1600.00,133.00,1744.00,408.00,2.218,22.385
2026-04-01T14:27:47.883Z,130.314,pi:0,bottle,0.5450,1586.00,133.00,1745.00,581.00,1.362,22.204
2026-04-01T14:27:47.883Z,130.314,pi:0,bottle,0.4433,1599.00,133.00,1745.00,411.00,2.194,22.385
2026-04-01T14:27:47.883Z,130.314,pi:0,bottle,0.3389,1510.00,130.00,1742.00,586.00,1.338,21.089
2026-04-01T14:27:47.930Z,130.361,pi:0,bottle,0.6322,1585.00,132.00,1744.00,582.00,1.356,22.176
2026-04-01T14:27:47.930Z,130.361,pi:0,bottle,0.5014,1600.00,132.00,1744.00,407.00,2.218,22.385
2026-04-01T14:27:47.930Z,130.361,pi:0,bottle,0.2894,1517.00,130.00,1742.00,585.00,1.341,21.188
2026-04-01T14:27:47.998Z,130.429,pi:0,bottle,0.6395,1583.00,132.00,1744.00,582.00,1.356,22.147
2026-04-01T14:27:47.998Z,130.429,pi:0,bottle,0.4578,1599.00,132.00,1744.00,410.00,2.194,22.371
2026-04-01T14:27:47.998Z,130.429,pi:0,bottle,0.3199,1517.00,132.00,1742.00,584.00,1.350,21.188
2026-04-01T14:27:48.041Z,130.472,pi:0,bottle,0.6831,1578.00,132.00,1743.00,581.00,1.359,22.063
2026-04-01T14:27:48.041Z,130.472,pi:0,bottle,0.3742,1603.00,133.00,1745.00,410.00,2.202,22.441
2026-04-01T14:27:48.093Z,130.526,pi:0,bottle,0.6794,1584.00,130.00,1743.00,583.00,1.347,22.147
2026-04-01T14:27:48.093Z,130.526,pi:0,bottle,0.3851,1602.00,133.00,1745.00,411.00,2.194,22.427
2026-04-01T14:27:48.093Z,130.526,pi:0,bottle,0.2589,1515.00,134.00,1740.00,585.00,1.353,21.132
2026-04-01T14:27:48.148Z,130.579,pi:0,bottle,0.5813,1590.00,131.00,1742.00,582.00,1.353,22.218
2026-04-01T14:27:48.148Z,130.579,pi:0,bottle,0.4869,1601.00,134.00,1743.00,407.00,2.235,22.385
2026-04-01T14:27:48.196Z,130.627,pi:0,bottle,0.6613,1592.00,131.00,1743.00,583.00,1.350,22.259
2026-04-01T14:27:48.196Z,130.627,pi:0,bottle,0.4651,1603.00,134.00,1745.00,410.00,2.210,22.441
2026-04-01T14:27:48.249Z,130.680,pi:0,bottle,0.6104,1592.00,132.00,1743.00,583.00,1.353,22.259
2026-04-01T14:27:48.249Z,130.680,pi:0,bottle,0.4760,1602.00,134.00,1744.00,408.00,2.226,22.413
2026-04-01T14:27:48.249Z,130.680,pi:0,bottle,0.2665,1503.00,133.00,1742.00,587.00,1.344,20.989
2026-04-01T14:27:48.308Z,130.739,pi:0,bottle,0.6504,1586.00,131.00,1743.00,583.00,1.350,22.176
2026-04-01T14:27:48.308Z,130.739,pi:0,bottle,0.4578,1599.00,133.00,1743.00,410.00,2.202,22.357
2026-04-01T14:27:48.308Z,130.739,pi:0,bottle,0.3008,1512.00,130.00,1742.00,587.00,1.335,21.117
2026-04-01T14:27:48.368Z,130.799,pi:0,bottle,0.7267,1592.00,130.00,1744.00,583.00,1.347,22.273
2026-04-01T14:27:48.368Z,130.799,pi:0,bottle,0.3960,1603.00,133.00,1745.00,409.00,2.210,22.441
2026-04-01T14:27:48.407Z,130.838,pi:0,bottle,0.7231,1591.00,130.00,1744.00,583.00,1.347,22.259
2026-04-01T14:27:48.407Z,130.838,pi:0,bottle,0.3415,1606.00,134.00,1744.00,415.00,2.171,22.469
2026-04-01T14:27:48.452Z,130.883,pi:0,bottle,0.6976,1592.00,130.00,1743.00,583.00,1.347,22.259
2026-04-01T14:27:48.452Z,130.883,pi:0,bottle,0.4469,1601.00,133.00,1743.00,415.00,2.163,22.385
2026-04-01T14:27:48.508Z,130.939,pi:0,bottle,0.6649,1592.00,131.00,1743.00,582.00,1.353,22.259
2026-04-01T14:27:48.508Z,130.939,pi:0,bottle,0.4033,1603.00,134.00,1745.00,415.00,2.171,22.441
2026-04-01T14:27:48.554Z,130.985,pi:0,bottle,0.7267,1591.00,131.00,1744.00,583.00,1.350,22.259
2026-04-01T14:27:48.554Z,130.985,pi:0,bottle,0.3270,1603.00,133.00,1745.00,418.00,2.141,22.441
2026-04-01T14:27:48.599Z,131.030,pi:0,bottle,0.6685,1590.00,130.00,1744.00,581.00,1.353,22.245
2026-04-01T14:27:48.599Z,131.030,pi:0,bottle,0.3488,1603.00,134.00,1745.00,417.00,2.156,22.441
2026-04-01T14:27:48.652Z,131.083,pi:0,bottle,0.7376,1592.00,133.00,1743.00,582.00,1.359,22.259
2026-04-01T14:27:48.652Z,131.083,pi:0,bottle,0.2616,1605.00,134.00,1744.00,417.00,2.156,22.455
2026-04-01T14:27:48.703Z,131.134,pi:0,bottle,0.6140,1594.00,130.00,1744.00,581.00,1.353,22.301
2026-04-01T14:27:48.703Z,131.134,pi:0,bottle,0.4251,1604.00,133.00,1745.00,413.00,2.179,22.455
2026-04-01T14:27:48.754Z,131.184,pi:0,bottle,0.6903,1594.00,130.00,1744.00,579.00,1.359,22.301
2026-04-01T14:27:48.754Z,131.184,pi:0,bottle,0.3742,1605.00,134.00,1745.00,418.00,2.148,22.469
2026-04-01T14:27:48.805Z,131.235,pi:0,bottle,0.6431,1592.00,130.00,1743.00,581.00,1.353,22.259
2026-04-01T14:27:48.805Z,131.235,pi:0,bottle,0.4796,1601.00,132.00,1743.00,418.00,2.133,22.385
2026-04-01T14:27:48.862Z,131.293,pi:0,bottle,0.5196,1588.00,130.00,1745.00,582.00,1.350,22.232
2026-04-01T14:27:48.862Z,131.293,pi:0,bottle,0.3234,1600.00,134.00,1744.00,422.00,2.118,22.385
2026-04-01T14:27:48.862Z,131.293,pi:0,bottle,0.2627,1506.00,131.00,1740.00,586.00,1.341,21.004
2026-04-01T14:27:48.911Z,131.341,pi:0,bottle,0.6322,1585.00,131.00,1744.00,581.00,1.356,22.176
2026-04-01T14:27:48.963Z,131.393,pi:0,bottle,0.6722,1595.00,132.00,1744.00,583.00,1.353,22.315
2026-04-01T14:27:49.000Z,131.431,pi:0,bottle,0.6576,1579.00,131.00,1746.00,580.00,1.359,22.119
2026-04-01T14:27:49.055Z,131.486,pi:0,bottle,0.7085,1570.00,131.00,1746.00,583.00,1.350,21.993
2026-04-01T14:27:49.117Z,131.548,pi:0,bottle,0.7667,1585.00,130.00,1746.00,578.00,1.362,22.204
2026-04-01T14:27:49.160Z,131.590,pi:0,bottle,0.7485,1584.00,130.00,1746.00,580.00,1.356,22.190
2026-04-01T14:27:49.223Z,131.654,pi:0,bottle,0.7703,1584.00,131.00,1745.00,581.00,1.356,22.176
2026-04-01T14:27:49.268Z,131.699,pi:0,bottle,0.7630,1586.00,132.00,1743.00,584.00,1.350,22.176
2026-04-01T14:27:49.329Z,131.760,pi:0,bottle,0.7994,1588.00,134.00,1742.00,586.00,1.350,22.190
2026-04-01T14:27:49.372Z,131.803,pi:0,bottle,0.8212,1586.00,133.00,1739.00,586.00,1.347,22.119
2026-04-01T14:27:49.429Z,131.859,pi:0,bottle,0.6140,1579.00,133.00,1725.00,586.00,1.347,21.825
2026-04-01T14:27:49.473Z,131.904,pi:0,bottle,0.7412,1580.00,130.00,1718.00,586.00,1.338,21.740
2026-04-01T14:27:49.529Z,131.960,pi:0,bottle,0.7957,1569.00,130.00,1707.00,590.00,1.326,21.429
2026-04-01T14:27:49.577Z,132.008,pi:0,bottle,0.7376,1552.00,134.00,1696.00,600.00,1.309,21.032
2026-04-01T14:27:49.635Z,132.066,pi:0,bottle,0.7667,1546.00,135.00,1689.00,599.00,1.315,20.847
2026-04-01T14:27:49.686Z,132.116,pi:0,bottle,0.7376,1534.00,139.00,1678.00,600.00,1.323,20.518
2026-04-01T14:27:49.745Z,132.176,pi:0,bottle,0.7340,1528.00,141.00,1674.00,629.00,1.250,20.375
2026-04-01T14:27:49.824Z,132.254,pi:0,bottle,0.8066,1502.00,142.00,1655.00,623.00,1.268,19.726
2026-04-01T14:27:49.891Z,132.322,pi:0,bottle,0.6903,1487.00,147.00,1638.00,609.00,1.320,19.262
2026-04-01T14:27:49.971Z,132.401,pi:0,bottle,0.8284,1468.00,161.00,1629.00,623.00,1.320,18.853
2026-04-01T14:27:50.038Z,132.469,pi:0,bottle,0.8103,1446.00,157.00,1615.00,632.00,1.284,18.325
2026-04-01T14:27:50.088Z,132.519,pi:0,bottle,0.8611,1424.00,158.00,1627.00,619.00,1.323,18.178
2026-04-01T14:27:50.146Z,132.577,pi:0,bottle,0.2943,1407.00,144.00,1569.00,333.00,3.228,17.065
2026-04-01T14:27:50.146Z,132.577,pi:0,bottle,0.2665,1371.00,141.00,1638.00,613.00,1.292,17.557
2026-04-01T14:27:50.238Z,132.669,pi:0,bottle,0.5704,1301.00,99.00,1521.00,505.00,1.503,14.740
2026-04-01T14:27:50.238Z,132.669,pi:0,bottle,0.2873,1377.00,100.00,1473.00,283.00,3.334,15.167
2026-04-01T14:27:50.238Z,132.669,pi:0,bottle,0.2580,1376.00,102.00,1525.00,351.00,2.450,15.940
2026-04-01T14:27:51.470Z,133.900,pi:0,bottle,0.3561,967.00,119.00,1120.00,700.00,1.050,3.068
2026-04-01T14:27:51.567Z,133.998,pi:0,bottle,0.7194,906.00,184.00,1066.00,705.00,1.171,1.193
2026-04-01T14:27:51.623Z,134.054,pi:0,bottle,0.5959,870.00,182.00,1028.00,723.00,1.128,-0.016
2026-04-01T14:27:51.728Z,134.159,pi:0,bottle,0.5268,821.00,187.00,980.00,722.00,1.140,-1.599
2026-04-01T14:27:51.771Z,134.202,pi:0,bottle,0.7558,790.00,191.00,952.00,732.00,1.128,-2.562
2026-04-01T14:27:51.832Z,134.263,pi:0,bottle,0.6177,775.00,171.00,940.00,738.00,1.076,-3.002
2026-04-01T14:27:51.936Z,134.367,pi:0,bottle,0.3343,731.00,232.00,934.00,894.00,0.922,-3.815
2026-04-01T14:27:51.992Z,134.423,pi:0,bottle,0.7921,708.00,242.00,870.00,769.00,1.158,-5.227
2026-04-01T14:27:52.045Z,134.476,pi:0,bottle,0.7521,689.00,236.00,855.00,764.00,1.155,-5.777
2026-04-01T14:27:52.090Z,134.521,pi:0,bottle,0.8066,681.00,261.00,832.00,773.00,1.192,-6.278
2026-04-01T14:27:52.143Z,134.574,pi:0,bottle,0.8829,664.00,265.00,814.00,762.00,1.227,-6.842
2026-04-01T14:27:52.195Z,134.626,pi:0,bottle,0.8502,662.00,266.00,814.00,755.00,1.248,-6.874
2026-04-01T14:27:52.244Z,134.674,pi:0,bottle,0.8757,660.00,262.00,814.00,739.00,1.279,-6.906
2026-04-01T14:27:52.295Z,134.726,pi:0,bottle,0.8757,661.00,263.00,818.00,728.00,1.312,-6.826
2026-04-01T14:27:52.359Z,134.790,pi:0,bottle,0.8430,677.00,250.00,821.00,708.00,1.332,-6.520
2026-04-01T14:27:52.395Z,134.826,pi:0,bottle,0.8539,685.00,251.00,825.00,685.00,1.406,-6.326
2026-04-01T14:27:52.456Z,134.887,pi:0,bottle,0.6068,695.00,213.00,841.00,621.00,1.495,-5.906
2026-04-01T14:27:52.503Z,134.934,pi:0,bottle,0.8139,701.00,204.00,852.00,630.00,1.432,-5.632
2026-04-01T14:27:52.563Z,134.994,pi:0,bottle,0.7994,707.00,180.00,851.00,597.00,1.463,-5.551
2026-04-01T14:27:52.613Z,135.044,pi:0,bottle,0.7412,710.00,183.00,837.00,571.00,1.572,-5.729
2026-04-01T14:27:52.674Z,135.105,pi:0,bottle,0.7667,713.00,189.00,828.00,563.00,1.631,-5.826
2026-04-01T14:27:52.715Z,135.145,pi:0,bottle,0.7739,716.00,186.00,827.00,550.00,1.676,-5.793
2026-04-01T14:27:52.777Z,135.207,pi:0,bottle,0.7812,717.00,186.00,825.00,557.00,1.644,-5.810
2026-04-01T14:27:52.777Z,135.207,pi:0,bottle,0.2798,631.00,133.00,722.00,541.00,1.495,-8.845
2026-04-01T14:27:52.836Z,135.267,pi:0,bottle,0.7703,721.00,188.00,832.00,555.00,1.662,-5.632
2026-04-01T14:27:52.871Z,135.302,pi:0,bottle,0.7885,731.00,181.00,840.00,553.00,1.640,-5.340
2026-04-01T14:27:52.871Z,135.302,pi:0,bottle,0.2507,631.00,131.00,736.00,548.00,1.463,-8.622
2026-04-01T14:27:52.930Z,135.360,pi:0,bottle,0.7630,738.00,199.00,848.00,552.00,1.728,-5.097
2026-04-01T14:27:52.930Z,135.360,pi:0,bottle,0.2652,625.00,138.00,728.00,320.00,3.352,-8.845
2026-04-01T14:27:52.989Z,135.420,pi:0,bottle,0.7848,748.00,198.00,856.00,561.00,1.681,-4.806
2026-04-01T14:27:52.989Z,135.420,pi:0,bottle,0.3379,628.00,141.00,724.00,321.00,3.389,-8.861
2026-04-01T14:27:53.044Z,135.475,pi:0,bottle,0.7558,756.00,200.00,865.00,568.00,1.658,-4.530
2026-04-01T14:27:53.044Z,135.475,pi:0,bottle,0.2543,632.00,138.00,724.00,321.00,3.334,-8.797
2026-04-01T14:27:53.096Z,135.526,pi:0,bottle,0.7812,757.00,204.00,858.00,568.00,1.676,-4.627
2026-04-01T14:27:53.147Z,135.578,pi:0,bottle,0.7667,757.00,208.00,858.00,569.00,1.690,-4.627
2026-04-01T14:27:53.147Z,135.578,pi:0,bottle,0.2507,631.00,142.00,725.00,321.00,3.408,-8.797
2026-04-01T14:27:53.199Z,135.630,pi:0,bottle,0.7667,757.00,211.00,858.00,569.00,1.704,-4.627
2026-04-01T14:27:53.262Z,135.693,pi:0,bottle,0.7376,758.00,210.00,868.00,569.00,1.699,-4.449
2026-04-01T14:27:53.262Z,135.693,pi:0,bottle,0.2761,627.00,138.00,726.00,320.00,3.352,-8.845
2026-04-01T14:27:53.307Z,135.737,pi:0,bottle,0.7158,758.00,197.00,865.00,571.00,1.631,-4.497
2026-04-01T14:27:53.368Z,135.799,pi:0,bottle,0.7303,758.00,196.00,863.00,567.00,1.644,-4.530
2026-04-01T14:27:53.368Z,135.799,pi:0,bottle,0.2798,628.00,141.00,724.00,321.00,3.389,-8.861
2026-04-01T14:27:53.439Z,135.870,pi:0,bottle,0.7376,758.00,201.00,865.00,571.00,1.649,-4.497
2026-04-01T14:27:53.439Z,135.870,pi:0,bottle,0.2870,625.00,138.00,725.00,321.00,3.334,-8.893
2026-04-01T14:27:53.505Z,135.936,pi:0,bottle,0.7412,757.00,193.00,864.00,571.00,1.614,-4.530
2026-04-01T14:27:53.505Z,135.936,pi:0,bottle,0.2907,630.00,142.00,726.00,321.00,3.408,-8.797
2026-04-01T14:27:53.597Z,136.028,pi:0,bottle,0.7630,755.00,225.00,858.00,569.00,1.773,-4.660
2026-04-01T14:27:53.597Z,136.028,pi:0,bottle,0.2761,626.00,143.00,724.00,321.00,3.427,-8.893
2026-04-01T14:27:53.651Z,136.082,pi:0,bottle,0.7340,754.00,217.00,856.00,569.00,1.733,-4.708
2026-04-01T14:27:53.651Z,136.082,pi:0,bottle,0.3234,628.00,143.00,726.00,321.00,3.427,-8.829
2026-04-01T14:27:53.726Z,136.157,pi:0,bottle,0.7449,756.00,227.00,858.00,568.00,1.789,-4.643
2026-04-01T14:27:53.768Z,136.199,pi:0,bottle,0.7412,755.00,215.00,860.00,569.00,1.723,-4.627
2026-04-01T14:27:53.768Z,136.199,pi:0,bottle,0.2616,631.00,139.00,725.00,321.00,3.352,-8.797
2026-04-01T14:27:53.826Z,136.257,pi:0,bottle,0.7667,756.00,216.00,859.00,569.00,1.728,-4.627
2026-04-01T14:27:53.826Z,136.257,pi:0,bottle,0.2507,626.00,135.00,726.00,320.00,3.298,-8.861
2026-04-01T14:27:53.867Z,136.302,pi:0,bottle,0.7594,755.00,214.00,861.00,570.00,1.714,-4.611
2026-04-01T14:27:53.867Z,136.302,pi:0,bottle,0.2652,627.00,138.00,726.00,320.00,3.352,-8.845
2026-04-01T14:27:53.913Z,136.344,pi:0,bottle,0.7812,753.00,201.00,856.00,569.00,1.658,-4.725
2026-04-01T14:27:53.979Z,136.409,pi:0,bottle,0.7957,753.00,208.00,855.00,569.00,1.690,-4.741
2026-04-01T14:27:53.979Z,136.409,pi:0,bottle,0.3197,627.00,135.00,728.00,321.00,3.280,-8.813
2026-04-01T14:27:54.019Z,136.450,pi:0,bottle,0.8321,756.00,198.00,856.00,569.00,1.644,-4.676
2026-04-01T14:27:54.078Z,136.509,pi:0,bottle,0.8175,756.00,194.00,857.00,569.00,1.627,-4.660
2026-04-01T14:27:54.124Z,136.555,pi:0,bottle,0.7376,753.00,143.00,858.00,570.00,1.429,-4.692
2026-04-01T14:27:54.181Z,136.612,pi:0,bottle,0.7594,753.00,135.00,858.00,570.00,1.402,-4.692
2026-04-01T14:27:54.223Z,136.654,pi:0,bottle,0.7739,756.00,184.00,859.00,570.00,1.580,-4.627
2026-04-01T14:27:54.270Z,136.701,pi:0,bottle,0.7957,756.00,196.00,856.00,569.00,1.636,-4.676
2026-04-01T14:27:54.333Z,136.763,pi:0,bottle,0.7994,755.00,197.00,856.00,569.00,1.640,-4.692
2026-04-01T14:27:54.378Z,136.808,pi:0,bottle,0.8248,756.00,200.00,857.00,568.00,1.658,-4.660
2026-04-01T14:27:54.378Z,136.808,pi:0,bottle,0.2616,625.00,140.00,726.00,322.00,3.352,-8.877
2026-04-01T14:27:54.434Z,136.864,pi:0,bottle,0.8248,756.00,196.00,861.00,570.00,1.631,-4.595
2026-04-01T14:27:54.475Z,136.906,pi:0,bottle,0.7921,755.00,199.00,856.00,569.00,1.649,-4.692
2026-04-01T14:27:54.526Z,136.957,pi:0,bottle,0.8066,755.00,200.00,856.00,569.00,1.653,-4.692
2026-04-01T14:27:54.568Z,136.998,pi:0,bottle,0.8321,756.00,199.00,861.00,569.00,1.649,-4.595
2026-04-01T14:27:54.619Z,137.049,pi:0,bottle,0.7921,755.00,199.00,860.00,570.00,1.644,-4.627
2026-04-01T14:27:54.619Z,137.049,pi:0,bottle,0.2543,630.00,140.00,725.00,322.00,3.352,-8.813
2026-04-01T14:27:54.675Z,137.105,pi:0,bottle,0.8066,755.00,198.00,859.00,571.00,1.636,-4.643
2026-04-01T14:27:54.724Z,137.155,pi:0,bottle,0.8212,755.00,201.00,858.00,569.00,1.658,-4.660
2026-04-01T14:27:54.778Z,137.209,pi:0,bottle,0.7994,755.00,194.00,859.00,569.00,1.627,-4.643
2026-04-01T14:27:54.778Z,137.209,pi:0,bottle,0.2725,629.00,136.00,726.00,322.00,3.280,-8.813
2026-04-01T14:27:54.822Z,137.253,pi:0,bottle,0.8030,754.00,198.00,858.00,571.00,1.636,-4.676
2026-04-01T14:27:54.870Z,137.301,pi:0,bottle,0.8066,755.00,199.00,856.00,569.00,1.649,-4.692
2026-04-01T14:27:54.915Z,137.346,pi:0,bottle,0.8066,755.00,198.00,858.00,571.00,1.636,-4.660
2026-04-01T14:27:54.978Z,137.409,pi:0,bottle,0.8321,755.00,198.00,858.00,571.00,1.636,-4.660
2026-04-01T14:27:55.020Z,137.451,pi:0,bottle,0.7848,755.00,204.00,856.00,569.00,1.671,-4.692
2026-04-01T14:27:55.071Z,137.502,pi:0,bottle,0.8103,755.00,198.00,859.00,569.00,1.644,-4.643
2026-04-01T14:27:55.128Z,137.559,pi:0,bottle,0.8139,755.00,199.00,858.00,570.00,1.644,-4.660
2026-04-01T14:27:55.180Z,137.611,pi:0,bottle,0.8321,755.00,200.00,858.00,571.00,1.644,-4.660
2026-04-01T14:27:55.233Z,137.664,pi:0,bottle,0.8103,755.00,197.00,858.00,571.00,1.631,-4.660
2026-04-01T14:27:55.278Z,137.709,pi:0,bottle,0.8066,756.00,200.00,855.00,567.00,1.662,-4.692
2026-04-01T14:27:55.346Z,137.777,pi:0,bottle,0.8175,755.00,198.00,858.00,570.00,1.640,-4.660
2026-04-01T14:27:55.390Z,137.821,pi:0,bottle,0.8175,756.00,198.00,856.00,568.00,1.649,-4.676
2026-04-01T14:27:55.446Z,137.877,pi:0,bottle,0.8030,755.00,198.00,859.00,571.00,1.636,-4.643
2026-04-01T14:27:55.497Z,137.928,pi:0,bottle,0.8030,755.00,200.00,859.00,570.00,1.649,-4.643
2026-04-01T14:27:55.558Z,137.989,pi:0,bottle,0.8284,756.00,198.00,858.00,570.00,1.640,-4.643
2026-04-01T14:27:55.610Z,138.041,pi:0,bottle,0.8248,756.00,198.00,859.00,570.00,1.640,-4.627
2026-04-01T14:27:55.665Z,138.096,pi:0,bottle,0.8103,755.00,201.00,860.00,569.00,1.658,-4.627
2026-04-01T14:27:55.716Z,138.147,pi:0,bottle,0.8139,755.00,200.00,858.00,570.00,1.649,-4.660
2026-04-01T14:27:55.762Z,138.193,pi:0,bottle,0.8284,756.00,200.00,856.00,568.00,1.658,-4.676
2026-04-01T14:27:55.825Z,138.256,pi:0,bottle,0.8357,755.00,200.00,858.00,571.00,1.644,-4.660
2026-04-01T14:27:55.872Z,138.303,pi:0,bottle,0.7848,755.00,196.00,856.00,569.00,1.636,-4.692
2026-04-01T14:27:55.872Z,138.303,pi:0,bottle,0.2507,625.00,141.00,728.00,322.00,3.370,-8.845
2026-04-01T14:27:55.911Z,138.342,pi:0,bottle,0.8248,755.00,199.00,858.00,571.00,1.640,-4.660
2026-04-01T14:27:55.981Z,138.412,pi:0,bottle,0.8248,755.00,200.00,859.00,571.00,1.644,-4.643
2026-04-01T14:27:56.027Z,138.458,pi:0,bottle,0.8321,755.00,198.00,859.00,571.00,1.636,-4.643
2026-04-01T14:27:56.087Z,138.518,pi:0,bottle,0.8139,756.00,197.00,859.00,570.00,1.636,-4.627
2026-04-01T14:27:56.121Z,138.552,pi:0,bottle,0.8139,755.00,199.00,859.00,571.00,1.640,-4.643
2026-04-01T14:27:56.182Z,138.613,pi:0,bottle,0.8430,755.00,199.00,859.00,570.00,1.644,-4.643
2026-04-01T14:27:56.244Z,138.675,pi:0,bottle,0.8103,755.00,197.00,859.00,570.00,1.636,-4.643
2026-04-01T14:27:56.298Z,138.729,pi:0,bottle,0.8248,755.00,197.00,859.00,570.00,1.636,-4.643
2026-04-01T14:27:56.335Z,138.766,pi:0,bottle,0.8357,755.00,200.00,859.00,570.00,1.649,-4.643
2026-04-01T14:27:56.402Z,138.832,pi:0,bottle,0.8393,755.00,200.00,859.00,571.00,1.644,-4.643
2026-04-01T14:27:56.453Z,138.884,pi:0,bottle,0.8357,755.00,199.00,859.00,570.00,1.644,-4.643
2026-04-01T14:27:56.498Z,138.929,pi:0,bottle,0.8357,755.00,200.00,859.00,570.00,1.649,-4.643
2026-04-01T14:27:56.559Z,138.990,pi:0,bottle,0.8284,755.00,199.00,859.00,570.00,1.644,-4.643
2026-04-01T14:27:56.603Z,139.034,pi:0,bottle,0.8321,755.00,198.00,858.00,571.00,1.636,-4.660
2026-04-01T14:27:56.653Z,139.084,pi:0,bottle,0.8248,755.00,200.00,859.00,571.00,1.644,-4.643
2026-04-01T14:27:56.740Z,139.170,pi:0,bottle,0.8248,755.00,198.00,860.00,571.00,1.636,-4.627
2026-04-01T14:27:56.808Z,139.239,pi:0,bottle,0.8066,755.00,198.00,858.00,571.00,1.636,-4.660
2026-04-01T14:27:56.882Z,139.313,pi:0,bottle,0.8393,755.00,199.00,859.00,570.00,1.644,-4.643
2026-04-01T14:27:56.961Z,139.392,pi:0,bottle,0.8357,755.00,200.00,859.00,571.00,1.644,-4.643
2026-04-01T14:27:57.012Z,139.442,pi:0,bottle,0.8321,755.00,196.00,857.00,570.00,1.631,-4.676
2026-04-01T14:27:57.064Z,139.495,pi:0,bottle,0.8321,755.00,201.00,858.00,571.00,1.649,-4.660
2026-04-01T14:27:57.111Z,139.542,pi:0,bottle,0.8139,755.00,200.00,858.00,571.00,1.644,-4.660
2026-04-01T14:27:57.162Z,139.593,pi:0,bottle,0.8248,755.00,198.00,859.00,570.00,1.640,-4.643
2026-04-01T14:27:57.216Z,139.647,pi:0,bottle,0.8284,755.00,201.00,860.00,570.00,1.653,-4.627
2026-04-01T14:27:57.272Z,139.703,pi:0,bottle,0.8212,755.00,200.00,858.00,571.00,1.644,-4.660
2026-04-01T14:27:57.314Z,139.745,pi:0,bottle,0.8248,755.00,201.00,858.00,570.00,1.653,-4.660
2026-04-01T14:27:57.367Z,139.798,pi:0,bottle,0.8212,755.00,199.00,858.00,570.00,1.644,-4.660
2026-04-01T14:27:57.422Z,139.853,pi:0,bottle,0.8284,755.00,199.00,858.00,571.00,1.640,-4.660
2026-04-01T14:27:57.467Z,139.898,pi:0,bottle,0.8248,755.00,199.00,858.00,570.00,1.644,-4.660
2026-04-01T14:27:57.521Z,139.952,pi:0,bottle,0.8175,754.00,200.00,859.00,570.00,1.649,-4.660
2026-04-01T14:27:57.573Z,140.004,pi:0,bottle,0.8175,755.00,198.00,858.00,571.00,1.636,-4.660
2026-04-01T14:27:57.619Z,140.050,pi:0,bottle,0.8248,755.00,201.00,858.00,571.00,1.649,-4.660
2026-04-01T14:27:57.671Z,140.102,pi:0,bottle,0.8175,755.00,200.00,859.00,571.00,1.644,-4.643
2026-04-01T14:27:57.728Z,140.159,pi:0,bottle,0.8212,755.00,198.00,860.00,570.00,1.640,-4.627
2026-04-01T14:27:57.769Z,140.200,pi:0,bottle,0.8066,755.00,198.00,859.00,571.00,1.636,-4.643
2026-04-01T14:27:57.826Z,140.257,pi:0,bottle,0.8321,755.00,200.00,858.00,571.00,1.644,-4.660
2026-04-01T14:27:57.874Z,140.304,pi:0,bottle,0.8321,755.00,199.00,857.00,571.00,1.640,-4.676
2026-04-01T14:27:57.917Z,140.348,pi:0,bottle,0.8284,755.00,200.00,858.00,570.00,1.649,-4.660
2026-04-01T14:27:57.978Z,140.409,pi:0,bottle,0.8248,755.00,200.00,859.00,571.00,1.644,-4.643
2026-04-01T14:27:58.029Z,140.460,pi:0,bottle,0.8139,755.00,199.00,859.00,570.00,1.644,-4.643
2026-04-01T14:27:58.092Z,140.523,pi:0,bottle,0.8175,755.00,200.00,859.00,570.00,1.649,-4.643
2026-04-01T14:27:58.133Z,140.564,pi:0,bottle,0.8284,755.00,200.00,858.00,571.00,1.644,-4.660
2026-04-01T14:27:58.182Z,140.612,pi:0,bottle,0.8139,754.00,201.00,858.00,570.00,1.653,-4.676
2026-04-01T14:27:58.241Z,140.672,pi:0,bottle,0.8321,755.00,199.00,860.00,570.00,1.644,-4.627
2026-04-01T14:27:58.290Z,140.721,pi:0,bottle,0.8212,755.00,200.00,858.00,570.00,1.649,-4.660
2026-04-01T14:27:58.341Z,140.771,pi:0,bottle,0.8175,755.00,197.00,856.00,570.00,1.636,-4.692
2026-04-01T14:27:58.386Z,140.817,pi:0,bottle,0.8175,755.00,201.00,858.00,570.00,1.653,-4.660
2026-04-01T14:27:58.442Z,140.873,pi:0,bottle,0.8248,755.00,199.00,859.00,570.00,1.644,-4.643
2026-04-01T14:27:58.496Z,140.927,pi:0,bottle,0.8284,755.00,199.00,858.00,571.00,1.640,-4.660
2026-04-01T14:27:58.549Z,140.980,pi:0,bottle,0.8393,755.00,200.00,858.00,571.00,1.644,-4.660
2026-04-01T14:27:58.594Z,141.025,pi:0,bottle,0.8284,755.00,200.00,860.00,570.00,1.649,-4.627
2026-04-01T14:27:58.656Z,141.087,pi:0,bottle,0.8430,756.00,200.00,860.00,569.00,1.653,-4.611
2026-04-01T14:27:58.703Z,141.133,pi:0,bottle,0.8284,756.00,199.00,859.00,570.00,1.644,-4.627
2026-04-01T14:27:58.757Z,141.188,pi:0,bottle,0.8357,755.00,200.00,859.00,571.00,1.644,-4.643
2026-04-01T14:27:58.803Z,141.234,pi:0,bottle,0.8212,755.00,198.00,858.00,570.00,1.640,-4.660
2026-04-01T14:27:58.860Z,141.291,pi:0,bottle,0.8321,755.00,199.00,859.00,571.00,1.640,-4.643
2026-04-01T14:27:58.918Z,141.349,pi:0,bottle,0.8066,755.00,200.00,859.00,570.00,1.649,-4.643
2026-04-01T14:27:58.960Z,141.391,pi:0,bottle,0.8393,755.00,198.00,859.00,571.00,1.636,-4.643
2026-04-01T14:27:59.006Z,141.437,pi:0,bottle,0.8139,755.00,197.00,856.00,570.00,1.636,-4.692
2026-04-01T14:27:59.064Z,141.495,pi:0,bottle,0.8212,755.00,198.00,858.00,570.00,1.640,-4.660
2026-04-01T14:27:59.064Z,141.495,pi:0,bottle,0.2507,631.00,141.00,724.00,323.00,3.352,-8.813
2026-04-01T14:27:59.122Z,141.553,pi:0,bottle,0.8248,755.00,197.00,858.00,570.00,1.636,-4.660
2026-04-01T14:27:59.162Z,141.592,pi:0,bottle,0.8284,755.00,201.00,858.00,570.00,1.653,-4.660
2026-04-01T14:27:59.215Z,141.645,pi:0,bottle,0.8212,755.00,201.00,859.00,570.00,1.653,-4.643
2026-04-01T14:27:59.270Z,141.701,pi:0,bottle,0.8248,755.00,205.00,855.00,569.00,1.676,-4.708
2026-04-01T14:27:59.306Z,141.736,pi:0,bottle,0.8284,756.00,198.00,858.00,571.00,1.636,-4.643
2026-04-01T14:27:59.408Z,141.839,pi:0,bottle,0.8139,755.00,197.00,858.00,571.00,1.631,-4.660
2026-04-01T14:27:59.445Z,141.876,pi:0,bottle,0.8212,755.00,199.00,858.00,570.00,1.644,-4.660
2026-04-01T14:27:59.544Z,141.975,pi:0,bottle,0.8357,755.00,197.00,858.00,572.00,1.627,-4.660
2026-04-01T14:27:59.577Z,142.008,pi:0,bottle,0.8357,755.00,199.00,860.00,569.00,1.649,-4.627
2026-04-01T14:27:59.666Z,142.097,pi:0,bottle,0.8175,755.00,197.00,858.00,571.00,1.631,-4.660
2026-04-01T14:27:59.729Z,142.160,pi:0,bottle,0.8212,755.00,199.00,858.00,570.00,1.644,-4.660
2026-04-01T14:27:59.774Z,142.205,pi:0,bottle,0.8175,755.00,200.00,858.00,570.00,1.649,-4.660
2026-04-01T14:27:59.829Z,142.260,pi:0,bottle,0.8139,756.00,198.00,858.00,571.00,1.636,-4.643
2026-04-01T14:27:59.875Z,142.306,pi:0,bottle,0.8284,755.00,200.00,859.00,571.00,1.644,-4.643
2026-04-01T14:27:59.930Z,142.361,pi:0,bottle,0.8321,755.00,197.00,858.00,570.00,1.636,-4.660
2026-04-01T14:27:59.973Z,142.404,pi:0,bottle,0.8212,755.00,198.00,858.00,571.00,1.636,-4.660
2026-04-01T14:28:00.030Z,142.461,pi:0,bottle,0.8248,755.00,198.00,859.00,571.00,1.636,-4.643
2026-04-01T14:28:00.071Z,142.502,pi:0,bottle,0.8248,755.00,200.00,859.00,570.00,1.649,-4.643
2026-04-01T14:28:00.136Z,142.567,pi:0,bottle,0.8284,755.00,198.00,859.00,571.00,1.636,-4.643
2026-04-01T14:28:00.173Z,142.604,pi:0,bottle,0.8393,755.00,197.00,858.00,570.00,1.636,-4.660
2026-04-01T14:28:00.234Z,142.664,pi:0,bottle,0.8248,755.00,197.00,858.00,571.00,1.631,-4.660
2026-04-01T14:28:00.282Z,142.712,pi:0,bottle,0.8321,756.00,200.00,859.00,570.00,1.649,-4.627
2026-04-01T14:28:00.333Z,142.763,pi:0,bottle,0.8212,755.00,199.00,859.00,570.00,1.644,-4.643
2026-04-01T14:28:00.389Z,142.820,pi:0,bottle,0.8248,755.00,201.00,859.00,570.00,1.653,-4.643
2026-04-01T14:28:00.389Z,142.820,pi:0,bottle,0.2689,631.00,135.00,724.00,322.00,3.262,-8.813
2026-04-01T14:28:00.444Z,142.875,pi:0,bottle,0.8357,755.00,197.00,858.00,571.00,1.631,-4.660
2026-04-01T14:28:00.444Z,142.875,pi:0,bottle,0.2652,630.00,136.00,725.00,322.00,3.280,-8.813
2026-04-01T14:28:00.484Z,142.915,pi:0,bottle,0.8321,755.00,198.00,859.00,571.00,1.636,-4.643
2026-04-01T14:28:00.540Z,142.971,pi:0,bottle,0.8357,755.00,198.00,858.00,571.00,1.636,-4.660
2026-04-01T14:28:00.590Z,143.021,pi:0,bottle,0.8284,755.00,197.00,859.00,570.00,1.636,-4.643
2026-04-01T14:28:00.654Z,143.085,pi:0,bottle,0.8248,755.00,200.00,858.00,570.00,1.649,-4.660
2026-04-01T14:28:00.705Z,143.136,pi:0,bottle,0.8212,755.00,198.00,859.00,571.00,1.636,-4.643
2026-04-01T14:28:00.758Z,143.188,pi:0,bottle,0.8212,755.00,202.00,857.00,569.00,1.662,-4.676
2026-04-01T14:28:00.811Z,143.242,pi:0,bottle,0.8103,754.00,200.00,858.00,571.00,1.644,-4.676
2026-04-01T14:28:00.872Z,143.303,pi:0,bottle,0.8212,755.00,199.00,860.00,570.00,1.644,-4.627
2026-04-01T14:28:00.940Z,143.371,pi:0,bottle,0.8212,754.00,198.00,859.00,571.00,1.636,-4.660
2026-04-01T14:28:00.979Z,143.410,pi:0,bottle,0.8139,755.00,199.00,858.00,571.00,1.640,-4.660
2026-04-01T14:28:01.036Z,143.467,pi:0,bottle,0.8284,755.00,197.00,858.00,571.00,1.631,-4.660
2026-04-01T14:28:01.093Z,143.523,pi:0,bottle,0.8175,754.00,203.00,861.00,569.00,1.667,-4.627
2026-04-01T14:28:01.162Z,143.592,pi:0,bottle,0.8212,755.00,200.00,859.00,572.00,1.640,-4.643
2026-04-01T14:28:01.218Z,143.649,pi:0,bottle,0.8212,755.00,199.00,861.00,570.00,1.644,-4.611
2026-04-01T14:28:01.270Z,143.701,pi:0,bottle,0.8321,755.00,200.00,859.00,570.00,1.649,-4.643
2026-04-01T14:28:01.323Z,143.756,pi:0,bottle,0.8175,755.00,198.00,860.00,569.00,1.644,-4.627
2026-04-01T14:28:01.323Z,143.756,pi:0,bottle,0.2907,627.00,137.00,726.00,322.00,3.298,-8.845
2026-04-01T14:28:01.374Z,143.804,pi:0,bottle,0.8212,755.00,198.00,859.00,570.00,1.640,-4.643
2026-04-01T14:28:01.423Z,143.854,pi:0,bottle,0.8175,756.00,200.00,860.00,570.00,1.649,-4.611
2026-04-01T14:28:01.481Z,143.912,pi:0,bottle,0.8175,755.00,198.00,858.00,571.00,1.636,-4.660
2026-04-01T14:28:01.525Z,143.956,pi:0,bottle,0.8175,755.00,200.00,860.00,569.00,1.653,-4.627
2026-04-01T14:28:01.569Z,144.000,pi:0,bottle,0.8212,755.00,198.00,859.00,570.00,1.640,-4.643
2026-04-01T14:28:01.631Z,144.062,pi:0,bottle,0.8212,755.00,200.00,859.00,571.00,1.644,-4.643
2026-04-01T14:28:01.677Z,144.108,pi:0,bottle,0.8066,755.00,199.00,860.00,570.00,1.644,-4.627
2026-04-01T14:28:01.741Z,144.172,pi:0,bottle,0.8284,755.00,198.00,858.00,571.00,1.636,-4.660
2026-04-01T14:28:01.788Z,144.219,pi:0,bottle,0.8248,755.00,197.00,858.00,571.00,1.631,-4.660
2026-04-01T14:28:01.837Z,144.268,pi:0,bottle,0.8284,755.00,200.00,858.00,571.00,1.644,-4.660
2026-04-01T14:28:01.889Z,144.320,pi:0,bottle,0.8139,755.00,198.00,859.00,571.00,1.636,-4.643
2026-04-01T14:28:01.941Z,144.372,pi:0,bottle,0.8212,755.00,200.00,859.00,570.00,1.649,-4.643
2026-04-01T14:28:01.998Z,144.429,pi:0,bottle,0.8284,755.00,197.00,859.00,571.00,1.631,-4.643
2026-04-01T14:28:02.057Z,144.488,pi:0,bottle,0.8175,755.00,198.00,858.00,571.00,1.636,-4.660
2026-04-01T14:28:02.118Z,144.549,pi:0,bottle,0.8139,755.00,197.00,860.00,570.00,1.636,-4.627
2026-04-01T14:28:02.159Z,144.590,pi:0,bottle,0.8139,756.00,198.00,858.00,572.00,1.631,-4.643
2026-04-01T14:28:02.220Z,144.651,pi:0,bottle,0.8212,755.00,196.00,859.00,570.00,1.631,-4.643
2026-04-01T14:28:02.266Z,144.697,pi:0,bottle,0.8212,755.00,198.00,858.00,571.00,1.636,-4.660
2026-04-01T14:28:02.322Z,144.753,pi:0,bottle,0.8175,755.00,202.00,858.00,571.00,1.653,-4.660
2026-04-01T14:28:02.365Z,144.796,pi:0,bottle,0.8248,755.00,197.00,859.00,571.00,1.631,-4.643
2026-04-01T14:28:02.420Z,144.851,pi:0,bottle,0.8139,755.00,198.00,859.00,571.00,1.636,-4.643
2026-04-01T14:28:02.471Z,144.902,pi:0,bottle,0.8139,754.00,197.00,859.00,571.00,1.631,-4.660
2026-04-01T14:28:02.523Z,144.958,pi:0,bottle,0.8139,755.00,200.00,859.00,571.00,1.644,-4.643
2026-04-01T14:28:02.575Z,145.006,pi:0,bottle,0.8030,756.00,199.00,860.00,570.00,1.644,-4.611
2026-04-01T14:28:02.634Z,145.065,pi:0,bottle,0.8139,755.00,200.00,858.00,570.00,1.649,-4.660
2026-04-01T14:28:02.681Z,145.112,pi:0,bottle,0.8248,755.00,199.00,860.00,570.00,1.644,-4.627
2026-04-01T14:28:02.734Z,145.164,pi:0,bottle,0.8212,756.00,198.00,860.00,570.00,1.640,-4.611
2026-04-01T14:28:02.774Z,145.205,pi:0,bottle,0.8212,755.00,198.00,861.00,569.00,1.644,-4.611
2026-04-01T14:28:02.824Z,145.255,pi:0,bottle,0.8175,755.00,199.00,858.00,571.00,1.640,-4.660
2026-04-01T14:28:02.877Z,145.308,pi:0,bottle,0.8248,755.00,202.00,860.00,570.00,1.658,-4.627
2026-04-01T14:28:02.930Z,145.361,pi:0,bottle,0.8103,755.00,199.00,860.00,569.00,1.649,-4.627
2026-04-01T14:28:02.986Z,145.417,pi:0,bottle,0.8284,755.00,199.00,860.00,570.00,1.644,-4.627
2026-04-01T14:28:03.021Z,145.452,pi:0,bottle,0.8175,755.00,202.00,860.00,570.00,1.658,-4.627
2026-04-01T14:28:03.077Z,145.508,pi:0,bottle,0.8103,755.00,199.00,859.00,570.00,1.644,-4.643
2026-04-01T14:28:03.123Z,145.554,pi:0,bottle,0.8030,755.00,198.00,857.00,571.00,1.636,-4.676
2026-04-01T14:28:03.185Z,145.616,pi:0,bottle,0.8248,755.00,198.00,859.00,571.00,1.636,-4.643
2026-04-01T14:28:03.232Z,145.663,pi:0,bottle,0.8212,756.00,199.00,859.00,570.00,1.644,-4.627
2026-04-01T14:28:03.285Z,145.716,pi:0,bottle,0.8103,756.00,202.00,856.00,569.00,1.662,-4.676
2026-04-01T14:28:03.339Z,145.770,pi:0,bottle,0.8139,755.00,198.00,859.00,571.00,1.636,-4.643
2026-04-01T14:28:03.394Z,145.825,pi:0,bottle,0.8212,755.00,198.00,860.00,569.00,1.644,-4.627
2026-04-01T14:28:03.394Z,145.825,pi:0,bottle,0.2834,633.00,139.00,725.00,322.00,3.334,-8.765
2026-04-01T14:28:03.434Z,145.865,pi:0,bottle,0.8175,755.00,198.00,860.00,569.00,1.644,-4.627
2026-04-01T14:28:03.491Z,145.926,pi:0,bottle,0.8139,755.00,200.00,859.00,571.00,1.644,-4.643
2026-04-01T14:28:03.551Z,145.982,pi:0,bottle,0.8175,754.00,201.00,858.00,571.00,1.649,-4.676
2026-04-01T14:28:03.551Z,145.982,pi:0,bottle,0.2543,628.00,137.00,725.00,322.00,3.298,-8.845
2026-04-01T14:28:03.603Z,146.034,pi:0,bottle,0.8212,756.00,199.00,860.00,569.00,1.649,-4.611
2026-04-01T14:28:03.656Z,146.087,pi:0,bottle,0.8248,755.00,200.00,858.00,571.00,1.644,-4.660
2026-04-01T14:28:03.711Z,146.142,pi:0,bottle,0.8175,756.00,198.00,858.00,571.00,1.636,-4.643
2026-04-01T14:28:03.769Z,146.200,pi:0,bottle,0.8212,756.00,198.00,860.00,570.00,1.640,-4.611
2026-04-01T14:28:03.813Z,146.244,pi:0,bottle,0.8066,755.00,198.00,859.00,571.00,1.636,-4.643
2026-04-01T14:28:03.863Z,146.293,pi:0,bottle,0.8212,755.00,200.00,859.00,570.00,1.649,-4.643
2026-04-01T14:28:03.923Z,146.354,pi:0,bottle,0.8139,755.00,197.00,858.00,570.00,1.636,-4.660
2026-04-01T14:28:03.967Z,146.398,pi:0,bottle,0.8393,755.00,198.00,859.00,570.00,1.640,-4.643
2026-04-01T14:28:04.025Z,146.455,pi:0,bottle,0.8321,755.00,197.00,859.00,570.00,1.636,-4.643
2026-04-01T14:28:04.066Z,146.497,pi:0,bottle,0.8357,754.00,196.00,856.00,569.00,1.636,-4.708
2026-04-01T14:28:04.133Z,146.564,pi:0,bottle,0.8212,755.00,200.00,858.00,570.00,1.649,-4.660
2026-04-01T14:28:04.190Z,146.621,pi:0,bottle,0.8357,755.00,197.00,858.00,570.00,1.636,-4.660
2026-04-01T14:28:04.234Z,146.665,pi:0,bottle,0.8284,755.00,197.00,859.00,571.00,1.631,-4.643
2026-04-01T14:28:04.308Z,146.739,pi:0,bottle,0.8103,755.00,200.00,858.00,571.00,1.644,-4.660
2026-04-01T14:28:04.342Z,146.773,pi:0,bottle,0.8357,755.00,198.00,859.00,571.00,1.636,-4.643
2026-04-01T14:28:04.405Z,146.836,pi:0,bottle,0.8139,755.00,199.00,860.00,569.00,1.649,-4.627
2026-04-01T14:28:04.461Z,146.892,pi:0,bottle,0.8284,755.00,196.00,857.00,570.00,1.631,-4.676
2026-04-01T14:28:04.508Z,146.939,pi:0,bottle,0.8284,755.00,198.00,860.00,569.00,1.644,-4.627
2026-04-01T14:28:04.558Z,146.989,pi:0,bottle,0.8212,756.00,198.00,860.00,570.00,1.640,-4.611
2026-04-01T14:28:04.617Z,147.047,pi:0,bottle,0.8212,755.00,201.00,858.00,570.00,1.653,-4.660
2026-04-01T14:28:04.665Z,147.096,pi:0,bottle,0.8066,755.00,198.00,858.00,571.00,1.636,-4.660
2026-04-01T14:28:04.707Z,147.138,pi:0,bottle,0.8139,756.00,197.00,857.00,570.00,1.636,-4.660
2026-04-01T14:28:04.759Z,147.190,pi:0,bottle,0.8212,755.00,198.00,858.00,571.00,1.636,-4.660
2026-04-01T14:28:04.826Z,147.257,pi:0,bottle,0.8139,755.00,195.00,858.00,571.00,1.622,-4.660
2026-04-01T14:28:04.867Z,147.298,pi:0,bottle,0.8175,755.00,195.00,859.00,571.00,1.622,-4.643
2026-04-01T14:28:04.931Z,147.361,pi:0,bottle,0.8175,756.00,197.00,858.00,570.00,1.636,-4.643
2026-04-01T14:28:05.000Z,147.431,pi:0,bottle,0.8139,755.00,197.00,858.00,571.00,1.631,-4.660
2026-04-01T14:28:05.077Z,147.508,pi:0,bottle,0.8248,755.00,196.00,858.00,571.00,1.627,-4.660
2026-04-01T14:28:05.160Z,147.591,pi:0,bottle,0.8139,754.00,198.00,858.00,570.00,1.640,-4.676
2026-04-01T14:28:05.160Z,147.591,pi:0,bottle,0.2543,629.00,136.00,725.00,322.00,3.280,-8.829
2026-04-01T14:28:05.220Z,147.651,pi:0,bottle,0.8139,756.00,195.00,859.00,570.00,1.627,-4.627
2026-04-01T14:28:05.269Z,147.700,pi:0,bottle,0.8248,756.00,197.00,860.00,570.00,1.636,-4.611
2026-04-01T14:28:05.321Z,147.751,pi:0,bottle,0.8430,755.00,197.00,859.00,570.00,1.636,-4.643
2026-04-01T14:28:05.368Z,147.799,pi:0,bottle,0.8284,755.00,197.00,859.00,570.00,1.636,-4.643
2026-04-01T14:28:05.426Z,147.857,pi:0,bottle,0.8212,755.00,198.00,859.00,570.00,1.640,-4.643
2026-04-01T14:28:05.469Z,147.900,pi:0,bottle,0.8212,755.00,198.00,858.00,571.00,1.636,-4.660
2026-04-01T14:28:05.469Z,147.900,pi:0,bottle,0.2580,628.00,138.00,725.00,323.00,3.298,-8.845
2026-04-01T14:28:05.518Z,147.949,pi:0,bottle,0.8212,755.00,196.00,858.00,570.00,1.631,-4.660
2026-04-01T14:28:05.586Z,148.017,pi:0,bottle,0.8321,755.00,197.00,859.00,571.00,1.631,-4.643
2026-04-01T14:28:05.586Z,148.017,pi:0,bottle,0.2725,628.00,136.00,726.00,323.00,3.262,-8.829
2026-04-01T14:28:05.632Z,148.063,pi:0,bottle,0.8248,755.00,198.00,859.00,571.00,1.636,-4.643
2026-04-01T14:28:05.682Z,148.113,pi:0,bottle,0.8212,756.00,199.00,857.00,569.00,1.649,-4.660
2026-04-01T14:28:05.735Z,148.166,pi:0,bottle,0.8175,755.00,200.00,858.00,570.00,1.649,-4.660
2026-04-01T14:28:05.779Z,148.210,pi:0,bottle,0.8248,755.00,197.00,858.00,570.00,1.636,-4.660
2026-04-01T14:28:05.779Z,148.210,pi:0,bottle,0.2543,632.00,137.00,728.00,323.00,3.280,-8.733
2026-04-01T14:28:05.833Z,148.264,pi:0,bottle,0.8357,755.00,198.00,859.00,570.00,1.640,-4.643
2026-04-01T14:28:05.892Z,148.323,pi:0,bottle,0.8248,756.00,197.00,860.00,570.00,1.636,-4.611
2026-04-01T14:28:05.939Z,148.370,pi:0,bottle,0.8284,755.00,197.00,859.00,571.00,1.631,-4.643
2026-04-01T14:28:05.999Z,148.430,pi:0,bottle,0.8321,755.00,196.00,859.00,571.00,1.627,-4.643
2026-04-01T14:28:06.043Z,148.474,pi:0,bottle,0.8284,755.00,198.00,858.00,571.00,1.636,-4.660
2026-04-01T14:28:06.097Z,148.528,pi:0,bottle,0.8321,755.00,196.00,858.00,570.00,1.631,-4.660
2026-04-01T14:28:06.153Z,148.584,pi:0,bottle,0.8321,755.00,198.00,859.00,570.00,1.640,-4.643
2026-04-01T14:28:06.202Z,148.633,pi:0,bottle,0.8066,754.00,198.00,858.00,571.00,1.636,-4.676
2026-04-01T14:28:06.256Z,148.687,pi:0,bottle,0.8212,755.00,196.00,858.00,570.00,1.631,-4.660
2026-04-01T14:28:06.309Z,148.740,pi:0,bottle,0.8284,755.00,196.00,858.00,570.00,1.631,-4.660
2026-04-01T14:28:06.365Z,148.796,pi:0,bottle,0.8103,755.00,198.00,858.00,571.00,1.636,-4.660
2026-04-01T14:28:06.423Z,148.853,pi:0,bottle,0.8103,756.00,199.00,857.00,569.00,1.649,-4.660
2026-04-01T14:28:06.462Z,148.893,pi:0,bottle,0.8430,755.00,198.00,858.00,571.00,1.636,-4.660
2026-04-01T14:28:06.521Z,148.952,pi:0,bottle,0.8248,756.00,200.00,859.00,571.00,1.644,-4.627
2026-04-01T14:28:06.521Z,148.952,pi:0,bottle,0.2543,628.00,138.00,728.00,322.00,3.315,-8.797
2026-04-01T14:28:06.574Z,149.004,pi:0,bottle,0.8139,754.00,197.00,859.00,571.00,1.631,-4.660
2026-04-01T14:28:06.610Z,149.041,pi:0,bottle,0.8357,755.00,197.00,858.00,572.00,1.627,-4.660
2026-04-01T14:28:06.683Z,149.114,pi:0,bottle,0.8212,755.00,198.00,860.00,570.00,1.640,-4.627
2026-04-01T14:28:06.732Z,149.163,pi:0,bottle,0.8248,755.00,200.00,859.00,571.00,1.644,-4.643
2026-04-01T14:28:06.786Z,149.217,pi:0,bottle,0.8212,755.00,197.00,858.00,571.00,1.631,-4.660
2026-04-01T14:28:06.835Z,149.266,pi:0,bottle,0.8212,755.00,197.00,858.00,571.00,1.631,-4.660
2026-04-01T14:28:06.892Z,149.323,pi:0,bottle,0.8284,755.00,200.00,859.00,571.00,1.644,-4.643
2026-04-01T14:28:06.942Z,149.373,pi:0,bottle,0.8248,755.00,201.00,859.00,571.00,1.649,-4.643
2026-04-01T14:28:06.993Z,149.424,pi:0,bottle,0.8248,756.00,199.00,860.00,570.00,1.644,-4.611
2026-04-01T14:28:07.045Z,149.476,pi:0,bottle,0.8212,755.00,199.00,858.00,571.00,1.640,-4.660
2026-04-01T14:28:07.103Z,149.534,pi:0,bottle,0.8357,755.00,199.00,859.00,570.00,1.644,-4.643
2026-04-01T14:28:07.143Z,149.574,pi:0,bottle,0.8212,755.00,196.00,859.00,571.00,1.627,-4.643
2026-04-01T14:28:07.203Z,149.634,pi:0,bottle,0.8284,755.00,197.00,859.00,571.00,1.631,-4.643
2026-04-01T14:28:07.249Z,149.680,pi:0,bottle,0.8248,755.00,200.00,859.00,571.00,1.644,-4.643
2026-04-01T14:28:07.311Z,149.742,pi:0,bottle,0.8357,755.00,199.00,858.00,570.00,1.644,-4.660
2026-04-01T14:28:07.354Z,149.785,pi:0,bottle,0.8284,755.00,196.00,859.00,571.00,1.627,-4.643
2026-04-01T14:28:07.405Z,149.836,pi:0,bottle,0.8212,755.00,198.00,860.00,570.00,1.640,-4.627
2026-04-01T14:28:07.457Z,149.888,pi:0,bottle,0.8321,755.00,201.00,859.00,571.00,1.649,-4.643
2026-04-01T14:28:07.508Z,149.939,pi:0,bottle,0.8139,756.00,200.00,858.00,571.00,1.644,-4.643
2026-04-01T14:28:07.554Z,149.985,pi:0,bottle,0.8284,756.00,198.00,859.00,571.00,1.636,-4.627
2026-04-01T14:28:07.611Z,150.041,pi:0,bottle,0.8175,755.00,200.00,858.00,571.00,1.644,-4.660
2026-04-01T14:28:07.671Z,150.102,pi:0,bottle,0.8321,755.00,200.00,859.00,571.00,1.644,-4.643
2026-04-01T14:28:07.727Z,150.158,pi:0,bottle,0.8212,755.00,198.00,859.00,571.00,1.636,-4.643
2026-04-01T14:28:07.774Z,150.205,pi:0,bottle,0.8212,756.00,201.00,858.00,571.00,1.649,-4.643
2026-04-01T14:28:07.829Z,150.259,pi:0,bottle,0.8139,755.00,200.00,858.00,570.00,1.649,-4.660
2026-04-01T14:28:07.871Z,150.302,pi:0,bottle,0.8248,755.00,197.00,859.00,570.00,1.636,-4.643
2026-04-01T14:28:07.933Z,150.363,pi:0,bottle,0.8175,755.00,200.00,858.00,571.00,1.644,-4.660
2026-04-01T14:28:07.978Z,150.409,pi:0,bottle,0.8357,755.00,198.00,858.00,571.00,1.636,-4.660
2026-04-01T14:28:08.038Z,150.469,pi:0,bottle,0.8284,755.00,196.00,859.00,571.00,1.627,-4.643
2026-04-01T14:28:08.083Z,150.514,pi:0,bottle,0.8357,755.00,196.00,859.00,570.00,1.631,-4.643
2026-04-01T14:28:08.153Z,150.584,pi:0,bottle,0.8248,755.00,196.00,858.00,571.00,1.627,-4.660
2026-04-01T14:28:08.241Z,150.672,pi:0,bottle,0.8357,755.00,197.00,858.00,570.00,1.636,-4.660
2026-04-01T14:28:08.353Z,150.784,pi:0,bottle,0.8248,755.00,198.00,859.00,571.00,1.636,-4.643
2026-04-01T14:28:08.501Z,150.931,pi:0,bottle,0.8103,755.00,197.00,858.00,571.00,1.631,-4.660
2026-04-01T14:28:08.616Z,151.047,pi:0,bottle,0.8212,754.00,196.00,859.00,571.00,1.627,-4.660
2026-04-01T14:28:08.658Z,151.089,pi:0,bottle,0.8139,755.00,198.00,859.00,570.00,1.640,-4.643
2026-04-01T14:28:08.722Z,151.153,pi:0,bottle,0.8321,755.00,197.00,858.00,571.00,1.631,-4.660
2026-04-01T14:28:08.780Z,151.211,pi:0,bottle,0.8139,754.00,200.00,858.00,571.00,1.644,-4.676
2026-04-01T14:28:08.827Z,151.258,pi:0,bottle,0.8139,754.00,198.00,859.00,570.00,1.640,-4.660
2026-04-01T14:28:08.883Z,151.314,pi:0,bottle,0.8175,755.00,197.00,859.00,570.00,1.636,-4.643
2026-04-01T14:28:08.934Z,151.365,pi:0,bottle,0.8212,755.00,198.00,859.00,570.00,1.640,-4.643
2026-04-01T14:28:08.987Z,151.418,pi:0,bottle,0.8248,755.00,198.00,859.00,571.00,1.636,-4.643
2026-04-01T14:28:09.030Z,151.461,pi:0,bottle,0.8175,755.00,197.00,859.00,571.00,1.631,-4.643
2026-04-01T14:28:09.086Z,151.517,pi:0,bottle,0.8321,755.00,197.00,859.00,571.00,1.631,-4.643
2026-04-01T14:28:09.140Z,151.571,pi:0,bottle,0.8248,754.00,200.00,859.00,571.00,1.644,-4.660
2026-04-01T14:28:09.186Z,151.616,pi:0,bottle,0.8139,755.00,198.00,859.00,570.00,1.640,-4.643
2026-04-01T14:28:09.243Z,151.674,pi:0,bottle,0.8284,755.00,197.00,859.00,571.00,1.631,-4.643
2026-04-01T14:28:09.288Z,151.719,pi:0,bottle,0.8212,755.00,197.00,859.00,571.00,1.631,-4.643
2026-04-01T14:28:09.351Z,151.782,pi:0,bottle,0.8321,755.00,197.00,859.00,571.00,1.631,-4.643
2026-04-01T14:28:09.414Z,151.845,pi:0,bottle,0.8175,755.00,196.00,859.00,570.00,1.631,-4.643
2026-04-01T14:28:09.467Z,151.898,pi:0,bottle,0.8212,755.00,198.00,858.00,570.00,1.640,-4.660
2026-04-01T14:28:09.516Z,151.947,pi:0,bottle,0.8248,755.00,198.00,858.00,570.00,1.640,-4.660
2026-04-01T14:28:09.575Z,152.006,pi:0,bottle,0.8284,755.00,200.00,857.00,571.00,1.644,-4.676
2026-04-01T14:28:09.626Z,152.057,pi:0,bottle,0.8321,754.00,198.00,857.00,571.00,1.636,-4.692
2026-04-01T14:28:09.673Z,152.104,pi:0,bottle,0.8284,755.00,197.00,858.00,570.00,1.636,-4.660
2026-04-01T14:28:09.723Z,152.153,pi:0,bottle,0.8284,754.00,198.00,859.00,571.00,1.636,-4.660
2026-04-01T14:28:09.778Z,152.209,pi:0,bottle,0.8357,754.00,197.00,858.00,571.00,1.631,-4.676
2026-04-01T14:28:09.838Z,152.269,pi:0,bottle,0.8357,756.00,196.00,859.00,571.00,1.627,-4.627
2026-04-01T14:28:09.891Z,152.322,pi:0,bottle,0.8212,755.00,198.00,860.00,569.00,1.644,-4.627
2026-04-01T14:28:09.949Z,152.380,pi:0,bottle,0.8357,755.00,199.00,859.00,571.00,1.640,-4.643
2026-04-01T14:28:09.993Z,152.424,pi:0,bottle,0.8357,755.00,196.00,858.00,571.00,1.627,-4.660
2026-04-01T14:28:10.039Z,152.470,pi:0,bottle,0.8248,756.00,199.00,859.00,571.00,1.640,-4.627
2026-04-01T14:28:10.091Z,152.521,pi:0,bottle,0.8321,755.00,198.00,858.00,571.00,1.636,-4.660
2026-04-01T14:28:10.150Z,152.580,pi:0,bottle,0.8139,756.00,196.00,859.00,569.00,1.636,-4.627
2026-04-01T14:28:10.198Z,152.629,pi:0,bottle,0.8284,755.00,197.00,858.00,571.00,1.631,-4.660
2026-04-01T14:28:10.243Z,152.674,pi:0,bottle,0.8139,755.00,199.00,859.00,570.00,1.644,-4.643
2026-04-01T14:28:10.301Z,152.732,pi:0,bottle,0.8139,755.00,197.00,859.00,571.00,1.631,-4.643
2026-04-01T14:28:10.347Z,152.778,pi:0,bottle,0.8393,755.00,197.00,859.00,571.00,1.631,-4.643
2026-04-01T14:28:10.394Z,152.825,pi:0,bottle,0.8103,755.00,197.00,859.00,570.00,1.636,-4.643
2026-04-01T14:28:10.464Z,152.895,pi:0,bottle,0.8321,755.00,199.00,860.00,569.00,1.649,-4.627
2026-04-01T14:28:10.509Z,152.940,pi:0,bottle,0.8284,755.00,197.00,859.00,570.00,1.636,-4.643
2026-04-01T14:28:10.561Z,152.992,pi:0,bottle,0.8212,754.00,199.00,859.00,571.00,1.640,-4.660
2026-04-01T14:28:10.613Z,153.044,pi:0,bottle,0.8248,755.00,197.00,859.00,571.00,1.631,-4.643
2026-04-01T14:28:10.662Z,153.093,pi:0,bottle,0.8284,755.00,198.00,858.00,570.00,1.640,-4.660
2026-04-01T14:28:10.733Z,153.164,pi:0,bottle,0.8139,755.00,198.00,858.00,571.00,1.636,-4.660
2026-04-01T14:28:10.770Z,153.201,pi:0,bottle,0.8393,755.00,196.00,858.00,570.00,1.631,-4.660
2026-04-01T14:28:10.823Z,153.254,pi:0,bottle,0.8357,755.00,197.00,859.00,570.00,1.636,-4.643
2026-04-01T14:28:10.889Z,153.320,pi:0,bottle,0.8248,756.00,197.00,858.00,571.00,1.631,-4.643
2026-04-01T14:28:10.942Z,153.373,pi:0,bottle,0.8430,755.00,200.00,859.00,570.00,1.649,-4.643
2026-04-01T14:28:10.991Z,153.422,pi:0,bottle,0.8248,755.00,196.00,858.00,571.00,1.627,-4.660
2026-04-01T14:28:11.047Z,153.478,pi:0,bottle,0.8357,755.00,197.00,858.00,571.00,1.631,-4.660
2026-04-01T14:28:11.091Z,153.522,pi:0,bottle,0.8066,755.00,197.00,858.00,570.00,1.636,-4.660
2026-04-01T14:28:11.147Z,153.578,pi:0,bottle,0.8212,755.00,198.00,860.00,569.00,1.644,-4.627
2026-04-01T14:28:11.191Z,153.622,pi:0,bottle,0.8321,756.00,196.00,858.00,570.00,1.631,-4.643
2026-04-01T14:28:11.250Z,153.680,pi:0,bottle,0.8284,755.00,197.00,859.00,571.00,1.631,-4.643
2026-04-01T14:28:11.300Z,153.731,pi:0,bottle,0.8284,755.00,198.00,858.00,571.00,1.636,-4.660
2026-04-01T14:28:11.358Z,153.789,pi:0,bottle,0.8284,755.00,200.00,859.00,570.00,1.649,-4.643
2026-04-01T14:28:11.449Z,153.879,pi:0,bottle,0.8139,755.00,198.00,859.00,570.00,1.640,-4.643
2026-04-01T14:28:11.523Z,153.954,pi:0,bottle,0.8175,754.00,197.00,858.00,570.00,1.636,-4.676
2026-04-01T14:28:11.605Z,154.036,pi:0,bottle,0.8066,755.00,199.00,860.00,569.00,1.649,-4.627
2026-04-01T14:28:11.651Z,154.082,pi:0,bottle,0.8066,755.00,199.00,859.00,570.00,1.644,-4.643
2026-04-01T14:28:11.702Z,154.133,pi:0,bottle,0.8284,755.00,197.00,859.00,571.00,1.631,-4.643
2026-04-01T14:28:11.754Z,154.185,pi:0,bottle,0.8357,755.00,197.00,859.00,571.00,1.631,-4.643
2026-04-01T14:28:11.805Z,154.236,pi:0,bottle,0.8212,755.00,198.00,859.00,571.00,1.636,-4.643
2026-04-01T14:28:11.861Z,154.292,pi:0,bottle,0.8139,755.00,195.00,858.00,570.00,1.627,-4.660
2026-04-01T14:28:11.913Z,154.344,pi:0,bottle,0.8248,755.00,198.00,858.00,570.00,1.640,-4.660
2026-04-01T14:28:11.970Z,154.401,pi:0,bottle,0.8321,755.00,198.00,859.00,570.00,1.640,-4.643
2026-04-01T14:28:12.022Z,154.453,pi:0,bottle,0.8284,755.00,195.00,858.00,571.00,1.622,-4.660
2026-04-01T14:28:12.022Z,154.453,pi:0,bottle,0.2689,627.00,138.00,727.00,322.00,3.315,-8.829
2026-04-01T14:28:12.068Z,154.499,pi:0,bottle,0.8248,755.00,200.00,858.00,570.00,1.649,-4.660
2026-04-01T14:28:12.126Z,154.557,pi:0,bottle,0.8175,756.00,199.00,858.00,571.00,1.640,-4.643
2026-04-01T14:28:12.181Z,154.612,pi:0,bottle,0.8175,755.00,197.00,857.00,571.00,1.631,-4.676
2026-04-01T14:28:12.215Z,154.646,pi:0,bottle,0.8248,755.00,198.00,859.00,570.00,1.640,-4.643
2026-04-01T14:28:12.278Z,154.709,pi:0,bottle,0.8321,755.00,199.00,858.00,570.00,1.644,-4.660
2026-04-01T14:28:12.336Z,154.767,pi:0,bottle,0.8139,756.00,198.00,859.00,570.00,1.640,-4.627
2026-04-01T14:28:12.393Z,154.824,pi:0,bottle,0.8284,756.00,196.00,858.00,570.00,1.631,-4.643
2026-04-01T14:28:12.435Z,154.866,pi:0,bottle,0.8284,755.00,196.00,858.00,570.00,1.631,-4.660
2026-04-01T14:28:12.496Z,154.927,pi:0,bottle,0.8284,755.00,196.00,858.00,570.00,1.631,-4.660
2026-04-01T14:28:12.545Z,154.976,pi:0,bottle,0.8212,754.00,196.00,859.00,570.00,1.631,-4.660
2026-04-01T14:28:12.597Z,155.028,pi:0,bottle,0.8321,755.00,196.00,858.00,570.00,1.631,-4.660
2026-04-01T14:28:12.642Z,155.073,pi:0,bottle,0.8284,755.00,198.00,859.00,570.00,1.640,-4.643
2026-04-01T14:28:12.642Z,155.073,pi:0,bottle,0.2580,628.00,138.00,725.00,322.00,3.315,-8.845
2026-04-01T14:28:12.701Z,155.131,pi:0,bottle,0.8393,755.00,198.00,858.00,571.00,1.636,-4.660
2026-04-01T14:28:12.759Z,155.190,pi:0,bottle,0.8430,755.00,199.00,858.00,571.00,1.640,-4.660
2026-04-01T14:28:12.813Z,155.244,pi:0,bottle,0.8139,756.00,199.00,859.00,569.00,1.649,-4.627
2026-04-01T14:28:12.855Z,155.286,pi:0,bottle,0.8430,756.00,198.00,858.00,570.00,1.640,-4.643
2026-04-01T14:28:12.911Z,155.342,pi:0,bottle,0.8466,755.00,199.00,858.00,571.00,1.640,-4.660
2026-04-01T14:28:12.964Z,155.395,pi:0,bottle,0.8357,755.00,199.00,859.00,569.00,1.649,-4.643
2026-04-01T14:28:13.017Z,155.448,pi:0,bottle,0.8284,756.00,199.00,859.00,571.00,1.640,-4.627
2026-04-01T14:28:13.079Z,155.510,pi:0,bottle,0.8321,755.00,197.00,858.00,571.00,1.631,-4.660
2026-04-01T14:28:13.079Z,155.510,pi:0,bottle,0.2725,630.00,138.00,724.00,322.00,3.315,-8.829
2026-04-01T14:28:13.118Z,155.549,pi:0,bottle,0.8284,755.00,198.00,858.00,570.00,1.640,-4.660
2026-04-01T14:28:13.178Z,155.609,pi:0,bottle,0.8248,755.00,197.00,859.00,570.00,1.636,-4.643
2026-04-01T14:28:13.229Z,155.660,pi:0,bottle,0.8357,755.00,200.00,858.00,571.00,1.644,-4.660
2026-04-01T14:28:13.280Z,155.711,pi:0,bottle,0.8357,755.00,198.00,858.00,570.00,1.640,-4.660
2026-04-01T14:28:13.325Z,155.756,pi:0,bottle,0.8357,756.00,199.00,858.00,570.00,1.644,-4.643
2026-04-01T14:28:13.394Z,155.824,pi:0,bottle,0.8321,755.00,200.00,858.00,571.00,1.644,-4.660
2026-04-01T14:28:13.434Z,155.865,pi:0,bottle,0.8539,755.00,200.00,859.00,570.00,1.649,-4.643
2026-04-01T14:28:13.490Z,155.920,pi:0,bottle,0.8248,755.00,200.00,860.00,570.00,1.649,-4.627
2026-04-01T14:28:13.538Z,155.969,pi:0,bottle,0.8212,756.00,197.00,858.00,570.00,1.636,-4.643
2026-04-01T14:28:13.595Z,156.026,pi:0,bottle,0.8248,755.00,200.00,859.00,570.00,1.649,-4.643
2026-04-01T14:28:13.645Z,156.076,pi:0,bottle,0.8248,756.00,197.00,860.00,569.00,1.640,-4.611
2026-04-01T14:28:13.694Z,156.125,pi:0,bottle,0.8175,755.00,200.00,858.00,571.00,1.644,-4.660
2026-04-01T14:28:13.752Z,156.183,pi:0,bottle,0.8357,756.00,197.00,860.00,570.00,1.636,-4.611
2026-04-01T14:28:13.804Z,156.235,pi:0,bottle,0.8175,755.00,201.00,857.00,570.00,1.653,-4.676
2026-04-01T14:28:13.842Z,156.272,pi:0,bottle,0.8284,755.00,196.00,858.00,570.00,1.631,-4.660
2026-04-01T14:28:13.915Z,156.346,pi:0,bottle,0.8357,755.00,197.00,858.00,570.00,1.636,-4.660
2026-04-01T14:28:13.961Z,156.392,pi:0,bottle,0.8212,755.00,196.00,857.00,570.00,1.631,-4.676
2026-04-01T14:28:14.022Z,156.453,pi:0,bottle,0.8321,755.00,196.00,858.00,571.00,1.627,-4.660
2026-04-01T14:28:14.062Z,156.493,pi:0,bottle,0.8393,755.00,197.00,858.00,570.00,1.636,-4.660
2026-04-01T14:28:14.123Z,156.554,pi:0,bottle,0.8284,755.00,196.00,858.00,570.00,1.631,-4.660
2026-04-01T14:28:14.169Z,156.600,pi:0,bottle,0.8357,755.00,200.00,857.00,571.00,1.644,-4.676
2026-04-01T14:28:14.225Z,156.656,pi:0,bottle,0.8212,756.00,198.00,858.00,571.00,1.636,-4.643
2026-04-01T14:28:14.273Z,156.703,pi:0,bottle,0.8212,754.00,200.00,857.00,571.00,1.644,-4.692
2026-04-01T14:28:14.321Z,156.752,pi:0,bottle,0.8212,755.00,200.00,857.00,571.00,1.644,-4.676
2026-04-01T14:28:14.401Z,156.832,pi:0,bottle,0.8284,755.00,197.00,857.00,570.00,1.636,-4.676
2026-04-01T14:28:14.463Z,156.894,pi:0,bottle,0.8248,755.00,201.00,859.00,571.00,1.649,-4.643
2026-04-01T14:28:14.548Z,156.978,pi:0,bottle,0.8321,755.00,201.00,857.00,571.00,1.649,-4.676
2026-04-01T14:28:14.621Z,157.052,pi:0,bottle,0.8066,756.00,204.00,856.00,569.00,1.671,-4.676
2026-04-01T14:28:14.621Z,157.052,pi:0,bottle,0.2580,627.00,135.00,726.00,322.00,3.262,-8.845
2026-04-01T14:28:14.677Z,157.108,pi:0,bottle,0.8175,756.00,199.00,859.00,570.00,1.644,-4.627
2026-04-01T14:28:14.732Z,157.163,pi:0,bottle,0.8321,755.00,201.00,859.00,572.00,1.644,-4.643
2026-04-01T14:28:14.790Z,157.221,pi:0,bottle,0.8248,755.00,202.00,858.00,570.00,1.658,-4.660
2026-04-01T14:28:14.790Z,157.221,pi:0,bottle,0.2761,628.00,136.00,727.00,322.00,3.280,-8.813
2026-04-01T14:28:14.832Z,157.263,pi:0,bottle,0.8357,755.00,200.00,858.00,571.00,1.644,-4.660
2026-04-01T14:28:14.886Z,157.317,pi:0,bottle,0.8212,755.00,198.00,859.00,570.00,1.640,-4.643
2026-04-01T14:28:14.929Z,157.359,pi:0,bottle,0.8139,755.00,198.00,858.00,570.00,1.640,-4.660
2026-04-01T14:28:14.981Z,157.412,pi:0,bottle,0.8139,756.00,201.00,855.00,569.00,1.658,-4.692
2026-04-01T14:28:14.981Z,157.412,pi:0,bottle,0.3052,628.00,139.00,727.00,323.00,3.315,-8.813
2026-04-01T14:28:15.043Z,157.474,pi:0,bottle,0.8139,755.00,200.00,860.00,569.00,1.653,-4.627
2026-04-01T14:28:15.043Z,157.474,pi:0,bottle,0.3415,627.00,135.00,727.00,322.00,3.262,-8.829
2026-04-01T14:28:15.090Z,157.521,pi:0,bottle,0.8175,755.00,204.00,855.00,569.00,1.671,-4.708
2026-04-01T14:28:15.151Z,157.582,pi:0,bottle,0.8175,755.00,199.00,856.00,569.00,1.649,-4.692
2026-04-01T14:28:15.151Z,157.582,pi:0,bottle,0.2907,631.00,135.00,724.00,322.00,3.262,-8.813
2026-04-01T14:28:15.189Z,157.620,pi:0,bottle,0.8066,754.00,198.00,864.00,569.00,1.644,-4.579
2026-04-01T14:28:15.189Z,157.620,pi:0,bottle,0.2507,630.00,135.00,725.00,322.00,3.262,-8.813
2026-04-01T14:28:15.247Z,157.678,pi:0,bottle,0.7558,755.00,196.00,852.00,564.00,1.658,-4.757
2026-04-01T14:28:15.247Z,157.678,pi:0,bottle,0.2507,633.00,142.00,726.00,321.00,3.408,-8.749
2026-04-01T14:28:15.306Z,157.737,pi:0,bottle,0.3415,754.00,83.00,834.00,474.00,1.560,-5.065
2026-04-01T14:28:15.306Z,157.737,pi:0,bottle,0.2839,754.00,202.00,831.00,416.00,2.851,-5.114
2026-04-01T14:28:15.603Z,158.034,pi:0,bottle,0.7885,756.00,195.00,860.00,569.00,1.631,-4.611
2026-04-01T14:28:15.650Z,158.080,pi:0,bottle,0.8284,754.00,197.00,858.00,570.00,1.636,-4.676
2026-04-01T14:28:15.706Z,158.137,pi:0,bottle,0.8321,754.00,198.00,858.00,571.00,1.636,-4.676
2026-04-01T14:28:15.764Z,158.195,pi:0,bottle,0.8321,755.00,198.00,858.00,571.00,1.636,-4.660
2026-04-01T14:28:15.820Z,158.251,pi:0,bottle,0.8212,754.00,200.00,859.00,571.00,1.644,-4.660
2026-04-01T14:28:15.871Z,158.301,pi:0,bottle,0.8175,756.00,200.00,856.00,569.00,1.653,-4.676
2026-04-01T14:28:15.924Z,158.355,pi:0,bottle,0.8248,756.00,202.00,855.00,569.00,1.662,-4.692
2026-04-01T14:28:15.970Z,158.401,pi:0,bottle,0.8139,755.00,200.00,860.00,569.00,1.653,-4.627
2026-04-01T14:28:16.040Z,158.471,pi:0,bottle,0.8212,754.00,199.00,858.00,570.00,1.644,-4.676
2026-04-01T14:28:16.079Z,158.510,pi:0,bottle,0.8139,755.00,202.00,859.00,570.00,1.658,-4.643
2026-04-01T14:28:16.143Z,158.574,pi:0,bottle,0.8175,754.00,201.00,858.00,571.00,1.649,-4.676
2026-04-01T14:28:16.197Z,158.628,pi:0,bottle,0.8066,756.00,197.00,859.00,570.00,1.636,-4.627
2026-04-01T14:28:16.249Z,158.680,pi:0,bottle,0.8248,754.00,198.00,859.00,571.00,1.636,-4.660
2026-04-01T14:28:16.313Z,158.744,pi:0,bottle,0.8212,756.00,199.00,859.00,570.00,1.644,-4.627
2026-04-01T14:28:16.364Z,158.795,pi:0,bottle,0.8284,754.00,198.00,859.00,571.00,1.636,-4.660
2026-04-01T14:28:16.420Z,158.851,pi:0,bottle,0.8248,754.00,198.00,858.00,571.00,1.636,-4.676
2026-04-01T14:28:16.466Z,158.896,pi:0,bottle,0.8212,754.00,196.00,859.00,571.00,1.627,-4.660
2026-04-01T14:28:16.523Z,158.954,pi:0,bottle,0.8103,755.00,197.00,858.00,570.00,1.636,-4.660
2026-04-01T14:28:16.568Z,158.998,pi:0,bottle,0.8066,755.00,196.00,859.00,570.00,1.631,-4.643
2026-04-01T14:28:16.631Z,159.062,pi:0,bottle,0.8175,755.00,197.00,859.00,571.00,1.631,-4.643
2026-04-01T14:28:16.685Z,159.115,pi:0,bottle,0.8212,755.00,198.00,859.00,571.00,1.636,-4.643
2026-04-01T14:28:16.727Z,159.157,pi:0,bottle,0.8139,755.00,197.00,859.00,571.00,1.631,-4.643
2026-04-01T14:28:16.795Z,159.226,pi:0,bottle,0.8139,755.00,196.00,858.00,570.00,1.631,-4.660
2026-04-01T14:28:16.852Z,159.283,pi:0,bottle,0.8212,755.00,197.00,858.00,571.00,1.631,-4.660
2026-04-01T14:28:16.910Z,159.341,pi:0,bottle,0.8212,755.00,196.00,858.00,570.00,1.631,-4.660
2026-04-01T14:28:16.961Z,159.392,pi:0,bottle,0.8212,755.00,199.00,858.00,570.00,1.644,-4.660
2026-04-01T14:28:17.017Z,159.448,pi:0,bottle,0.8248,755.00,198.00,858.00,571.00,1.636,-4.660
2026-04-01T14:28:17.060Z,159.491,pi:0,bottle,0.8321,754.00,196.00,859.00,570.00,1.631,-4.660
2026-04-01T14:28:17.126Z,159.557,pi:0,bottle,0.8139,755.00,197.00,859.00,571.00,1.631,-4.643
2026-04-01T14:28:17.177Z,159.608,pi:0,bottle,0.8103,755.00,197.00,859.00,571.00,1.631,-4.643
2026-04-01T14:28:17.221Z,159.652,pi:0,bottle,0.8284,755.00,197.00,859.00,570.00,1.636,-4.643
2026-04-01T14:28:17.282Z,159.713,pi:0,bottle,0.8139,755.00,196.00,859.00,570.00,1.631,-4.643
2026-04-01T14:28:17.327Z,159.758,pi:0,bottle,0.8212,755.00,200.00,858.00,570.00,1.649,-4.660
2026-04-01T14:28:17.378Z,159.809,pi:0,bottle,0.8321,754.00,196.00,858.00,571.00,1.627,-4.676
2026-04-01T14:28:17.432Z,159.863,pi:0,bottle,0.8066,755.00,199.00,858.00,571.00,1.640,-4.660
2026-04-01T14:28:17.483Z,159.914,pi:0,bottle,0.8139,755.00,196.00,859.00,570.00,1.631,-4.643
2026-04-01T14:28:17.531Z,159.962,pi:0,bottle,0.8212,755.00,197.00,859.00,570.00,1.636,-4.643
2026-04-01T14:28:17.531Z,159.962,pi:0,bottle,0.2543,626.00,138.00,725.00,322.00,3.315,-8.877
2026-04-01T14:28:17.586Z,160.017,pi:0,bottle,0.8212,755.00,198.00,857.00,571.00,1.636,-4.676
2026-04-01T14:28:17.637Z,160.067,pi:0,bottle,0.8139,755.00,196.00,858.00,571.00,1.627,-4.660
2026-04-01T14:28:17.692Z,160.123,pi:0,bottle,0.8357,755.00,195.00,858.00,570.00,1.627,-4.660
2026-04-01T14:28:17.744Z,160.174,pi:0,bottle,0.8139,755.00,197.00,858.00,571.00,1.631,-4.660
2026-04-01T14:28:17.827Z,160.258,pi:0,bottle,0.8212,754.00,197.00,859.00,570.00,1.636,-4.660
2026-04-01T14:28:17.899Z,160.330,pi:0,bottle,0.8103,754.00,198.00,858.00,571.00,1.636,-4.676
2026-04-01T14:28:17.982Z,160.412,pi:0,bottle,0.8248,755.00,196.00,859.00,570.00,1.631,-4.643
2026-04-01T14:28:18.031Z,160.462,pi:0,bottle,0.8430,754.00,196.00,859.00,571.00,1.627,-4.660
2026-04-01T14:28:18.083Z,160.514,pi:0,bottle,0.8284,755.00,196.00,858.00,570.00,1.631,-4.660
2026-04-01T14:28:18.139Z,160.570,pi:0,bottle,0.8357,755.00,196.00,857.00,571.00,1.627,-4.676
2026-04-01T14:28:18.189Z,160.620,pi:0,bottle,0.8212,755.00,196.00,858.00,571.00,1.627,-4.660
2026-04-01T14:28:18.242Z,160.673,pi:0,bottle,0.8248,754.00,198.00,859.00,571.00,1.636,-4.660
2026-04-01T14:28:18.290Z,160.721,pi:0,bottle,0.8357,755.00,197.00,858.00,570.00,1.636,-4.660
2026-04-01T14:28:18.345Z,160.776,pi:0,bottle,0.8212,754.00,196.00,859.00,571.00,1.627,-4.660
2026-04-01T14:28:18.400Z,160.831,pi:0,bottle,0.8212,755.00,195.00,858.00,571.00,1.622,-4.660
2026-04-01T14:28:18.460Z,160.891,pi:0,bottle,0.8212,755.00,197.00,860.00,570.00,1.636,-4.627
2026-04-01T14:28:18.501Z,160.932,pi:0,bottle,0.8248,755.00,197.00,858.00,570.00,1.636,-4.660
2026-04-01T14:28:18.574Z,161.005,pi:0,bottle,0.8212,755.00,196.00,859.00,571.00,1.627,-4.643
2026-04-01T14:28:18.574Z,161.005,pi:0,bottle,0.2543,631.00,137.00,728.00,323.00,3.280,-8.749
2026-04-01T14:28:18.620Z,161.051,pi:0,bottle,0.8248,755.00,197.00,859.00,570.00,1.636,-4.643
2026-04-01T14:28:18.677Z,161.107,pi:0,bottle,0.8430,755.00,197.00,858.00,571.00,1.631,-4.660
2026-04-01T14:28:18.730Z,161.161,pi:0,bottle,0.8284,755.00,198.00,860.00,570.00,1.640,-4.627
2026-04-01T14:28:18.786Z,161.218,pi:0,bottle,0.8284,755.00,198.00,858.00,570.00,1.640,-4.660
2026-04-01T14:28:18.838Z,161.269,pi:0,bottle,0.8212,755.00,197.00,858.00,571.00,1.631,-4.660
2026-04-01T14:28:18.889Z,161.320,pi:0,bottle,0.8321,756.00,200.00,858.00,571.00,1.644,-4.643
2026-04-01T14:28:18.933Z,161.364,pi:0,bottle,0.8248,756.00,197.00,858.00,571.00,1.631,-4.643
2026-04-01T14:28:18.990Z,161.420,pi:0,bottle,0.8321,755.00,197.00,858.00,571.00,1.631,-4.660
2026-04-01T14:28:19.047Z,161.478,pi:0,bottle,0.8321,755.00,196.00,859.00,570.00,1.631,-4.643
2026-04-01T14:28:19.097Z,161.528,pi:0,bottle,0.8248,755.00,199.00,858.00,570.00,1.644,-4.660
2026-04-01T14:28:19.152Z,161.583,pi:0,bottle,0.8321,755.00,197.00,859.00,570.00,1.636,-4.643
2026-04-01T14:28:19.200Z,161.631,pi:0,bottle,0.8284,755.00,197.00,859.00,571.00,1.631,-4.643
2026-04-01T14:28:19.252Z,161.683,pi:0,bottle,0.8393,754.00,197.00,859.00,571.00,1.631,-4.660
2026-04-01T14:28:19.311Z,161.742,pi:0,bottle,0.8430,755.00,200.00,858.00,570.00,1.649,-4.660
2026-04-01T14:28:19.365Z,161.795,pi:0,bottle,0.8284,755.00,197.00,859.00,570.00,1.636,-4.643
2026-04-01T14:28:19.416Z,161.847,pi:0,bottle,0.8284,755.00,197.00,859.00,570.00,1.636,-4.643
2026-04-01T14:28:19.461Z,161.892,pi:0,bottle,0.8321,755.00,196.00,859.00,571.00,1.627,-4.643
2026-04-01T14:28:19.511Z,161.942,pi:0,bottle,0.8321,756.00,195.00,859.00,572.00,1.618,-4.627
2026-04-01T14:28:19.567Z,161.998,pi:0,bottle,0.8248,755.00,200.00,859.00,571.00,1.644,-4.643
2026-04-01T14:28:19.630Z,162.061,pi:0,bottle,0.8284,755.00,197.00,859.00,570.00,1.636,-4.643
2026-04-01T14:28:19.684Z,162.115,pi:0,bottle,0.8357,755.00,200.00,858.00,571.00,1.644,-4.660
2026-04-01T14:28:19.730Z,162.161,pi:0,bottle,0.8357,754.00,197.00,859.00,570.00,1.636,-4.660
2026-04-01T14:28:19.782Z,162.213,pi:0,bottle,0.8321,755.00,200.00,859.00,570.00,1.649,-4.643
2026-04-01T14:28:19.838Z,162.269,pi:0,bottle,0.8212,755.00,197.00,859.00,570.00,1.636,-4.643
2026-04-01T14:28:19.886Z,162.317,pi:0,bottle,0.8248,755.00,199.00,858.00,570.00,1.644,-4.660
2026-04-01T14:28:19.947Z,162.377,pi:0,bottle,0.8321,755.00,197.00,859.00,571.00,1.631,-4.643
2026-04-01T14:28:19.995Z,162.426,pi:0,bottle,0.8357,755.00,200.00,859.00,571.00,1.644,-4.643
2026-04-01T14:28:20.041Z,162.471,pi:0,bottle,0.8212,755.00,195.00,859.00,571.00,1.622,-4.643
2026-04-01T14:28:20.096Z,162.527,pi:0,bottle,0.8357,755.00,199.00,859.00,571.00,1.640,-4.643
2026-04-01T14:28:20.153Z,162.584,pi:0,bottle,0.8357,755.00,196.00,858.00,571.00,1.627,-4.660
2026-04-01T14:28:20.199Z,162.630,pi:0,bottle,0.8357,755.00,195.00,859.00,570.00,1.627,-4.643
2026-04-01T14:28:20.251Z,162.682,pi:0,bottle,0.8248,755.00,197.00,859.00,571.00,1.631,-4.643
2026-04-01T14:28:20.298Z,162.729,pi:0,bottle,0.8212,756.00,199.00,859.00,571.00,1.640,-4.627
2026-04-01T14:28:20.354Z,162.785,pi:0,bottle,0.8212,755.00,197.00,858.00,571.00,1.631,-4.660
2026-04-01T14:28:20.398Z,162.829,pi:0,bottle,0.8175,754.00,197.00,859.00,571.00,1.631,-4.660
2026-04-01T14:28:20.464Z,162.895,pi:0,bottle,0.8212,755.00,200.00,859.00,571.00,1.644,-4.643
2026-04-01T14:28:20.511Z,162.942,pi:0,bottle,0.8212,756.00,196.00,858.00,571.00,1.627,-4.643
2026-04-01T14:28:20.561Z,162.992,pi:0,bottle,0.8248,756.00,198.00,859.00,571.00,1.636,-4.627
2026-04-01T14:28:20.620Z,163.050,pi:0,bottle,0.8357,756.00,198.00,858.00,570.00,1.640,-4.643
2026-04-01T14:28:20.669Z,163.099,pi:0,bottle,0.8284,755.00,197.00,859.00,571.00,1.631,-4.643
2026-04-01T14:28:20.719Z,163.150,pi:0,bottle,0.8321,756.00,200.00,858.00,570.00,1.649,-4.643
2026-04-01T14:28:20.778Z,163.209,pi:0,bottle,0.8212,756.00,199.00,859.00,571.00,1.640,-4.627
2026-04-01T14:28:20.837Z,163.268,pi:0,bottle,0.8357,755.00,199.00,859.00,570.00,1.644,-4.643
2026-04-01T14:28:20.880Z,163.311,pi:0,bottle,0.8321,755.00,199.00,859.00,571.00,1.640,-4.643
2026-04-01T14:28:20.936Z,163.367,pi:0,bottle,0.8430,755.00,198.00,858.00,571.00,1.636,-4.660
2026-04-01T14:28:20.985Z,163.416,pi:0,bottle,0.8212,755.00,199.00,859.00,570.00,1.644,-4.643
2026-04-01T14:28:21.037Z,163.468,pi:0,bottle,0.8284,755.00,196.00,859.00,571.00,1.627,-4.643
2026-04-01T14:28:21.087Z,163.518,pi:0,bottle,0.8321,755.00,201.00,859.00,571.00,1.649,-4.643
2026-04-01T14:28:21.149Z,163.580,pi:0,bottle,0.8212,755.00,198.00,858.00,571.00,1.636,-4.660
2026-04-01T14:28:21.204Z,163.635,pi:0,bottle,0.8321,755.00,200.00,859.00,570.00,1.649,-4.643
2026-04-01T14:28:21.247Z,163.678,pi:0,bottle,0.8212,755.00,196.00,859.00,571.00,1.627,-4.643
2026-04-01T14:28:21.309Z,163.740,pi:0,bottle,0.8321,755.00,196.00,859.00,571.00,1.627,-4.643
2026-04-01T14:28:21.357Z,163.787,pi:0,bottle,0.8321,755.00,196.00,858.00,571.00,1.627,-4.660
2026-04-01T14:28:21.408Z,163.839,pi:0,bottle,0.8284,755.00,200.00,859.00,570.00,1.649,-4.643
2026-04-01T14:28:21.462Z,163.893,pi:0,bottle,0.8357,755.00,199.00,858.00,570.00,1.644,-4.660
2026-04-01T14:28:21.514Z,163.945,pi:0,bottle,0.8248,755.00,198.00,858.00,571.00,1.636,-4.660
2026-04-01T14:28:21.556Z,163.987,pi:0,bottle,0.8357,755.00,197.00,859.00,571.00,1.631,-4.643
2026-04-01T14:28:21.612Z,164.043,pi:0,bottle,0.8175,755.00,197.00,858.00,570.00,1.636,-4.660
2026-04-01T14:28:21.660Z,164.091,pi:0,bottle,0.8212,755.00,199.00,858.00,570.00,1.644,-4.660
2026-04-01T14:28:21.660Z,164.091,pi:0,bottle,0.2507,627.00,138.00,728.00,322.00,3.315,-8.813
2026-04-01T14:28:21.718Z,164.149,pi:0,bottle,0.8248,755.00,197.00,859.00,571.00,1.631,-4.643
2026-04-01T14:28:21.772Z,164.203,pi:0,bottle,0.8139,756.00,197.00,859.00,571.00,1.631,-4.627
2026-04-01T14:28:21.827Z,164.258,pi:0,bottle,0.8212,755.00,197.00,859.00,570.00,1.636,-4.643
2026-04-01T14:28:21.906Z,164.337,pi:0,bottle,0.8103,755.00,200.00,858.00,570.00,1.649,-4.660
2026-04-01T14:28:22.003Z,164.434,pi:0,bottle,0.8248,756.00,201.00,859.00,570.00,1.653,-4.627
2026-04-01T14:28:22.003Z,164.434,pi:0,bottle,0.3125,629.00,139.00,725.00,322.00,3.334,-8.829
2026-04-01T14:28:22.057Z,164.488,pi:0,bottle,0.8284,755.00,198.00,858.00,571.00,1.636,-4.660
2026-04-01T14:28:22.131Z,164.562,pi:0,bottle,0.8103,755.00,198.00,859.00,571.00,1.636,-4.643
2026-04-01T14:28:22.183Z,164.614,pi:0,bottle,0.8284,755.00,197.00,858.00,570.00,1.636,-4.660
2026-04-01T14:28:22.229Z,164.660,pi:0,bottle,0.8248,755.00,198.00,858.00,571.00,1.636,-4.660
2026-04-01T14:28:22.282Z,164.713,pi:0,bottle,0.8175,755.00,200.00,858.00,570.00,1.649,-4.660
2026-04-01T14:28:22.331Z,164.762,pi:0,bottle,0.8430,755.00,197.00,858.00,570.00,1.636,-4.660
2026-04-01T14:28:22.331Z,164.762,pi:0,bottle,0.3125,629.00,139.00,726.00,322.00,3.334,-8.813
2026-04-01T14:28:22.383Z,164.814,pi:0,bottle,0.8357,755.00,199.00,858.00,571.00,1.640,-4.660
2026-04-01T14:28:22.430Z,164.861,pi:0,bottle,0.8284,755.00,197.00,858.00,571.00,1.631,-4.660
2026-04-01T14:28:22.483Z,164.914,pi:0,bottle,0.8321,755.00,198.00,860.00,570.00,1.640,-4.627
2026-04-01T14:28:22.532Z,164.963,pi:0,bottle,0.8357,755.00,199.00,858.00,571.00,1.640,-4.660
2026-04-01T14:28:22.567Z,164.998,pi:0,bottle,0.8212,756.00,197.00,860.00,570.00,1.636,-4.611
2026-04-01T14:28:22.632Z,165.063,pi:0,bottle,0.8103,756.00,198.00,861.00,570.00,1.640,-4.595
2026-04-01T14:28:22.685Z,165.116,pi:0,bottle,0.8139,755.00,197.00,859.00,570.00,1.636,-4.643
2026-04-01T14:28:22.741Z,165.172,pi:0,bottle,0.8175,755.00,197.00,859.00,571.00,1.631,-4.643
2026-04-01T14:28:22.741Z,165.172,pi:0,bottle,0.2543,629.00,138.00,726.00,322.00,3.315,-8.813
2026-04-01T14:28:22.789Z,165.220,pi:0,bottle,0.7994,755.00,197.00,858.00,571.00,1.631,-4.660
2026-04-01T14:28:22.843Z,165.274,pi:0,bottle,0.8103,756.00,196.00,859.00,571.00,1.627,-4.627
2026-04-01T14:28:22.886Z,165.317,pi:0,bottle,0.8139,756.00,199.00,860.00,570.00,1.644,-4.611
2026-04-01T14:28:22.950Z,165.381,pi:0,bottle,0.8248,755.00,197.00,859.00,571.00,1.631,-4.643
2026-04-01T14:28:23.001Z,165.432,pi:0,bottle,0.8066,756.00,198.00,859.00,571.00,1.636,-4.627
2026-04-01T14:28:23.055Z,165.486,pi:0,bottle,0.8139,755.00,200.00,859.00,571.00,1.644,-4.643
2026-04-01T14:28:23.099Z,165.530,pi:0,bottle,0.8103,755.00,194.00,860.00,570.00,1.622,-4.627
2026-04-01T14:28:23.148Z,165.579,pi:0,bottle,0.8175,755.00,200.00,859.00,570.00,1.649,-4.643
2026-04-01T14:28:23.200Z,165.631,pi:0,bottle,0.8212,756.00,198.00,859.00,570.00,1.640,-4.627
2026-04-01T14:28:23.247Z,165.678,pi:0,bottle,0.8175,755.00,198.00,858.00,571.00,1.636,-4.660
2026-04-01T14:28:23.305Z,165.736,pi:0,bottle,0.7994,755.00,196.00,858.00,570.00,1.631,-4.660
2026-04-01T14:28:23.345Z,165.776,pi:0,bottle,0.8066,755.00,198.00,860.00,570.00,1.640,-4.627
2026-04-01T14:28:23.403Z,165.834,pi:0,bottle,0.8139,756.00,199.00,858.00,571.00,1.640,-4.643
2026-04-01T14:28:23.403Z,165.834,pi:0,bottle,0.2543,633.00,139.00,725.00,323.00,3.315,-8.765
2026-04-01T14:28:23.457Z,165.888,pi:0,bottle,0.7994,756.00,199.00,859.00,570.00,1.644,-4.627
2026-04-01T14:28:23.508Z,165.939,pi:0,bottle,0.8139,755.00,196.00,858.00,570.00,1.631,-4.660
2026-04-01T14:28:23.560Z,165.990,pi:0,bottle,0.8066,755.00,197.00,859.00,571.00,1.631,-4.643
2026-04-01T14:28:23.613Z,166.044,pi:0,bottle,0.8284,755.00,196.00,858.00,571.00,1.627,-4.660
2026-04-01T14:28:23.670Z,166.101,pi:0,bottle,0.8248,755.00,196.00,859.00,570.00,1.631,-4.643
2026-04-01T14:28:23.714Z,166.145,pi:0,bottle,0.8248,755.00,196.00,858.00,571.00,1.627,-4.660
2026-04-01T14:28:23.767Z,166.201,pi:0,bottle,0.8139,754.00,197.00,859.00,571.00,1.631,-4.660
2026-04-01T14:28:23.820Z,166.250,pi:0,bottle,0.8139,755.00,196.00,859.00,571.00,1.627,-4.643
2026-04-01T14:28:23.874Z,166.305,pi:0,bottle,0.8321,755.00,194.00,858.00,571.00,1.618,-4.660
2026-04-01T14:28:23.923Z,166.354,pi:0,bottle,0.8212,755.00,197.00,859.00,571.00,1.631,-4.643
2026-04-01T14:28:23.981Z,166.412,pi:0,bottle,0.8030,755.00,197.00,858.00,571.00,1.631,-4.660
2026-04-01T14:28:24.030Z,166.461,pi:0,bottle,0.8139,755.00,198.00,858.00,570.00,1.640,-4.660
2026-04-01T14:28:24.083Z,166.514,pi:0,bottle,0.8284,755.00,197.00,858.00,571.00,1.631,-4.660
2026-04-01T14:28:24.132Z,166.563,pi:0,bottle,0.8212,755.00,196.00,858.00,571.00,1.627,-4.660
2026-04-01T14:28:24.181Z,166.612,pi:0,bottle,0.8212,755.00,197.00,858.00,571.00,1.631,-4.660
2026-04-01T14:28:24.246Z,166.677,pi:0,bottle,0.8212,755.00,200.00,859.00,570.00,1.649,-4.643
2026-04-01T14:28:24.299Z,166.730,pi:0,bottle,0.8393,755.00,196.00,859.00,571.00,1.627,-4.643
2026-04-01T14:28:24.339Z,166.770,pi:0,bottle,0.8248,755.00,198.00,859.00,571.00,1.636,-4.643
2026-04-01T14:28:24.401Z,166.832,pi:0,bottle,0.8175,755.00,198.00,858.00,571.00,1.636,-4.660
2026-04-01T14:28:24.452Z,166.883,pi:0,bottle,0.8248,755.00,200.00,859.00,571.00,1.644,-4.643
2026-04-01T14:28:24.516Z,166.947,pi:0,bottle,0.8103,755.00,201.00,858.00,571.00,1.649,-4.660
2026-04-01T14:28:24.558Z,166.989,pi:0,bottle,0.8284,756.00,197.00,858.00,570.00,1.636,-4.643
2026-04-01T14:28:24.615Z,167.045,pi:0,bottle,0.8212,755.00,196.00,859.00,571.00,1.627,-4.643
2026-04-01T14:28:24.665Z,167.096,pi:0,bottle,0.8175,755.00,197.00,858.00,572.00,1.627,-4.660
2026-04-01T14:28:24.718Z,167.149,pi:0,bottle,0.8066,755.00,199.00,859.00,571.00,1.640,-4.643
2026-04-01T14:28:24.766Z,167.197,pi:0,bottle,0.8066,755.00,200.00,858.00,571.00,1.644,-4.660
2026-04-01T14:28:24.810Z,167.241,pi:0,bottle,0.8357,755.00,197.00,858.00,570.00,1.636,-4.660
2026-04-01T14:28:24.877Z,167.308,pi:0,bottle,0.8175,755.00,198.00,860.00,569.00,1.644,-4.627
2026-04-01T14:28:24.915Z,167.346,pi:0,bottle,0.8030,756.00,198.00,860.00,570.00,1.640,-4.611
2026-04-01T14:28:24.979Z,167.410,pi:0,bottle,0.8139,755.00,197.00,858.00,571.00,1.631,-4.660
2026-04-01T14:28:25.028Z,167.459,pi:0,bottle,0.8175,755.00,198.00,858.00,571.00,1.636,-4.660
2026-04-01T14:28:25.081Z,167.512,pi:0,bottle,0.8175,755.00,197.00,859.00,571.00,1.631,-4.643
2026-04-01T14:28:25.136Z,167.567,pi:0,bottle,0.8175,754.00,198.00,859.00,572.00,1.631,-4.660
2026-04-01T14:28:25.186Z,167.617,pi:0,bottle,0.8212,754.00,198.00,859.00,572.00,1.631,-4.660
2026-04-01T14:28:25.243Z,167.673,pi:0,bottle,0.8248,756.00,196.00,858.00,571.00,1.627,-4.643
2026-04-01T14:28:25.283Z,167.713,pi:0,bottle,0.8175,755.00,199.00,859.00,571.00,1.640,-4.643
2026-04-01T14:28:25.346Z,167.777,pi:0,bottle,0.8066,754.00,198.00,859.00,571.00,1.636,-4.660
2026-04-01T14:28:25.389Z,167.820,pi:0,bottle,0.8103,756.00,199.00,857.00,570.00,1.644,-4.660
2026-04-01T14:28:25.444Z,167.875,pi:0,bottle,0.8321,755.00,197.00,858.00,571.00,1.631,-4.660
2026-04-01T14:28:25.498Z,167.929,pi:0,bottle,0.8284,755.00,197.00,858.00,571.00,1.631,-4.660
2026-04-01T14:28:25.547Z,167.977,pi:0,bottle,0.8357,755.00,195.00,860.00,570.00,1.627,-4.627
2026-04-01T14:28:25.610Z,168.040,pi:0,bottle,0.8175,755.00,197.00,860.00,569.00,1.640,-4.627
2026-04-01T14:28:25.658Z,168.088,pi:0,bottle,0.8357,755.00,199.00,859.00,571.00,1.640,-4.643
2026-04-01T14:28:25.706Z,168.137,pi:0,bottle,0.8175,755.00,197.00,858.00,571.00,1.631,-4.660
2026-04-01T14:28:25.766Z,168.197,pi:0,bottle,0.8284,756.00,197.00,859.00,571.00,1.631,-4.627
2026-04-01T14:28:25.766Z,168.197,pi:0,bottle,0.2616,632.00,138.00,727.00,322.00,3.315,-8.749
2026-04-01T14:28:25.811Z,168.241,pi:0,bottle,0.8175,756.00,199.00,858.00,571.00,1.640,-4.643
2026-04-01T14:28:25.922Z,168.353,pi:0,bottle,0.8139,755.00,199.00,860.00,570.00,1.644,-4.627
2026-04-01T14:28:26.005Z,168.436,pi:0,bottle,0.8139,755.00,198.00,859.00,570.00,1.640,-4.643
2026-04-01T14:28:26.068Z,168.499,pi:0,bottle,0.8103,756.00,198.00,860.00,570.00,1.640,-4.611
2026-04-01T14:28:26.130Z,168.560,pi:0,bottle,0.8212,755.00,199.00,859.00,571.00,1.640,-4.643
2026-04-01T14:28:26.172Z,168.603,pi:0,bottle,0.8393,755.00,197.00,858.00,571.00,1.631,-4.660
2026-04-01T14:28:26.217Z,168.648,pi:0,bottle,0.8284,755.00,197.00,858.00,571.00,1.631,-4.660
2026-04-01T14:28:26.278Z,168.709,pi:0,bottle,0.8357,755.00,196.00,858.00,571.00,1.627,-4.660
2026-04-01T14:28:26.333Z,168.764,pi:0,bottle,0.8212,756.00,198.00,860.00,569.00,1.644,-4.611
2026-04-01T14:28:26.388Z,168.818,pi:0,bottle,0.8321,755.00,199.00,858.00,571.00,1.640,-4.660
2026-04-01T14:28:26.434Z,168.865,pi:0,bottle,0.8212,755.00,199.00,858.00,570.00,1.644,-4.660
2026-04-01T14:28:26.471Z,168.902,pi:0,bottle,0.8248,755.00,199.00,858.00,571.00,1.640,-4.660
2026-04-01T14:28:26.531Z,168.962,pi:0,bottle,0.8139,755.00,198.00,859.00,571.00,1.636,-4.643
2026-04-01T14:28:26.595Z,169.025,pi:0,bottle,0.8248,755.00,197.00,859.00,571.00,1.631,-4.643
2026-04-01T14:28:26.634Z,169.065,pi:0,bottle,0.8284,755.00,197.00,858.00,570.00,1.636,-4.660
2026-04-01T14:28:26.691Z,169.122,pi:0,bottle,0.8284,755.00,198.00,858.00,571.00,1.636,-4.660
2026-04-01T14:28:26.735Z,169.166,pi:0,bottle,0.8321,755.00,197.00,859.00,570.00,1.636,-4.643
2026-04-01T14:28:26.798Z,169.228,pi:0,bottle,0.8175,755.00,195.00,856.00,570.00,1.627,-4.692
2026-04-01T14:28:26.838Z,169.269,pi:0,bottle,0.8103,754.00,196.00,859.00,570.00,1.631,-4.660
2026-04-01T14:28:26.891Z,169.327,pi:0,bottle,0.8248,755.00,198.00,859.00,571.00,1.636,-4.643
2026-04-01T14:28:26.891Z,169.327,pi:0,bottle,0.2616,631.00,136.00,725.00,322.00,3.280,-8.797
2026-04-01T14:28:26.949Z,169.380,pi:0,bottle,0.8139,755.00,200.00,859.00,571.00,1.644,-4.643
2026-04-01T14:28:27.006Z,169.437,pi:0,bottle,0.8175,755.00,197.00,858.00,571.00,1.631,-4.660
2026-04-01T14:28:27.054Z,169.484,pi:0,bottle,0.8212,755.00,198.00,859.00,572.00,1.631,-4.643
2026-04-01T14:28:27.105Z,169.535,pi:0,bottle,0.8212,755.00,197.00,858.00,571.00,1.631,-4.660
2026-04-01T14:28:27.153Z,169.584,pi:0,bottle,0.8175,755.00,197.00,858.00,571.00,1.631,-4.660
2026-04-01T14:28:27.215Z,169.646,pi:0,bottle,0.8321,756.00,198.00,860.00,570.00,1.640,-4.611
2026-04-01T14:28:27.257Z,169.688,pi:0,bottle,0.8212,754.00,196.00,858.00,571.00,1.627,-4.676
2026-04-01T14:28:27.304Z,169.735,pi:0,bottle,0.8248,755.00,197.00,858.00,571.00,1.631,-4.660
2026-04-01T14:28:27.359Z,169.790,pi:0,bottle,0.8212,755.00,197.00,859.00,571.00,1.631,-4.643
2026-04-01T14:28:27.416Z,169.847,pi:0,bottle,0.8357,756.00,196.00,858.00,570.00,1.631,-4.643
2026-04-01T14:28:27.467Z,169.898,pi:0,bottle,0.8139,755.00,200.00,858.00,571.00,1.644,-4.660
2026-04-01T14:28:27.522Z,169.953,pi:0,bottle,0.8321,755.00,196.00,858.00,571.00,1.627,-4.660
2026-04-01T14:28:27.583Z,170.014,pi:0,bottle,0.8284,755.00,198.00,859.00,571.00,1.636,-4.643
2026-04-01T14:28:27.633Z,170.064,pi:0,bottle,0.8284,755.00,198.00,859.00,572.00,1.631,-4.643
2026-04-01T14:28:27.692Z,170.123,pi:0,bottle,0.8139,755.00,196.00,858.00,570.00,1.631,-4.660
2026-04-01T14:28:27.742Z,170.173,pi:0,bottle,0.8139,754.00,197.00,858.00,571.00,1.631,-4.676
2026-04-01T14:28:27.778Z,170.209,pi:0,bottle,0.8139,755.00,197.00,858.00,571.00,1.631,-4.660
2026-04-01T14:28:27.778Z,170.209,pi:0,bottle,0.2689,631.00,137.00,725.00,322.00,3.298,-8.797
2026-04-01T14:28:27.843Z,170.274,pi:0,bottle,0.8139,755.00,199.00,859.00,570.00,1.644,-4.643
2026-04-01T14:28:27.894Z,170.324,pi:0,bottle,0.8139,755.00,198.00,860.00,569.00,1.644,-4.627
2026-04-01T14:28:27.946Z,170.377,pi:0,bottle,0.8103,755.00,196.00,859.00,570.00,1.631,-4.643
2026-04-01T14:28:27.987Z,170.418,pi:0,bottle,0.8248,755.00,198.00,858.00,570.00,1.640,-4.660
2026-04-01T14:28:28.041Z,170.472,pi:0,bottle,0.8103,756.00,197.00,858.00,571.00,1.631,-4.643
2026-04-01T14:28:28.092Z,170.523,pi:0,bottle,0.8284,755.00,196.00,859.00,572.00,1.622,-4.643
2026-04-01T14:28:28.146Z,170.577,pi:0,bottle,0.8139,755.00,198.00,859.00,571.00,1.636,-4.643
2026-04-01T14:28:28.195Z,170.626,pi:0,bottle,0.8212,755.00,198.00,858.00,571.00,1.636,-4.660
2026-04-01T14:28:28.253Z,170.684,pi:0,bottle,0.8103,755.00,199.00,859.00,571.00,1.640,-4.643
2026-04-01T14:28:28.305Z,170.736,pi:0,bottle,0.8030,755.00,199.00,857.00,569.00,1.649,-4.676
2026-04-01T14:28:28.359Z,170.790,pi:0,bottle,0.8066,756.00,198.00,860.00,570.00,1.640,-4.611
2026-04-01T14:28:28.414Z,170.845,pi:0,bottle,0.8139,755.00,198.00,858.00,571.00,1.636,-4.660
2026-04-01T14:28:28.463Z,170.894,pi:0,bottle,0.8175,754.00,199.00,858.00,571.00,1.640,-4.676
2026-04-01T14:28:28.522Z,170.953,pi:0,bottle,0.8175,756.00,200.00,858.00,571.00,1.644,-4.643
2026-04-01T14:28:28.576Z,171.007,pi:0,bottle,0.8248,755.00,201.00,859.00,571.00,1.649,-4.643
2026-04-01T14:28:28.623Z,171.054,pi:0,bottle,0.8248,756.00,200.00,859.00,571.00,1.644,-4.627
2026-04-01T14:28:28.683Z,171.114,pi:0,bottle,0.8212,755.00,201.00,859.00,571.00,1.649,-4.643
2026-04-01T14:28:28.683Z,171.114,pi:0,bottle,0.2580,633.00,138.00,726.00,322.00,3.315,-8.749
2026-04-01T14:28:28.738Z,171.169,pi:0,bottle,0.8357,755.00,197.00,859.00,570.00,1.636,-4.643
2026-04-01T14:28:28.778Z,171.209,pi:0,bottle,0.8284,756.00,200.00,858.00,571.00,1.644,-4.643
2026-04-01T14:28:28.835Z,171.265,pi:0,bottle,0.8103,755.00,198.00,859.00,571.00,1.636,-4.643
2026-04-01T14:28:28.890Z,171.321,pi:0,bottle,0.8321,755.00,197.00,858.00,571.00,1.631,-4.660
2026-04-01T14:28:28.945Z,171.375,pi:0,bottle,0.8430,755.00,198.00,858.00,571.00,1.636,-4.660
2026-04-01T14:28:28.945Z,171.375,pi:0,bottle,0.2507,633.00,136.00,726.00,322.00,3.280,-8.749
2026-04-01T14:28:28.991Z,171.422,pi:0,bottle,0.8175,755.00,199.00,860.00,570.00,1.644,-4.627
2026-04-01T14:28:29.045Z,171.476,pi:0,bottle,0.8212,755.00,196.00,858.00,571.00,1.627,-4.660
2026-04-01T14:28:29.103Z,171.534,pi:0,bottle,0.8284,755.00,197.00,858.00,570.00,1.636,-4.660
2026-04-01T14:28:29.152Z,171.583,pi:0,bottle,0.8212,754.00,197.00,858.00,571.00,1.631,-4.676
2026-04-01T14:28:29.213Z,171.644,pi:0,bottle,0.8175,755.00,196.00,858.00,570.00,1.631,-4.660
2026-04-01T14:28:29.213Z,171.644,pi:0,bottle,0.2543,629.00,136.00,727.00,323.00,3.262,-8.797
2026-04-01T14:28:29.257Z,171.688,pi:0,bottle,0.8393,755.00,197.00,858.00,572.00,1.627,-4.660
2026-04-01T14:28:29.306Z,171.737,pi:0,bottle,0.8066,756.00,197.00,860.00,569.00,1.640,-4.611
2026-04-01T14:28:29.362Z,171.792,pi:0,bottle,0.8066,755.00,196.00,858.00,571.00,1.627,-4.660
2026-04-01T14:28:29.420Z,171.851,pi:0,bottle,0.8212,755.00,198.00,858.00,572.00,1.631,-4.660
2026-04-01T14:28:29.468Z,171.899,pi:0,bottle,0.8284,755.00,196.00,858.00,571.00,1.627,-4.660
2026-04-01T14:28:29.522Z,171.953,pi:0,bottle,0.8103,755.00,197.00,859.00,570.00,1.636,-4.643
2026-04-01T14:28:29.573Z,172.003,pi:0,bottle,0.8103,754.00,197.00,859.00,571.00,1.631,-4.660
2026-04-01T14:28:29.636Z,172.067,pi:0,bottle,0.8212,754.00,201.00,858.00,571.00,1.649,-4.676
2026-04-01T14:28:29.668Z,172.099,pi:0,bottle,0.8248,754.00,200.00,859.00,570.00,1.649,-4.660
2026-04-01T14:28:29.747Z,172.178,pi:0,bottle,0.8284,755.00,197.00,860.00,569.00,1.640,-4.627
2026-04-01T14:28:29.815Z,172.246,pi:0,bottle,0.8103,754.00,199.00,858.00,571.00,1.640,-4.676
2026-04-01T14:28:29.891Z,172.322,pi:0,bottle,0.8248,754.00,198.00,859.00,571.00,1.636,-4.660
2026-04-01T14:28:29.961Z,172.392,pi:0,bottle,0.8175,755.00,198.00,859.00,570.00,1.640,-4.643
2026-04-01T14:28:30.025Z,172.456,pi:0,bottle,0.8175,754.00,196.00,859.00,571.00,1.627,-4.660
2026-04-01T14:28:30.088Z,172.519,pi:0,bottle,0.8248,754.00,200.00,859.00,570.00,1.649,-4.660
2026-04-01T14:28:30.138Z,172.569,pi:0,bottle,0.8321,755.00,196.00,859.00,571.00,1.627,-4.643
2026-04-01T14:28:30.194Z,172.625,pi:0,bottle,0.8248,755.00,198.00,860.00,570.00,1.640,-4.627
2026-04-01T14:28:30.247Z,172.678,pi:0,bottle,0.8284,755.00,197.00,859.00,572.00,1.627,-4.643
2026-04-01T14:28:30.299Z,172.730,pi:0,bottle,0.8212,755.00,198.00,860.00,570.00,1.640,-4.627
2026-04-01T14:28:30.343Z,172.773,pi:0,bottle,0.8321,754.00,196.00,859.00,571.00,1.627,-4.660
2026-04-01T14:28:30.402Z,172.833,pi:0,bottle,0.8139,755.00,200.00,859.00,571.00,1.644,-4.643
2026-04-01T14:28:30.402Z,172.833,pi:0,bottle,0.2507,627.00,136.00,725.00,322.00,3.280,-8.861
2026-04-01T14:28:30.456Z,172.887,pi:0,bottle,0.8212,754.00,197.00,859.00,570.00,1.636,-4.660
2026-04-01T14:28:30.499Z,172.930,pi:0,bottle,0.8284,755.00,196.00,858.00,571.00,1.627,-4.660
2026-04-01T14:28:30.559Z,172.990,pi:0,bottle,0.8284,754.00,197.00,859.00,571.00,1.631,-4.660
2026-04-01T14:28:30.616Z,173.047,pi:0,bottle,0.8066,755.00,199.00,858.00,571.00,1.640,-4.660
2026-04-01T14:28:30.664Z,173.095,pi:0,bottle,0.8103,756.00,199.00,856.00,570.00,1.644,-4.676
2026-04-01T14:28:30.720Z,173.151,pi:0,bottle,0.8212,755.00,201.00,856.00,569.00,1.658,-4.692
2026-04-01T14:28:30.720Z,173.151,pi:0,bottle,0.2543,626.00,139.00,724.00,322.00,3.334,-8.893
2026-04-01T14:28:30.769Z,173.200,pi:0,bottle,0.8175,755.00,197.00,858.00,572.00,1.627,-4.660
2026-04-01T14:28:30.830Z,173.261,pi:0,bottle,0.8175,754.00,195.00,856.00,570.00,1.627,-4.708
2026-04-01T14:28:30.883Z,173.313,pi:0,bottle,0.8284,756.00,199.00,856.00,569.00,1.649,-4.676
2026-04-01T14:28:30.935Z,173.366,pi:0,bottle,0.8357,755.00,199.00,860.00,570.00,1.644,-4.627
2026-04-01T14:28:30.979Z,173.410,pi:0,bottle,0.8284,755.00,201.00,855.00,569.00,1.658,-4.708
2026-04-01T14:28:31.041Z,173.472,pi:0,bottle,0.8357,755.00,198.00,859.00,571.00,1.636,-4.643
2026-04-01T14:28:31.096Z,173.526,pi:0,bottle,0.8321,755.00,197.00,859.00,571.00,1.631,-4.643
2026-04-01T14:28:31.130Z,173.561,pi:0,bottle,0.8212,755.00,201.00,856.00,569.00,1.658,-4.692
2026-04-01T14:28:31.130Z,173.561,pi:0,bottle,0.2543,622.00,141.00,726.00,321.00,3.389,-8.925
2026-04-01T14:28:31.202Z,173.633,pi:0,bottle,0.8321,755.00,200.00,856.00,570.00,1.649,-4.692
2026-04-01T14:28:31.256Z,173.686,pi:0,bottle,0.8357,755.00,199.00,859.00,571.00,1.640,-4.643
2026-04-01T14:28:31.312Z,173.743,pi:0,bottle,0.8284,755.00,197.00,858.00,571.00,1.631,-4.660
2026-04-01T14:28:31.346Z,173.777,pi:0,bottle,0.8212,755.00,200.00,861.00,570.00,1.649,-4.611
2026-04-01T14:28:31.404Z,173.835,pi:0,bottle,0.8357,756.00,198.00,860.00,570.00,1.640,-4.611
2026-04-01T14:28:31.455Z,173.886,pi:0,bottle,0.8430,755.00,202.00,860.00,570.00,1.658,-4.627
2026-04-01T14:28:31.506Z,173.936,pi:0,bottle,0.8284,754.00,199.00,859.00,571.00,1.640,-4.660
2026-04-01T14:28:31.565Z,173.996,pi:0,bottle,0.8248,755.00,198.00,858.00,570.00,1.640,-4.660
2026-04-01T14:28:31.616Z,174.047,pi:0,bottle,0.8248,756.00,202.00,858.00,570.00,1.658,-4.643
2026-04-01T14:28:31.667Z,174.098,pi:0,bottle,0.8357,754.00,201.00,858.00,572.00,1.644,-4.676
2026-04-01T14:28:31.714Z,174.145,pi:0,bottle,0.8175,756.00,200.00,860.00,569.00,1.653,-4.611
2026-04-01T14:28:31.769Z,174.200,pi:0,bottle,0.8248,755.00,206.00,856.00,568.00,1.685,-4.692
2026-04-01T14:28:31.824Z,174.255,pi:0,bottle,0.8357,755.00,204.00,856.00,569.00,1.671,-4.692
2026-04-01T14:28:31.872Z,174.303,pi:0,bottle,0.8357,755.00,201.00,856.00,569.00,1.658,-4.692
2026-04-01T14:28:31.925Z,174.356,pi:0,bottle,0.8248,755.00,205.00,856.00,569.00,1.676,-4.692
2026-04-01T14:28:31.981Z,174.412,pi:0,bottle,0.8175,755.00,201.00,858.00,571.00,1.649,-4.660
2026-04-01T14:28:32.030Z,174.461,pi:0,bottle,0.8248,755.00,201.00,858.00,572.00,1.644,-4.660
2026-04-01T14:28:32.091Z,174.522,pi:0,bottle,0.8357,755.00,204.00,856.00,569.00,1.671,-4.692
2026-04-01T14:28:32.134Z,174.565,pi:0,bottle,0.8284,755.00,203.00,861.00,570.00,1.662,-4.611
2026-04-01T14:28:32.199Z,174.630,pi:0,bottle,0.8430,755.00,205.00,857.00,568.00,1.681,-4.676
2026-04-01T14:28:32.229Z,174.660,pi:0,bottle,0.8357,754.00,206.00,857.00,569.00,1.681,-4.692
2026-04-01T14:28:32.343Z,174.774,pi:0,bottle,0.8321,756.00,199.00,860.00,570.00,1.644,-4.611
2026-04-01T14:28:32.404Z,174.835,pi:0,bottle,0.8321,756.00,199.00,859.00,570.00,1.644,-4.627
2026-04-01T14:28:32.442Z,174.873,pi:0,bottle,0.8321,755.00,201.00,857.00,570.00,1.653,-4.676
2026-04-01T14:28:32.505Z,174.936,pi:0,bottle,0.8284,755.00,201.00,859.00,570.00,1.653,-4.643
2026-04-01T14:28:32.553Z,174.984,pi:0,bottle,0.8357,755.00,200.00,858.00,570.00,1.649,-4.660
2026-04-01T14:28:32.607Z,175.037,pi:0,bottle,0.8321,754.00,200.00,857.00,570.00,1.649,-4.692
2026-04-01T14:28:32.657Z,175.088,pi:0,bottle,0.8248,755.00,200.00,856.00,569.00,1.653,-4.692
2026-04-01T14:28:32.721Z,175.151,pi:0,bottle,0.8175,755.00,198.00,858.00,571.00,1.636,-4.660
2026-04-01T14:28:32.772Z,175.203,pi:0,bottle,0.8321,756.00,198.00,860.00,570.00,1.640,-4.611
2026-04-01T14:28:32.829Z,175.260,pi:0,bottle,0.8357,755.00,198.00,858.00,571.00,1.636,-4.660
2026-04-01T14:28:32.872Z,175.303,pi:0,bottle,0.8357,755.00,199.00,859.00,570.00,1.644,-4.643
2026-04-01T14:28:32.924Z,175.355,pi:0,bottle,0.8430,756.00,198.00,859.00,571.00,1.636,-4.627
2026-04-01T14:28:32.980Z,175.410,pi:0,bottle,0.8248,755.00,197.00,856.00,570.00,1.636,-4.692
2026-04-01T14:28:33.023Z,175.454,pi:0,bottle,0.8248,756.00,201.00,856.00,569.00,1.658,-4.676
2026-04-01T14:28:33.106Z,175.537,pi:0,bottle,0.8321,755.00,197.00,858.00,571.00,1.631,-4.660
2026-04-01T14:28:33.215Z,175.646,pi:0,bottle,0.8248,755.00,201.00,856.00,569.00,1.658,-4.692
2026-04-01T14:28:33.281Z,175.712,pi:0,bottle,0.8284,755.00,196.00,859.00,570.00,1.631,-4.643
2026-04-01T14:28:33.358Z,175.789,pi:0,bottle,0.8430,755.00,198.00,859.00,570.00,1.640,-4.643
2026-04-01T14:28:33.380Z,175.811,pi:0,bottle,0.8175,755.00,198.00,859.00,571.00,1.636,-4.643
2026-04-01T14:28:33.443Z,175.874,pi:0,bottle,0.8212,756.00,201.00,856.00,570.00,1.653,-4.676
2026-04-01T14:28:33.499Z,175.930,pi:0,bottle,0.8284,755.00,198.00,858.00,570.00,1.640,-4.660
2026-04-01T14:28:33.549Z,175.980,pi:0,bottle,0.8248,755.00,198.00,858.00,570.00,1.640,-4.660
2026-04-01T14:28:33.595Z,176.026,pi:0,bottle,0.8175,755.00,195.00,856.00,570.00,1.627,-4.692
2026-04-01T14:28:33.650Z,176.081,pi:0,bottle,0.8212,755.00,198.00,858.00,571.00,1.636,-4.660
2026-04-01T14:28:33.709Z,176.140,pi:0,bottle,0.8066,755.00,196.00,856.00,570.00,1.631,-4.692
2026-04-01T14:28:33.758Z,176.189,pi:0,bottle,0.8212,755.00,199.00,858.00,571.00,1.640,-4.660
2026-04-01T14:28:33.795Z,176.226,pi:0,bottle,0.8284,755.00,199.00,859.00,571.00,1.640,-4.643
2026-04-01T14:28:33.853Z,176.284,pi:0,bottle,0.8139,755.00,196.00,858.00,572.00,1.622,-4.660
2026-04-01T14:28:33.909Z,176.340,pi:0,bottle,0.8321,756.00,198.00,860.00,570.00,1.640,-4.611
2026-04-01T14:28:33.967Z,176.398,pi:0,bottle,0.8103,755.00,196.00,858.00,571.00,1.627,-4.660
2026-04-01T14:28:34.012Z,176.442,pi:0,bottle,0.8139,755.00,196.00,855.00,570.00,1.631,-4.708
2026-04-01T14:28:34.059Z,176.490,pi:0,bottle,0.8066,755.00,197.00,860.00,570.00,1.636,-4.627
2026-04-01T14:28:34.118Z,176.549,pi:0,bottle,0.8212,755.00,198.00,860.00,569.00,1.644,-4.627
2026-04-01T14:28:34.162Z,176.593,pi:0,bottle,0.8248,755.00,198.00,858.00,572.00,1.631,-4.660
2026-04-01T14:28:34.225Z,176.655,pi:0,bottle,0.8321,754.00,200.00,858.00,571.00,1.644,-4.676
2026-04-01T14:28:34.283Z,176.714,pi:0,bottle,0.8284,755.00,198.00,858.00,571.00,1.636,-4.660
2026-04-01T14:28:34.317Z,176.748,pi:0,bottle,0.8175,756.00,197.00,860.00,570.00,1.636,-4.611
2026-04-01T14:28:34.425Z,176.856,pi:0,bottle,0.8103,755.00,196.00,856.00,570.00,1.631,-4.692
2026-04-01T14:28:34.477Z,176.908,pi:0,bottle,0.8284,754.00,196.00,858.00,571.00,1.627,-4.676
2026-04-01T14:28:34.529Z,176.959,pi:0,bottle,0.8212,754.00,197.00,859.00,570.00,1.636,-4.660
2026-04-01T14:28:34.579Z,177.009,pi:0,bottle,0.8357,754.00,198.00,859.00,570.00,1.640,-4.660
2026-04-01T14:28:34.634Z,177.065,pi:0,bottle,0.8321,754.00,198.00,859.00,571.00,1.636,-4.660
2026-04-01T14:28:34.697Z,177.128,pi:0,bottle,0.8103,754.00,197.00,858.00,570.00,1.636,-4.676
2026-04-01T14:28:34.721Z,177.152,pi:0,bottle,0.8248,754.00,196.00,858.00,571.00,1.627,-4.676
2026-04-01T14:28:34.783Z,177.214,pi:0,bottle,0.8248,754.00,198.00,859.00,571.00,1.636,-4.660
2026-04-01T14:28:34.837Z,177.268,pi:0,bottle,0.8248,755.00,198.00,858.00,571.00,1.636,-4.660
2026-04-01T14:28:34.893Z,177.324,pi:0,bottle,0.8066,754.00,198.00,859.00,571.00,1.636,-4.660
2026-04-01T14:28:34.939Z,177.370,pi:0,bottle,0.8175,755.00,196.00,858.00,571.00,1.627,-4.660
2026-04-01T14:28:34.984Z,177.415,pi:0,bottle,0.8212,754.00,198.00,857.00,570.00,1.640,-4.692
2026-04-01T14:28:35.031Z,177.462,pi:0,bottle,0.8103,756.00,200.00,856.00,570.00,1.649,-4.676
2026-04-01T14:28:35.087Z,177.518,pi:0,bottle,0.8284,754.00,198.00,858.00,572.00,1.631,-4.676
2026-04-01T14:28:35.137Z,177.568,pi:0,bottle,0.8284,755.00,196.00,858.00,571.00,1.627,-4.660
2026-04-01T14:28:35.191Z,177.622,pi:0,bottle,0.8357,755.00,198.00,860.00,570.00,1.640,-4.627
2026-04-01T14:28:35.237Z,177.667,pi:0,bottle,0.8248,755.00,199.00,861.00,570.00,1.644,-4.611
2026-04-01T14:28:35.297Z,177.728,pi:0,bottle,0.8212,756.00,200.00,856.00,569.00,1.653,-4.676
2026-04-01T14:28:35.342Z,177.773,pi:0,bottle,0.8103,755.00,196.00,858.00,571.00,1.627,-4.660
2026-04-01T14:28:35.398Z,177.829,pi:0,bottle,0.8103,756.00,200.00,857.00,570.00,1.649,-4.660
2026-04-01T14:28:35.455Z,177.885,pi:0,bottle,0.8139,754.00,195.00,858.00,570.00,1.627,-4.676
2026-04-01T14:28:35.497Z,177.928,pi:0,bottle,0.8139,755.00,198.00,858.00,571.00,1.636,-4.660
2026-04-01T14:28:35.554Z,177.985,pi:0,bottle,0.8284,755.00,197.00,858.00,571.00,1.631,-4.660
2026-04-01T14:28:35.602Z,178.033,pi:0,bottle,0.8175,754.00,196.00,859.00,570.00,1.631,-4.660
2026-04-01T14:28:35.654Z,178.085,pi:0,bottle,0.8212,755.00,198.00,858.00,571.00,1.636,-4.660
2026-04-01T14:28:35.708Z,178.139,pi:0,bottle,0.8321,755.00,199.00,858.00,571.00,1.640,-4.660
2026-04-01T14:28:35.753Z,178.184,pi:0,bottle,0.8284,755.00,200.00,859.00,570.00,1.649,-4.643
2026-04-01T14:28:35.809Z,178.240,pi:0,bottle,0.8393,755.00,198.00,858.00,571.00,1.636,-4.660
2026-04-01T14:28:35.859Z,178.289,pi:0,bottle,0.8284,755.00,197.00,858.00,570.00,1.636,-4.660
2026-04-01T14:28:35.915Z,178.346,pi:0,bottle,0.8393,755.00,198.00,859.00,571.00,1.636,-4.643
2026-04-01T14:28:35.960Z,178.390,pi:0,bottle,0.8284,756.00,200.00,856.00,569.00,1.653,-4.676
2026-04-01T14:28:36.013Z,178.444,pi:0,bottle,0.8284,755.00,199.00,856.00,569.00,1.649,-4.692
2026-04-01T14:28:36.065Z,178.496,pi:0,bottle,0.8284,755.00,197.00,859.00,571.00,1.631,-4.643
2026-04-01T14:28:36.123Z,178.554,pi:0,bottle,0.8248,755.00,196.00,859.00,570.00,1.631,-4.643
2026-04-01T14:28:36.175Z,178.606,pi:0,bottle,0.8357,755.00,197.00,859.00,570.00,1.636,-4.643
2026-04-01T14:28:36.227Z,178.658,pi:0,bottle,0.8212,755.00,198.00,858.00,570.00,1.640,-4.660
2026-04-01T14:28:36.312Z,178.743,pi:0,bottle,0.8321,755.00,197.00,858.00,571.00,1.631,-4.660
2026-04-01T14:28:36.373Z,178.804,pi:0,bottle,0.8321,755.00,199.00,858.00,571.00,1.640,-4.660
2026-04-01T14:28:36.463Z,178.894,pi:0,bottle,0.8284,755.00,200.00,860.00,569.00,1.653,-4.627
2026-04-01T14:28:36.540Z,178.971,pi:0,bottle,0.8284,756.00,199.00,860.00,569.00,1.649,-4.611
2026-04-01T14:28:36.592Z,179.022,pi:0,bottle,0.8430,755.00,199.00,858.00,572.00,1.636,-4.660
2026-04-01T14:28:36.629Z,179.059,pi:0,bottle,0.8284,755.00,198.00,858.00,571.00,1.636,-4.660
2026-04-01T14:28:36.683Z,179.113,pi:0,bottle,0.8321,756.00,200.00,858.00,571.00,1.644,-4.643
2026-04-01T14:28:36.746Z,179.177,pi:0,bottle,0.8430,756.00,199.00,858.00,571.00,1.640,-4.643
2026-04-01T14:28:36.788Z,179.219,pi:0,bottle,0.8284,756.00,200.00,858.00,572.00,1.640,-4.643
2026-04-01T14:28:36.842Z,179.273,pi:0,bottle,0.8393,755.00,201.00,859.00,571.00,1.649,-4.643
2026-04-01T14:28:36.895Z,179.325,pi:0,bottle,0.8393,755.00,198.00,858.00,571.00,1.636,-4.660
2026-04-01T14:28:36.956Z,179.387,pi:0,bottle,0.8466,754.00,199.00,858.00,571.00,1.640,-4.676
2026-04-01T14:28:37.007Z,179.438,pi:0,bottle,0.8430,754.00,199.00,856.00,570.00,1.644,-4.708
2026-04-01T14:28:37.069Z,179.500,pi:0,bottle,0.8284,755.00,201.00,858.00,571.00,1.649,-4.660
2026-04-01T14:28:37.114Z,179.545,pi:0,bottle,0.8357,755.00,200.00,859.00,570.00,1.649,-4.643
2026-04-01T14:28:37.171Z,179.602,pi:0,bottle,0.8466,755.00,196.00,856.00,570.00,1.631,-4.692
2026-04-01T14:28:37.223Z,179.654,pi:0,bottle,0.8393,755.00,201.00,858.00,571.00,1.649,-4.660
2026-04-01T14:28:37.277Z,179.707,pi:0,bottle,0.8321,756.00,200.00,858.00,571.00,1.644,-4.643
2026-04-01T14:28:37.332Z,179.763,pi:0,bottle,0.8321,755.00,197.00,858.00,571.00,1.631,-4.660
2026-04-01T14:28:37.386Z,179.817,pi:0,bottle,0.8466,755.00,196.00,856.00,571.00,1.627,-4.692
2026-04-01T14:28:37.435Z,179.866,pi:0,bottle,0.8393,756.00,199.00,858.00,571.00,1.640,-4.643
2026-04-01T14:28:37.486Z,179.917,pi:0,bottle,0.8321,755.00,198.00,859.00,569.00,1.644,-4.643
2026-04-01T14:28:37.546Z,179.977,pi:0,bottle,0.8357,756.00,200.00,858.00,571.00,1.644,-4.643
2026-04-01T14:28:37.596Z,180.027,pi:0,bottle,0.8248,756.00,201.00,859.00,571.00,1.649,-4.627
2026-04-01T14:28:37.656Z,180.086,pi:0,bottle,0.8466,755.00,200.00,859.00,571.00,1.644,-4.643
2026-04-01T14:28:37.706Z,180.137,pi:0,bottle,0.8357,755.00,203.00,860.00,570.00,1.662,-4.627
2026-04-01T14:28:37.754Z,180.185,pi:0,bottle,0.8357,755.00,200.00,858.00,571.00,1.644,-4.660
2026-04-01T14:28:37.813Z,180.243,pi:0,bottle,0.8430,755.00,201.00,859.00,570.00,1.653,-4.643
2026-04-01T14:28:37.864Z,180.295,pi:0,bottle,0.8466,756.00,199.00,858.00,571.00,1.640,-4.643
2026-04-01T14:28:37.916Z,180.347,pi:0,bottle,0.8393,755.00,197.00,858.00,571.00,1.631,-4.660
2026-04-01T14:28:37.964Z,180.395,pi:0,bottle,0.8357,755.00,201.00,859.00,571.00,1.649,-4.643
2026-04-01T14:28:38.022Z,180.453,pi:0,bottle,0.8284,755.00,201.00,859.00,571.00,1.649,-4.643
2026-04-01T14:28:38.063Z,180.494,pi:0,bottle,0.8357,755.00,201.00,858.00,571.00,1.649,-4.660
2026-04-01T14:28:38.123Z,180.553,pi:0,bottle,0.8357,755.00,201.00,858.00,571.00,1.649,-4.660
2026-04-01T14:28:38.171Z,180.601,pi:0,bottle,0.8357,755.00,202.00,858.00,571.00,1.653,-4.660
2026-04-01T14:28:38.243Z,180.674,pi:0,bottle,0.8430,756.00,201.00,858.00,571.00,1.649,-4.643
2026-04-01T14:28:38.283Z,180.713,pi:0,bottle,0.8357,755.00,203.00,859.00,571.00,1.658,-4.643
2026-04-01T14:28:38.322Z,180.752,pi:0,bottle,0.8248,755.00,202.00,860.00,570.00,1.658,-4.627
2026-04-01T14:28:38.387Z,180.817,pi:0,bottle,0.8248,755.00,202.00,858.00,571.00,1.653,-4.660
2026-04-01T14:28:38.421Z,180.852,pi:0,bottle,0.8357,755.00,200.00,858.00,570.00,1.649,-4.660
2026-04-01T14:28:38.479Z,180.914,pi:0,bottle,0.8357,755.00,197.00,858.00,571.00,1.631,-4.660
2026-04-01T14:28:38.532Z,180.963,pi:0,bottle,0.8175,756.00,199.00,858.00,571.00,1.640,-4.643
2026-04-01T14:28:38.583Z,181.013,pi:0,bottle,0.8357,755.00,200.00,858.00,571.00,1.644,-4.660
2026-04-01T14:28:38.641Z,181.071,pi:0,bottle,0.8212,755.00,201.00,858.00,571.00,1.649,-4.660
2026-04-01T14:28:38.684Z,181.115,pi:0,bottle,0.8175,756.00,204.00,856.00,570.00,1.667,-4.676
2026-04-01T14:28:38.749Z,181.180,pi:0,bottle,0.8393,755.00,201.00,858.00,570.00,1.653,-4.660
2026-04-01T14:28:38.790Z,181.221,pi:0,bottle,0.8393,755.00,199.00,859.00,571.00,1.640,-4.643
2026-04-01T14:28:38.837Z,181.268,pi:0,bottle,0.8393,755.00,199.00,859.00,571.00,1.640,-4.643
2026-04-01T14:28:38.899Z,181.330,pi:0,bottle,0.8248,755.00,201.00,859.00,571.00,1.649,-4.643
2026-04-01T14:28:38.941Z,181.371,pi:0,bottle,0.8357,755.00,199.00,859.00,570.00,1.644,-4.643
2026-04-01T14:28:38.991Z,181.422,pi:0,bottle,0.8248,755.00,199.00,859.00,571.00,1.640,-4.643
2026-04-01T14:28:39.051Z,181.482,pi:0,bottle,0.8357,754.00,198.00,858.00,570.00,1.640,-4.676
2026-04-01T14:28:39.101Z,181.532,pi:0,bottle,0.8393,755.00,199.00,857.00,571.00,1.640,-4.676
2026-04-01T14:28:39.165Z,181.596,pi:0,bottle,0.8103,754.00,202.00,858.00,571.00,1.653,-4.676
2026-04-01T14:28:39.209Z,181.640,pi:0,bottle,0.8321,754.00,198.00,858.00,571.00,1.636,-4.676
2026-04-01T14:28:39.254Z,181.685,pi:0,bottle,0.8212,756.00,198.00,860.00,570.00,1.640,-4.611
2026-04-01T14:28:39.314Z,181.745,pi:0,bottle,0.8248,755.00,197.00,859.00,570.00,1.636,-4.643
2026-04-01T14:28:39.362Z,181.793,pi:0,bottle,0.8175,755.00,196.00,859.00,571.00,1.627,-4.643
2026-04-01T14:28:39.362Z,181.793,pi:0,bottle,0.2907,984.00,257.00,1076.00,553.00,2.061,2.628
2026-04-01T14:28:39.410Z,181.840,pi:0,bottle,0.8321,756.00,192.00,855.00,569.00,1.618,-4.692
2026-04-01T14:28:39.463Z,181.894,pi:0,bottle,0.7012,752.00,210.00,857.00,569.00,1.699,-4.725
2026-04-01T14:28:49.667Z,192.098,pi:0,bottle,0.6903,756.00,260.00,831.00,569.00,1.974,-5.081
2026-04-01T14:28:49.707Z,192.138,pi:0,bottle,0.7449,755.00,250.00,852.00,569.00,1.912,-4.757
2026-04-01T14:28:49.764Z,192.195,pi:0,bottle,0.8139,756.00,199.00,856.00,568.00,1.653,-4.676
2026-04-01T14:28:49.764Z,192.195,pi:0,bottle,0.5232,857.00,287.00,955.00,558.00,2.251,-1.420
2026-04-01T14:28:49.818Z,192.249,pi:0,bottle,0.7994,756.00,203.00,855.00,569.00,1.667,-4.692
2026-04-01T14:28:49.868Z,192.299,pi:0,bottle,0.8357,756.00,199.00,859.00,569.00,1.649,-4.627
2026-04-01T14:28:49.929Z,192.360,pi:0,bottle,0.8175,756.00,204.00,856.00,569.00,1.671,-4.676
2026-04-01T14:28:49.974Z,192.405,pi:0,bottle,0.8248,756.00,199.00,860.00,569.00,1.649,-4.611
2026-04-01T14:28:50.027Z,192.458,pi:0,bottle,0.8139,755.00,201.00,858.00,570.00,1.653,-4.660
2026-04-01T14:28:50.080Z,192.511,pi:0,bottle,0.8066,755.00,200.00,858.00,571.00,1.644,-4.660
2026-04-01T14:28:50.132Z,192.563,pi:0,bottle,0.8284,755.00,198.00,860.00,569.00,1.644,-4.627
2026-04-01T14:28:50.180Z,192.611,pi:0,bottle,0.8248,755.00,198.00,860.00,570.00,1.640,-4.627
2026-04-01T14:28:50.248Z,192.679,pi:0,bottle,0.8175,755.00,199.00,859.00,570.00,1.644,-4.643
2026-04-01T14:28:50.283Z,192.714,pi:0,bottle,0.8139,755.00,200.00,859.00,570.00,1.649,-4.643
2026-04-01T14:28:50.335Z,192.766,pi:0,bottle,0.7957,755.00,201.00,859.00,569.00,1.658,-4.643
2026-04-01T14:28:50.378Z,192.809,pi:0,bottle,0.7885,756.00,199.00,859.00,569.00,1.649,-4.627
2026-04-01T14:28:50.431Z,192.862,pi:0,bottle,0.7994,755.00,200.00,860.00,568.00,1.658,-4.627
2026-04-01T14:28:50.471Z,192.902,pi:0,bottle,0.8066,756.00,200.00,859.00,569.00,1.653,-4.627
2026-04-01T14:28:50.523Z,192.954,pi:0,bottle,0.8103,755.00,201.00,859.00,570.00,1.653,-4.643
2026-04-01T14:28:50.575Z,193.006,pi:0,bottle,0.8212,756.00,199.00,859.00,570.00,1.644,-4.627
2026-04-01T14:28:50.631Z,193.062,pi:0,bottle,0.8139,755.00,199.00,858.00,570.00,1.644,-4.660
2026-04-01T14:28:50.681Z,193.111,pi:0,bottle,0.8066,755.00,199.00,859.00,571.00,1.640,-4.643
2026-04-01T14:28:50.729Z,193.160,pi:0,bottle,0.8030,755.00,197.00,856.00,570.00,1.636,-4.692
2026-04-01T14:28:50.792Z,193.223,pi:0,bottle,0.8139,755.00,200.00,858.00,571.00,1.644,-4.660
2026-04-01T14:28:50.829Z,193.260,pi:0,bottle,0.8139,756.00,201.00,858.00,571.00,1.649,-4.643
2026-04-01T14:28:50.895Z,193.326,pi:0,bottle,0.8030,756.00,198.00,858.00,571.00,1.636,-4.643
2026-04-01T14:28:50.971Z,193.401,pi:0,bottle,0.8212,756.00,200.00,859.00,570.00,1.649,-4.627
2026-04-01T14:28:51.069Z,193.500,pi:0,bottle,0.8103,756.00,197.00,860.00,569.00,1.640,-4.611
2026-04-01T14:28:51.121Z,193.552,pi:0,bottle,0.8175,755.00,199.00,859.00,571.00,1.640,-4.643
2026-04-01T14:28:51.176Z,193.607,pi:0,bottle,0.8212,755.00,196.00,859.00,571.00,1.627,-4.643
2026-04-01T14:28:51.219Z,193.650,pi:0,bottle,0.8066,755.00,197.00,858.00,571.00,1.631,-4.660
2026-04-01T14:28:51.282Z,193.713,pi:0,bottle,0.8284,755.00,199.00,858.00,570.00,1.644,-4.660
2026-04-01T14:28:51.322Z,193.753,pi:0,bottle,0.8284,756.00,198.00,859.00,569.00,1.644,-4.627
2026-04-01T14:28:51.381Z,193.812,pi:0,bottle,0.8321,755.00,201.00,858.00,571.00,1.649,-4.660
2026-04-01T14:28:51.431Z,193.862,pi:0,bottle,0.8284,755.00,197.00,858.00,571.00,1.631,-4.660
2026-04-01T14:28:51.469Z,193.900,pi:0,bottle,0.8175,755.00,198.00,860.00,569.00,1.644,-4.627
2026-04-01T14:28:51.527Z,193.958,pi:0,bottle,0.8175,755.00,199.00,858.00,570.00,1.644,-4.660
2026-04-01T14:28:51.578Z,194.008,pi:0,bottle,0.8103,755.00,201.00,859.00,570.00,1.653,-4.643
2026-04-01T14:28:51.640Z,194.071,pi:0,bottle,0.8284,755.00,198.00,859.00,571.00,1.636,-4.643
2026-04-01T14:28:51.688Z,194.122,pi:0,bottle,0.8393,754.00,199.00,858.00,570.00,1.644,-4.676
2026-04-01T14:28:51.737Z,194.168,pi:0,bottle,0.8066,755.00,200.00,859.00,569.00,1.653,-4.643
2026-04-01T14:28:51.794Z,194.225,pi:0,bottle,0.8030,755.00,200.00,859.00,570.00,1.649,-4.643
2026-04-01T14:28:51.842Z,194.273,pi:0,bottle,0.8103,755.00,199.00,859.00,570.00,1.644,-4.643
2026-04-01T14:28:51.910Z,194.340,pi:0,bottle,0.8103,755.00,199.00,858.00,570.00,1.644,-4.660
2026-04-01T14:28:51.953Z,194.384,pi:0,bottle,0.8139,756.00,201.00,856.00,569.00,1.658,-4.676
2026-04-01T14:28:52.013Z,194.444,pi:0,bottle,0.8066,755.00,201.00,859.00,571.00,1.649,-4.643
2026-04-01T14:28:52.062Z,194.493,pi:0,bottle,0.8321,756.00,200.00,859.00,570.00,1.649,-4.627
2026-04-01T14:28:52.109Z,194.540,pi:0,bottle,0.8139,755.00,200.00,858.00,571.00,1.644,-4.660
2026-04-01T14:28:52.164Z,194.595,pi:0,bottle,0.8139,756.00,200.00,859.00,571.00,1.644,-4.627
2026-04-01T14:28:52.206Z,194.637,pi:0,bottle,0.8139,756.00,200.00,858.00,571.00,1.644,-4.643
2026-04-01T14:28:52.274Z,194.705,pi:0,bottle,0.8248,755.00,201.00,859.00,571.00,1.649,-4.643
2026-04-01T14:28:52.310Z,194.741,pi:0,bottle,0.8139,756.00,198.00,858.00,571.00,1.636,-4.643
2026-04-01T14:28:52.377Z,194.808,pi:0,bottle,0.8175,755.00,196.00,859.00,569.00,1.636,-4.643
2026-04-01T14:28:52.426Z,194.857,pi:0,bottle,0.8212,755.00,200.00,859.00,571.00,1.644,-4.643
2026-04-01T14:28:52.484Z,194.915,pi:0,bottle,0.8103,755.00,197.00,858.00,570.00,1.636,-4.660
2026-04-01T14:28:52.524Z,194.955,pi:0,bottle,0.8030,755.00,200.00,858.00,571.00,1.644,-4.660
2026-04-01T14:28:52.580Z,195.011,pi:0,bottle,0.8103,756.00,201.00,858.00,570.00,1.653,-4.643
2026-04-01T14:28:52.644Z,195.074,pi:0,bottle,0.8212,755.00,200.00,858.00,571.00,1.644,-4.660
2026-04-01T14:28:52.687Z,195.118,pi:0,bottle,0.8103,756.00,199.00,859.00,571.00,1.640,-4.627
2026-04-01T14:28:52.742Z,195.173,pi:0,bottle,0.8103,755.00,200.00,859.00,571.00,1.644,-4.643
2026-04-01T14:28:52.776Z,195.207,pi:0,bottle,0.8066,756.00,200.00,858.00,570.00,1.649,-4.643
2026-04-01T14:28:52.853Z,195.284,pi:0,bottle,0.8212,755.00,198.00,860.00,569.00,1.644,-4.627
2026-04-01T14:28:52.891Z,195.321,pi:0,bottle,0.8139,755.00,201.00,859.00,570.00,1.653,-4.643
2026-04-01T14:28:52.950Z,195.381,pi:0,bottle,0.8139,756.00,200.00,860.00,569.00,1.653,-4.611
2026-04-01T14:28:53.000Z,195.431,pi:0,bottle,0.8030,755.00,200.00,859.00,570.00,1.649,-4.643
2026-04-01T14:28:53.059Z,195.490,pi:0,bottle,0.7994,756.00,198.00,860.00,569.00,1.644,-4.611
2026-04-01T14:28:53.099Z,195.530,pi:0,bottle,0.8066,755.00,200.00,860.00,569.00,1.653,-4.627
2026-04-01T14:28:53.155Z,195.585,pi:0,bottle,0.8139,755.00,200.00,860.00,569.00,1.653,-4.627
2026-04-01T14:28:53.212Z,195.643,pi:0,bottle,0.8066,755.00,199.00,858.00,571.00,1.640,-4.660
2026-04-01T14:28:53.248Z,195.679,pi:0,bottle,0.8175,755.00,200.00,859.00,571.00,1.644,-4.643
2026-04-01T14:28:53.306Z,195.737,pi:0,bottle,0.8139,755.00,200.00,859.00,571.00,1.644,-4.643
2026-04-01T14:28:53.361Z,195.792,pi:0,bottle,0.8175,755.00,199.00,858.00,571.00,1.640,-4.660
2026-04-01T14:28:53.409Z,195.840,pi:0,bottle,0.8139,755.00,200.00,859.00,571.00,1.644,-4.643
2026-04-01T14:28:53.454Z,195.885,pi:0,bottle,0.8103,755.00,197.00,859.00,569.00,1.640,-4.643
2026-04-01T14:28:53.512Z,195.942,pi:0,bottle,0.8175,755.00,198.00,858.00,570.00,1.640,-4.660
2026-04-01T14:28:53.554Z,195.985,pi:0,bottle,0.8212,756.00,198.00,858.00,570.00,1.640,-4.643
2026-04-01T14:28:53.615Z,196.046,pi:0,bottle,0.8248,755.00,199.00,859.00,570.00,1.644,-4.643
2026-04-01T14:28:53.663Z,196.094,pi:0,bottle,0.7994,755.00,199.00,859.00,570.00,1.644,-4.643
2026-04-01T14:28:53.711Z,196.142,pi:0,bottle,0.8066,756.00,198.00,859.00,571.00,1.636,-4.627
2026-04-01T14:28:53.776Z,196.206,pi:0,bottle,0.8139,755.00,198.00,859.00,571.00,1.636,-4.643
2026-04-01T14:28:53.831Z,196.262,pi:0,bottle,0.8066,755.00,198.00,859.00,570.00,1.640,-4.643
2026-04-01T14:28:53.874Z,196.304,pi:0,bottle,0.7994,755.00,199.00,859.00,571.00,1.640,-4.643
2026-04-01T14:28:53.925Z,196.356,pi:0,bottle,0.7994,755.00,199.00,859.00,570.00,1.644,-4.643
2026-04-01T14:28:53.979Z,196.410,pi:0,bottle,0.8284,755.00,196.00,858.00,570.00,1.631,-4.660
2026-04-01T14:28:54.032Z,196.463,pi:0,bottle,0.7994,755.00,200.00,859.00,570.00,1.649,-4.643
2026-04-01T14:28:54.075Z,196.506,pi:0,bottle,0.8139,755.00,201.00,859.00,570.00,1.653,-4.643
2026-04-01T14:28:54.130Z,196.561,pi:0,bottle,0.8248,755.00,199.00,860.00,569.00,1.649,-4.627
2026-04-01T14:28:54.195Z,196.625,pi:0,bottle,0.8175,755.00,198.00,859.00,571.00,1.636,-4.643
2026-04-01T14:28:54.237Z,196.668,pi:0,bottle,0.8212,755.00,199.00,858.00,570.00,1.644,-4.660
2026-04-01T14:28:54.285Z,196.716,pi:0,bottle,0.8321,755.00,198.00,859.00,571.00,1.636,-4.643
2026-04-01T14:28:54.347Z,196.778,pi:0,bottle,0.8139,755.00,200.00,858.00,570.00,1.649,-4.660
2026-04-01T14:28:54.391Z,196.822,pi:0,bottle,0.8103,755.00,199.00,858.00,571.00,1.640,-4.660
2026-04-01T14:28:54.454Z,196.885,pi:0,bottle,0.8139,755.00,200.00,859.00,571.00,1.644,-4.643
2026-04-01T14:28:54.508Z,196.938,pi:0,bottle,0.8139,755.00,198.00,859.00,570.00,1.640,-4.643
2026-04-01T14:28:54.558Z,196.989,pi:0,bottle,0.8248,755.00,199.00,859.00,570.00,1.644,-4.643
2026-04-01T14:28:54.610Z,197.042,pi:0,bottle,0.8175,755.00,199.00,859.00,571.00,1.640,-4.643
2026-04-01T14:28:54.665Z,197.096,pi:0,bottle,0.8175,756.00,199.00,858.00,571.00,1.640,-4.643
2026-04-01T14:28:54.719Z,197.149,pi:0,bottle,0.7994,755.00,199.00,858.00,571.00,1.640,-4.660
2026-04-01T14:28:54.758Z,197.188,pi:0,bottle,0.8030,754.00,197.00,858.00,571.00,1.631,-4.676
2026-04-01T14:28:54.834Z,197.265,pi:0,bottle,0.8066,755.00,199.00,859.00,570.00,1.644,-4.643
2026-04-01T14:28:54.874Z,197.304,pi:0,bottle,0.8212,756.00,199.00,857.00,569.00,1.649,-4.660
2026-04-01T14:28:54.933Z,197.364,pi:0,bottle,0.8103,755.00,199.00,858.00,570.00,1.644,-4.660
2026-04-01T14:28:54.970Z,197.401,pi:0,bottle,0.8066,755.00,200.00,859.00,570.00,1.649,-4.643
2026-04-01T14:28:55.019Z,197.450,pi:0,bottle,0.8103,755.00,201.00,858.00,570.00,1.653,-4.660
2026-04-01T14:28:55.079Z,197.510,pi:0,bottle,0.8103,755.00,200.00,858.00,570.00,1.649,-4.660
2026-04-01T14:28:55.127Z,197.557,pi:0,bottle,0.8284,756.00,197.00,860.00,570.00,1.636,-4.611
2026-04-01T14:28:55.175Z,197.606,pi:0,bottle,0.8066,756.00,199.00,859.00,570.00,1.644,-4.627
2026-04-01T14:28:55.223Z,197.654,pi:0,bottle,0.8284,755.00,198.00,860.00,571.00,1.636,-4.627
2026-04-01T14:28:55.279Z,197.710,pi:0,bottle,0.8466,755.00,199.00,860.00,570.00,1.644,-4.627
2026-04-01T14:28:55.335Z,197.766,pi:0,bottle,0.8648,755.00,199.00,860.00,570.00,1.644,-4.627
2026-04-01T14:28:55.395Z,197.825,pi:0,bottle,0.8539,755.00,197.00,858.00,570.00,1.636,-4.660
2026-04-01T14:28:55.449Z,197.880,pi:0,bottle,0.8539,755.00,196.00,859.00,570.00,1.631,-4.643
2026-04-01T14:28:55.500Z,197.931,pi:0,bottle,0.8502,756.00,197.00,859.00,570.00,1.636,-4.627
2026-04-01T14:28:55.555Z,197.986,pi:0,bottle,0.8357,756.00,195.00,857.00,572.00,1.618,-4.660
2026-04-01T14:28:55.617Z,198.048,pi:0,bottle,0.8212,756.00,197.00,860.00,570.00,1.636,-4.611
2026-04-01T14:28:55.669Z,198.100,pi:0,bottle,0.8212,755.00,200.00,858.00,571.00,1.644,-4.660
2026-04-01T14:28:55.706Z,198.137,pi:0,bottle,0.8175,755.00,202.00,858.00,571.00,1.653,-4.660
2026-04-01T14:28:55.769Z,198.200,pi:0,bottle,0.8066,756.00,201.00,859.00,571.00,1.649,-4.627
2026-04-01T14:28:55.830Z,198.261,pi:0,bottle,0.8139,755.00,203.00,859.00,570.00,1.662,-4.643
2026-04-01T14:28:55.874Z,198.305,pi:0,bottle,0.7885,754.00,201.00,858.00,571.00,1.649,-4.676
2026-04-01T14:28:55.930Z,198.361,pi:0,bottle,0.8212,755.00,201.00,858.00,572.00,1.644,-4.660
2026-04-01T14:28:55.977Z,198.408,pi:0,bottle,0.8066,755.00,199.00,859.00,571.00,1.640,-4.643
2026-04-01T14:28:56.036Z,198.467,pi:0,bottle,0.8103,755.00,195.00,858.00,571.00,1.622,-4.660
2026-04-01T14:28:56.091Z,198.522,pi:0,bottle,0.8284,756.00,200.00,858.00,571.00,1.644,-4.643
2026-04-01T14:28:56.129Z,198.560,pi:0,bottle,0.8284,756.00,197.00,860.00,570.00,1.636,-4.611
2026-04-01T14:28:56.198Z,198.629,pi:0,bottle,0.8212,755.00,198.00,858.00,571.00,1.636,-4.660
2026-04-01T14:28:56.235Z,198.665,pi:0,bottle,0.8030,756.00,197.00,858.00,572.00,1.627,-4.643
2026-04-01T14:28:56.299Z,198.730,pi:0,bottle,0.8175,756.00,196.00,857.00,572.00,1.622,-4.660
2026-04-01T14:28:56.341Z,198.772,pi:0,bottle,0.8066,755.00,197.00,860.00,569.00,1.640,-4.627
2026-04-01T14:28:56.403Z,198.834,pi:0,bottle,0.8139,755.00,200.00,858.00,571.00,1.644,-4.660
2026-04-01T14:28:56.445Z,198.875,pi:0,bottle,0.8066,755.00,197.00,858.00,570.00,1.636,-4.660
2026-04-01T14:28:56.505Z,198.936,pi:0,bottle,0.8393,756.00,195.00,858.00,571.00,1.622,-4.643
2026-04-01T14:28:56.556Z,198.987,pi:0,bottle,0.8284,756.00,197.00,859.00,571.00,1.631,-4.627
2026-04-01T14:28:56.607Z,199.038,pi:0,bottle,0.8284,755.00,199.00,859.00,571.00,1.640,-4.643
2026-04-01T14:28:56.669Z,199.100,pi:0,bottle,0.8139,754.00,200.00,858.00,571.00,1.644,-4.676
2026-04-01T14:28:56.711Z,199.142,pi:0,bottle,0.8139,756.00,201.00,860.00,569.00,1.658,-4.611
2026-04-01T14:28:56.766Z,199.197,pi:0,bottle,0.7994,755.00,201.00,858.00,570.00,1.653,-4.660
2026-04-01T14:28:56.816Z,199.246,pi:0,bottle,0.8030,755.00,203.00,860.00,570.00,1.662,-4.627
2026-04-01T14:28:56.869Z,199.300,pi:0,bottle,0.8139,756.00,200.00,859.00,570.00,1.649,-4.627
2026-04-01T14:28:56.918Z,199.348,pi:0,bottle,0.8139,756.00,201.00,859.00,570.00,1.653,-4.627
2026-04-01T14:28:56.974Z,199.405,pi:0,bottle,0.7994,755.00,201.00,861.00,569.00,1.658,-4.611
2026-04-01T14:28:57.029Z,199.460,pi:0,bottle,0.8066,755.00,197.00,859.00,571.00,1.631,-4.643
2026-04-01T14:28:57.075Z,199.506,pi:0,bottle,0.8139,755.00,200.00,858.00,571.00,1.644,-4.660
2026-04-01T14:28:57.125Z,199.556,pi:0,bottle,0.8066,755.00,200.00,858.00,571.00,1.644,-4.660
2026-04-01T14:28:57.170Z,199.601,pi:0,bottle,0.8066,756.00,204.00,856.00,569.00,1.671,-4.676
2026-04-01T14:28:57.223Z,199.653,pi:0,bottle,0.8212,755.00,198.00,858.00,571.00,1.636,-4.660
2026-04-01T14:28:57.278Z,199.709,pi:0,bottle,0.8139,755.00,200.00,859.00,570.00,1.649,-4.643
2026-04-01T14:28:57.326Z,199.756,pi:0,bottle,0.8066,755.00,198.00,858.00,571.00,1.636,-4.660
2026-04-01T14:28:57.382Z,199.813,pi:0,bottle,0.8066,755.00,199.00,858.00,571.00,1.640,-4.660
2026-04-01T14:28:57.438Z,199.869,pi:0,bottle,0.8030,755.00,197.00,859.00,570.00,1.636,-4.643
2026-04-01T14:28:57.487Z,199.917,pi:0,bottle,0.8139,755.00,198.00,858.00,572.00,1.631,-4.660
2026-04-01T14:28:57.538Z,199.969,pi:0,bottle,0.8248,755.00,197.00,859.00,572.00,1.627,-4.643
2026-04-01T14:28:57.593Z,200.024,pi:0,bottle,0.8212,755.00,196.00,859.00,571.00,1.627,-4.643
2026-04-01T14:28:57.650Z,200.081,pi:0,bottle,0.8212,755.00,200.00,858.00,571.00,1.644,-4.660
2026-04-01T14:28:57.699Z,200.130,pi:0,bottle,0.8284,756.00,198.00,859.00,571.00,1.636,-4.627
2026-04-01T14:28:57.755Z,200.186,pi:0,bottle,0.8175,755.00,200.00,859.00,571.00,1.644,-4.643
2026-04-01T14:28:57.805Z,200.235,pi:0,bottle,0.8139,755.00,200.00,857.00,570.00,1.649,-4.676
2026-04-01T14:28:57.854Z,200.285,pi:0,bottle,0.8357,755.00,197.00,858.00,572.00,1.627,-4.660
2026-04-01T14:28:57.906Z,200.337,pi:0,bottle,0.8212,755.00,198.00,859.00,571.00,1.636,-4.643
2026-04-01T14:28:57.950Z,200.381,pi:0,bottle,0.8357,755.00,200.00,858.00,572.00,1.640,-4.660
2026-04-01T14:28:58.009Z,200.440,pi:0,bottle,0.8357,755.00,198.00,858.00,571.00,1.636,-4.660
2026-04-01T14:28:58.059Z,200.490,pi:0,bottle,0.8248,755.00,198.00,859.00,571.00,1.636,-4.643
2026-04-01T14:28:58.118Z,200.549,pi:0,bottle,0.8357,755.00,198.00,858.00,572.00,1.631,-4.660
2026-04-01T14:28:58.159Z,200.590,pi:0,bottle,0.8430,755.00,200.00,858.00,571.00,1.644,-4.660
2026-04-01T14:28:58.221Z,200.652,pi:0,bottle,0.8321,754.00,197.00,859.00,571.00,1.631,-4.660
2026-04-01T14:28:58.259Z,200.690,pi:0,bottle,0.8284,755.00,198.00,858.00,572.00,1.631,-4.660
2026-04-01T14:28:58.320Z,200.750,pi:0,bottle,0.8248,755.00,196.00,859.00,571.00,1.627,-4.643
2026-04-01T14:28:58.367Z,200.798,pi:0,bottle,0.8139,755.00,197.00,860.00,571.00,1.631,-4.627
2026-04-01T14:28:58.419Z,200.850,pi:0,bottle,0.8248,755.00,197.00,859.00,571.00,1.631,-4.643
2026-04-01T14:28:58.469Z,200.900,pi:0,bottle,0.8284,756.00,198.00,860.00,571.00,1.636,-4.611
2026-04-01T14:28:58.519Z,200.950,pi:0,bottle,0.8248,756.00,197.00,858.00,571.00,1.631,-4.643
2026-04-01T14:28:58.573Z,201.003,pi:0,bottle,0.8248,754.00,197.00,859.00,571.00,1.631,-4.660
2026-04-01T14:28:58.615Z,201.046,pi:0,bottle,0.8284,754.00,197.00,859.00,571.00,1.631,-4.660
2026-04-01T14:28:58.668Z,201.099,pi:0,bottle,0.8248,755.00,197.00,859.00,571.00,1.631,-4.643
2026-04-01T14:28:58.722Z,201.153,pi:0,bottle,0.8175,755.00,196.00,859.00,571.00,1.627,-4.643
2026-04-01T14:28:58.767Z,201.198,pi:0,bottle,0.8248,754.00,199.00,858.00,571.00,1.640,-4.676
2026-04-01T14:28:58.821Z,201.252,pi:0,bottle,0.8321,756.00,196.00,859.00,572.00,1.622,-4.627
2026-04-01T14:28:58.877Z,201.308,pi:0,bottle,0.8357,755.00,197.00,859.00,571.00,1.631,-4.643
2026-04-01T14:28:58.923Z,201.354,pi:0,bottle,0.8284,756.00,197.00,858.00,572.00,1.627,-4.643
2026-04-01T14:28:58.973Z,201.403,pi:0,bottle,0.8357,755.00,197.00,857.00,571.00,1.631,-4.676
2026-04-01T14:28:59.021Z,201.452,pi:0,bottle,0.8393,755.00,196.00,859.00,571.00,1.627,-4.643
2026-04-01T14:28:59.104Z,201.535,pi:0,bottle,0.8248,754.00,197.00,859.00,571.00,1.631,-4.660
2026-04-01T14:28:59.153Z,201.583,pi:0,bottle,0.8393,755.00,198.00,858.00,571.00,1.636,-4.660
2026-04-01T14:28:59.215Z,201.646,pi:0,bottle,0.8357,755.00,197.00,858.00,571.00,1.631,-4.660
2026-04-01T14:28:59.297Z,201.728,pi:0,bottle,0.8284,755.00,197.00,858.00,571.00,1.631,-4.660
2026-04-01T14:28:59.358Z,201.789,pi:0,bottle,0.8321,755.00,196.00,859.00,572.00,1.622,-4.643
2026-04-01T14:28:59.418Z,201.849,pi:0,bottle,0.8248,755.00,197.00,857.00,570.00,1.636,-4.676
2026-04-01T14:28:59.468Z,201.899,pi:0,bottle,0.8357,755.00,195.00,860.00,570.00,1.627,-4.627
2026-04-01T14:28:59.524Z,201.955,pi:0,bottle,0.8284,755.00,197.00,859.00,572.00,1.627,-4.643
2026-04-01T14:28:59.568Z,201.999,pi:0,bottle,0.8212,755.00,197.00,858.00,571.00,1.631,-4.660
2026-04-01T14:28:59.621Z,202.052,pi:0,bottle,0.8321,755.00,197.00,859.00,572.00,1.627,-4.643
2026-04-01T14:28:59.676Z,202.107,pi:0,bottle,0.8393,755.00,199.00,859.00,572.00,1.636,-4.643
2026-04-01T14:28:59.721Z,202.152,pi:0,bottle,0.8357,755.00,198.00,859.00,572.00,1.631,-4.643
2026-04-01T14:28:59.771Z,202.202,pi:0,bottle,0.8175,755.00,197.00,859.00,571.00,1.631,-4.643
2026-04-01T14:28:59.822Z,202.253,pi:0,bottle,0.8393,755.00,196.00,859.00,572.00,1.622,-4.643
2026-04-01T14:28:59.873Z,202.304,pi:0,bottle,0.8212,756.00,200.00,859.00,571.00,1.644,-4.627
2026-04-01T14:28:59.923Z,202.354,pi:0,bottle,0.8321,755.00,198.00,860.00,570.00,1.640,-4.627
2026-04-01T14:28:59.980Z,202.411,pi:0,bottle,0.8357,756.00,195.00,859.00,571.00,1.622,-4.627
2026-04-01T14:29:00.037Z,202.468,pi:0,bottle,0.8393,755.00,197.00,858.00,571.00,1.631,-4.660
2026-04-01T14:29:00.079Z,202.510,pi:0,bottle,0.8393,756.00,197.00,858.00,571.00,1.631,-4.643
2026-04-01T14:29:00.122Z,202.553,pi:0,bottle,0.8393,756.00,199.00,858.00,572.00,1.636,-4.643
2026-04-01T14:29:00.178Z,202.609,pi:0,bottle,0.8430,755.00,199.00,859.00,571.00,1.640,-4.643
2026-04-01T14:29:00.222Z,202.653,pi:0,bottle,0.8357,755.00,198.00,858.00,571.00,1.636,-4.660
2026-04-01T14:29:00.278Z,202.709,pi:0,bottle,0.8357,755.00,199.00,858.00,571.00,1.640,-4.660
2026-04-01T14:29:00.328Z,202.759,pi:0,bottle,0.8248,755.00,199.00,859.00,572.00,1.636,-4.643
2026-04-01T14:29:00.386Z,202.817,pi:0,bottle,0.8502,755.00,198.00,858.00,571.00,1.636,-4.660
2026-04-01T14:29:00.429Z,202.860,pi:0,bottle,0.8212,756.00,198.00,858.00,571.00,1.636,-4.643
2026-04-01T14:29:00.486Z,202.917,pi:0,bottle,0.8430,755.00,197.00,859.00,571.00,1.631,-4.643
2026-04-01T14:29:00.527Z,202.958,pi:0,bottle,0.8466,756.00,198.00,859.00,572.00,1.631,-4.627
2026-04-01T14:29:00.576Z,203.007,pi:0,bottle,0.8357,756.00,199.00,858.00,571.00,1.640,-4.643
2026-04-01T14:29:00.633Z,203.063,pi:0,bottle,0.8284,756.00,200.00,858.00,571.00,1.644,-4.643
2026-04-01T14:29:00.682Z,203.113,pi:0,bottle,0.8357,756.00,199.00,858.00,571.00,1.640,-4.643
2026-04-01T14:29:00.737Z,203.168,pi:0,bottle,0.8357,755.00,198.00,858.00,571.00,1.636,-4.660
2026-04-01T14:29:00.798Z,203.229,pi:0,bottle,0.8175,756.00,197.00,860.00,571.00,1.631,-4.611
2026-04-01T14:29:00.839Z,203.270,pi:0,bottle,0.8248,756.00,196.00,858.00,571.00,1.627,-4.643
2026-04-01T14:29:00.891Z,203.322,pi:0,bottle,0.8284,755.00,200.00,858.00,571.00,1.644,-4.660
2026-04-01T14:29:00.944Z,203.375,pi:0,bottle,0.8212,756.00,200.00,859.00,571.00,1.644,-4.627
2026-04-01T14:29:00.982Z,203.413,pi:0,bottle,0.8212,755.00,200.00,859.00,571.00,1.644,-4.643
2026-04-01T14:29:01.057Z,203.488,pi:0,bottle,0.8212,756.00,198.00,858.00,571.00,1.636,-4.643
2026-04-01T14:29:01.118Z,203.549,pi:0,bottle,0.8139,756.00,199.00,856.00,570.00,1.644,-4.676
2026-04-01T14:29:01.183Z,203.620,pi:0,bottle,0.8139,756.00,199.00,856.00,570.00,1.644,-4.676
2026-04-01T14:29:01.237Z,203.668,pi:0,bottle,0.8357,755.00,199.00,859.00,571.00,1.640,-4.643
2026-04-01T14:29:01.287Z,203.718,pi:0,bottle,0.8212,756.00,200.00,857.00,570.00,1.649,-4.660
2026-04-01T14:29:01.337Z,203.768,pi:0,bottle,0.8212,756.00,199.00,856.00,571.00,1.640,-4.676
2026-04-01T14:29:01.397Z,203.827,pi:0,bottle,0.8321,755.00,201.00,857.00,570.00,1.653,-4.676
2026-04-01T14:29:01.441Z,203.872,pi:0,bottle,0.8139,755.00,197.00,857.00,570.00,1.636,-4.676
2026-04-01T14:29:01.495Z,203.926,pi:0,bottle,0.8248,755.00,199.00,856.00,571.00,1.640,-4.692
2026-04-01T14:29:01.542Z,203.973,pi:0,bottle,0.8212,755.00,198.00,857.00,570.00,1.640,-4.676
2026-04-01T14:29:01.603Z,204.034,pi:0,bottle,0.8321,755.00,199.00,856.00,570.00,1.644,-4.692
2026-04-01T14:29:01.655Z,204.086,pi:0,bottle,0.8357,757.00,199.00,858.00,572.00,1.636,-4.627
2026-04-01T14:29:01.703Z,204.134,pi:0,bottle,0.8357,756.00,200.00,858.00,571.00,1.644,-4.643
2026-04-01T14:29:01.763Z,204.194,pi:0,bottle,0.8321,756.00,197.00,859.00,571.00,1.631,-4.627
2026-04-01T14:29:01.806Z,204.237,pi:0,bottle,0.8357,757.00,202.00,858.00,572.00,1.649,-4.627
2026-04-01T14:29:01.868Z,204.299,pi:0,bottle,0.8321,757.00,196.00,859.00,571.00,1.627,-4.611
2026-04-01T14:29:01.914Z,204.344,pi:0,bottle,0.8212,757.00,199.00,858.00,571.00,1.640,-4.627
2026-04-01T14:29:01.963Z,204.393,pi:0,bottle,0.8321,756.00,199.00,857.00,571.00,1.640,-4.660
2026-04-01T14:29:02.026Z,204.457,pi:0,bottle,0.8321,757.00,199.00,859.00,571.00,1.640,-4.611
2026-04-01T14:29:02.070Z,204.500,pi:0,bottle,0.8284,758.00,200.00,858.00,571.00,1.644,-4.611
2026-04-01T14:29:02.123Z,204.554,pi:0,bottle,0.8066,757.00,200.00,856.00,569.00,1.653,-4.660
2026-04-01T14:29:02.170Z,204.601,pi:0,bottle,0.8103,758.00,198.00,858.00,570.00,1.640,-4.611
2026-04-01T14:29:02.228Z,204.659,pi:0,bottle,0.8321,756.00,197.00,858.00,572.00,1.627,-4.643
2026-04-01T14:29:02.280Z,204.711,pi:0,bottle,0.8139,756.00,195.00,858.00,572.00,1.618,-4.643
2026-04-01T14:29:02.321Z,204.752,pi:0,bottle,0.7957,756.00,202.00,856.00,533.00,1.843,-4.676
2026-04-01T14:29:02.379Z,204.809,pi:0,bottle,0.7994,755.00,197.00,854.00,543.00,1.763,-4.725
2026-04-01T14:29:02.426Z,204.857,pi:0,bottle,0.8103,755.00,198.00,858.00,571.00,1.636,-4.660
2026-04-01T14:29:02.502Z,204.933,pi:0,bottle,0.8248,756.00,197.00,859.00,572.00,1.627,-4.627
2026-04-01T14:29:02.570Z,205.001,pi:0,bottle,0.8248,757.00,197.00,859.00,571.00,1.631,-4.611
2026-04-01T14:29:02.637Z,205.068,pi:0,bottle,0.8066,755.00,196.00,859.00,570.00,1.631,-4.643
2026-04-01T14:29:02.706Z,205.137,pi:0,bottle,0.7994,756.00,196.00,859.00,570.00,1.631,-4.627
2026-04-01T14:29:02.776Z,205.207,pi:0,bottle,0.8103,757.00,194.00,859.00,570.00,1.622,-4.611
2026-04-01T14:29:02.826Z,205.257,pi:0,bottle,0.7994,756.00,197.00,858.00,572.00,1.627,-4.643
2026-04-01T14:29:02.894Z,205.325,pi:0,bottle,0.8139,756.00,198.00,859.00,572.00,1.631,-4.627
2026-04-01T14:29:02.953Z,205.384,pi:0,bottle,0.8066,757.00,196.00,859.00,571.00,1.627,-4.611
2026-04-01T14:29:03.011Z,205.442,pi:0,bottle,0.8212,756.00,201.00,859.00,571.00,1.649,-4.627
2026-04-01T14:29:03.081Z,205.512,pi:0,bottle,0.8248,757.00,197.00,859.00,571.00,1.631,-4.611
2026-04-01T14:29:03.136Z,205.567,pi:0,bottle,0.8175,756.00,197.00,859.00,571.00,1.631,-4.627
2026-04-01T14:29:03.208Z,205.639,pi:0,bottle,0.8321,757.00,198.00,858.00,571.00,1.636,-4.627
2026-04-01T14:29:03.268Z,205.699,pi:0,bottle,0.8357,757.00,199.00,859.00,571.00,1.640,-4.611
2026-04-01T14:29:03.340Z,205.771,pi:0,bottle,0.8321,757.00,200.00,858.00,571.00,1.644,-4.627
2026-04-01T14:29:03.394Z,205.825,pi:0,bottle,0.8103,757.00,199.00,857.00,570.00,1.644,-4.643
2026-04-01T14:29:03.457Z,205.888,pi:0,bottle,0.8212,757.00,196.00,857.00,571.00,1.627,-4.643
2026-04-01T14:29:03.524Z,205.955,pi:0,bottle,0.8030,756.00,197.00,858.00,570.00,1.636,-4.643
2026-04-01T14:29:03.598Z,206.029,pi:0,bottle,0.8212,757.00,198.00,858.00,570.00,1.640,-4.627
2026-04-01T14:29:03.639Z,206.070,pi:0,bottle,0.8139,757.00,196.00,857.00,567.00,1.644,-4.643
2026-04-01T14:29:03.699Z,206.130,pi:0,bottle,0.8139,757.00,197.00,859.00,571.00,1.631,-4.611
2026-04-01T14:29:03.739Z,206.169,pi:0,bottle,0.8248,756.00,196.00,858.00,571.00,1.627,-4.643
2026-04-01T14:29:03.803Z,206.234,pi:0,bottle,0.8502,756.00,198.00,859.00,571.00,1.636,-4.627
2026-04-01T14:29:03.848Z,206.279,pi:0,bottle,0.8357,756.00,197.00,858.00,571.00,1.631,-4.643
2026-04-01T14:29:03.895Z,206.326,pi:0,bottle,0.8357,756.00,198.00,858.00,572.00,1.631,-4.643
2026-04-01T14:29:03.948Z,206.379,pi:0,bottle,0.8212,757.00,198.00,860.00,568.00,1.649,-4.595
2026-04-01T14:29:03.994Z,206.425,pi:0,bottle,0.8248,756.00,191.00,856.00,557.00,1.667,-4.676
2026-04-01T14:29:04.050Z,206.481,pi:0,bottle,0.8175,756.00,187.00,855.00,557.00,1.649,-4.692
2026-04-01T14:29:04.106Z,206.537,pi:0,bottle,0.8139,755.00,190.00,857.00,555.00,1.671,-4.676
2026-04-01T14:29:04.149Z,206.580,pi:0,bottle,0.8030,755.00,189.00,857.00,556.00,1.662,-4.676
2026-04-01T14:29:04.197Z,206.628,pi:0,bottle,0.8321,755.00,189.00,857.00,557.00,1.658,-4.676
2026-04-01T14:29:04.245Z,206.676,pi:0,bottle,0.8284,756.00,192.00,858.00,561.00,1.653,-4.643
2026-04-01T14:29:04.290Z,206.721,pi:0,bottle,0.8357,756.00,193.00,859.00,561.00,1.658,-4.627
2026-04-01T14:29:04.349Z,206.780,pi:0,bottle,0.8212,755.00,190.00,858.00,560.00,1.649,-4.660
2026-04-01T14:29:04.395Z,206.826,pi:0,bottle,0.8175,756.00,190.00,859.00,562.00,1.640,-4.627
2026-04-01T14:29:04.450Z,206.881,pi:0,bottle,0.8248,757.00,190.00,861.00,564.00,1.631,-4.579
2026-04-01T14:29:04.505Z,206.935,pi:0,bottle,0.8212,755.00,190.00,859.00,562.00,1.640,-4.643
2026-04-01T14:29:04.552Z,206.983,pi:0,bottle,0.8212,757.00,193.00,861.00,566.00,1.636,-4.579
2026-04-01T14:29:04.603Z,207.034,pi:0,bottle,0.8321,757.00,191.00,859.00,572.00,1.601,-4.611
2026-04-01T14:29:04.651Z,207.082,pi:0,bottle,0.8284,757.00,193.00,859.00,572.00,1.610,-4.611
2026-04-01T14:29:04.710Z,207.141,pi:0,bottle,0.8357,757.00,193.00,858.00,571.00,1.614,-4.627
2026-04-01T14:29:04.761Z,207.192,pi:0,bottle,0.8321,758.00,197.00,860.00,572.00,1.627,-4.579
2026-04-01T14:29:04.804Z,207.235,pi:0,bottle,0.8430,758.00,199.00,859.00,572.00,1.636,-4.595
2026-04-01T14:29:04.858Z,207.288,pi:0,bottle,0.8430,759.00,198.00,859.00,572.00,1.631,-4.579
2026-04-01T14:29:04.906Z,207.337,pi:0,bottle,0.8393,758.00,198.00,859.00,572.00,1.631,-4.595
2026-04-01T14:29:04.957Z,207.388,pi:0,bottle,0.8357,757.00,195.00,858.00,572.00,1.618,-4.627
2026-04-01T14:29:05.016Z,207.446,pi:0,bottle,0.8502,757.00,197.00,858.00,572.00,1.627,-4.627
2026-04-01T14:29:05.066Z,207.496,pi:0,bottle,0.8357,756.00,198.00,857.00,572.00,1.631,-4.660
2026-04-01T14:29:05.114Z,207.545,pi:0,bottle,0.8393,757.00,197.00,859.00,572.00,1.627,-4.611
2026-04-01T14:29:05.166Z,207.597,pi:0,bottle,0.8321,756.00,197.00,858.00,571.00,1.631,-4.643
2026-04-01T14:29:05.216Z,207.647,pi:0,bottle,0.8357,757.00,195.00,859.00,569.00,1.631,-4.611
2026-04-01T14:29:05.266Z,207.696,pi:0,bottle,0.8466,757.00,196.00,859.00,571.00,1.627,-4.611
2026-04-01T14:29:05.327Z,207.758,pi:0,bottle,0.8430,756.00,196.00,859.00,569.00,1.636,-4.627
2026-04-01T14:29:05.387Z,207.818,pi:0,bottle,0.8357,757.00,197.00,860.00,567.00,1.649,-4.595
2026-04-01T14:29:05.424Z,207.855,pi:0,bottle,0.8430,756.00,196.00,860.00,566.00,1.649,-4.611
2026-04-01T14:29:05.475Z,207.906,pi:0,bottle,0.8466,757.00,198.00,859.00,570.00,1.640,-4.611
2026-04-01T14:29:05.527Z,207.958,pi:0,bottle,0.8466,757.00,194.00,859.00,569.00,1.627,-4.611
2026-04-01T14:29:05.582Z,208.013,pi:0,bottle,0.8466,757.00,196.00,859.00,569.00,1.636,-4.611
2026-04-01T14:29:05.624Z,208.054,pi:0,bottle,0.8430,756.00,196.00,861.00,567.00,1.644,-4.595
2026-04-01T14:29:05.676Z,208.107,pi:0,bottle,0.8430,756.00,191.00,858.00,563.00,1.640,-4.643
2026-04-01T14:29:05.738Z,208.168,pi:0,bottle,0.8393,757.00,190.00,858.00,561.00,1.644,-4.627
2026-04-01T14:29:05.774Z,208.205,pi:0,bottle,0.8357,757.00,189.00,857.00,560.00,1.644,-4.643
2026-04-01T14:29:05.833Z,208.264,pi:0,bottle,0.8393,757.00,189.00,858.00,560.00,1.644,-4.627
2026-04-01T14:29:05.879Z,208.310,pi:0,bottle,0.8430,757.00,191.00,859.00,562.00,1.644,-4.611
2026-04-01T14:29:05.929Z,208.360,pi:0,bottle,0.8284,756.00,193.00,859.00,562.00,1.653,-4.627
2026-04-01T14:29:05.978Z,208.409,pi:0,bottle,0.8321,756.00,194.00,860.00,564.00,1.649,-4.611
2026-04-01T14:29:06.045Z,208.476,pi:0,bottle,0.8357,756.00,188.00,858.00,562.00,1.631,-4.643
2026-04-01T14:29:06.090Z,208.521,pi:0,bottle,0.8248,756.00,188.00,857.00,561.00,1.636,-4.660
2026-04-01T14:29:06.158Z,208.589,pi:0,bottle,0.8393,756.00,190.00,857.00,559.00,1.653,-4.660
2026-04-01T14:29:06.247Z,208.678,pi:0,bottle,0.8502,756.00,189.00,856.00,556.00,1.662,-4.676
2026-04-01T14:29:06.325Z,208.756,pi:0,bottle,0.8466,756.00,190.00,857.00,555.00,1.671,-4.660
2026-04-01T14:29:06.385Z,208.816,pi:0,bottle,0.8430,756.00,191.00,857.00,553.00,1.685,-4.660
2026-04-01T14:29:06.432Z,208.863,pi:0,bottle,0.8466,756.00,192.00,858.00,553.00,1.690,-4.643
2026-04-01T14:29:06.477Z,208.908,pi:0,bottle,0.8212,757.00,190.00,857.00,551.00,1.690,-4.643
2026-04-01T14:29:06.528Z,208.959,pi:0,bottle,0.8212,757.00,186.00,857.00,550.00,1.676,-4.643
2026-04-01T14:29:06.577Z,209.008,pi:0,bottle,0.8357,757.00,188.00,856.00,552.00,1.676,-4.660
2026-04-01T14:29:06.627Z,209.058,pi:0,bottle,0.8321,757.00,190.00,857.00,552.00,1.685,-4.643
2026-04-01T14:29:06.680Z,209.111,pi:0,bottle,0.8539,757.00,189.00,856.00,556.00,1.662,-4.660
2026-04-01T14:29:06.740Z,209.171,pi:0,bottle,0.8575,756.00,189.00,857.00,557.00,1.658,-4.660
2026-04-01T14:29:06.787Z,209.218,pi:0,bottle,0.8466,756.00,191.00,857.00,553.00,1.685,-4.660
2026-04-01T14:29:06.831Z,209.262,pi:0,bottle,0.8539,756.00,192.00,858.00,553.00,1.690,-4.643
2026-04-01T14:29:06.882Z,209.313,pi:0,bottle,0.8648,756.00,191.00,856.00,555.00,1.676,-4.676
2026-04-01T14:29:06.935Z,209.366,pi:0,bottle,0.8684,756.00,193.00,857.00,555.00,1.685,-4.660
2026-04-01T14:29:06.991Z,209.422,pi:0,bottle,0.8539,756.00,191.00,857.00,557.00,1.667,-4.660
2026-04-01T14:29:07.041Z,209.472,pi:0,bottle,0.8466,756.00,191.00,857.00,558.00,1.662,-4.660
2026-04-01T14:29:07.107Z,209.538,pi:0,bottle,0.8575,756.00,191.00,858.00,559.00,1.658,-4.643
2026-04-01T14:29:07.152Z,209.583,pi:0,bottle,0.8502,756.00,188.00,857.00,560.00,1.640,-4.660
2026-04-01T14:29:07.206Z,209.637,pi:0,bottle,0.8539,755.00,190.00,858.00,559.00,1.653,-4.660
2026-04-01T14:29:07.258Z,209.689,pi:0,bottle,0.8430,756.00,188.00,856.00,562.00,1.631,-4.676
2026-04-01T14:29:07.315Z,209.746,pi:0,bottle,0.8430,754.00,190.00,859.00,563.00,1.636,-4.660
2026-04-01T14:29:07.366Z,209.796,pi:0,bottle,0.8430,754.00,199.00,858.00,567.00,1.658,-4.676
2026-04-01T14:29:07.411Z,209.842,pi:0,bottle,0.8321,754.00,200.00,859.00,569.00,1.653,-4.660
2026-04-01T14:29:07.472Z,209.903,pi:0,bottle,0.8284,755.00,198.00,858.00,569.00,1.644,-4.660
2026-04-01T14:29:07.518Z,209.949,pi:0,bottle,0.8284,755.00,199.00,857.00,571.00,1.640,-4.676
2026-04-01T14:29:07.562Z,209.993,pi:0,bottle,0.8284,755.00,199.00,856.00,571.00,1.640,-4.692
2026-04-01T14:29:07.629Z,210.060,pi:0,bottle,0.8430,755.00,196.00,859.00,569.00,1.636,-4.643
2026-04-01T14:29:07.677Z,210.108,pi:0,bottle,0.8430,754.00,195.00,859.00,567.00,1.640,-4.660
2026-04-01T14:29:07.729Z,210.160,pi:0,bottle,0.8466,755.00,195.00,858.00,566.00,1.644,-4.660
2026-04-01T14:29:07.782Z,210.213,pi:0,bottle,0.8430,754.00,196.00,858.00,567.00,1.644,-4.676
2026-04-01T14:29:07.842Z,210.273,pi:0,bottle,0.8430,755.00,198.00,857.00,569.00,1.644,-4.676
2026-04-01T14:29:07.902Z,210.333,pi:0,bottle,0.8430,755.00,194.00,858.00,564.00,1.649,-4.660
2026-04-01T14:29:07.938Z,210.369,pi:0,bottle,0.8539,754.00,193.00,858.00,562.00,1.653,-4.676
2026-04-01T14:29:07.997Z,210.428,pi:0,bottle,0.8539,754.00,195.00,859.00,564.00,1.653,-4.660
2026-04-01T14:29:08.049Z,210.480,pi:0,bottle,0.8575,753.00,200.00,858.00,570.00,1.649,-4.692
2026-04-01T14:29:08.104Z,210.534,pi:0,bottle,0.8466,754.00,202.00,858.00,570.00,1.658,-4.676
2026-04-01T14:29:08.154Z,210.585,pi:0,bottle,0.8357,755.00,201.00,858.00,569.00,1.658,-4.660
2026-04-01T14:29:08.212Z,210.643,pi:0,bottle,0.8466,755.00,201.00,858.00,569.00,1.658,-4.660
2026-04-01T14:29:08.265Z,210.696,pi:0,bottle,0.8393,757.00,201.00,858.00,572.00,1.644,-4.627
2026-04-01T14:29:08.318Z,210.749,pi:0,bottle,0.8321,757.00,201.00,858.00,572.00,1.644,-4.627
2026-04-01T14:29:08.370Z,210.801,pi:0,bottle,0.8284,757.00,199.00,858.00,571.00,1.640,-4.627
2026-04-01T14:29:08.426Z,210.857,pi:0,bottle,0.8357,756.00,197.00,856.00,571.00,1.631,-4.676
2026-04-01T14:29:08.479Z,210.910,pi:0,bottle,0.8430,757.00,195.00,858.00,569.00,1.631,-4.627
2026-04-01T14:29:08.531Z,210.962,pi:0,bottle,0.8430,757.00,197.00,858.00,568.00,1.644,-4.627
2026-04-01T14:29:08.586Z,211.017,pi:0,bottle,0.8321,758.00,195.00,858.00,569.00,1.631,-4.611
2026-04-01T14:29:08.631Z,211.062,pi:0,bottle,0.8357,757.00,195.00,857.00,569.00,1.631,-4.643
2026-04-01T14:29:08.687Z,211.118,pi:0,bottle,0.8321,758.00,194.00,858.00,568.00,1.631,-4.611
2026-04-01T14:29:08.730Z,211.161,pi:0,bottle,0.8393,757.00,196.00,858.00,568.00,1.640,-4.627
2026-04-01T14:29:08.786Z,211.217,pi:0,bottle,0.8393,757.00,193.00,858.00,567.00,1.631,-4.627
2026-04-01T14:29:08.852Z,211.283,pi:0,bottle,0.8321,757.00,193.00,858.00,566.00,1.636,-4.627
2026-04-01T14:29:08.887Z,211.317,pi:0,bottle,0.8357,757.00,197.00,858.00,568.00,1.644,-4.627
2026-04-01T14:29:08.950Z,211.380,pi:0,bottle,0.8321,758.00,193.00,859.00,566.00,1.636,-4.595
2026-04-01T14:29:09.002Z,211.433,pi:0,bottle,0.8466,757.00,198.00,858.00,566.00,1.658,-4.627
2026-04-01T14:29:09.047Z,211.477,pi:0,bottle,0.8357,757.00,193.00,859.00,564.00,1.644,-4.611
2026-04-01T14:29:09.105Z,211.536,pi:0,bottle,0.8357,758.00,190.00,857.00,561.00,1.644,-4.627
2026-04-01T14:29:09.146Z,211.577,pi:0,bottle,0.8466,758.00,187.00,857.00,558.00,1.644,-4.627
2026-04-01T14:29:09.210Z,211.641,pi:0,bottle,0.8575,758.00,188.00,857.00,559.00,1.644,-4.627
2026-04-01T14:29:09.249Z,211.680,pi:0,bottle,0.8575,756.00,193.00,859.00,563.00,1.649,-4.627
2026-04-01T14:29:09.318Z,211.749,pi:0,bottle,0.8466,757.00,191.00,857.00,561.00,1.649,-4.643
2026-04-01T14:29:09.360Z,211.791,pi:0,bottle,0.8466,756.00,188.00,857.00,559.00,1.644,-4.660
2026-04-01T14:29:09.407Z,211.838,pi:0,bottle,0.8502,756.00,190.00,858.00,560.00,1.649,-4.643
2026-04-01T14:29:09.469Z,211.900,pi:0,bottle,0.8466,757.00,187.00,857.00,558.00,1.644,-4.643
2026-04-01T14:29:09.518Z,211.949,pi:0,bottle,0.8212,757.00,179.00,857.00,551.00,1.640,-4.643
2026-04-01T14:29:09.574Z,212.005,pi:0,bottle,0.8248,757.00,181.00,857.00,551.00,1.649,-4.643
2026-04-01T14:29:09.635Z,212.070,pi:0,bottle,0.8357,757.00,184.00,855.00,555.00,1.644,-4.676
2026-04-01T14:29:09.696Z,212.127,pi:0,bottle,0.8393,756.00,189.00,857.00,560.00,1.644,-4.660
2026-04-01T14:29:09.743Z,212.177,pi:0,bottle,0.8430,757.00,189.00,858.00,560.00,1.644,-4.627
2026-04-01T14:29:09.791Z,212.222,pi:0,bottle,0.8430,756.00,189.00,857.00,560.00,1.644,-4.660
2026-04-01T14:29:09.854Z,212.288,pi:0,bottle,0.8430,757.00,190.00,858.00,561.00,1.644,-4.627
2026-04-01T14:29:09.891Z,212.322,pi:0,bottle,0.8321,755.00,196.00,859.00,565.00,1.653,-4.643
2026-04-01T14:29:09.954Z,212.385,pi:0,bottle,0.8248,756.00,196.00,859.00,564.00,1.658,-4.627
2026-04-01T14:29:10.024Z,212.455,pi:0,bottle,0.8430,756.00,192.00,859.00,564.00,1.640,-4.627
2026-04-01T14:29:10.065Z,212.496,pi:0,bottle,0.8430,755.00,185.00,856.00,557.00,1.640,-4.692
2026-04-01T14:29:10.116Z,212.547,pi:0,bottle,0.8466,755.00,185.00,856.00,555.00,1.649,-4.692
2026-04-01T14:29:10.165Z,212.595,pi:0,bottle,0.8539,755.00,185.00,857.00,554.00,1.653,-4.676
2026-04-01T14:29:10.222Z,212.653,pi:0,bottle,0.8611,756.00,186.00,858.00,556.00,1.649,-4.643
2026-04-01T14:29:10.264Z,212.695,pi:0,bottle,0.8611,757.00,186.00,857.00,556.00,1.649,-4.643
2026-04-01T14:29:10.341Z,212.772,pi:0,bottle,0.8502,757.00,185.00,856.00,554.00,1.653,-4.660
2026-04-01T14:29:10.431Z,212.862,pi:0,bottle,0.8139,756.00,183.00,857.00,550.00,1.662,-4.660
2026-04-01T14:29:10.505Z,212.936,pi:0,bottle,0.8212,757.00,184.00,857.00,552.00,1.658,-4.643
2026-04-01T14:29:10.563Z,212.994,pi:0,bottle,0.8357,757.00,182.00,857.00,551.00,1.653,-4.643
2026-04-01T14:29:10.606Z,213.036,pi:0,bottle,0.8357,757.00,184.00,857.00,550.00,1.667,-4.643
2026-04-01T14:29:10.645Z,213.076,pi:0,bottle,0.8466,757.00,183.00,857.00,551.00,1.658,-4.643
2026-04-01T14:29:10.692Z,213.123,pi:0,bottle,0.8502,756.00,184.00,856.00,552.00,1.658,-4.676
2026-04-01T14:29:10.738Z,213.169,pi:0,bottle,0.8575,758.00,183.00,857.00,552.00,1.653,-4.627
2026-04-01T14:29:10.795Z,213.225,pi:0,bottle,0.8430,757.00,181.00,856.00,552.00,1.644,-4.660
2026-04-01T14:29:10.844Z,213.275,pi:0,bottle,0.8430,757.00,186.00,856.00,554.00,1.658,-4.660
2026-04-01T14:29:10.908Z,213.339,pi:0,bottle,0.8430,757.00,185.00,856.00,555.00,1.649,-4.660
2026-04-01T14:29:10.944Z,213.375,pi:0,bottle,0.8466,757.00,183.00,856.00,554.00,1.644,-4.660
2026-04-01T14:29:11.004Z,213.435,pi:0,bottle,0.8466,758.00,183.00,855.00,555.00,1.640,-4.660
2026-04-01T14:29:11.067Z,213.498,pi:0,bottle,0.8357,757.00,181.00,856.00,554.00,1.636,-4.660
2026-04-01T14:29:11.106Z,213.537,pi:0,bottle,0.8175,757.00,175.00,857.00,548.00,1.636,-4.643
2026-04-01T14:29:11.168Z,213.599,pi:0,bottle,0.7885,756.00,176.00,857.00,549.00,1.636,-4.660
2026-04-01T14:29:11.223Z,213.654,pi:0,bottle,0.8175,757.00,174.00,856.00,547.00,1.636,-4.660
2026-04-01T14:29:11.274Z,213.705,pi:0,bottle,0.8103,757.00,173.00,855.00,547.00,1.631,-4.676
2026-04-01T14:29:11.324Z,213.755,pi:0,bottle,0.8212,757.00,175.00,858.00,544.00,1.653,-4.627
2026-04-01T14:29:11.374Z,213.805,pi:0,bottle,0.8066,755.00,176.00,857.00,542.00,1.667,-4.676
2026-04-01T14:29:11.430Z,213.860,pi:0,bottle,0.8248,756.00,175.00,856.00,548.00,1.636,-4.676
2026-04-01T14:29:11.483Z,213.913,pi:0,bottle,0.8466,757.00,187.00,857.00,557.00,1.649,-4.643
2026-04-01T14:29:11.545Z,213.976,pi:0,bottle,0.8430,757.00,190.00,858.00,559.00,1.653,-4.627
2026-04-01T14:29:11.587Z,214.018,pi:0,bottle,0.8357,757.00,194.00,859.00,560.00,1.667,-4.611
2026-04-01T14:29:11.642Z,214.073,pi:0,bottle,0.8284,758.00,191.00,857.00,557.00,1.667,-4.627
2026-04-01T14:29:11.694Z,214.125,pi:0,bottle,0.7994,756.00,184.00,857.00,552.00,1.658,-4.660
2026-04-01T14:29:11.743Z,214.174,pi:0,bottle,0.8139,756.00,181.00,857.00,550.00,1.653,-4.660
2026-04-01T14:29:11.779Z,214.210,pi:0,bottle,0.8103,756.00,173.00,855.00,544.00,1.644,-4.692
2026-04-01T14:29:11.838Z,214.269,pi:0,bottle,0.8030,755.00,176.00,856.00,543.00,1.662,-4.692
2026-04-01T14:29:11.885Z,214.316,pi:0,bottle,0.8030,755.00,175.00,857.00,539.00,1.676,-4.676
2026-04-01T14:29:11.940Z,214.371,pi:0,bottle,0.8175,755.00,177.00,855.00,543.00,1.667,-4.708
2026-04-01T14:29:11.995Z,214.426,pi:0,bottle,0.8066,755.00,176.00,856.00,545.00,1.653,-4.692
2026-04-01T14:29:12.057Z,214.487,pi:0,bottle,0.8066,755.00,176.00,856.00,546.00,1.649,-4.692
2026-04-01T14:29:12.103Z,214.534,pi:0,bottle,0.8030,756.00,177.00,857.00,545.00,1.658,-4.660
2026-04-01T14:29:12.161Z,214.592,pi:0,bottle,0.8139,755.00,178.00,857.00,545.00,1.662,-4.676
2026-04-01T14:29:12.207Z,214.638,pi:0,bottle,0.7994,756.00,177.00,856.00,545.00,1.658,-4.676
2026-04-01T14:29:12.255Z,214.686,pi:0,bottle,0.7957,755.00,175.00,855.00,544.00,1.653,-4.708
2026-04-01T14:29:12.307Z,214.738,pi:0,bottle,0.7994,755.00,178.00,856.00,543.00,1.671,-4.692
2026-04-01T14:29:12.361Z,214.792,pi:0,bottle,0.8103,755.00,176.00,857.00,544.00,1.658,-4.676
2026-04-01T14:29:12.414Z,214.845,pi:0,bottle,0.7994,755.00,177.00,855.00,543.00,1.667,-4.708
2026-04-01T14:29:12.460Z,214.891,pi:0,bottle,0.8066,756.00,179.00,856.00,543.00,1.676,-4.676
2026-04-01T14:29:12.515Z,214.946,pi:0,bottle,0.7921,756.00,178.00,858.00,539.00,1.690,-4.643
2026-04-01T14:29:12.558Z,214.989,pi:0,bottle,0.8030,755.00,175.00,858.00,538.00,1.681,-4.660
2026-04-01T14:29:12.607Z,215.038,pi:0,bottle,0.8103,754.00,169.00,858.00,536.00,1.662,-4.676
2026-04-01T14:29:12.659Z,215.090,pi:0,bottle,0.7921,755.00,167.00,855.00,536.00,1.653,-4.708
2026-04-01T14:29:12.707Z,215.138,pi:0,bottle,0.7994,755.00,168.00,857.00,537.00,1.653,-4.676
2026-04-01T14:29:12.755Z,215.185,pi:0,bottle,0.8030,755.00,168.00,857.00,535.00,1.662,-4.676
2026-04-01T14:29:12.815Z,215.246,pi:0,bottle,0.8066,755.00,165.00,857.00,534.00,1.653,-4.676
2026-04-01T14:29:12.870Z,215.301,pi:0,bottle,0.8175,754.00,165.00,856.00,532.00,1.662,-4.708
2026-04-01T14:29:12.921Z,215.352,pi:0,bottle,0.8139,753.00,156.00,854.00,527.00,1.644,-4.757
2026-04-01T14:29:12.972Z,215.403,pi:0,bottle,0.8284,754.00,154.00,855.00,526.00,1.640,-4.725
2026-04-01T14:29:13.020Z,215.453,pi:0,bottle,0.8357,754.00,152.00,856.00,527.00,1.627,-4.708
2026-04-01T14:29:13.079Z,215.510,pi:0,bottle,0.8357,754.00,152.00,854.00,530.00,1.614,-4.741
2026-04-01T14:29:13.129Z,215.560,pi:0,bottle,0.8357,754.00,157.00,856.00,529.00,1.640,-4.708
2026-04-01T14:29:13.179Z,215.609,pi:0,bottle,0.8139,755.00,159.00,856.00,537.00,1.614,-4.692
2026-04-01T14:29:13.238Z,215.668,pi:0,bottle,0.7921,756.00,176.00,857.00,552.00,1.622,-4.660
2026-04-01T14:29:13.279Z,215.710,pi:0,bottle,0.8212,756.00,183.00,856.00,568.00,1.585,-4.676
2026-04-01T14:29:13.337Z,215.768,pi:0,bottle,0.8212,757.00,195.00,857.00,568.00,1.636,-4.643
2026-04-01T14:29:13.390Z,215.821,pi:0,bottle,0.8430,755.00,184.00,857.00,551.00,1.662,-4.676
2026-04-01T14:29:13.429Z,215.860,pi:0,bottle,0.8212,756.00,182.00,858.00,549.00,1.662,-4.643
2026-04-01T14:29:13.487Z,215.918,pi:0,bottle,0.8212,756.00,185.00,858.00,551.00,1.667,-4.643
2026-04-01T14:29:13.543Z,215.979,pi:0,bottle,0.8212,756.00,193.00,859.00,565.00,1.640,-4.627
2026-04-01T14:29:13.600Z,216.030,pi:0,bottle,0.8357,757.00,192.00,857.00,572.00,1.605,-4.643
2026-04-01T14:29:13.664Z,216.095,pi:0,bottle,0.8430,757.00,196.00,858.00,572.00,1.622,-4.627
2026-04-01T14:29:13.726Z,216.157,pi:0,bottle,0.8357,754.00,189.00,857.00,561.00,1.640,-4.692
2026-04-01T14:29:13.795Z,216.226,pi:0,bottle,0.8539,757.00,184.00,857.00,557.00,1.636,-4.643
2026-04-01T14:29:13.879Z,216.316,pi:0,bottle,0.8357,755.00,184.00,858.00,561.00,1.618,-4.660
2026-04-01T14:29:13.968Z,216.399,pi:0,bottle,0.8066,757.00,197.00,855.00,570.00,1.636,-4.676
2026-04-01T14:29:14.003Z,216.434,pi:0,bottle,0.7848,755.00,198.00,856.00,519.00,1.900,-4.692
2026-04-01T14:29:14.060Z,216.491,pi:0,bottle,0.7885,755.00,193.00,854.00,481.00,2.118,-4.725
2026-04-01T14:29:14.095Z,216.526,pi:0,bottle,0.7921,755.00,196.00,858.00,480.00,2.148,-4.660
2026-04-01T14:29:14.157Z,216.588,pi:0,bottle,0.7921,756.00,199.00,859.00,490.00,2.096,-4.627
2026-04-01T14:29:14.206Z,216.636,pi:0,bottle,0.8103,756.00,199.00,857.00,491.00,2.089,-4.660
2026-04-01T14:29:14.243Z,216.674,pi:0,bottle,0.7703,756.00,200.00,855.00,442.00,2.521,-4.692
2026-04-01T14:29:14.298Z,216.729,pi:0,bottle,0.7957,756.00,200.00,856.00,433.00,2.618,-4.676
2026-04-01T14:29:14.350Z,216.781,pi:0,bottle,0.6068,758.00,197.00,853.00,381.00,3.315,-4.692
2026-04-01T14:29:14.466Z,216.897,pi:0,bottle,0.6649,756.00,199.00,858.00,565.00,1.667,-4.643
2026-04-01T14:29:14.558Z,216.989,pi:0,bottle,0.8284,755.00,197.00,859.00,571.00,1.631,-4.643
2026-04-01T14:29:14.652Z,217.083,pi:0,bottle,0.8357,756.00,197.00,859.00,569.00,1.640,-4.627
2026-04-01T14:29:14.736Z,217.167,pi:0,bottle,0.8248,757.00,196.00,860.00,567.00,1.644,-4.595
2026-04-01T14:29:14.799Z,217.229,pi:0,bottle,0.8393,756.00,196.00,859.00,571.00,1.627,-4.627
2026-04-01T14:29:14.854Z,217.284,pi:0,bottle,0.8284,756.00,196.00,859.00,569.00,1.636,-4.627
2026-04-01T14:29:14.909Z,217.340,pi:0,bottle,0.8175,756.00,198.00,859.00,569.00,1.644,-4.627
2026-04-01T14:29:14.960Z,217.391,pi:0,bottle,0.8284,756.00,195.00,860.00,568.00,1.636,-4.611
2026-04-01T14:29:15.021Z,217.452,pi:0,bottle,0.8248,756.00,196.00,859.00,570.00,1.631,-4.627
2026-04-01T14:29:15.072Z,217.503,pi:0,bottle,0.8284,755.00,196.00,859.00,570.00,1.631,-4.643
2026-04-01T14:29:15.129Z,217.560,pi:0,bottle,0.8430,756.00,196.00,860.00,570.00,1.631,-4.611
2026-04-01T14:29:15.175Z,217.605,pi:0,bottle,0.8248,755.00,197.00,859.00,570.00,1.636,-4.643
2026-04-01T14:29:15.237Z,217.668,pi:0,bottle,0.8248,756.00,196.00,861.00,569.00,1.636,-4.595
2026-04-01T14:29:15.285Z,217.716,pi:0,bottle,0.8284,755.00,196.00,860.00,571.00,1.627,-4.627
2026-04-01T14:29:15.333Z,217.764,pi:0,bottle,0.8502,756.00,196.00,859.00,570.00,1.631,-4.627
2026-04-01T14:29:15.389Z,217.819,pi:0,bottle,0.8466,756.00,196.00,859.00,570.00,1.631,-4.627
2026-04-01T14:29:15.431Z,217.862,pi:0,bottle,0.8284,756.00,196.00,860.00,570.00,1.631,-4.611
2026-04-01T14:29:15.491Z,217.922,pi:0,bottle,0.8321,756.00,200.00,859.00,569.00,1.653,-4.627
2026-04-01T14:29:15.540Z,217.971,pi:0,bottle,0.8430,756.00,196.00,858.00,570.00,1.631,-4.643
2026-04-01T14:29:15.581Z,218.012,pi:0,bottle,0.8248,756.00,196.00,859.00,570.00,1.631,-4.627
2026-04-01T14:29:15.635Z,218.066,pi:0,bottle,0.8321,756.00,198.00,859.00,571.00,1.636,-4.627
2026-04-01T14:29:15.692Z,218.123,pi:0,bottle,0.8103,756.00,197.00,859.00,571.00,1.631,-4.627
2026-04-01T14:29:15.746Z,218.177,pi:0,bottle,0.8248,756.00,197.00,859.00,570.00,1.636,-4.627
2026-04-01T14:29:15.797Z,218.228,pi:0,bottle,0.8393,755.00,197.00,858.00,570.00,1.636,-4.660
2026-04-01T14:29:15.848Z,218.279,pi:0,bottle,0.8430,755.00,198.00,858.00,570.00,1.640,-4.660
2026-04-01T14:29:15.912Z,218.343,pi:0,bottle,0.8357,755.00,199.00,857.00,569.00,1.649,-4.676
2026-04-01T14:29:15.965Z,218.396,pi:0,bottle,0.8030,756.00,196.00,858.00,562.00,1.667,-4.643
2026-04-01T14:29:16.022Z,218.453,pi:0,bottle,0.7122,757.00,201.00,853.00,476.00,2.218,-4.708
2026-04-01T14:29:16.074Z,218.505,pi:0,bottle,0.7739,757.00,202.00,853.00,467.00,2.302,-4.708
2026-04-01T14:29:16.122Z,218.553,pi:0,bottle,0.8030,755.00,199.00,855.00,476.00,2.202,-4.708
2026-04-01T14:29:16.170Z,218.601,pi:0,bottle,0.8066,756.00,201.00,853.00,483.00,2.163,-4.725
2026-04-01T14:29:16.218Z,218.648,pi:0,bottle,0.8357,756.00,197.00,854.00,493.00,2.061,-4.708
2026-04-01T14:29:16.270Z,218.700,pi:0,bottle,0.8139,756.00,198.00,854.00,485.00,2.126,-4.708
2026-04-01T14:29:16.328Z,218.759,pi:0,bottle,0.7994,756.00,199.00,854.00,486.00,2.126,-4.708
2026-04-01T14:29:16.373Z,218.803,pi:0,bottle,0.8139,756.00,200.00,852.00,485.00,2.141,-4.741
2026-04-01T14:29:16.424Z,218.854,pi:0,bottle,0.8248,756.00,199.00,854.00,484.00,2.141,-4.708
2026-04-01T14:29:16.475Z,218.906,pi:0,bottle,0.8248,757.00,199.00,854.00,485.00,2.133,-4.692
2026-04-01T14:29:16.530Z,218.961,pi:0,bottle,0.8175,756.00,198.00,854.00,484.00,2.133,-4.708
2026-04-01T14:29:16.575Z,219.006,pi:0,bottle,0.8212,756.00,198.00,854.00,482.00,2.148,-4.708
2026-04-01T14:29:16.630Z,219.060,pi:0,bottle,0.8175,756.00,201.00,853.00,481.00,2.179,-4.725
2026-04-01T14:29:16.671Z,219.102,pi:0,bottle,0.8103,757.00,198.00,853.00,477.00,2.187,-4.708
2026-04-01T14:29:16.734Z,219.165,pi:0,bottle,0.8212,755.00,201.00,853.00,474.00,2.235,-4.741
2026-04-01T14:29:16.785Z,219.216,pi:0,bottle,0.8175,756.00,199.00,853.00,474.00,2.218,-4.725
2026-04-01T14:29:16.837Z,219.268,pi:0,bottle,0.8212,756.00,200.00,853.00,477.00,2.202,-4.725
2026-04-01T14:29:16.898Z,219.329,pi:0,bottle,0.8103,756.00,200.00,854.00,482.00,2.163,-4.708
2026-04-01T14:29:16.970Z,219.401,pi:0,bottle,0.8103,756.00,200.00,853.00,482.00,2.163,-4.725
2026-04-01T14:29:17.060Z,219.490,pi:0,bottle,0.8066,756.00,199.00,854.00,482.00,2.156,-4.708
2026-04-01T14:29:17.128Z,219.559,pi:0,bottle,0.8030,756.00,200.00,854.00,483.00,2.156,-4.708
2026-04-01T14:29:17.191Z,219.622,pi:0,bottle,0.8139,755.00,200.00,853.00,483.00,2.156,-4.741
2026-04-01T14:29:17.238Z,219.669,pi:0,bottle,0.8139,756.00,200.00,853.00,483.00,2.156,-4.725
2026-04-01T14:29:17.317Z,219.748,pi:0,bottle,0.8139,756.00,199.00,855.00,483.00,2.148,-4.692
2026-04-01T14:29:17.359Z,219.790,pi:0,bottle,0.8248,756.00,198.00,854.00,483.00,2.141,-4.708
2026-04-01T14:29:17.395Z,219.826,pi:0,bottle,0.8066,756.00,198.00,853.00,483.00,2.141,-4.725
2026-04-01T14:29:17.471Z,219.902,pi:0,bottle,0.8030,756.00,199.00,853.00,482.00,2.156,-4.725
2026-04-01T14:29:17.513Z,219.944,pi:0,bottle,0.8175,755.00,198.00,854.00,483.00,2.141,-4.725
2026-04-01T14:29:17.560Z,219.991,pi:0,bottle,0.8212,756.00,198.00,854.00,482.00,2.148,-4.708
2026-04-01T14:29:17.608Z,220.039,pi:0,bottle,0.8248,756.00,199.00,854.00,482.00,2.156,-4.708
2026-04-01T14:29:17.669Z,220.100,pi:0,bottle,0.8212,756.00,199.00,854.00,482.00,2.156,-4.708
2026-04-01T14:29:17.721Z,220.152,pi:0,bottle,0.8212,756.00,199.00,854.00,481.00,2.163,-4.708
2026-04-01T14:29:17.768Z,220.199,pi:0,bottle,0.8175,756.00,198.00,854.00,482.00,2.148,-4.708
2026-04-01T14:29:17.834Z,220.264,pi:0,bottle,0.8175,756.00,199.00,855.00,482.00,2.156,-4.692
2026-04-01T14:29:17.869Z,220.300,pi:0,bottle,0.8212,755.00,200.00,854.00,481.00,2.171,-4.725
2026-04-01T14:29:17.933Z,220.364,pi:0,bottle,0.8103,756.00,198.00,855.00,483.00,2.141,-4.692
2026-04-01T14:29:17.985Z,220.416,pi:0,bottle,0.8066,755.00,201.00,853.00,481.00,2.179,-4.741
2026-04-01T14:29:18.051Z,220.482,pi:0,bottle,0.8103,756.00,199.00,854.00,482.00,2.156,-4.708
2026-04-01T14:29:18.102Z,220.533,pi:0,bottle,0.8175,755.00,201.00,853.00,480.00,2.187,-4.741
2026-04-01T14:29:18.152Z,220.583,pi:0,bottle,0.8066,756.00,199.00,854.00,477.00,2.194,-4.708
2026-04-01T14:29:18.208Z,220.639,pi:0,bottle,0.8030,756.00,199.00,853.00,469.00,2.259,-4.725
2026-04-01T14:29:18.247Z,220.678,pi:0,bottle,0.8066,757.00,200.00,853.00,462.00,2.328,-4.708
2026-04-01T14:29:18.310Z,220.741,pi:0,bottle,0.8030,756.00,202.00,852.00,459.00,2.374,-4.741
2026-04-01T14:29:18.355Z,220.786,pi:0,bottle,0.7994,756.00,201.00,852.00,455.00,2.402,-4.741
2026-04-01T14:29:18.415Z,220.846,pi:0,bottle,0.7921,757.00,201.00,852.00,450.00,2.450,-4.725
2026-04-01T14:29:18.471Z,220.902,pi:0,bottle,0.7376,757.00,201.00,852.00,446.00,2.490,-4.725
2026-04-01T14:29:18.518Z,220.949,pi:0,bottle,0.7558,757.00,201.00,851.00,445.00,2.500,-4.741
2026-04-01T14:29:18.573Z,221.003,pi:0,bottle,0.7194,757.00,202.00,851.00,445.00,2.510,-4.741
2026-04-01T14:29:18.573Z,221.003,pi:0,bottle,0.3125,756.00,201.00,860.00,566.00,1.671,-4.611
2026-04-01T14:29:18.642Z,221.072,pi:0,bottle,0.7412,756.00,201.00,853.00,446.00,2.490,-4.725
2026-04-01T14:29:18.672Z,221.103,pi:0,bottle,0.7231,756.00,201.00,852.00,445.00,2.500,-4.741
2026-04-01T14:29:18.672Z,221.103,pi:0,bottle,0.2689,756.00,198.00,860.00,567.00,1.653,-4.611
2026-04-01T14:29:18.774Z,221.204,pi:0,bottle,0.7231,757.00,202.00,852.00,443.00,2.531,-4.725
2026-04-01T14:29:18.774Z,221.204,pi:0,bottle,0.3415,757.00,200.00,862.00,567.00,1.662,-4.562
2026-04-01T14:29:18.830Z,221.261,pi:0,bottle,0.7122,756.00,201.00,852.00,441.00,2.542,-4.741
2026-04-01T14:29:18.830Z,221.261,pi:0,bottle,0.3779,757.00,197.00,863.00,567.00,1.649,-4.546
2026-04-01T14:29:18.881Z,221.311,pi:0,bottle,0.7085,756.00,200.00,852.00,445.00,2.490,-4.741
2026-04-01T14:29:18.881Z,221.311,pi:0,bottle,0.4178,756.00,198.00,861.00,567.00,1.653,-4.595
2026-04-01T14:29:18.932Z,221.363,pi:0,bottle,0.5746,755.00,201.00,854.00,417.00,2.824,-4.725
2026-04-01T14:29:18.932Z,221.363,pi:0,bottle,0.5704,757.00,197.00,875.00,567.00,1.649,-4.351
2026-04-01T14:29:18.985Z,221.416,pi:0,bottle,0.6031,757.00,200.00,864.00,568.00,1.658,-4.530
2026-04-01T14:29:18.985Z,221.416,pi:0,bottle,0.5985,755.00,203.00,854.00,418.00,2.837,-4.725
2026-04-01T14:29:19.037Z,221.468,pi:0,bottle,0.5595,758.00,199.00,871.00,566.00,1.662,-4.400
2026-04-01T14:29:19.037Z,221.468,pi:0,bottle,0.5267,755.00,201.00,853.00,422.00,2.760,-4.741
2026-04-01T14:29:19.096Z,221.527,pi:0,bottle,0.5523,757.00,199.00,874.00,566.00,1.662,-4.368
2026-04-01T14:29:19.096Z,221.527,pi:0,bottle,0.5130,755.00,200.00,854.00,425.00,2.711,-4.725
2026-04-01T14:29:19.142Z,221.573,pi:0,bottle,0.5523,757.00,200.00,871.00,566.00,1.667,-4.416
2026-04-01T14:29:19.142Z,221.573,pi:0,bottle,0.4583,755.00,200.00,854.00,428.00,2.676,-4.725
2026-04-01T14:29:19.198Z,221.629,pi:0,bottle,0.5917,755.00,201.00,854.00,417.00,2.824,-4.725
2026-04-01T14:29:19.198Z,221.629,pi:0,bottle,0.5486,758.00,197.00,868.00,566.00,1.653,-4.449
2026-04-01T14:29:19.251Z,221.682,pi:0,bottle,0.5678,756.00,200.00,854.00,416.00,2.824,-4.708
2026-04-01T14:29:19.251Z,221.682,pi:0,bottle,0.5523,759.00,200.00,865.00,567.00,1.662,-4.481
2026-04-01T14:29:19.306Z,221.737,pi:0,bottle,0.6831,758.00,198.00,863.00,568.00,1.649,-4.530
2026-04-01T14:29:19.306Z,221.737,pi:0,bottle,0.5951,756.00,200.00,854.00,416.00,2.824,-4.708
2026-04-01T14:29:19.354Z,221.785,pi:0,bottle,0.6088,756.00,201.00,854.00,415.00,2.851,-4.708
2026-04-01T14:29:19.354Z,221.785,pi:0,bottle,0.5559,758.00,200.00,863.00,568.00,1.658,-4.530
2026-04-01T14:29:19.417Z,221.848,pi:0,bottle,0.6259,755.00,200.00,854.00,415.00,2.837,-4.725
2026-04-01T14:29:19.417Z,221.848,pi:0,bottle,0.5668,757.00,199.00,864.00,567.00,1.658,-4.530
2026-04-01T14:29:19.461Z,221.891,pi:0,bottle,0.5780,755.00,202.00,854.00,414.00,2.878,-4.725
2026-04-01T14:29:19.461Z,221.891,pi:0,bottle,0.5377,758.00,197.00,868.00,566.00,1.653,-4.449
2026-04-01T14:29:19.511Z,221.941,pi:0,bottle,0.5814,756.00,200.00,853.00,413.00,2.864,-4.725
2026-04-01T14:29:19.511Z,221.941,pi:0,bottle,0.5159,758.00,199.00,867.00,566.00,1.662,-4.465
2026-04-01T14:29:19.568Z,221.999,pi:0,bottle,0.6794,758.00,198.00,864.00,569.00,1.644,-4.514
2026-04-01T14:29:19.568Z,221.999,pi:0,bottle,0.6054,755.00,200.00,853.00,413.00,2.864,-4.741
2026-04-01T14:29:19.628Z,222.059,pi:0,bottle,0.7267,756.00,197.00,863.00,567.00,1.649,-4.562
2026-04-01T14:29:19.628Z,222.059,pi:0,bottle,0.6191,755.00,201.00,854.00,413.00,2.878,-4.725
2026-04-01T14:29:19.681Z,222.112,pi:0,bottle,0.7667,757.00,199.00,861.00,568.00,1.653,-4.579
2026-04-01T14:29:19.681Z,222.112,pi:0,bottle,0.6020,755.00,200.00,853.00,411.00,2.891,-4.741
2026-04-01T14:29:19.728Z,222.159,pi:0,bottle,0.8103,756.00,198.00,861.00,569.00,1.644,-4.595
2026-04-01T14:29:19.728Z,222.159,pi:0,bottle,0.6122,755.00,200.00,854.00,411.00,2.891,-4.725
2026-04-01T14:29:19.782Z,222.213,pi:0,bottle,0.7776,757.00,199.00,860.00,568.00,1.653,-4.595
2026-04-01T14:29:19.782Z,222.213,pi:0,bottle,0.5643,755.00,201.00,854.00,409.00,2.933,-4.725
2026-04-01T14:29:19.837Z,222.267,pi:0,bottle,0.7848,756.00,199.00,861.00,568.00,1.653,-4.595
2026-04-01T14:29:19.837Z,222.267,pi:0,bottle,0.5985,755.00,201.00,854.00,409.00,2.933,-4.725
2026-04-01T14:29:19.892Z,222.323,pi:0,bottle,0.7812,757.00,199.00,859.00,569.00,1.649,-4.611
2026-04-01T14:29:19.892Z,222.323,pi:0,bottle,0.5541,755.00,201.00,853.00,410.00,2.919,-4.741
2026-04-01T14:29:19.943Z,222.374,pi:0,bottle,0.7558,757.00,198.00,864.00,568.00,1.649,-4.530
2026-04-01T14:29:19.943Z,222.374,pi:0,bottle,0.5678,755.00,199.00,854.00,412.00,2.864,-4.725
2026-04-01T14:29:20.029Z,222.460,pi:0,bottle,0.7085,757.00,198.00,863.00,569.00,1.644,-4.546
2026-04-01T14:29:20.029Z,222.460,pi:0,bottle,0.5301,755.00,199.00,854.00,416.00,2.811,-4.725
2026-04-01T14:29:20.093Z,222.524,pi:0,bottle,0.6613,757.00,198.00,867.00,568.00,1.649,-4.481
2026-04-01T14:29:20.093Z,222.524,pi:0,bottle,0.4754,755.00,201.00,853.00,424.00,2.736,-4.741
2026-04-01T14:29:20.162Z,222.593,pi:0,bottle,0.6649,757.00,197.00,869.00,567.00,1.649,-4.449
2026-04-01T14:29:20.162Z,222.593,pi:0,bottle,0.4754,755.00,201.00,853.00,422.00,2.760,-4.741
2026-04-01T14:29:20.244Z,222.675,pi:0,bottle,0.7049,757.00,198.00,857.00,562.00,1.676,-4.643
2026-04-01T14:29:20.296Z,222.727,pi:0,bottle,0.8284,755.00,195.00,857.00,569.00,1.631,-4.676
2026-04-01T14:29:20.352Z,222.783,pi:0,bottle,0.8393,756.00,197.00,859.00,570.00,1.636,-4.627
2026-04-01T14:29:20.395Z,222.826,pi:0,bottle,0.8212,755.00,195.00,856.00,570.00,1.627,-4.692
2026-04-01T14:29:20.437Z,222.868,pi:0,bottle,0.8248,756.00,200.00,858.00,571.00,1.644,-4.643
2026-04-01T14:29:20.489Z,222.920,pi:0,bottle,0.8357,756.00,196.00,859.00,571.00,1.627,-4.627
2026-04-01T14:29:20.542Z,222.973,pi:0,bottle,0.8357,756.00,197.00,858.00,571.00,1.631,-4.643
2026-04-01T14:29:20.585Z,223.016,pi:0,bottle,0.8357,756.00,196.00,858.00,571.00,1.627,-4.643
2026-04-01T14:29:20.645Z,223.076,pi:0,bottle,0.8393,756.00,198.00,859.00,571.00,1.636,-4.627
2026-04-01T14:29:20.693Z,223.123,pi:0,bottle,0.8393,756.00,197.00,859.00,571.00,1.631,-4.627
2026-04-01T14:29:20.747Z,223.178,pi:0,bottle,0.8175,756.00,196.00,859.00,571.00,1.627,-4.627
2026-04-01T14:29:20.803Z,223.233,pi:0,bottle,0.8284,757.00,196.00,860.00,570.00,1.631,-4.595
2026-04-01T14:29:20.853Z,223.284,pi:0,bottle,0.8321,756.00,197.00,859.00,571.00,1.631,-4.627
2026-04-01T14:29:20.912Z,223.343,pi:0,bottle,0.8284,757.00,195.00,860.00,569.00,1.631,-4.595
2026-04-01T14:29:20.954Z,223.385,pi:0,bottle,0.8212,756.00,197.00,858.00,571.00,1.631,-4.643
2026-04-01T14:29:21.010Z,223.441,pi:0,bottle,0.8212,756.00,197.00,857.00,571.00,1.631,-4.660
2026-04-01T14:29:21.060Z,223.491,pi:0,bottle,0.8175,756.00,199.00,857.00,569.00,1.649,-4.660
2026-04-01T14:29:21.116Z,223.547,pi:0,bottle,0.8284,755.00,198.00,859.00,571.00,1.636,-4.643
2026-04-01T14:29:21.158Z,223.589,pi:0,bottle,0.8212,755.00,199.00,858.00,571.00,1.640,-4.660
2026-04-01T14:29:21.206Z,223.637,pi:0,bottle,0.8284,756.00,198.00,858.00,571.00,1.636,-4.643
2026-04-01T14:29:21.273Z,223.704,pi:0,bottle,0.8212,755.00,198.00,860.00,569.00,1.644,-4.627
2026-04-01T14:29:21.313Z,223.744,pi:0,bottle,0.8212,756.00,198.00,858.00,571.00,1.636,-4.643
2026-04-01T14:29:21.371Z,223.801,pi:0,bottle,0.8284,756.00,196.00,859.00,571.00,1.627,-4.627
2026-04-01T14:29:21.425Z,223.856,pi:0,bottle,0.8066,755.00,200.00,856.00,569.00,1.653,-4.692
2026-04-01T14:29:21.477Z,223.907,pi:0,bottle,0.8212,756.00,194.00,860.00,569.00,1.627,-4.611
2026-04-01T14:29:21.532Z,223.962,pi:0,bottle,0.8139,755.00,197.00,858.00,571.00,1.631,-4.660
2026-04-01T14:29:21.573Z,224.004,pi:0,bottle,0.8212,755.00,197.00,858.00,571.00,1.631,-4.660
2026-04-01T14:29:21.631Z,224.062,pi:0,bottle,0.8139,755.00,197.00,858.00,571.00,1.631,-4.660
2026-04-01T14:29:21.679Z,224.110,pi:0,bottle,0.8139,755.00,197.00,859.00,571.00,1.631,-4.643
2026-04-01T14:29:21.724Z,224.155,pi:0,bottle,0.8248,755.00,198.00,858.00,570.00,1.640,-4.660
2026-04-01T14:29:21.787Z,224.218,pi:0,bottle,0.8212,755.00,197.00,859.00,571.00,1.631,-4.643
2026-04-01T14:29:21.829Z,224.260,pi:0,bottle,0.8175,756.00,197.00,860.00,569.00,1.640,-4.611
2026-04-01T14:29:21.875Z,224.306,pi:0,bottle,0.8284,756.00,197.00,859.00,571.00,1.631,-4.627
2026-04-01T14:29:21.938Z,224.369,pi:0,bottle,0.8248,756.00,197.00,858.00,571.00,1.631,-4.643
2026-04-01T14:29:21.993Z,224.424,pi:0,bottle,0.8248,756.00,197.00,859.00,571.00,1.631,-4.627
2026-04-01T14:29:22.037Z,224.468,pi:0,bottle,0.8248,756.00,198.00,858.00,570.00,1.640,-4.643
2026-04-01T14:29:22.099Z,224.530,pi:0,bottle,0.8212,756.00,197.00,858.00,571.00,1.631,-4.643
2026-04-01T14:29:22.146Z,224.577,pi:0,bottle,0.8212,756.00,197.00,860.00,569.00,1.640,-4.611
2026-04-01T14:29:22.190Z,224.621,pi:0,bottle,0.8284,756.00,196.00,859.00,569.00,1.636,-4.627
2026-04-01T14:29:22.248Z,224.679,pi:0,bottle,0.8321,755.00,196.00,857.00,571.00,1.627,-4.676
2026-04-01T14:29:22.294Z,224.725,pi:0,bottle,0.8321,755.00,197.00,858.00,571.00,1.631,-4.660
2026-04-01T14:29:22.353Z,224.784,pi:0,bottle,0.8175,756.00,196.00,857.00,571.00,1.627,-4.660
2026-04-01T14:29:22.408Z,224.839,pi:0,bottle,0.8321,755.00,196.00,858.00,571.00,1.627,-4.660
2026-04-01T14:29:22.459Z,224.890,pi:0,bottle,0.8321,756.00,196.00,859.00,571.00,1.627,-4.627
2026-04-01T14:29:22.510Z,224.941,pi:0,bottle,0.8212,755.00,196.00,859.00,570.00,1.631,-4.643
2026-04-01T14:29:22.560Z,224.991,pi:0,bottle,0.8284,755.00,196.00,858.00,571.00,1.627,-4.660
2026-04-01T14:29:22.610Z,225.040,pi:0,bottle,0.8212,756.00,198.00,858.00,571.00,1.636,-4.643
2026-04-01T14:29:22.662Z,225.092,pi:0,bottle,0.8284,756.00,197.00,858.00,571.00,1.631,-4.643
2026-04-01T14:29:22.713Z,225.143,pi:0,bottle,0.8393,755.00,195.00,858.00,571.00,1.622,-4.660
2026-04-01T14:29:22.761Z,225.192,pi:0,bottle,0.8357,756.00,199.00,859.00,571.00,1.640,-4.627
2026-04-01T14:29:22.817Z,225.248,pi:0,bottle,0.8212,756.00,197.00,858.00,570.00,1.636,-4.643
2026-04-01T14:29:22.871Z,225.302,pi:0,bottle,0.8430,756.00,197.00,859.00,571.00,1.631,-4.627
2026-04-01T14:29:22.917Z,225.348,pi:0,bottle,0.8139,755.00,198.00,858.00,571.00,1.636,-4.660
2026-04-01T14:29:22.967Z,225.398,pi:0,bottle,0.8175,755.00,196.00,858.00,571.00,1.627,-4.660
2026-04-01T14:29:23.023Z,225.456,pi:0,bottle,0.8248,755.00,200.00,858.00,571.00,1.644,-4.660
2026-04-01T14:29:23.065Z,225.496,pi:0,bottle,0.8357,756.00,199.00,858.00,571.00,1.640,-4.643
2026-04-01T14:29:23.121Z,225.552,pi:0,bottle,0.8248,756.00,198.00,861.00,570.00,1.640,-4.595
2026-04-01T14:29:23.171Z,225.602,pi:0,bottle,0.8212,756.00,197.00,858.00,571.00,1.631,-4.643
2026-04-01T14:29:23.215Z,225.646,pi:0,bottle,0.8212,756.00,196.00,861.00,569.00,1.636,-4.595
2026-04-01T14:29:23.276Z,225.707,pi:0,bottle,0.8393,756.00,197.00,860.00,570.00,1.636,-4.611
2026-04-01T14:29:23.327Z,225.758,pi:0,bottle,0.8212,755.00,197.00,859.00,571.00,1.631,-4.643
2026-04-01T14:29:23.372Z,225.803,pi:0,bottle,0.8284,755.00,200.00,859.00,571.00,1.644,-4.643
2026-04-01T14:29:23.418Z,225.849,pi:0,bottle,0.8284,756.00,198.00,859.00,571.00,1.636,-4.627
2026-04-01T14:29:23.471Z,225.906,pi:0,bottle,0.8284,756.00,197.00,858.00,571.00,1.631,-4.643
2026-04-01T14:29:23.532Z,225.963,pi:0,bottle,0.8284,756.00,196.00,859.00,571.00,1.627,-4.627
2026-04-01T14:29:23.586Z,226.016,pi:0,bottle,0.8248,756.00,198.00,860.00,570.00,1.640,-4.611
2026-04-01T14:29:23.631Z,226.062,pi:0,bottle,0.8284,756.00,198.00,859.00,571.00,1.636,-4.627
2026-04-01T14:29:23.689Z,226.120,pi:0,bottle,0.8284,756.00,199.00,858.00,571.00,1.640,-4.643
2026-04-01T14:29:23.727Z,226.157,pi:0,bottle,0.8175,756.00,196.00,858.00,571.00,1.627,-4.643
2026-04-01T14:29:23.790Z,226.221,pi:0,bottle,0.8212,756.00,199.00,859.00,571.00,1.640,-4.627
2026-04-01T14:29:23.845Z,226.276,pi:0,bottle,0.8284,756.00,199.00,858.00,571.00,1.640,-4.643
2026-04-01T14:29:23.907Z,226.338,pi:0,bottle,0.8284,755.00,197.00,858.00,571.00,1.631,-4.660
2026-04-01T14:29:23.949Z,226.380,pi:0,bottle,0.8321,756.00,199.00,858.00,571.00,1.640,-4.643
2026-04-01T14:29:24.001Z,226.432,pi:0,bottle,0.8393,756.00,199.00,858.00,571.00,1.640,-4.643
2026-04-01T14:29:24.053Z,226.484,pi:0,bottle,0.8393,756.00,197.00,858.00,571.00,1.631,-4.643
2026-04-01T14:29:24.107Z,226.538,pi:0,bottle,0.8248,755.00,197.00,858.00,571.00,1.631,-4.660
2026-04-01T14:29:24.154Z,226.585,pi:0,bottle,0.8321,755.00,199.00,859.00,571.00,1.640,-4.643
2026-04-01T14:29:24.227Z,226.658,pi:0,bottle,0.8248,756.00,197.00,858.00,571.00,1.631,-4.643
2026-04-01T14:29:24.309Z,226.740,pi:0,bottle,0.8212,756.00,197.00,858.00,570.00,1.636,-4.643
2026-04-01T14:29:24.372Z,226.803,pi:0,bottle,0.8321,756.00,196.00,858.00,571.00,1.627,-4.643
2026-04-01T14:29:24.439Z,226.870,pi:0,bottle,0.8284,756.00,197.00,858.00,571.00,1.631,-4.643
2026-04-01T14:29:24.491Z,226.922,pi:0,bottle,0.8321,755.00,196.00,859.00,571.00,1.627,-4.643
2026-04-01T14:29:24.543Z,226.974,pi:0,bottle,0.8212,755.00,198.00,858.00,571.00,1.636,-4.660
2026-04-01T14:29:24.600Z,227.031,pi:0,bottle,0.8393,756.00,197.00,859.00,571.00,1.631,-4.627
2026-04-01T14:29:24.638Z,227.069,pi:0,bottle,0.8212,756.00,200.00,858.00,571.00,1.644,-4.643
2026-04-01T14:29:24.701Z,227.132,pi:0,bottle,0.8357,756.00,200.00,859.00,571.00,1.644,-4.627
2026-04-01T14:29:24.750Z,227.181,pi:0,bottle,0.8248,756.00,197.00,860.00,570.00,1.636,-4.611
2026-04-01T14:29:24.801Z,227.232,pi:0,bottle,0.8284,755.00,197.00,858.00,571.00,1.631,-4.660
2026-04-01T14:29:24.856Z,227.287,pi:0,bottle,0.8357,756.00,199.00,858.00,571.00,1.640,-4.643
2026-04-01T14:29:24.903Z,227.334,pi:0,bottle,0.8212,756.00,199.00,860.00,569.00,1.649,-4.611
2026-04-01T14:29:24.947Z,227.378,pi:0,bottle,0.8139,755.00,197.00,858.00,571.00,1.631,-4.660
2026-04-01T14:29:24.999Z,227.430,pi:0,bottle,0.8212,755.00,201.00,858.00,570.00,1.653,-4.660
2026-04-01T14:29:25.055Z,227.486,pi:0,bottle,0.8103,756.00,198.00,859.00,570.00,1.640,-4.627
2026-04-01T14:29:25.093Z,227.524,pi:0,bottle,0.8248,756.00,200.00,857.00,570.00,1.649,-4.660
2026-04-01T14:29:25.153Z,227.583,pi:0,bottle,0.8248,755.00,199.00,858.00,571.00,1.640,-4.660
2026-04-01T14:29:25.205Z,227.636,pi:0,bottle,0.8212,756.00,200.00,859.00,570.00,1.649,-4.627
2026-04-01T14:29:25.266Z,227.697,pi:0,bottle,0.8139,756.00,197.00,859.00,571.00,1.631,-4.627
2026-04-01T14:29:25.316Z,227.747,pi:0,bottle,0.8175,755.00,200.00,859.00,571.00,1.644,-4.643
2026-04-01T14:29:25.366Z,227.797,pi:0,bottle,0.8139,756.00,201.00,858.00,570.00,1.653,-4.643
2026-04-01T14:29:25.412Z,227.843,pi:0,bottle,0.8103,756.00,199.00,857.00,569.00,1.649,-4.660
2026-04-01T14:29:25.461Z,227.892,pi:0,bottle,0.8066,756.00,200.00,858.00,570.00,1.649,-4.643
2026-04-01T14:29:25.515Z,227.954,pi:0,bottle,0.8212,756.00,198.00,859.00,571.00,1.636,-4.627
2026-04-01T14:29:25.577Z,228.008,pi:0,bottle,0.8284,755.00,198.00,858.00,571.00,1.636,-4.660
2026-04-01T14:29:25.633Z,228.064,pi:0,bottle,0.8212,756.00,198.00,858.00,570.00,1.640,-4.643
2026-04-01T14:29:25.702Z,228.133,pi:0,bottle,0.8139,756.00,200.00,858.00,570.00,1.649,-4.643
2026-04-01T14:29:25.740Z,228.171,pi:0,bottle,0.8284,756.00,196.00,858.00,571.00,1.627,-4.643
2026-04-01T14:29:25.786Z,228.217,pi:0,bottle,0.8321,756.00,198.00,859.00,571.00,1.636,-4.627
2026-04-01T14:29:25.838Z,228.269,pi:0,bottle,0.8139,757.00,200.00,856.00,569.00,1.653,-4.660
2026-04-01T14:29:25.897Z,228.328,pi:0,bottle,0.8175,756.00,197.00,858.00,570.00,1.636,-4.643
2026-04-01T14:29:25.930Z,228.361,pi:0,bottle,0.8212,756.00,199.00,858.00,569.00,1.649,-4.643
2026-04-01T14:29:25.991Z,228.422,pi:0,bottle,0.8284,756.00,199.00,859.00,571.00,1.640,-4.627
2026-04-01T14:29:26.048Z,228.478,pi:0,bottle,0.8430,756.00,198.00,858.00,570.00,1.640,-4.643
2026-04-01T14:29:26.115Z,228.546,pi:0,bottle,0.8139,756.00,197.00,859.00,571.00,1.631,-4.627
2026-04-01T14:29:26.157Z,228.587,pi:0,bottle,0.8212,756.00,200.00,859.00,570.00,1.649,-4.627
2026-04-01T14:29:26.209Z,228.640,pi:0,bottle,0.8212,755.00,199.00,858.00,570.00,1.644,-4.660
2026-04-01T14:29:26.267Z,228.699,pi:0,bottle,0.8175,756.00,196.00,859.00,570.00,1.631,-4.627
2026-04-01T14:29:26.318Z,228.749,pi:0,bottle,0.8212,756.00,198.00,858.00,570.00,1.640,-4.643
2026-04-01T14:29:26.380Z,228.811,pi:0,bottle,0.8212,756.00,196.00,858.00,571.00,1.627,-4.643
2026-04-01T14:29:26.429Z,228.860,pi:0,bottle,0.8139,756.00,198.00,855.00,569.00,1.644,-4.692
2026-04-01T14:29:26.468Z,228.899,pi:0,bottle,0.8139,755.00,196.00,858.00,570.00,1.631,-4.660
2026-04-01T14:29:26.536Z,228.967,pi:0,bottle,0.8175,756.00,196.00,858.00,571.00,1.627,-4.643
2026-04-01T14:29:26.589Z,229.020,pi:0,bottle,0.8321,755.00,196.00,858.00,570.00,1.631,-4.660
2026-04-01T14:29:26.638Z,229.069,pi:0,bottle,0.8248,756.00,196.00,860.00,570.00,1.631,-4.611
2026-04-01T14:29:26.700Z,229.131,pi:0,bottle,0.8212,756.00,199.00,859.00,571.00,1.640,-4.627
2026-04-01T14:29:26.757Z,229.188,pi:0,bottle,0.8321,755.00,198.00,858.00,571.00,1.636,-4.660
2026-04-01T14:29:26.829Z,229.260,pi:0,bottle,0.8248,756.00,197.00,859.00,571.00,1.631,-4.627
2026-04-01T14:29:26.871Z,229.302,pi:0,bottle,0.8248,755.00,198.00,859.00,571.00,1.636,-4.643
2026-04-01T14:29:26.923Z,229.354,pi:0,bottle,0.8103,756.00,196.00,859.00,571.00,1.627,-4.627
2026-04-01T14:29:26.965Z,229.396,pi:0,bottle,0.8284,755.00,197.00,858.00,571.00,1.631,-4.660
2026-04-01T14:29:27.002Z,229.433,pi:0,bottle,0.8357,756.00,196.00,858.00,571.00,1.627,-4.643
2026-04-01T14:29:27.062Z,229.492,pi:0,bottle,0.8212,755.00,198.00,858.00,570.00,1.640,-4.660
2026-04-01T14:29:27.121Z,229.552,pi:0,bottle,0.8212,756.00,199.00,858.00,570.00,1.644,-4.643
2026-04-01T14:29:27.167Z,229.598,pi:0,bottle,0.8212,755.00,197.00,859.00,570.00,1.636,-4.643
2026-04-01T14:29:27.219Z,229.650,pi:0,bottle,0.8284,756.00,199.00,858.00,571.00,1.640,-4.643
2026-04-01T14:29:27.265Z,229.695,pi:0,bottle,0.8212,756.00,197.00,859.00,571.00,1.631,-4.627
2026-04-01T14:29:27.322Z,229.753,pi:0,bottle,0.8248,756.00,198.00,859.00,571.00,1.636,-4.627
2026-04-01T14:29:27.363Z,229.794,pi:0,bottle,0.8212,756.00,197.00,858.00,571.00,1.631,-4.643
2026-04-01T14:29:27.419Z,229.850,pi:0,bottle,0.8284,756.00,197.00,859.00,571.00,1.631,-4.627
2026-04-01T14:29:27.470Z,229.901,pi:0,bottle,0.8248,756.00,199.00,858.00,570.00,1.644,-4.643
2026-04-01T14:29:27.523Z,229.954,pi:0,bottle,0.8284,756.00,199.00,858.00,570.00,1.644,-4.643
2026-04-01T14:29:27.577Z,230.008,pi:0,bottle,0.8357,756.00,199.00,859.00,571.00,1.640,-4.627
2026-04-01T14:29:27.627Z,230.058,pi:0,bottle,0.8321,756.00,196.00,858.00,571.00,1.627,-4.643
2026-04-01T14:29:27.726Z,230.157,pi:0,bottle,0.8284,756.00,200.00,858.00,571.00,1.644,-4.643
2026-04-01T14:29:27.808Z,230.239,pi:0,bottle,0.8284,756.00,199.00,859.00,571.00,1.640,-4.627
2026-04-01T14:29:27.873Z,230.303,pi:0,bottle,0.8357,756.00,198.00,858.00,571.00,1.636,-4.643
2026-04-01T14:29:27.926Z,230.356,pi:0,bottle,0.8284,755.00,201.00,858.00,572.00,1.644,-4.660
2026-04-01T14:29:27.969Z,230.400,pi:0,bottle,0.8321,756.00,199.00,858.00,571.00,1.640,-4.643
2026-04-01T14:29:28.032Z,230.463,pi:0,bottle,0.8321,756.00,200.00,858.00,571.00,1.644,-4.643
2026-04-01T14:29:28.076Z,230.507,pi:0,bottle,0.8248,756.00,198.00,858.00,570.00,1.640,-4.643
2026-04-01T14:29:28.130Z,230.560,pi:0,bottle,0.8321,755.00,199.00,859.00,570.00,1.644,-4.643
2026-04-01T14:29:28.190Z,230.621,pi:0,bottle,0.8212,755.00,199.00,859.00,570.00,1.644,-4.643
2026-04-01T14:29:28.241Z,230.672,pi:0,bottle,0.8212,755.00,200.00,858.00,570.00,1.649,-4.660
2026-04-01T14:29:28.298Z,230.729,pi:0,bottle,0.8430,756.00,196.00,858.00,571.00,1.627,-4.643
2026-04-01T14:29:28.367Z,230.798,pi:0,bottle,0.8357,756.00,197.00,858.00,570.00,1.636,-4.643
2026-04-01T14:29:28.412Z,230.843,pi:0,bottle,0.8284,756.00,200.00,857.00,570.00,1.649,-4.660
2026-04-01T14:29:28.468Z,230.899,pi:0,bottle,0.8212,756.00,200.00,857.00,570.00,1.649,-4.660
2026-04-01T14:29:28.513Z,230.944,pi:0,bottle,0.8321,755.00,197.00,859.00,571.00,1.631,-4.643
2026-04-01T14:29:28.566Z,230.997,pi:0,bottle,0.8466,756.00,197.00,858.00,570.00,1.636,-4.643
2026-04-01T14:29:28.622Z,231.053,pi:0,bottle,0.8321,756.00,198.00,858.00,571.00,1.636,-4.643
2026-04-01T14:29:28.667Z,231.097,pi:0,bottle,0.8248,756.00,198.00,859.00,570.00,1.640,-4.627
2026-04-01T14:29:28.723Z,231.154,pi:0,bottle,0.8248,756.00,197.00,858.00,571.00,1.631,-4.643
2026-04-01T14:29:28.780Z,231.210,pi:0,bottle,0.8248,756.00,200.00,859.00,570.00,1.649,-4.627
2026-04-01T14:29:28.827Z,231.258,pi:0,bottle,0.8393,756.00,200.00,858.00,571.00,1.644,-4.643
2026-04-01T14:29:28.889Z,231.319,pi:0,bottle,0.8248,756.00,196.00,858.00,571.00,1.627,-4.643
2026-04-01T14:29:28.938Z,231.368,pi:0,bottle,0.8321,756.00,199.00,859.00,571.00,1.640,-4.627
2026-04-01T14:29:29.005Z,231.436,pi:0,bottle,0.8393,755.00,196.00,858.00,571.00,1.627,-4.660
2026-04-01T14:29:29.059Z,231.490,pi:0,bottle,0.8248,756.00,196.00,859.00,571.00,1.627,-4.627
2026-04-01T14:29:29.112Z,231.543,pi:0,bottle,0.8321,756.00,196.00,858.00,571.00,1.627,-4.643
2026-04-01T14:29:29.162Z,231.593,pi:0,bottle,0.8284,755.00,198.00,859.00,570.00,1.640,-4.643
2026-04-01T14:29:29.221Z,231.652,pi:0,bottle,0.8321,756.00,196.00,857.00,571.00,1.627,-4.660
2026-04-01T14:29:29.270Z,231.701,pi:0,bottle,0.8212,756.00,197.00,858.00,570.00,1.636,-4.643
2026-04-01T14:29:29.322Z,231.753,pi:0,bottle,0.8284,756.00,200.00,859.00,571.00,1.644,-4.627
2026-04-01T14:29:29.378Z,231.809,pi:0,bottle,0.8139,756.00,196.00,859.00,571.00,1.627,-4.627
2026-04-01T14:29:29.426Z,231.857,pi:0,bottle,0.8357,756.00,200.00,858.00,570.00,1.649,-4.643
2026-04-01T14:29:29.483Z,231.914,pi:0,bottle,0.8321,756.00,199.00,858.00,571.00,1.640,-4.643
2026-04-01T14:29:29.536Z,231.967,pi:0,bottle,0.8393,756.00,198.00,858.00,571.00,1.636,-4.643
2026-04-01T14:29:29.591Z,232.021,pi:0,bottle,0.8284,756.00,200.00,859.00,571.00,1.644,-4.627
2026-04-01T14:29:29.641Z,232.072,pi:0,bottle,0.8139,755.00,199.00,859.00,571.00,1.640,-4.643
2026-04-01T14:29:29.697Z,232.128,pi:0,bottle,0.8212,756.00,199.00,858.00,571.00,1.640,-4.643
2026-04-01T14:29:29.750Z,232.181,pi:0,bottle,0.8321,756.00,200.00,859.00,571.00,1.644,-4.627
2026-04-01T14:29:29.804Z,232.235,pi:0,bottle,0.8466,755.00,198.00,858.00,571.00,1.636,-4.660
2026-04-01T14:29:29.853Z,232.283,pi:0,bottle,0.8284,756.00,196.00,860.00,570.00,1.631,-4.611
2026-04-01T14:29:29.901Z,232.332,pi:0,bottle,0.8212,756.00,198.00,860.00,569.00,1.644,-4.611
2026-04-01T14:29:29.964Z,232.395,pi:0,bottle,0.8357,756.00,196.00,857.00,571.00,1.627,-4.660
2026-04-01T14:29:30.010Z,232.441,pi:0,bottle,0.8357,755.00,196.00,859.00,569.00,1.636,-4.643
2026-04-01T14:29:30.072Z,232.503,pi:0,bottle,0.8212,756.00,197.00,858.00,571.00,1.631,-4.643
2026-04-01T14:29:30.126Z,232.557,pi:0,bottle,0.8357,755.00,199.00,859.00,572.00,1.636,-4.643
2026-04-01T14:29:30.174Z,232.605,pi:0,bottle,0.8321,755.00,198.00,859.00,571.00,1.636,-4.643
2026-04-01T14:29:30.231Z,232.662,pi:0,bottle,0.8284,756.00,196.00,858.00,570.00,1.631,-4.643
2026-04-01T14:29:30.274Z,232.705,pi:0,bottle,0.8357,756.00,196.00,858.00,571.00,1.627,-4.643
2026-04-01T14:29:30.343Z,232.774,pi:0,bottle,0.8430,755.00,198.00,859.00,571.00,1.636,-4.643
2026-04-01T14:29:30.379Z,232.810,pi:0,bottle,0.8357,756.00,199.00,859.00,571.00,1.640,-4.627
2026-04-01T14:29:30.442Z,232.872,pi:0,bottle,0.8212,755.00,197.00,859.00,572.00,1.627,-4.643
2026-04-01T14:29:30.494Z,232.925,pi:0,bottle,0.8357,755.00,197.00,859.00,571.00,1.631,-4.643
2026-04-01T14:29:30.555Z,232.986,pi:0,bottle,0.8357,756.00,197.00,859.00,570.00,1.636,-4.627
2026-04-01T14:29:30.598Z,233.029,pi:0,bottle,0.8357,756.00,198.00,859.00,572.00,1.631,-4.627
2026-04-01T14:29:30.659Z,233.090,pi:0,bottle,0.8357,756.00,197.00,860.00,570.00,1.636,-4.611
2026-04-01T14:29:30.706Z,233.137,pi:0,bottle,0.8284,756.00,200.00,858.00,571.00,1.644,-4.643
2026-04-01T14:29:30.761Z,233.192,pi:0,bottle,0.8357,755.00,199.00,859.00,571.00,1.640,-4.643
2026-04-01T14:29:30.807Z,233.238,pi:0,bottle,0.8357,756.00,200.00,859.00,571.00,1.644,-4.627
2026-04-01T14:29:30.860Z,233.291,pi:0,bottle,0.8321,755.00,197.00,859.00,571.00,1.631,-4.643
2026-04-01T14:29:30.907Z,233.338,pi:0,bottle,0.8284,755.00,196.00,859.00,571.00,1.627,-4.643
2026-04-01T14:29:30.962Z,233.393,pi:0,bottle,0.8357,756.00,197.00,859.00,570.00,1.636,-4.627
2026-04-01T14:29:31.012Z,233.443,pi:0,bottle,0.8321,755.00,197.00,859.00,571.00,1.631,-4.643
2026-04-01T14:29:31.061Z,233.491,pi:0,bottle,0.8357,756.00,196.00,860.00,570.00,1.631,-4.611
2026-04-01T14:29:31.114Z,233.544,pi:0,bottle,0.8284,755.00,197.00,860.00,570.00,1.636,-4.627
2026-04-01T14:29:31.172Z,233.603,pi:0,bottle,0.8321,755.00,197.00,859.00,571.00,1.631,-4.643
2026-04-01T14:29:31.222Z,233.653,pi:0,bottle,0.8357,756.00,198.00,859.00,570.00,1.640,-4.627
2026-04-01T14:29:31.267Z,233.698,pi:0,bottle,0.8357,756.00,197.00,859.00,571.00,1.631,-4.627
2026-04-01T14:29:31.325Z,233.755,pi:0,bottle,0.8357,755.00,196.00,860.00,571.00,1.627,-4.627
2026-04-01T14:29:31.373Z,233.803,pi:0,bottle,0.8393,755.00,196.00,859.00,571.00,1.627,-4.643
2026-04-01T14:29:31.434Z,233.865,pi:0,bottle,0.8284,756.00,198.00,859.00,571.00,1.636,-4.627
2026-04-01T14:29:31.482Z,233.913,pi:0,bottle,0.8321,755.00,198.00,859.00,571.00,1.636,-4.643
2026-04-01T14:29:31.545Z,233.976,pi:0,bottle,0.8357,756.00,197.00,860.00,570.00,1.636,-4.611
2026-04-01T14:29:31.597Z,234.028,pi:0,bottle,0.8321,755.00,196.00,859.00,571.00,1.627,-4.643
2026-04-01T14:29:31.647Z,234.078,pi:0,bottle,0.8284,756.00,198.00,858.00,571.00,1.636,-4.643
2026-04-01T14:29:31.703Z,234.134,pi:0,bottle,0.8284,756.00,197.00,859.00,570.00,1.636,-4.627
2026-04-01T14:29:31.754Z,234.185,pi:0,bottle,0.8502,756.00,201.00,859.00,571.00,1.649,-4.627
2026-04-01T14:29:31.754Z,234.185,pi:0,bottle,0.5232,493.00,91.00,602.00,440.00,1.748,-12.906
2026-04-01T14:29:31.801Z,234.232,pi:0,bottle,0.8321,755.00,198.00,859.00,570.00,1.640,-4.643
2026-04-01T14:29:31.801Z,234.232,pi:0,bottle,0.6540,505.00,122.00,609.00,450.00,1.860,-12.611
2026-04-01T14:29:31.869Z,234.300,pi:0,bottle,0.8466,755.00,199.00,858.00,571.00,1.640,-4.660
2026-04-01T14:29:31.869Z,234.300,pi:0,bottle,0.6976,524.00,166.00,621.00,470.00,2.007,-12.128
2026-04-01T14:29:31.917Z,234.348,pi:0,bottle,0.8430,756.00,199.00,859.00,572.00,1.636,-4.627
2026-04-01T14:29:31.917Z,234.348,pi:0,bottle,0.7594,536.00,199.00,629.00,488.00,2.111,-11.816
2026-04-01T14:29:31.972Z,234.403,pi:0,bottle,0.8284,755.00,196.00,859.00,570.00,1.631,-4.643
2026-04-01T14:29:31.972Z,234.403,pi:0,bottle,0.6504,545.00,197.00,634.00,495.00,2.047,-11.597
2026-04-01T14:29:32.030Z,234.461,pi:0,bottle,0.8284,756.00,198.00,859.00,571.00,1.636,-4.627
2026-04-01T14:29:32.030Z,234.461,pi:0,bottle,0.5232,547.00,234.00,641.00,519.00,2.141,-11.455
2026-04-01T14:29:32.083Z,234.514,pi:0,bottle,0.8357,756.00,196.00,858.00,571.00,1.627,-4.643
2026-04-01T14:29:32.137Z,234.567,pi:0,bottle,0.8357,756.00,196.00,858.00,572.00,1.622,-4.643
2026-04-01T14:29:32.192Z,234.623,pi:0,bottle,0.8321,755.00,199.00,858.00,571.00,1.640,-4.660
2026-04-01T14:29:32.244Z,234.675,pi:0,bottle,0.8393,756.00,196.00,859.00,571.00,1.627,-4.627
2026-04-01T14:29:32.290Z,234.721,pi:0,bottle,0.8357,756.00,198.00,859.00,571.00,1.636,-4.627
2026-04-01T14:29:32.351Z,234.782,pi:0,bottle,0.8430,756.00,199.00,859.00,571.00,1.640,-4.627
2026-04-01T14:29:32.402Z,234.833,pi:0,bottle,0.8430,755.00,197.00,857.00,570.00,1.636,-4.676
2026-04-01T14:29:32.443Z,234.874,pi:0,bottle,0.8466,755.00,197.00,856.00,572.00,1.627,-4.692
2026-04-01T14:29:32.509Z,234.939,pi:0,bottle,0.8502,755.00,196.00,857.00,571.00,1.627,-4.676
2026-04-01T14:29:32.564Z,234.995,pi:0,bottle,0.8502,755.00,198.00,856.00,571.00,1.636,-4.692
2026-04-01T14:29:32.611Z,235.041,pi:0,bottle,0.8575,755.00,195.00,856.00,570.00,1.627,-4.692
2026-04-01T14:29:32.677Z,235.108,pi:0,bottle,0.8466,755.00,196.00,855.00,570.00,1.631,-4.708
2026-04-01T14:29:32.747Z,235.178,pi:0,bottle,0.8502,756.00,198.00,856.00,571.00,1.636,-4.676
2026-04-01T14:29:32.747Z,235.178,pi:0,bottle,0.3625,576.00,328.00,664.00,578.00,2.440,-10.637
2026-04-01T14:29:32.811Z,235.242,pi:0,bottle,0.8648,755.00,197.00,856.00,571.00,1.631,-4.692
2026-04-01T14:29:32.811Z,235.242,pi:0,bottle,0.3831,576.00,324.00,662.00,576.00,2.421,-10.669
2026-04-01T14:29:32.899Z,235.329,pi:0,bottle,0.8648,755.00,198.00,857.00,570.00,1.640,-4.676
2026-04-01T14:29:32.899Z,235.329,pi:0,bottle,0.6431,578.00,294.00,662.00,579.00,2.141,-10.637
2026-04-01T14:29:32.986Z,235.417,pi:0,bottle,0.8648,754.00,196.00,856.00,570.00,1.631,-4.708
2026-04-01T14:29:32.986Z,235.417,pi:0,bottle,0.8030,577.00,296.00,663.00,579.00,2.156,-10.637
2026-04-01T14:29:33.015Z,235.445,pi:0,bottle,0.8539,755.00,196.00,856.00,570.00,1.631,-4.692
2026-04-01T14:29:33.015Z,235.445,pi:0,bottle,0.7776,575.00,296.00,663.00,579.00,2.156,-10.669
2026-04-01T14:29:33.083Z,235.514,pi:0,bottle,0.8466,755.00,196.00,856.00,570.00,1.631,-4.692
2026-04-01T14:29:33.083Z,235.514,pi:0,bottle,0.7921,574.00,296.00,663.00,579.00,2.156,-10.685
2026-04-01T14:29:33.135Z,235.566,pi:0,bottle,0.8466,755.00,196.00,858.00,570.00,1.631,-4.660
2026-04-01T14:29:33.135Z,235.566,pi:0,bottle,0.7848,577.00,295.00,662.00,579.00,2.148,-10.653
2026-04-01T14:29:33.174Z,235.605,pi:0,bottle,0.8430,754.00,196.00,857.00,570.00,1.631,-4.692
2026-04-01T14:29:33.174Z,235.605,pi:0,bottle,0.7885,575.00,296.00,663.00,580.00,2.148,-10.669
2026-04-01T14:29:33.232Z,235.663,pi:0,bottle,0.8175,755.00,195.00,857.00,571.00,1.622,-4.676
2026-04-01T14:29:33.232Z,235.663,pi:0,bottle,0.8175,575.00,294.00,663.00,580.00,2.133,-10.669
2026-04-01T14:29:33.278Z,235.709,pi:0,bottle,0.8321,755.00,197.00,856.00,570.00,1.636,-4.692
2026-04-01T14:29:33.278Z,235.709,pi:0,bottle,0.8175,574.00,297.00,662.00,579.00,2.163,-10.701
2026-04-01T14:29:33.338Z,235.769,pi:0,bottle,0.8321,755.00,197.00,857.00,571.00,1.631,-4.676
2026-04-01T14:29:33.338Z,235.769,pi:0,bottle,0.8248,575.00,295.00,664.00,580.00,2.141,-10.653
2026-04-01T14:29:33.391Z,235.822,pi:0,bottle,0.8212,755.00,196.00,857.00,570.00,1.631,-4.676
2026-04-01T14:29:33.391Z,235.822,pi:0,bottle,0.8103,575.00,295.00,663.00,580.00,2.141,-10.669
2026-04-01T14:29:33.445Z,235.876,pi:0,bottle,0.8284,754.00,196.00,857.00,571.00,1.627,-4.692
2026-04-01T14:29:33.445Z,235.876,pi:0,bottle,0.8212,575.00,296.00,664.00,581.00,2.141,-10.653
2026-04-01T14:29:33.495Z,235.925,pi:0,bottle,0.8212,755.00,199.00,858.00,570.00,1.644,-4.660
2026-04-01T14:29:33.495Z,235.925,pi:0,bottle,0.8066,575.00,295.00,663.00,580.00,2.141,-10.669
2026-04-01T14:29:33.555Z,235.986,pi:0,bottle,0.8430,755.00,196.00,856.00,570.00,1.631,-4.692
2026-04-01T14:29:33.555Z,235.986,pi:0,bottle,0.8212,575.00,296.00,664.00,580.00,2.148,-10.653
2026-04-01T14:29:33.600Z,236.031,pi:0,bottle,0.8357,755.00,196.00,857.00,570.00,1.631,-4.676
2026-04-01T14:29:33.600Z,236.031,pi:0,bottle,0.8248,574.00,295.00,663.00,580.00,2.141,-10.685
2026-04-01T14:29:33.646Z,236.077,pi:0,bottle,0.8430,754.00,199.00,857.00,570.00,1.644,-4.692
2026-04-01T14:29:33.646Z,236.077,pi:0,bottle,0.8103,574.00,294.00,663.00,580.00,2.133,-10.685
2026-04-01T14:29:33.698Z,236.128,pi:0,bottle,0.8321,754.00,196.00,856.00,571.00,1.627,-4.708
2026-04-01T14:29:33.698Z,236.128,pi:0,bottle,0.8175,575.00,295.00,663.00,579.00,2.148,-10.669
2026-04-01T14:29:33.750Z,236.181,pi:0,bottle,0.8357,574.00,294.00,664.00,580.00,2.133,-10.669
2026-04-01T14:29:33.750Z,236.181,pi:0,bottle,0.8284,754.00,195.00,857.00,570.00,1.627,-4.692
2026-04-01T14:29:33.814Z,236.244,pi:0,bottle,0.8284,574.00,295.00,663.00,579.00,2.148,-10.685
2026-04-01T14:29:33.814Z,236.244,pi:0,bottle,0.8248,755.00,196.00,856.00,571.00,1.627,-4.692
2026-04-01T14:29:33.859Z,236.290,pi:0,bottle,0.8502,754.00,195.00,856.00,571.00,1.622,-4.708
2026-04-01T14:29:33.859Z,236.290,pi:0,bottle,0.8248,574.00,295.00,664.00,580.00,2.141,-10.669
2026-04-01T14:29:33.909Z,236.340,pi:0,bottle,0.8466,754.00,197.00,857.00,570.00,1.636,-4.692
2026-04-01T14:29:33.909Z,236.340,pi:0,bottle,0.8284,573.00,294.00,663.00,579.00,2.141,-10.701
2026-04-01T14:29:33.947Z,236.378,pi:0,bottle,0.8502,755.00,196.00,856.00,570.00,1.631,-4.692
2026-04-01T14:29:33.947Z,236.378,pi:0,bottle,0.8248,574.00,294.00,663.00,578.00,2.148,-10.685
2026-04-01T14:29:34.010Z,236.441,pi:0,bottle,0.8321,574.00,295.00,663.00,580.00,2.141,-10.685
2026-04-01T14:29:34.010Z,236.441,pi:0,bottle,0.8284,755.00,195.00,856.00,570.00,1.627,-4.692
2026-04-01T14:29:34.065Z,236.496,pi:0,bottle,0.8466,755.00,196.00,856.00,570.00,1.631,-4.692
2026-04-01T14:29:34.065Z,236.496,pi:0,bottle,0.8212,574.00,294.00,663.00,580.00,2.133,-10.685
2026-04-01T14:29:34.115Z,236.546,pi:0,bottle,0.8393,755.00,197.00,857.00,570.00,1.636,-4.676
2026-04-01T14:29:34.115Z,236.546,pi:0,bottle,0.8284,574.00,293.00,663.00,578.00,2.141,-10.685
2026-04-01T14:29:34.174Z,236.605,pi:0,bottle,0.8648,575.00,295.00,663.00,580.00,2.141,-10.669
2026-04-01T14:29:34.174Z,236.605,pi:0,bottle,0.8575,754.00,196.00,857.00,570.00,1.631,-4.692
2026-04-01T14:29:34.221Z,236.652,pi:0,bottle,0.8575,755.00,195.00,857.00,571.00,1.622,-4.676
2026-04-01T14:29:34.221Z,236.652,pi:0,bottle,0.8321,574.00,295.00,663.00,579.00,2.148,-10.685
2026-04-01T14:29:34.278Z,236.709,pi:0,bottle,0.8466,755.00,195.00,857.00,570.00,1.627,-4.676
2026-04-01T14:29:34.278Z,236.709,pi:0,bottle,0.8393,575.00,295.00,663.00,580.00,2.141,-10.669
2026-04-01T14:29:34.331Z,236.762,pi:0,bottle,0.8357,754.00,196.00,856.00,570.00,1.631,-4.708
2026-04-01T14:29:34.331Z,236.762,pi:0,bottle,0.8248,574.00,294.00,663.00,580.00,2.133,-10.685
2026-04-01T14:29:34.382Z,236.813,pi:0,bottle,0.8502,755.00,197.00,856.00,571.00,1.631,-4.692
2026-04-01T14:29:34.382Z,236.813,pi:0,bottle,0.8175,574.00,295.00,664.00,580.00,2.141,-10.669
2026-04-01T14:29:34.437Z,236.868,pi:0,bottle,0.8502,754.00,197.00,856.00,570.00,1.636,-4.708
2026-04-01T14:29:34.437Z,236.868,pi:0,bottle,0.8284,573.00,295.00,664.00,579.00,2.148,-10.685
2026-04-01T14:29:34.496Z,236.927,pi:0,bottle,0.8539,755.00,196.00,856.00,570.00,1.631,-4.692
2026-04-01T14:29:34.496Z,236.927,pi:0,bottle,0.8393,575.00,294.00,663.00,580.00,2.133,-10.669
2026-04-01T14:29:34.540Z,236.971,pi:0,bottle,0.8502,755.00,196.00,857.00,570.00,1.631,-4.676
2026-04-01T14:29:34.540Z,236.971,pi:0,bottle,0.8212,574.00,295.00,664.00,578.00,2.156,-10.669
2026-04-01T14:29:34.596Z,237.026,pi:0,bottle,0.8430,754.00,197.00,856.00,570.00,1.636,-4.708
2026-04-01T14:29:34.596Z,237.026,pi:0,bottle,0.8248,574.00,294.00,664.00,580.00,2.133,-10.669
2026-04-01T14:29:34.651Z,237.081,pi:0,bottle,0.8539,755.00,197.00,857.00,570.00,1.636,-4.676
2026-04-01T14:29:34.651Z,237.081,pi:0,bottle,0.8175,575.00,296.00,663.00,579.00,2.156,-10.669
2026-04-01T14:29:34.691Z,237.122,pi:0,bottle,0.8430,755.00,197.00,857.00,570.00,1.636,-4.676
2026-04-01T14:29:34.691Z,237.122,pi:0,bottle,0.8357,574.00,293.00,663.00,579.00,2.133,-10.685
2026-04-01T14:29:34.752Z,237.183,pi:0,bottle,0.8321,755.00,196.00,857.00,570.00,1.631,-4.676
2026-04-01T14:29:34.752Z,237.183,pi:0,bottle,0.8248,574.00,296.00,662.00,579.00,2.156,-10.701
2026-04-01T14:29:34.803Z,237.234,pi:0,bottle,0.8321,755.00,196.00,856.00,570.00,1.631,-4.692
2026-04-01T14:29:34.803Z,237.234,pi:0,bottle,0.8103,574.00,296.00,663.00,579.00,2.156,-10.685
2026-04-01T14:29:34.863Z,237.294,pi:0,bottle,0.8502,755.00,196.00,856.00,570.00,1.631,-4.692
2026-04-01T14:29:34.863Z,237.294,pi:0,bottle,0.8175,575.00,294.00,663.00,578.00,2.148,-10.669
2026-04-01T14:29:34.923Z,237.353,pi:0,bottle,0.8575,755.00,195.00,857.00,570.00,1.627,-4.676
2026-04-01T14:29:34.923Z,237.353,pi:0,bottle,0.8248,575.00,294.00,663.00,579.00,2.141,-10.669
2026-04-01T14:29:34.962Z,237.393,pi:0,bottle,0.8357,754.00,196.00,857.00,570.00,1.631,-4.692
2026-04-01T14:29:34.962Z,237.393,pi:0,bottle,0.8175,574.00,293.00,664.00,580.00,2.126,-10.669
2026-04-01T14:29:35.022Z,237.453,pi:0,bottle,0.8430,754.00,196.00,857.00,570.00,1.631,-4.692
2026-04-01T14:29:35.022Z,237.453,pi:0,bottle,0.8066,574.00,296.00,662.00,579.00,2.156,-10.701
2026-04-01T14:29:35.061Z,237.492,pi:0,bottle,0.8466,754.00,196.00,856.00,571.00,1.627,-4.708
2026-04-01T14:29:35.061Z,237.492,pi:0,bottle,0.8212,575.00,294.00,663.00,581.00,2.126,-10.669
2026-04-01T14:29:35.117Z,237.548,pi:0,bottle,0.8502,755.00,195.00,856.00,571.00,1.622,-4.692
2026-04-01T14:29:35.117Z,237.548,pi:0,bottle,0.8502,574.00,294.00,663.00,580.00,2.133,-10.685
2026-04-01T14:29:35.195Z,237.626,pi:0,bottle,0.8502,755.00,195.00,855.00,570.00,1.627,-4.708
2026-04-01T14:29:35.195Z,237.626,pi:0,bottle,0.8284,575.00,295.00,663.00,579.00,2.148,-10.669
2026-04-01T14:29:35.233Z,237.664,pi:0,bottle,0.8502,755.00,195.00,857.00,571.00,1.622,-4.676
2026-04-01T14:29:35.233Z,237.664,pi:0,bottle,0.8212,575.00,294.00,663.00,579.00,2.141,-10.669
2026-04-01T14:29:35.263Z,237.694,pi:0,bottle,0.8466,755.00,196.00,856.00,570.00,1.631,-4.692
2026-04-01T14:29:35.263Z,237.694,pi:0,bottle,0.8103,574.00,296.00,663.00,578.00,2.163,-10.685
2026-04-01T14:29:35.322Z,237.753,pi:0,bottle,0.8430,755.00,195.00,857.00,570.00,1.627,-4.676
2026-04-01T14:29:35.322Z,237.753,pi:0,bottle,0.8212,575.00,296.00,664.00,580.00,2.148,-10.653
2026-04-01T14:29:35.364Z,237.795,pi:0,bottle,0.8430,754.00,196.00,856.00,570.00,1.631,-4.708
2026-04-01T14:29:35.364Z,237.795,pi:0,bottle,0.8321,574.00,294.00,663.00,580.00,2.133,-10.685
2026-04-01T14:29:35.424Z,237.854,pi:0,bottle,0.8466,755.00,195.00,857.00,570.00,1.627,-4.676
2026-04-01T14:29:35.424Z,237.854,pi:0,bottle,0.8430,574.00,294.00,663.00,580.00,2.133,-10.685
2026-04-01T14:29:35.475Z,237.906,pi:0,bottle,0.8357,755.00,195.00,856.00,570.00,1.627,-4.692
2026-04-01T14:29:35.475Z,237.906,pi:0,bottle,0.8212,575.00,294.00,662.00,579.00,2.141,-10.685
2026-04-01T14:29:35.528Z,237.959,pi:0,bottle,0.8357,574.00,294.00,664.00,580.00,2.133,-10.669
2026-04-01T14:29:35.528Z,237.959,pi:0,bottle,0.8357,754.00,195.00,856.00,571.00,1.622,-4.708
2026-04-01T14:29:35.575Z,238.005,pi:0,bottle,0.8466,755.00,197.00,856.00,570.00,1.636,-4.692
2026-04-01T14:29:35.575Z,238.005,pi:0,bottle,0.8212,574.00,294.00,663.00,580.00,2.133,-10.685
2026-04-01T14:29:35.625Z,238.056,pi:0,bottle,0.8357,755.00,196.00,856.00,570.00,1.631,-4.692
2026-04-01T14:29:35.625Z,238.056,pi:0,bottle,0.8284,574.00,296.00,663.00,579.00,2.156,-10.685
2026-04-01T14:29:35.680Z,238.111,pi:0,bottle,0.8430,755.00,196.00,856.00,571.00,1.627,-4.692
2026-04-01T14:29:35.680Z,238.111,pi:0,bottle,0.8357,574.00,294.00,664.00,579.00,2.141,-10.669
2026-04-01T14:29:35.755Z,238.186,pi:0,bottle,0.8502,755.00,196.00,856.00,570.00,1.631,-4.692
2026-04-01T14:29:35.755Z,238.186,pi:0,bottle,0.8321,574.00,295.00,664.00,580.00,2.141,-10.669
2026-04-01T14:29:35.835Z,238.266,pi:0,bottle,0.8430,755.00,196.00,856.00,571.00,1.627,-4.692
2026-04-01T14:29:35.835Z,238.266,pi:0,bottle,0.8212,574.00,294.00,663.00,579.00,2.141,-10.685
2026-04-01T14:29:35.917Z,238.348,pi:0,bottle,0.8539,755.00,197.00,856.00,570.00,1.636,-4.692
2026-04-01T14:29:35.917Z,238.348,pi:0,bottle,0.8284,574.00,294.00,662.00,580.00,2.133,-10.701
2026-04-01T14:29:35.976Z,238.407,pi:0,bottle,0.8539,755.00,196.00,857.00,570.00,1.631,-4.676
2026-04-01T14:29:35.976Z,238.407,pi:0,bottle,0.8248,574.00,294.00,663.00,579.00,2.141,-10.685
2026-04-01T14:29:36.041Z,238.472,pi:0,bottle,0.8393,755.00,195.00,856.00,570.00,1.627,-4.692
2026-04-01T14:29:36.041Z,238.472,pi:0,bottle,0.8139,575.00,294.00,663.00,579.00,2.141,-10.669
2026-04-01T14:29:36.083Z,238.514,pi:0,bottle,0.8502,754.00,198.00,856.00,570.00,1.640,-4.708
2026-04-01T14:29:36.083Z,238.514,pi:0,bottle,0.8393,575.00,295.00,663.00,580.00,2.141,-10.669
2026-04-01T14:29:36.126Z,238.557,pi:0,bottle,0.8393,755.00,195.00,856.00,570.00,1.627,-4.692
2026-04-01T14:29:36.126Z,238.557,pi:0,bottle,0.8248,574.00,296.00,663.00,580.00,2.148,-10.685
2026-04-01T14:29:36.188Z,238.619,pi:0,bottle,0.8321,754.00,197.00,856.00,570.00,1.636,-4.708
2026-04-01T14:29:36.188Z,238.619,pi:0,bottle,0.8175,575.00,296.00,662.00,580.00,2.148,-10.685
2026-04-01T14:29:36.240Z,238.671,pi:0,bottle,0.8393,754.00,195.00,857.00,570.00,1.627,-4.692
2026-04-01T14:29:36.240Z,238.671,pi:0,bottle,0.8139,575.00,296.00,663.00,580.00,2.148,-10.669
2026-04-01T14:29:36.282Z,238.713,pi:0,bottle,0.8466,755.00,195.00,856.00,570.00,1.627,-4.692
2026-04-01T14:29:36.282Z,238.713,pi:0,bottle,0.8175,575.00,295.00,663.00,578.00,2.156,-10.669
2026-04-01T14:29:36.339Z,238.770,pi:0,bottle,0.8430,754.00,196.00,857.00,571.00,1.627,-4.692
2026-04-01T14:29:36.339Z,238.770,pi:0,bottle,0.8066,573.00,294.00,663.00,579.00,2.141,-10.701
2026-04-01T14:29:36.400Z,238.830,pi:0,bottle,0.8393,755.00,195.00,856.00,570.00,1.627,-4.692
2026-04-01T14:29:36.400Z,238.830,pi:0,bottle,0.8212,574.00,294.00,662.00,579.00,2.141,-10.701
2026-04-01T14:29:36.441Z,238.872,pi:0,bottle,0.8393,755.00,197.00,855.00,571.00,1.631,-4.708
2026-04-01T14:29:36.441Z,238.872,pi:0,bottle,0.8357,574.00,294.00,663.00,580.00,2.133,-10.685
2026-04-01T14:29:36.501Z,238.932,pi:0,bottle,0.8539,754.00,195.00,856.00,571.00,1.622,-4.708
2026-04-01T14:29:36.501Z,238.932,pi:0,bottle,0.8357,574.00,294.00,663.00,580.00,2.133,-10.685
2026-04-01T14:29:36.546Z,238.977,pi:0,bottle,0.8502,755.00,196.00,856.00,570.00,1.631,-4.692
2026-04-01T14:29:36.546Z,238.977,pi:0,bottle,0.8284,574.00,294.00,663.00,580.00,2.133,-10.685
2026-04-01T14:29:36.604Z,239.035,pi:0,bottle,0.8502,574.00,294.00,663.00,580.00,2.133,-10.685
2026-04-01T14:29:36.604Z,239.035,pi:0,bottle,0.8502,755.00,196.00,856.00,570.00,1.631,-4.692
2026-04-01T14:29:36.671Z,239.102,pi:0,bottle,0.8430,754.00,197.00,856.00,570.00,1.636,-4.708
2026-04-01T14:29:36.671Z,239.102,pi:0,bottle,0.8321,573.00,294.00,663.00,579.00,2.141,-10.701
2026-04-01T14:29:36.719Z,239.150,pi:0,bottle,0.8466,754.00,199.00,857.00,570.00,1.644,-4.692
2026-04-01T14:29:36.719Z,239.150,pi:0,bottle,0.8321,574.00,296.00,662.00,579.00,2.156,-10.701
2026-04-01T14:29:36.763Z,239.194,pi:0,bottle,0.8430,755.00,197.00,857.00,570.00,1.636,-4.676
2026-04-01T14:29:36.763Z,239.194,pi:0,bottle,0.8357,574.00,294.00,663.00,579.00,2.141,-10.685
2026-04-01T14:29:36.808Z,239.239,pi:0,bottle,0.8502,755.00,195.00,857.00,570.00,1.627,-4.676
2026-04-01T14:29:36.808Z,239.239,pi:0,bottle,0.8430,574.00,294.00,663.00,580.00,2.133,-10.685
2026-04-01T14:29:36.861Z,239.291,pi:0,bottle,0.8502,754.00,196.00,857.00,570.00,1.631,-4.692
2026-04-01T14:29:36.861Z,239.291,pi:0,bottle,0.8466,575.00,293.00,664.00,580.00,2.126,-10.653
2026-04-01T14:29:36.907Z,239.338,pi:0,bottle,0.8575,754.00,197.00,855.00,570.00,1.636,-4.725
2026-04-01T14:29:36.907Z,239.338,pi:0,bottle,0.8139,575.00,294.00,663.00,579.00,2.141,-10.669
2026-04-01T14:29:36.971Z,239.402,pi:0,bottle,0.8466,755.00,197.00,857.00,571.00,1.631,-4.676
2026-04-01T14:29:36.971Z,239.402,pi:0,bottle,0.8212,574.00,294.00,663.00,578.00,2.148,-10.685
2026-04-01T14:29:37.009Z,239.440,pi:0,bottle,0.8430,574.00,294.00,663.00,580.00,2.133,-10.685
2026-04-01T14:29:37.009Z,239.440,pi:0,bottle,0.8357,755.00,195.00,856.00,571.00,1.622,-4.692
2026-04-01T14:29:37.072Z,239.503,pi:0,bottle,0.8466,755.00,197.00,856.00,571.00,1.631,-4.692
2026-04-01T14:29:37.072Z,239.503,pi:0,bottle,0.8321,574.00,296.00,664.00,580.00,2.148,-10.669
2026-04-01T14:29:37.115Z,239.546,pi:0,bottle,0.8539,755.00,195.00,856.00,571.00,1.622,-4.692
2026-04-01T14:29:37.115Z,239.546,pi:0,bottle,0.8321,575.00,294.00,663.00,580.00,2.133,-10.669
2026-04-01T14:29:37.176Z,239.607,pi:0,bottle,0.8539,755.00,197.00,856.00,570.00,1.636,-4.692
2026-04-01T14:29:37.176Z,239.607,pi:0,bottle,0.8284,574.00,295.00,662.00,579.00,2.148,-10.701
2026-04-01T14:29:37.228Z,239.659,pi:0,bottle,0.8430,755.00,196.00,856.00,570.00,1.631,-4.692
2026-04-01T14:29:37.228Z,239.659,pi:0,bottle,0.8284,574.00,295.00,663.00,579.00,2.148,-10.685
2026-04-01T14:29:37.285Z,239.716,pi:0,bottle,0.8539,754.00,195.00,856.00,570.00,1.627,-4.708
2026-04-01T14:29:37.285Z,239.716,pi:0,bottle,0.8357,575.00,294.00,662.00,579.00,2.141,-10.685
2026-04-01T14:29:37.332Z,239.763,pi:0,bottle,0.8393,754.00,198.00,857.00,570.00,1.640,-4.692
2026-04-01T14:29:37.332Z,239.763,pi:0,bottle,0.8357,574.00,296.00,662.00,580.00,2.148,-10.701
2026-04-01T14:29:37.385Z,239.816,pi:0,bottle,0.8611,755.00,199.00,856.00,571.00,1.640,-4.692
2026-04-01T14:29:37.385Z,239.816,pi:0,bottle,0.8175,574.00,294.00,663.00,579.00,2.141,-10.685
2026-04-01T14:29:37.437Z,239.868,pi:0,bottle,0.8466,755.00,196.00,856.00,571.00,1.627,-4.692
2026-04-01T14:29:37.437Z,239.868,pi:0,bottle,0.8175,574.00,294.00,664.00,578.00,2.148,-10.669
2026-04-01T14:29:37.511Z,239.941,pi:0,bottle,0.8466,755.00,196.00,857.00,571.00,1.627,-4.676
2026-04-01T14:29:37.511Z,239.941,pi:0,bottle,0.8393,573.00,294.00,663.00,581.00,2.126,-10.701
2026-04-01T14:29:37.549Z,239.979,pi:0,bottle,0.8430,755.00,196.00,857.00,570.00,1.631,-4.676
2026-04-01T14:29:37.549Z,239.979,pi:0,bottle,0.8321,574.00,294.00,663.00,580.00,2.133,-10.685
2026-04-01T14:29:37.593Z,240.024,pi:0,bottle,0.8466,754.00,196.00,856.00,571.00,1.627,-4.708
2026-04-01T14:29:37.593Z,240.024,pi:0,bottle,0.8284,574.00,294.00,662.00,580.00,2.133,-10.701
2026-04-01T14:29:37.652Z,240.083,pi:0,bottle,0.8502,755.00,196.00,856.00,570.00,1.631,-4.692
2026-04-01T14:29:37.652Z,240.083,pi:0,bottle,0.8393,573.00,294.00,663.00,580.00,2.133,-10.701
2026-04-01T14:29:37.698Z,240.129,pi:0,bottle,0.8502,754.00,196.00,856.00,570.00,1.631,-4.708
2026-04-01T14:29:37.698Z,240.129,pi:0,bottle,0.8248,575.00,296.00,662.00,579.00,2.156,-10.685
2026-04-01T14:29:37.755Z,240.186,pi:0,bottle,0.8393,755.00,195.00,856.00,570.00,1.627,-4.692
2026-04-01T14:29:37.755Z,240.186,pi:0,bottle,0.8248,575.00,294.00,663.00,578.00,2.148,-10.669
2026-04-01T14:29:37.799Z,240.229,pi:0,bottle,0.8466,754.00,196.00,857.00,570.00,1.631,-4.692
2026-04-01T14:29:37.799Z,240.229,pi:0,bottle,0.8284,574.00,294.00,663.00,579.00,2.141,-10.685
2026-04-01T14:29:37.867Z,240.298,pi:0,bottle,0.8466,755.00,196.00,857.00,571.00,1.627,-4.676
2026-04-01T14:29:37.867Z,240.298,pi:0,bottle,0.8430,574.00,294.00,663.00,579.00,2.141,-10.685
2026-04-01T14:29:37.909Z,240.340,pi:0,bottle,0.8502,755.00,196.00,857.00,570.00,1.631,-4.676
2026-04-01T14:29:37.909Z,240.340,pi:0,bottle,0.8393,574.00,296.00,663.00,579.00,2.156,-10.685
2026-04-01T14:29:38.008Z,240.438,pi:0,bottle,0.8575,755.00,195.00,856.00,571.00,1.622,-4.692
2026-04-01T14:29:38.008Z,240.438,pi:0,bottle,0.8212,574.00,296.00,662.00,579.00,2.156,-10.701
2026-04-01T14:29:38.061Z,240.492,pi:0,bottle,0.8575,755.00,197.00,857.00,570.00,1.636,-4.676
2026-04-01T14:29:38.061Z,240.492,pi:0,bottle,0.8393,575.00,296.00,662.00,579.00,2.156,-10.685
2026-04-01T14:29:38.110Z,240.540,pi:0,bottle,0.8502,754.00,196.00,856.00,570.00,1.631,-4.708
2026-04-01T14:29:38.110Z,240.540,pi:0,bottle,0.8284,574.00,294.00,663.00,579.00,2.141,-10.685
2026-04-01T14:29:38.175Z,240.606,pi:0,bottle,0.8648,755.00,195.00,857.00,571.00,1.622,-4.676
2026-04-01T14:29:38.175Z,240.606,pi:0,bottle,0.8321,574.00,295.00,664.00,578.00,2.156,-10.669
2026-04-01T14:29:38.213Z,240.644,pi:0,bottle,0.8575,754.00,196.00,856.00,570.00,1.631,-4.708
2026-04-01T14:29:38.213Z,240.644,pi:0,bottle,0.8103,575.00,295.00,662.00,580.00,2.141,-10.685
2026-04-01T14:29:38.270Z,240.701,pi:0,bottle,0.8575,755.00,196.00,857.00,570.00,1.631,-4.676
2026-04-01T14:29:38.270Z,240.701,pi:0,bottle,0.8175,575.00,296.00,662.00,579.00,2.156,-10.685
2026-04-01T14:29:38.321Z,240.751,pi:0,bottle,0.8466,754.00,196.00,857.00,570.00,1.631,-4.692
2026-04-01T14:29:38.321Z,240.751,pi:0,bottle,0.8212,575.00,296.00,663.00,579.00,2.156,-10.669
2026-04-01T14:29:38.374Z,240.805,pi:0,bottle,0.8539,754.00,199.00,857.00,570.00,1.644,-4.692
2026-04-01T14:29:38.374Z,240.805,pi:0,bottle,0.8321,574.00,294.00,663.00,581.00,2.126,-10.685
2026-04-01T14:29:38.425Z,240.856,pi:0,bottle,0.8393,755.00,196.00,857.00,570.00,1.631,-4.676
2026-04-01T14:29:38.425Z,240.856,pi:0,bottle,0.8212,574.00,295.00,664.00,579.00,2.148,-10.669
2026-04-01T14:29:38.490Z,240.921,pi:0,bottle,0.8430,755.00,197.00,857.00,570.00,1.636,-4.676
2026-04-01T14:29:38.490Z,240.921,pi:0,bottle,0.8139,575.00,295.00,662.00,579.00,2.148,-10.685
2026-04-01T14:29:38.534Z,240.965,pi:0,bottle,0.8539,755.00,196.00,857.00,570.00,1.631,-4.676
2026-04-01T14:29:38.534Z,240.965,pi:0,bottle,0.8212,574.00,295.00,662.00,579.00,2.148,-10.701
2026-04-01T14:29:38.586Z,241.017,pi:0,bottle,0.8466,755.00,195.00,857.00,571.00,1.622,-4.676
2026-04-01T14:29:38.586Z,241.017,pi:0,bottle,0.8248,574.00,295.00,663.00,580.00,2.141,-10.685
2026-04-01T14:29:38.644Z,241.075,pi:0,bottle,0.8502,755.00,195.00,857.00,571.00,1.622,-4.676
2026-04-01T14:29:38.644Z,241.075,pi:0,bottle,0.8284,574.00,294.00,662.00,579.00,2.141,-10.701
2026-04-01T14:29:38.695Z,241.125,pi:0,bottle,0.8393,755.00,197.00,857.00,571.00,1.631,-4.676
2026-04-01T14:29:38.695Z,241.125,pi:0,bottle,0.8175,575.00,295.00,662.00,579.00,2.148,-10.685
2026-04-01T14:29:38.742Z,241.173,pi:0,bottle,0.8393,755.00,197.00,857.00,570.00,1.636,-4.676
2026-04-01T14:29:38.742Z,241.173,pi:0,bottle,0.8212,574.00,294.00,661.00,578.00,2.148,-10.716
2026-04-01T14:29:38.808Z,241.239,pi:0,bottle,0.8575,754.00,196.00,857.00,570.00,1.631,-4.692
2026-04-01T14:29:38.808Z,241.239,pi:0,bottle,0.8248,575.00,294.00,663.00,580.00,2.133,-10.669
2026-04-01T14:29:38.854Z,241.284,pi:0,bottle,0.8502,754.00,197.00,857.00,570.00,1.636,-4.692
2026-04-01T14:29:38.854Z,241.284,pi:0,bottle,0.8321,573.00,294.00,663.00,580.00,2.133,-10.701
2026-04-01T14:29:38.913Z,241.344,pi:0,bottle,0.8539,754.00,195.00,856.00,570.00,1.627,-4.708
2026-04-01T14:29:38.913Z,241.344,pi:0,bottle,0.8212,573.00,295.00,663.00,580.00,2.141,-10.701
2026-04-01T14:29:38.997Z,241.428,pi:0,bottle,0.8357,755.00,197.00,856.00,570.00,1.636,-4.692
2026-04-01T14:29:38.997Z,241.428,pi:0,bottle,0.8248,574.00,294.00,662.00,579.00,2.141,-10.701
2026-04-01T14:29:39.066Z,241.497,pi:0,bottle,0.8430,755.00,198.00,857.00,571.00,1.636,-4.676
2026-04-01T14:29:39.066Z,241.497,pi:0,bottle,0.8248,574.00,294.00,663.00,580.00,2.133,-10.685
2026-04-01T14:29:39.156Z,241.587,pi:0,bottle,0.8502,755.00,197.00,856.00,571.00,1.631,-4.692
2026-04-01T14:29:39.156Z,241.587,pi:0,bottle,0.8175,574.00,294.00,663.00,579.00,2.141,-10.685
2026-04-01T14:29:39.231Z,241.662,pi:0,bottle,0.8430,755.00,195.00,856.00,570.00,1.627,-4.692
2026-04-01T14:29:39.231Z,241.662,pi:0,bottle,0.8284,575.00,294.00,663.00,578.00,2.148,-10.669
2026-04-01T14:29:39.294Z,241.725,pi:0,bottle,0.8430,575.00,294.00,663.00,580.00,2.133,-10.669
2026-04-01T14:29:39.294Z,241.725,pi:0,bottle,0.8175,755.00,197.00,856.00,570.00,1.636,-4.692
2026-04-01T14:29:39.319Z,241.750,pi:0,bottle,0.8430,755.00,197.00,856.00,570.00,1.636,-4.692
2026-04-01T14:29:39.319Z,241.750,pi:0,bottle,0.8284,573.00,294.00,663.00,579.00,2.141,-10.701
2026-04-01T14:29:39.373Z,241.803,pi:0,bottle,0.8393,575.00,295.00,664.00,580.00,2.141,-10.653
2026-04-01T14:29:39.373Z,241.803,pi:0,bottle,0.8284,755.00,196.00,856.00,570.00,1.631,-4.692
2026-04-01T14:29:39.437Z,241.868,pi:0,bottle,0.8357,574.00,295.00,664.00,580.00,2.141,-10.669
2026-04-01T14:29:39.437Z,241.868,pi:0,bottle,0.8357,755.00,196.00,858.00,570.00,1.631,-4.660
2026-04-01T14:29:39.464Z,241.895,pi:0,bottle,0.8321,575.00,294.00,663.00,580.00,2.133,-10.669
2026-04-01T14:29:39.464Z,241.895,pi:0,bottle,0.8212,754.00,196.00,857.00,570.00,1.631,-4.692
2026-04-01T14:29:39.571Z,242.002,pi:0,bottle,0.8284,575.00,295.00,663.00,580.00,2.141,-10.669
2026-04-01T14:29:39.571Z,242.002,pi:0,bottle,0.8248,755.00,197.00,856.00,570.00,1.636,-4.692
2026-04-01T14:29:39.631Z,242.062,pi:0,bottle,0.8430,575.00,294.00,664.00,580.00,2.133,-10.653
2026-04-01T14:29:39.631Z,242.062,pi:0,bottle,0.8393,754.00,196.00,856.00,570.00,1.631,-4.708
2026-04-01T14:29:39.686Z,242.117,pi:0,bottle,0.8357,755.00,196.00,856.00,570.00,1.631,-4.692
2026-04-01T14:29:39.686Z,242.117,pi:0,bottle,0.8321,574.00,294.00,663.00,580.00,2.133,-10.685
2026-04-01T14:29:39.726Z,242.157,pi:0,bottle,0.8430,574.00,294.00,664.00,579.00,2.141,-10.669
2026-04-01T14:29:39.726Z,242.157,pi:0,bottle,0.8321,756.00,199.00,855.00,569.00,1.649,-4.692
2026-04-01T14:29:39.779Z,242.210,pi:0,bottle,0.8430,755.00,202.00,856.00,570.00,1.658,-4.692
2026-04-01T14:29:39.779Z,242.210,pi:0,bottle,0.8393,575.00,294.00,664.00,580.00,2.133,-10.653
2026-04-01T14:29:39.829Z,242.260,pi:0,bottle,0.8466,754.00,195.00,856.00,571.00,1.622,-4.708
2026-04-01T14:29:39.829Z,242.260,pi:0,bottle,0.8430,574.00,295.00,663.00,580.00,2.141,-10.685
2026-04-01T14:29:39.878Z,242.309,pi:0,bottle,0.8357,755.00,197.00,856.00,571.00,1.631,-4.692
2026-04-01T14:29:39.878Z,242.309,pi:0,bottle,0.8175,575.00,296.00,664.00,580.00,2.148,-10.653
2026-04-01T14:29:39.878Z,242.309,pi:0,bottle,0.3088,545.00,322.00,587.00,555.00,2.618,-12.331
2026-04-01T14:29:39.939Z,242.370,pi:0,bottle,0.8175,575.00,294.00,663.00,580.00,2.133,-10.669
2026-04-01T14:29:39.939Z,242.370,pi:0,bottle,0.8139,755.00,196.00,856.00,571.00,1.627,-4.692
2026-04-01T14:29:39.939Z,242.370,pi:0,bottle,0.3125,545.00,323.00,588.00,556.00,2.618,-12.315
2026-04-01T14:29:39.992Z,242.423,pi:0,bottle,0.7994,575.00,296.00,663.00,579.00,2.156,-10.669
2026-04-01T14:29:39.992Z,242.423,pi:0,bottle,0.7848,756.00,200.00,855.00,569.00,1.653,-4.692
2026-04-01T14:29:39.992Z,242.423,pi:0,bottle,0.3125,545.00,322.00,586.00,557.00,2.596,-12.347
2026-04-01T14:29:40.034Z,242.465,pi:0,bottle,0.8248,575.00,294.00,663.00,580.00,2.133,-10.669
2026-04-01T14:29:40.034Z,242.465,pi:0,bottle,0.8212,756.00,204.00,857.00,569.00,1.671,-4.660
2026-04-01T14:29:40.034Z,242.465,pi:0,bottle,0.2689,545.00,320.00,587.00,557.00,2.574,-12.331
2026-04-01T14:29:40.094Z,242.525,pi:0,bottle,0.8066,575.00,296.00,663.00,580.00,2.148,-10.669
2026-04-01T14:29:40.094Z,242.525,pi:0,bottle,0.7957,755.00,193.00,860.00,569.00,1.622,-4.627
2026-04-01T14:29:40.094Z,242.525,pi:0,bottle,0.2652,545.00,322.00,587.00,556.00,2.607,-12.331
2026-04-01T14:29:40.094Z,242.525,pi:0,bottle,0.2616,641.00,280.00,766.00,552.00,2.243,-7.982
2026-04-01T14:29:40.140Z,242.571,pi:0,bottle,0.8248,575.00,296.00,663.00,579.00,2.156,-10.669
2026-04-01T14:29:40.140Z,242.571,pi:0,bottle,0.7703,755.00,200.00,857.00,571.00,1.644,-4.676
2026-04-01T14:29:40.140Z,242.571,pi:0,bottle,0.2979,545.00,321.00,586.00,557.00,2.585,-12.347
2026-04-01T14:29:40.182Z,242.612,pi:0,bottle,0.8175,575.00,295.00,664.00,580.00,2.141,-10.653
2026-04-01T14:29:40.182Z,242.612,pi:0,bottle,0.6903,754.00,261.00,858.00,571.00,1.968,-4.676
2026-04-01T14:29:40.182Z,242.612,pi:0,bottle,0.3197,545.00,321.00,586.00,557.00,2.585,-12.347
2026-04-01T14:29:40.238Z,242.668,pi:0,bottle,0.7957,574.00,295.00,663.00,579.00,2.148,-10.685
2026-04-01T14:29:40.238Z,242.668,pi:0,bottle,0.4832,754.00,296.00,822.00,569.00,2.235,-5.259
2026-04-01T14:29:40.238Z,242.668,pi:0,bottle,0.3561,545.00,320.00,586.00,557.00,2.574,-12.347
2026-04-01T14:29:40.238Z,242.668,pi:0,bottle,0.3161,637.00,289.00,765.00,561.00,2.243,-8.062
2026-04-01T14:29:40.290Z,242.721,pi:0,bottle,0.8030,575.00,296.00,663.00,579.00,2.156,-10.669
2026-04-01T14:29:40.290Z,242.721,pi:0,bottle,0.5014,757.00,328.00,811.00,568.00,2.542,-5.389
2026-04-01T14:29:40.290Z,242.721,pi:0,bottle,0.3016,544.00,319.00,586.00,557.00,2.563,-12.362
2026-04-01T14:29:40.290Z,242.721,pi:0,bottle,0.2689,639.00,302.00,766.00,558.00,2.383,-8.014
2026-04-01T14:29:40.352Z,242.783,pi:0,bottle,0.8284,575.00,296.00,663.00,581.00,2.141,-10.669
2026-04-01T14:29:40.352Z,242.783,pi:0,bottle,0.4433,545.00,320.00,587.00,555.00,2.596,-12.331
2026-04-01T14:29:40.352Z,242.783,pi:0,bottle,0.2943,636.00,284.00,769.00,558.00,2.226,-8.014
2026-04-01T14:29:40.401Z,242.832,pi:0,bottle,0.8284,575.00,295.00,665.00,581.00,2.133,-10.637
2026-04-01T14:29:40.401Z,242.832,pi:0,bottle,0.4069,545.00,322.00,587.00,555.00,2.618,-12.331
2026-04-01T14:29:40.401Z,242.832,pi:0,bottle,0.3379,639.00,288.00,761.00,551.00,2.320,-8.094
2026-04-01T14:29:40.447Z,242.878,pi:0,bottle,0.8248,575.00,297.00,663.00,580.00,2.156,-10.669
2026-04-01T14:29:40.447Z,242.878,pi:0,bottle,0.5159,544.00,321.00,588.00,557.00,2.585,-12.331
2026-04-01T14:29:40.511Z,242.942,pi:0,bottle,0.4832,576.00,332.00,664.00,579.00,2.470,-10.637
2026-04-01T14:29:40.948Z,243.379,pi:0,bottle,0.4142,763.00,298.00,857.00,570.00,2.243,-4.546
2026-04-01T14:29:41.001Z,243.432,pi:0,bottle,0.7194,758.00,228.00,864.00,570.00,1.784,-4.514
2026-04-01T14:29:41.058Z,243.488,pi:0,bottle,0.7667,757.00,226.00,864.00,571.00,1.768,-4.530
2026-04-01T14:29:41.117Z,243.548,pi:0,bottle,0.7049,755.00,224.00,857.00,572.00,1.753,-4.676
2026-04-01T14:29:41.258Z,243.689,pi:0,bottle,0.7739,759.00,193.00,856.00,570.00,1.618,-4.627
2026-04-01T14:29:41.258Z,243.689,pi:0,bottle,0.3016,576.00,308.00,658.00,569.00,2.337,-10.732
2026-04-01T14:29:41.306Z,243.737,pi:0,bottle,0.8212,757.00,207.00,860.00,571.00,1.676,-4.595
2026-04-01T14:29:41.359Z,243.790,pi:0,bottle,0.7812,755.00,191.00,859.00,570.00,1.610,-4.643
2026-04-01T14:29:41.407Z,243.838,pi:0,bottle,0.8284,754.00,199.00,859.00,571.00,1.640,-4.660
2026-04-01T14:29:41.466Z,243.897,pi:0,bottle,0.8393,754.00,192.00,861.00,572.00,1.605,-4.627
2026-04-01T14:29:41.520Z,243.951,pi:0,bottle,0.8466,755.00,201.00,858.00,571.00,1.649,-4.660
2026-04-01T14:29:41.562Z,243.993,pi:0,bottle,0.8684,753.00,199.00,857.00,571.00,1.640,-4.708
2026-04-01T14:29:41.621Z,244.052,pi:0,bottle,0.8757,754.00,196.00,857.00,571.00,1.627,-4.692
2026-04-01T14:29:41.669Z,244.100,pi:0,bottle,0.8757,754.00,196.00,857.00,571.00,1.627,-4.692
2026-04-01T14:29:41.727Z,244.158,pi:0,bottle,0.8648,754.00,197.00,856.00,571.00,1.631,-4.708
2026-04-01T14:29:41.773Z,244.204,pi:0,bottle,0.8611,755.00,196.00,857.00,571.00,1.627,-4.676
2026-04-01T14:29:41.819Z,244.249,pi:0,bottle,0.8684,755.00,200.00,857.00,570.00,1.649,-4.676
2026-04-01T14:29:41.867Z,244.298,pi:0,bottle,0.8648,755.00,198.00,857.00,571.00,1.636,-4.676
2026-04-01T14:29:41.931Z,244.362,pi:0,bottle,0.8539,754.00,199.00,856.00,570.00,1.644,-4.708
2026-04-01T14:29:41.970Z,244.401,pi:0,bottle,0.8539,755.00,196.00,857.00,572.00,1.622,-4.676
2026-04-01T14:29:42.025Z,244.456,pi:0,bottle,0.8357,754.00,196.00,856.00,570.00,1.631,-4.708
2026-04-01T14:29:42.078Z,244.509,pi:0,bottle,0.8212,757.00,195.00,858.00,571.00,1.622,-4.627
2026-04-01T14:29:42.129Z,244.560,pi:0,bottle,0.8502,757.00,196.00,857.00,570.00,1.631,-4.643
2026-04-01T14:29:42.194Z,244.625,pi:0,bottle,0.8248,756.00,198.00,857.00,571.00,1.636,-4.660
2026-04-01T14:29:42.250Z,244.681,pi:0,bottle,0.8139,752.00,206.00,864.00,569.00,1.681,-4.611
2026-04-01T14:29:42.330Z,244.761,pi:0,bottle,0.7739,759.00,210.00,868.00,568.00,1.704,-4.433
2026-04-01T14:29:42.398Z,244.829,pi:0,bottle,0.8248,767.00,205.00,875.00,567.00,1.685,-4.189
2026-04-01T14:29:42.467Z,244.898,pi:0,bottle,0.7739,766.00,205.00,878.00,564.00,1.699,-4.156
2026-04-01T14:29:42.522Z,244.953,pi:0,bottle,0.8066,771.00,212.00,877.00,564.00,1.733,-4.091
2026-04-01T14:29:42.569Z,245.000,pi:0,bottle,0.7885,772.00,216.00,875.00,558.00,1.784,-4.108
2026-04-01T14:29:42.626Z,245.057,pi:0,bottle,0.7848,772.00,216.00,876.00,560.00,1.773,-4.091
2026-04-01T14:29:42.672Z,245.103,pi:0,bottle,0.8212,776.00,223.00,876.00,560.00,1.810,-4.026
2026-04-01T14:29:42.727Z,245.157,pi:0,bottle,0.7848,776.00,225.00,878.00,560.00,1.821,-3.994
2026-04-01T14:29:42.786Z,245.217,pi:0,bottle,0.7885,781.00,225.00,882.00,559.00,1.826,-3.848
2026-04-01T14:29:42.831Z,245.262,pi:0,bottle,0.7630,784.00,228.00,882.00,558.00,1.849,-3.799
2026-04-01T14:29:42.893Z,245.323,pi:0,bottle,0.7667,784.00,228.00,882.00,558.00,1.849,-3.799
2026-04-01T14:29:42.945Z,245.376,pi:0,bottle,0.7739,782.00,227.00,882.00,558.00,1.843,-3.831
2026-04-01T14:29:42.990Z,245.421,pi:0,bottle,0.7848,782.00,224.00,881.00,559.00,1.821,-3.848
2026-04-01T14:29:43.052Z,245.483,pi:0,bottle,0.7848,778.00,225.00,879.00,558.00,1.832,-3.945
2026-04-01T14:29:43.103Z,245.534,pi:0,bottle,0.7921,781.00,227.00,879.00,558.00,1.843,-3.896
2026-04-01T14:29:43.139Z,245.570,pi:0,bottle,0.8030,781.00,227.00,880.00,559.00,1.837,-3.880
2026-04-01T14:29:43.199Z,245.630,pi:0,bottle,0.8103,781.00,224.00,882.00,560.00,1.816,-3.848
2026-04-01T14:29:43.238Z,245.669,pi:0,bottle,0.8502,778.00,225.00,880.00,559.00,1.826,-3.929
2026-04-01T14:29:43.303Z,245.734,pi:0,bottle,0.8466,780.00,225.00,880.00,560.00,1.821,-3.896
2026-04-01T14:29:43.349Z,245.779,pi:0,bottle,0.8684,781.00,226.00,878.00,560.00,1.826,-3.913
2026-04-01T14:29:43.399Z,245.830,pi:0,bottle,0.8575,779.00,227.00,878.00,558.00,1.843,-3.945
2026-04-01T14:29:43.459Z,245.890,pi:0,bottle,0.8757,781.00,228.00,879.00,558.00,1.849,-3.896
2026-04-01T14:29:43.512Z,245.943,pi:0,bottle,0.8902,781.00,228.00,880.00,558.00,1.849,-3.880
2026-04-01T14:29:43.559Z,245.990,pi:0,bottle,0.8793,780.00,225.00,880.00,559.00,1.826,-3.896
2026-04-01T14:29:43.611Z,246.042,pi:0,bottle,0.8502,781.00,228.00,878.00,558.00,1.849,-3.913
2026-04-01T14:29:43.664Z,246.095,pi:0,bottle,0.8357,778.00,226.00,881.00,560.00,1.826,-3.913
2026-04-01T14:29:43.713Z,246.144,pi:0,bottle,0.8066,782.00,227.00,880.00,557.00,1.849,-3.864
2026-04-01T14:29:43.762Z,246.193,pi:0,bottle,0.7848,780.00,226.00,880.00,558.00,1.837,-3.896
2026-04-01T14:29:43.820Z,246.251,pi:0,bottle,0.7994,781.00,222.00,880.00,557.00,1.821,-3.880
2026-04-01T14:29:43.859Z,246.290,pi:0,bottle,0.8212,781.00,219.00,881.00,558.00,1.800,-3.864
2026-04-01T14:29:43.916Z,246.347,pi:0,bottle,0.8321,781.00,226.00,881.00,556.00,1.849,-3.864
2026-04-01T14:29:43.966Z,246.397,pi:0,bottle,0.8393,781.00,228.00,880.00,556.00,1.860,-3.880
2026-04-01T14:29:44.013Z,246.444,pi:0,bottle,0.8030,781.00,228.00,880.00,556.00,1.860,-3.880
2026-04-01T14:29:44.066Z,246.497,pi:0,bottle,0.7994,785.00,228.00,880.00,556.00,1.860,-3.815
2026-04-01T14:29:44.110Z,246.541,pi:0,bottle,0.7303,798.00,227.00,883.00,554.00,1.866,-3.555
2026-04-01T14:29:45.073Z,247.504,pi:0,bottle,0.7957,787.00,224.00,880.00,556.00,1.837,-3.783
2026-04-01T14:29:45.139Z,247.569,pi:0,bottle,0.8321,781.00,224.00,881.00,560.00,1.816,-3.864
2026-04-01T14:29:45.186Z,247.616,pi:0,bottle,0.8539,779.00,225.00,881.00,559.00,1.826,-3.896
2026-04-01T14:29:45.238Z,247.668,pi:0,bottle,0.8720,780.00,226.00,880.00,560.00,1.826,-3.896
2026-04-01T14:29:45.293Z,247.724,pi:0,bottle,0.8793,780.00,226.00,880.00,560.00,1.826,-3.896
2026-04-01T14:29:45.293Z,247.724,pi:0,bottle,0.2599,612.00,305.00,670.00,560.00,2.392,-9.973
2026-04-01T14:29:45.341Z,247.772,pi:0,bottle,0.8720,779.00,226.00,880.00,559.00,1.832,-3.913
2026-04-01T14:29:45.341Z,247.772,pi:0,bottle,0.7703,592.00,311.00,675.00,563.00,2.421,-10.211
2026-04-01T14:29:45.398Z,247.829,pi:0,bottle,0.8720,779.00,225.00,880.00,559.00,1.826,-3.913
2026-04-01T14:29:45.398Z,247.829,pi:0,bottle,0.7994,591.00,310.00,674.00,563.00,2.411,-10.243
2026-04-01T14:29:45.451Z,247.882,pi:0,bottle,0.8757,779.00,226.00,880.00,559.00,1.832,-3.913
2026-04-01T14:29:45.451Z,247.882,pi:0,bottle,0.8357,592.00,311.00,673.00,563.00,2.421,-10.243
2026-04-01T14:29:45.492Z,247.923,pi:0,bottle,0.8720,779.00,226.00,880.00,560.00,1.826,-3.913
2026-04-01T14:29:45.492Z,247.923,pi:0,bottle,0.8248,592.00,311.00,674.00,563.00,2.421,-10.227
2026-04-01T14:29:45.549Z,247.980,pi:0,bottle,0.8720,778.00,227.00,880.00,560.00,1.832,-3.929
2026-04-01T14:29:45.549Z,247.980,pi:0,bottle,0.8248,591.00,311.00,674.00,563.00,2.421,-10.243
2026-04-01T14:29:45.602Z,248.033,pi:0,bottle,0.8866,779.00,225.00,881.00,560.00,1.821,-3.896
2026-04-01T14:29:45.602Z,248.033,pi:0,bottle,0.8321,591.00,311.00,673.00,563.00,2.421,-10.258
2026-04-01T14:29:45.661Z,248.092,pi:0,bottle,0.8720,780.00,226.00,880.00,560.00,1.826,-3.896
2026-04-01T14:29:45.661Z,248.092,pi:0,bottle,0.8321,592.00,312.00,674.00,563.00,2.430,-10.227
2026-04-01T14:29:45.772Z,248.203,pi:0,bottle,0.8684,779.00,226.00,881.00,560.00,1.826,-3.896
2026-04-01T14:29:45.772Z,248.203,pi:0,bottle,0.8066,591.00,310.00,674.00,562.00,2.421,-10.243
2026-04-01T14:29:45.843Z,248.284,pi:0,bottle,0.8757,779.00,225.00,881.00,560.00,1.821,-3.896
2026-04-01T14:29:45.843Z,248.284,pi:0,bottle,0.8284,591.00,311.00,674.00,562.00,2.430,-10.243
2026-04-01T14:29:45.910Z,248.341,pi:0,bottle,0.8720,779.00,226.00,881.00,560.00,1.826,-3.896
2026-04-01T14:29:45.910Z,248.341,pi:0,bottle,0.8502,591.00,308.00,674.00,563.00,2.392,-10.243
2026-04-01T14:29:45.957Z,248.388,pi:0,bottle,0.8648,779.00,226.00,881.00,560.00,1.826,-3.896
2026-04-01T14:29:45.957Z,248.388,pi:0,bottle,0.8066,591.00,311.00,673.00,563.00,2.421,-10.258
2026-04-01T14:29:46.016Z,248.447,pi:0,bottle,0.8866,779.00,226.00,881.00,560.00,1.826,-3.896
2026-04-01T14:29:46.016Z,248.447,pi:0,bottle,0.8393,591.00,311.00,674.00,563.00,2.421,-10.243
2026-04-01T14:29:46.066Z,248.497,pi:0,bottle,0.8648,779.00,226.00,880.00,560.00,1.826,-3.913
2026-04-01T14:29:46.066Z,248.497,pi:0,bottle,0.8175,591.00,309.00,674.00,562.00,2.411,-10.243
2026-04-01T14:29:46.124Z,248.555,pi:0,bottle,0.8575,779.00,226.00,881.00,560.00,1.826,-3.896
2026-04-01T14:29:46.124Z,248.555,pi:0,bottle,0.8212,591.00,310.00,674.00,563.00,2.411,-10.243
2026-04-01T14:29:46.173Z,248.604,pi:0,bottle,0.8502,780.00,226.00,881.00,560.00,1.826,-3.880
2026-04-01T14:29:46.173Z,248.604,pi:0,bottle,0.8284,591.00,310.00,674.00,563.00,2.411,-10.243
2026-04-01T14:29:46.218Z,248.649,pi:0,bottle,0.8611,779.00,225.00,881.00,560.00,1.821,-3.896
2026-04-01T14:29:46.218Z,248.649,pi:0,bottle,0.8139,592.00,309.00,673.00,562.00,2.411,-10.243
2026-04-01T14:29:46.271Z,248.701,pi:0,bottle,0.8611,780.00,225.00,880.00,560.00,1.821,-3.896
2026-04-01T14:29:46.271Z,248.701,pi:0,bottle,0.8030,592.00,309.00,673.00,562.00,2.411,-10.243
2026-04-01T14:29:46.325Z,248.756,pi:0,bottle,0.8575,779.00,226.00,880.00,560.00,1.826,-3.913
2026-04-01T14:29:46.325Z,248.756,pi:0,bottle,0.8212,592.00,309.00,674.00,563.00,2.402,-10.227
2026-04-01T14:29:46.375Z,248.806,pi:0,bottle,0.8502,780.00,226.00,880.00,559.00,1.832,-3.896
2026-04-01T14:29:46.375Z,248.806,pi:0,bottle,0.8175,592.00,309.00,674.00,563.00,2.402,-10.227
2026-04-01T14:29:46.427Z,248.857,pi:0,bottle,0.8539,779.00,226.00,880.00,560.00,1.826,-3.913
2026-04-01T14:29:46.427Z,248.857,pi:0,bottle,0.8284,591.00,310.00,674.00,563.00,2.411,-10.243
2026-04-01T14:29:46.487Z,248.918,pi:0,bottle,0.8757,779.00,226.00,880.00,560.00,1.826,-3.913
2026-04-01T14:29:46.487Z,248.918,pi:0,bottle,0.8139,591.00,309.00,673.00,562.00,2.411,-10.258
2026-04-01T14:29:46.545Z,248.975,pi:0,bottle,0.8648,779.00,225.00,880.00,560.00,1.821,-3.913
2026-04-01T14:29:46.545Z,248.975,pi:0,bottle,0.8139,591.00,310.00,674.00,562.00,2.421,-10.243
2026-04-01T14:29:46.601Z,249.032,pi:0,bottle,0.8793,779.00,226.00,882.00,561.00,1.821,-3.880
2026-04-01T14:29:46.601Z,249.032,pi:0,bottle,0.8139,591.00,310.00,674.00,563.00,2.411,-10.243
2026-04-01T14:29:46.653Z,249.084,pi:0,bottle,0.8684,779.00,226.00,880.00,560.00,1.826,-3.913
2026-04-01T14:29:46.653Z,249.084,pi:0,bottle,0.8212,592.00,310.00,674.00,563.00,2.411,-10.227
2026-04-01T14:29:46.698Z,249.129,pi:0,bottle,0.8648,779.00,225.00,880.00,560.00,1.821,-3.913
2026-04-01T14:29:46.698Z,249.129,pi:0,bottle,0.8248,591.00,310.00,674.00,563.00,2.411,-10.243
2026-04-01T14:29:46.747Z,249.177,pi:0,bottle,0.8720,778.00,226.00,880.00,559.00,1.832,-3.929
2026-04-01T14:29:46.747Z,249.177,pi:0,bottle,0.8321,591.00,310.00,674.00,563.00,2.411,-10.243
2026-04-01T14:29:46.812Z,249.243,pi:0,bottle,0.8684,779.00,225.00,880.00,561.00,1.816,-3.913
2026-04-01T14:29:46.812Z,249.243,pi:0,bottle,0.8103,591.00,309.00,674.00,563.00,2.402,-10.243
2026-04-01T14:29:46.854Z,249.284,pi:0,bottle,0.8575,779.00,225.00,881.00,560.00,1.821,-3.896
2026-04-01T14:29:46.854Z,249.284,pi:0,bottle,0.8248,592.00,309.00,674.00,563.00,2.402,-10.227
2026-04-01T14:29:46.910Z,249.341,pi:0,bottle,0.8648,779.00,226.00,880.00,560.00,1.826,-3.913
2026-04-01T14:29:46.910Z,249.341,pi:0,bottle,0.8139,591.00,310.00,674.00,563.00,2.411,-10.243
2026-04-01T14:29:46.955Z,249.386,pi:0,bottle,0.8611,779.00,226.00,880.00,560.00,1.826,-3.913
2026-04-01T14:29:46.955Z,249.386,pi:0,bottle,0.8284,592.00,310.00,674.00,563.00,2.411,-10.227
2026-04-01T14:29:47.022Z,249.453,pi:0,bottle,0.8648,779.00,225.00,880.00,560.00,1.821,-3.913
2026-04-01T14:29:47.022Z,249.453,pi:0,bottle,0.8248,592.00,310.00,674.00,563.00,2.411,-10.227
2026-04-01T14:29:47.063Z,249.494,pi:0,bottle,0.8793,778.00,226.00,880.00,560.00,1.826,-3.929
2026-04-01T14:29:47.063Z,249.494,pi:0,bottle,0.8212,591.00,311.00,673.00,563.00,2.421,-10.258
2026-04-01T14:29:47.118Z,249.549,pi:0,bottle,0.8648,779.00,226.00,881.00,561.00,1.821,-3.896
2026-04-01T14:29:47.118Z,249.549,pi:0,bottle,0.8139,591.00,309.00,674.00,563.00,2.402,-10.243
2026-04-01T14:29:47.177Z,249.608,pi:0,bottle,0.8611,779.00,227.00,880.00,560.00,1.832,-3.913
2026-04-01T14:29:47.177Z,249.608,pi:0,bottle,0.8248,592.00,310.00,674.00,563.00,2.411,-10.227
2026-04-01T14:29:47.229Z,249.660,pi:0,bottle,0.8757,779.00,226.00,880.00,560.00,1.826,-3.913
2026-04-01T14:29:47.229Z,249.660,pi:0,bottle,0.8175,591.00,310.00,674.00,563.00,2.411,-10.243
2026-04-01T14:29:47.275Z,249.706,pi:0,bottle,0.8648,778.00,226.00,880.00,559.00,1.832,-3.929
2026-04-01T14:29:47.275Z,249.706,pi:0,bottle,0.8103,591.00,310.00,674.00,562.00,2.421,-10.243
2026-04-01T14:29:47.331Z,249.762,pi:0,bottle,0.8321,778.00,226.00,880.00,560.00,1.826,-3.929
2026-04-01T14:29:47.331Z,249.762,pi:0,bottle,0.8212,591.00,310.00,673.00,563.00,2.411,-10.258
2026-04-01T14:29:47.388Z,249.819,pi:0,bottle,0.8575,779.00,225.00,880.00,560.00,1.821,-3.913
2026-04-01T14:29:47.388Z,249.819,pi:0,bottle,0.7921,591.00,311.00,674.00,563.00,2.421,-10.243
2026-04-01T14:29:47.427Z,249.862,pi:0,bottle,0.8466,779.00,225.00,880.00,560.00,1.821,-3.913
2026-04-01T14:29:47.427Z,249.862,pi:0,bottle,0.8212,591.00,310.00,674.00,563.00,2.411,-10.243
2026-04-01T14:29:47.486Z,249.917,pi:0,bottle,0.8611,780.00,226.00,880.00,560.00,1.826,-3.896
2026-04-01T14:29:47.486Z,249.917,pi:0,bottle,0.7994,591.00,310.00,674.00,562.00,2.421,-10.243
2026-04-01T14:29:47.543Z,249.974,pi:0,bottle,0.8430,778.00,226.00,880.00,560.00,1.826,-3.929
2026-04-01T14:29:47.543Z,249.974,pi:0,bottle,0.8066,591.00,311.00,674.00,563.00,2.421,-10.243
2026-04-01T14:29:47.587Z,250.018,pi:0,bottle,0.8575,779.00,226.00,881.00,560.00,1.826,-3.896
2026-04-01T14:29:47.587Z,250.018,pi:0,bottle,0.8139,591.00,311.00,674.00,563.00,2.421,-10.243
2026-04-01T14:29:47.639Z,250.070,pi:0,bottle,0.8393,780.00,229.00,879.00,557.00,1.860,-3.913
2026-04-01T14:29:47.639Z,250.070,pi:0,bottle,0.8103,592.00,310.00,674.00,563.00,2.411,-10.227
2026-04-01T14:29:47.697Z,250.127,pi:0,bottle,0.8502,779.00,226.00,879.00,560.00,1.826,-3.929
2026-04-01T14:29:47.697Z,250.127,pi:0,bottle,0.8284,591.00,311.00,674.00,562.00,2.430,-10.243
2026-04-01T14:29:47.740Z,250.171,pi:0,bottle,0.8502,779.00,226.00,880.00,560.00,1.826,-3.913
2026-04-01T14:29:47.740Z,250.171,pi:0,bottle,0.8175,591.00,310.00,674.00,563.00,2.411,-10.243
2026-04-01T14:29:47.796Z,250.227,pi:0,bottle,0.8611,779.00,226.00,880.00,560.00,1.826,-3.913
2026-04-01T14:29:47.796Z,250.227,pi:0,bottle,0.8284,591.00,311.00,674.00,562.00,2.430,-10.243
2026-04-01T14:29:47.853Z,250.284,pi:0,bottle,0.8720,779.00,226.00,880.00,560.00,1.826,-3.913
2026-04-01T14:29:47.853Z,250.284,pi:0,bottle,0.8284,591.00,310.00,673.00,563.00,2.411,-10.258
2026-04-01T14:29:47.896Z,250.327,pi:0,bottle,0.8684,779.00,226.00,881.00,560.00,1.826,-3.896
2026-04-01T14:29:47.896Z,250.327,pi:0,bottle,0.8212,592.00,310.00,674.00,562.00,2.421,-10.227
2026-04-01T14:29:47.938Z,250.369,pi:0,bottle,0.8611,779.00,226.00,880.00,559.00,1.832,-3.913
2026-04-01T14:29:47.938Z,250.369,pi:0,bottle,0.8248,592.00,310.00,673.00,563.00,2.411,-10.243
2026-04-01T14:29:48.001Z,250.431,pi:0,bottle,0.8793,779.00,225.00,881.00,560.00,1.821,-3.896
2026-04-01T14:29:48.001Z,250.431,pi:0,bottle,0.8175,591.00,311.00,674.00,563.00,2.421,-10.243
2026-04-01T14:29:48.049Z,250.479,pi:0,bottle,0.8684,779.00,225.00,880.00,559.00,1.826,-3.913
2026-04-01T14:29:48.049Z,250.479,pi:0,bottle,0.8175,592.00,310.00,674.00,563.00,2.411,-10.227
2026-04-01T14:29:48.093Z,250.523,pi:0,bottle,0.8793,779.00,225.00,881.00,560.00,1.821,-3.896
2026-04-01T14:29:48.093Z,250.523,pi:0,bottle,0.8212,592.00,309.00,674.00,563.00,2.402,-10.227
2026-04-01T14:29:48.138Z,250.569,pi:0,bottle,0.8757,779.00,226.00,880.00,559.00,1.832,-3.913
2026-04-01T14:29:48.138Z,250.569,pi:0,bottle,0.8284,591.00,311.00,674.00,563.00,2.421,-10.243
2026-04-01T14:29:48.194Z,250.625,pi:0,bottle,0.8575,779.00,225.00,880.00,560.00,1.821,-3.913
2026-04-01T14:29:48.194Z,250.625,pi:0,bottle,0.8175,592.00,310.00,674.00,563.00,2.411,-10.227
2026-04-01T14:29:48.259Z,250.690,pi:0,bottle,0.8502,779.00,226.00,880.00,560.00,1.826,-3.913
2026-04-01T14:29:48.259Z,250.690,pi:0,bottle,0.8212,590.00,310.00,673.00,563.00,2.411,-10.274
2026-04-01T14:29:48.313Z,250.744,pi:0,bottle,0.8466,779.00,225.00,881.00,560.00,1.821,-3.896
2026-04-01T14:29:48.313Z,250.744,pi:0,bottle,0.8248,592.00,310.00,674.00,563.00,2.411,-10.227
2026-04-01T14:29:48.362Z,250.793,pi:0,bottle,0.8539,779.00,226.00,881.00,560.00,1.826,-3.896
2026-04-01T14:29:48.362Z,250.793,pi:0,bottle,0.8212,591.00,310.00,674.00,563.00,2.411,-10.243
2026-04-01T14:29:48.417Z,250.848,pi:0,bottle,0.8575,779.00,225.00,880.00,559.00,1.826,-3.913
2026-04-01T14:29:48.417Z,250.848,pi:0,bottle,0.8175,592.00,310.00,674.00,563.00,2.411,-10.227
2026-04-01T14:29:48.464Z,250.895,pi:0,bottle,0.8720,779.00,225.00,880.00,560.00,1.821,-3.913
2026-04-01T14:29:48.464Z,250.895,pi:0,bottle,0.8175,591.00,309.00,674.00,563.00,2.402,-10.243
2026-04-01T14:29:48.518Z,250.949,pi:0,bottle,0.8539,780.00,225.00,881.00,560.00,1.821,-3.880
2026-04-01T14:29:48.518Z,250.949,pi:0,bottle,0.8175,591.00,309.00,674.00,563.00,2.402,-10.243
2026-04-01T14:29:48.558Z,250.989,pi:0,bottle,0.8757,779.00,225.00,881.00,560.00,1.821,-3.896
2026-04-01T14:29:48.558Z,250.989,pi:0,bottle,0.8248,591.00,309.00,674.00,563.00,2.402,-10.243
2026-04-01T14:29:48.609Z,251.039,pi:0,bottle,0.8502,779.00,226.00,880.00,560.00,1.826,-3.913
2026-04-01T14:29:48.609Z,251.039,pi:0,bottle,0.8212,592.00,309.00,674.00,563.00,2.402,-10.227
2026-04-01T14:29:48.659Z,251.090,pi:0,bottle,0.8430,780.00,226.00,881.00,560.00,1.826,-3.880
2026-04-01T14:29:48.659Z,251.090,pi:0,bottle,0.8066,591.00,310.00,673.00,563.00,2.411,-10.258
2026-04-01T14:29:48.718Z,251.149,pi:0,bottle,0.8539,779.00,226.00,880.00,560.00,1.826,-3.913
2026-04-01T14:29:48.718Z,251.149,pi:0,bottle,0.8248,592.00,310.00,674.00,563.00,2.411,-10.227
2026-04-01T14:29:48.778Z,251.209,pi:0,bottle,0.8466,779.00,226.00,880.00,560.00,1.826,-3.913
2026-04-01T14:29:48.778Z,251.209,pi:0,bottle,0.8175,591.00,310.00,674.00,563.00,2.411,-10.243
2026-04-01T14:29:48.859Z,251.290,pi:0,bottle,0.8502,779.00,226.00,880.00,560.00,1.826,-3.913
2026-04-01T14:29:48.859Z,251.290,pi:0,bottle,0.8103,591.00,310.00,674.00,563.00,2.411,-10.243
2026-04-01T14:29:48.938Z,251.369,pi:0,bottle,0.8720,780.00,226.00,880.00,560.00,1.826,-3.896
2026-04-01T14:29:48.938Z,251.369,pi:0,bottle,0.8212,591.00,310.00,673.00,563.00,2.411,-10.258
2026-04-01T14:29:49.010Z,251.441,pi:0,bottle,0.8502,779.00,226.00,881.00,560.00,1.826,-3.896
2026-04-01T14:29:49.010Z,251.441,pi:0,bottle,0.8066,591.00,311.00,674.00,563.00,2.421,-10.243
2026-04-01T14:29:49.058Z,251.489,pi:0,bottle,0.8648,779.00,225.00,880.00,559.00,1.826,-3.913
2026-04-01T14:29:49.058Z,251.489,pi:0,bottle,0.8103,591.00,309.00,673.00,563.00,2.402,-10.258
2026-04-01T14:29:49.113Z,251.544,pi:0,bottle,0.8648,779.00,226.00,881.00,560.00,1.826,-3.896
2026-04-01T14:29:49.113Z,251.544,pi:0,bottle,0.8175,591.00,311.00,674.00,563.00,2.421,-10.243
2026-04-01T14:29:49.171Z,251.602,pi:0,bottle,0.8793,779.00,226.00,880.00,560.00,1.826,-3.913
2026-04-01T14:29:49.171Z,251.602,pi:0,bottle,0.8139,592.00,310.00,674.00,563.00,2.411,-10.227
2026-04-01T14:29:49.212Z,251.643,pi:0,bottle,0.8648,779.00,225.00,880.00,561.00,1.816,-3.913
2026-04-01T14:29:49.212Z,251.643,pi:0,bottle,0.8066,591.00,310.00,674.00,563.00,2.411,-10.243
2026-04-01T14:29:49.274Z,251.705,pi:0,bottle,0.8539,779.00,225.00,881.00,561.00,1.816,-3.896
2026-04-01T14:29:49.274Z,251.705,pi:0,bottle,0.8030,592.00,310.00,674.00,563.00,2.411,-10.227
2026-04-01T14:29:49.321Z,251.752,pi:0,bottle,0.8648,779.00,225.00,881.00,560.00,1.821,-3.896
2026-04-01T14:29:49.321Z,251.752,pi:0,bottle,0.8103,592.00,309.00,674.00,563.00,2.402,-10.227
2026-04-01T14:29:49.386Z,251.817,pi:0,bottle,0.8720,779.00,226.00,881.00,559.00,1.832,-3.896
2026-04-01T14:29:49.386Z,251.817,pi:0,bottle,0.8175,591.00,310.00,674.00,562.00,2.421,-10.243
2026-04-01T14:29:49.434Z,251.865,pi:0,bottle,0.8720,778.00,226.00,880.00,560.00,1.826,-3.929
2026-04-01T14:29:49.434Z,251.865,pi:0,bottle,0.8248,591.00,310.00,674.00,563.00,2.411,-10.243
2026-04-01T14:29:49.487Z,251.918,pi:0,bottle,0.8757,779.00,225.00,880.00,560.00,1.821,-3.913
2026-04-01T14:29:49.487Z,251.918,pi:0,bottle,0.8103,591.00,310.00,674.00,563.00,2.411,-10.243
2026-04-01T14:29:49.547Z,251.978,pi:0,bottle,0.8793,779.00,225.00,880.00,560.00,1.821,-3.913
2026-04-01T14:29:49.547Z,251.978,pi:0,bottle,0.8139,591.00,310.00,674.00,563.00,2.411,-10.243
2026-04-01T14:29:49.585Z,252.016,pi:0,bottle,0.8720,779.00,225.00,881.00,559.00,1.826,-3.896
2026-04-01T14:29:49.585Z,252.016,pi:0,bottle,0.8175,591.00,310.00,674.00,562.00,2.421,-10.243
2026-04-01T14:29:49.642Z,252.073,pi:0,bottle,0.8684,779.00,226.00,881.00,559.00,1.832,-3.896
2026-04-01T14:29:49.642Z,252.073,pi:0,bottle,0.8248,591.00,310.00,673.00,563.00,2.411,-10.258
2026-04-01T14:29:49.692Z,252.123,pi:0,bottle,0.8648,779.00,225.00,881.00,560.00,1.821,-3.896
2026-04-01T14:29:49.692Z,252.123,pi:0,bottle,0.8175,592.00,310.00,673.00,563.00,2.411,-10.243
2026-04-01T14:29:49.742Z,252.173,pi:0,bottle,0.8648,779.00,225.00,881.00,560.00,1.821,-3.896
2026-04-01T14:29:49.742Z,252.173,pi:0,bottle,0.8139,590.00,310.00,674.00,563.00,2.411,-10.258
2026-04-01T14:29:49.788Z,252.219,pi:0,bottle,0.8684,779.00,226.00,881.00,560.00,1.826,-3.896
2026-04-01T14:29:49.788Z,252.219,pi:0,bottle,0.8321,590.00,310.00,674.00,563.00,2.411,-10.258
2026-04-01T14:29:49.846Z,252.277,pi:0,bottle,0.8757,779.00,225.00,881.00,560.00,1.821,-3.896
2026-04-01T14:29:49.846Z,252.277,pi:0,bottle,0.8212,592.00,310.00,674.00,563.00,2.411,-10.227
2026-04-01T14:29:49.890Z,252.321,pi:0,bottle,0.8575,779.00,225.00,881.00,560.00,1.821,-3.896
2026-04-01T14:29:49.890Z,252.321,pi:0,bottle,0.8248,591.00,309.00,674.00,563.00,2.402,-10.243
2026-04-01T14:29:49.953Z,252.384,pi:0,bottle,0.8648,779.00,225.00,882.00,560.00,1.821,-3.880
2026-04-01T14:29:49.953Z,252.384,pi:0,bottle,0.8175,591.00,310.00,674.00,563.00,2.411,-10.243
2026-04-01T14:29:50.006Z,252.436,pi:0,bottle,0.8430,779.00,225.00,881.00,560.00,1.821,-3.896
2026-04-01T14:29:50.006Z,252.436,pi:0,bottle,0.8212,591.00,310.00,674.00,563.00,2.411,-10.243
2026-04-01T14:29:50.060Z,252.491,pi:0,bottle,0.8502,779.00,225.00,881.00,560.00,1.821,-3.896
2026-04-01T14:29:50.060Z,252.491,pi:0,bottle,0.8139,591.00,310.00,674.00,563.00,2.411,-10.243
2026-04-01T14:29:50.116Z,252.547,pi:0,bottle,0.8648,779.00,226.00,880.00,560.00,1.826,-3.913
2026-04-01T14:29:50.116Z,252.547,pi:0,bottle,0.8248,590.00,311.00,673.00,563.00,2.421,-10.274
2026-04-01T14:29:50.159Z,252.590,pi:0,bottle,0.8502,779.00,225.00,881.00,560.00,1.821,-3.896
2026-04-01T14:29:50.159Z,252.590,pi:0,bottle,0.8175,592.00,310.00,674.00,563.00,2.411,-10.227
2026-04-01T14:29:50.222Z,252.653,pi:0,bottle,0.8502,779.00,225.00,881.00,560.00,1.821,-3.896
2026-04-01T14:29:50.222Z,252.653,pi:0,bottle,0.8030,591.00,310.00,674.00,563.00,2.411,-10.243
2026-04-01T14:29:50.268Z,252.699,pi:0,bottle,0.8757,779.00,226.00,881.00,559.00,1.832,-3.896
2026-04-01T14:29:50.268Z,252.699,pi:0,bottle,0.8248,592.00,310.00,673.00,563.00,2.411,-10.243
2026-04-01T14:29:50.320Z,252.751,pi:0,bottle,0.8539,779.00,226.00,881.00,560.00,1.826,-3.896
2026-04-01T14:29:50.320Z,252.751,pi:0,bottle,0.8212,592.00,309.00,674.00,563.00,2.402,-10.227
2026-04-01T14:29:50.367Z,252.798,pi:0,bottle,0.8793,780.00,225.00,880.00,560.00,1.821,-3.896
2026-04-01T14:29:50.367Z,252.798,pi:0,bottle,0.8175,592.00,310.00,673.00,563.00,2.411,-10.243
2026-04-01T14:29:50.417Z,252.848,pi:0,bottle,0.8502,779.00,226.00,881.00,560.00,1.826,-3.896
2026-04-01T14:29:50.417Z,252.848,pi:0,bottle,0.8175,591.00,310.00,674.00,563.00,2.411,-10.243
2026-04-01T14:29:50.469Z,252.900,pi:0,bottle,0.8720,778.00,226.00,881.00,560.00,1.826,-3.913
2026-04-01T14:29:50.469Z,252.900,pi:0,bottle,0.8212,591.00,310.00,674.00,563.00,2.411,-10.243
2026-04-01T14:29:50.523Z,252.954,pi:0,bottle,0.8611,779.00,225.00,881.00,560.00,1.821,-3.896
2026-04-01T14:29:50.523Z,252.954,pi:0,bottle,0.8103,591.00,311.00,674.00,563.00,2.421,-10.243
2026-04-01T14:29:50.573Z,253.004,pi:0,bottle,0.8757,779.00,226.00,880.00,561.00,1.821,-3.913
2026-04-01T14:29:50.573Z,253.004,pi:0,bottle,0.8066,591.00,310.00,674.00,562.00,2.421,-10.243
2026-04-01T14:29:50.621Z,253.052,pi:0,bottle,0.8793,779.00,225.00,880.00,560.00,1.821,-3.913
2026-04-01T14:29:50.621Z,253.052,pi:0,bottle,0.8066,592.00,310.00,674.00,563.00,2.411,-10.227
2026-04-01T14:29:50.678Z,253.109,pi:0,bottle,0.8648,779.00,226.00,880.00,560.00,1.826,-3.913
2026-04-01T14:29:50.678Z,253.109,pi:0,bottle,0.8248,592.00,310.00,673.00,563.00,2.411,-10.243
2026-04-01T14:29:50.709Z,253.140,pi:0,bottle,0.8648,779.00,226.00,880.00,560.00,1.826,-3.913
2026-04-01T14:29:50.709Z,253.140,pi:0,bottle,0.8212,591.00,310.00,674.00,563.00,2.411,-10.243
2026-04-01T14:29:50.816Z,253.247,pi:0,bottle,0.8611,779.00,225.00,880.00,561.00,1.816,-3.913
2026-04-01T14:29:50.816Z,253.247,pi:0,bottle,0.8103,591.00,309.00,674.00,562.00,2.411,-10.243
2026-04-01T14:29:50.861Z,253.292,pi:0,bottle,0.8793,779.00,225.00,881.00,560.00,1.821,-3.896
2026-04-01T14:29:50.861Z,253.292,pi:0,bottle,0.8248,591.00,311.00,674.00,563.00,2.421,-10.243
2026-04-01T14:29:50.980Z,253.411,pi:0,bottle,0.8684,778.00,226.00,881.00,560.00,1.826,-3.913
2026-04-01T14:29:50.980Z,253.411,pi:0,bottle,0.8284,591.00,309.00,674.00,563.00,2.402,-10.243
2026-04-01T14:29:51.030Z,253.460,pi:0,bottle,0.8611,779.00,225.00,880.00,559.00,1.826,-3.913
2026-04-01T14:29:51.030Z,253.460,pi:0,bottle,0.8139,592.00,310.00,674.00,563.00,2.411,-10.227
2026-04-01T14:29:51.075Z,253.506,pi:0,bottle,0.8575,779.00,226.00,880.00,560.00,1.826,-3.913
2026-04-01T14:29:51.075Z,253.506,pi:0,bottle,0.8284,591.00,310.00,674.00,563.00,2.411,-10.243
2026-04-01T14:29:51.102Z,253.533,pi:0,bottle,0.8575,779.00,226.00,881.00,560.00,1.826,-3.896
2026-04-01T14:29:51.102Z,253.533,pi:0,bottle,0.8248,591.00,310.00,674.00,563.00,2.411,-10.243
2026-04-01T14:29:51.126Z,253.557,pi:0,bottle,0.8502,779.00,225.00,881.00,560.00,1.821,-3.896
2026-04-01T14:29:51.126Z,253.557,pi:0,bottle,0.8066,590.00,310.00,675.00,563.00,2.411,-10.243
2026-04-01T14:29:51.222Z,253.652,pi:0,bottle,0.8539,779.00,225.00,881.00,560.00,1.821,-3.896
2026-04-01T14:29:51.222Z,253.652,pi:0,bottle,0.8212,590.00,310.00,674.00,563.00,2.411,-10.258
2026-04-01T14:29:51.272Z,253.703,pi:0,bottle,0.8757,779.00,226.00,880.00,560.00,1.826,-3.913
2026-04-01T14:29:51.272Z,253.703,pi:0,bottle,0.8357,591.00,311.00,673.00,563.00,2.421,-10.258
2026-04-01T14:29:51.327Z,253.758,pi:0,bottle,0.8430,779.00,226.00,881.00,561.00,1.821,-3.896
2026-04-01T14:29:51.327Z,253.758,pi:0,bottle,0.8321,591.00,309.00,674.00,563.00,2.402,-10.243
2026-04-01T14:29:51.376Z,253.806,pi:0,bottle,0.8720,779.00,225.00,880.00,559.00,1.826,-3.913
2026-04-01T14:29:51.376Z,253.806,pi:0,bottle,0.8248,591.00,310.00,674.00,563.00,2.411,-10.243
2026-04-01T14:29:51.429Z,253.860,pi:0,bottle,0.8502,779.00,226.00,880.00,560.00,1.826,-3.913
2026-04-01T14:29:51.429Z,253.860,pi:0,bottle,0.8357,591.00,309.00,674.00,563.00,2.402,-10.243
2026-04-01T14:29:51.494Z,253.924,pi:0,bottle,0.8648,779.00,225.00,880.00,560.00,1.821,-3.913
2026-04-01T14:29:51.494Z,253.924,pi:0,bottle,0.8103,591.00,310.00,674.00,563.00,2.411,-10.243
2026-04-01T14:29:51.531Z,253.961,pi:0,bottle,0.8611,780.00,226.00,881.00,560.00,1.826,-3.880
2026-04-01T14:29:51.531Z,253.961,pi:0,bottle,0.8284,591.00,310.00,674.00,563.00,2.411,-10.243
2026-04-01T14:29:51.567Z,253.998,pi:0,bottle,0.8575,779.00,225.00,881.00,560.00,1.821,-3.896
2026-04-01T14:29:51.567Z,253.998,pi:0,bottle,0.8357,591.00,310.00,674.00,563.00,2.411,-10.243
2026-04-01T14:29:51.629Z,254.060,pi:0,bottle,0.8430,780.00,225.00,881.00,560.00,1.821,-3.880
2026-04-01T14:29:51.629Z,254.060,pi:0,bottle,0.8284,591.00,310.00,674.00,563.00,2.411,-10.243
2026-04-01T14:29:51.677Z,254.108,pi:0,bottle,0.8575,779.00,226.00,880.00,560.00,1.826,-3.913
2026-04-01T14:29:51.677Z,254.108,pi:0,bottle,0.8212,592.00,310.00,674.00,563.00,2.411,-10.227
2026-04-01T14:29:51.740Z,254.171,pi:0,bottle,0.8757,780.00,226.00,880.00,560.00,1.826,-3.896
2026-04-01T14:29:51.740Z,254.171,pi:0,bottle,0.8212,591.00,310.00,674.00,563.00,2.411,-10.243
2026-04-01T14:29:51.788Z,254.219,pi:0,bottle,0.8502,779.00,226.00,881.00,560.00,1.826,-3.896
2026-04-01T14:29:51.788Z,254.219,pi:0,bottle,0.8248,591.00,311.00,674.00,563.00,2.421,-10.243
2026-04-01T14:29:51.839Z,254.269,pi:0,bottle,0.8539,779.00,225.00,880.00,560.00,1.821,-3.913
2026-04-01T14:29:51.839Z,254.269,pi:0,bottle,0.8321,591.00,310.00,674.00,563.00,2.411,-10.243
2026-04-01T14:29:51.890Z,254.320,pi:0,bottle,0.8502,779.00,225.00,880.00,560.00,1.821,-3.913
2026-04-01T14:29:51.890Z,254.320,pi:0,bottle,0.8103,590.00,310.00,674.00,563.00,2.411,-10.258
2026-04-01T14:29:51.942Z,254.372,pi:0,bottle,0.8575,779.00,226.00,881.00,560.00,1.826,-3.896
2026-04-01T14:29:51.942Z,254.372,pi:0,bottle,0.8212,591.00,311.00,674.00,563.00,2.421,-10.243
2026-04-01T14:29:51.995Z,254.426,pi:0,bottle,0.8684,779.00,225.00,881.00,560.00,1.821,-3.896
2026-04-01T14:29:51.995Z,254.426,pi:0,bottle,0.8248,591.00,310.00,674.00,563.00,2.411,-10.243
2026-04-01T14:29:52.052Z,254.483,pi:0,bottle,0.8648,780.00,225.00,880.00,559.00,1.826,-3.896
2026-04-01T14:29:52.052Z,254.483,pi:0,bottle,0.8139,591.00,310.00,673.00,562.00,2.421,-10.258
2026-04-01T14:29:52.105Z,254.536,pi:0,bottle,0.8757,779.00,226.00,880.00,559.00,1.832,-3.913
2026-04-01T14:29:52.105Z,254.536,pi:0,bottle,0.8066,591.00,310.00,674.00,562.00,2.421,-10.243
2026-04-01T14:29:52.153Z,254.583,pi:0,bottle,0.8793,779.00,225.00,881.00,559.00,1.826,-3.896
2026-04-01T14:29:52.153Z,254.583,pi:0,bottle,0.8175,591.00,311.00,674.00,563.00,2.421,-10.243
2026-04-01T14:29:52.194Z,254.625,pi:0,bottle,0.8575,779.00,226.00,882.00,560.00,1.826,-3.880
2026-04-01T14:29:52.194Z,254.625,pi:0,bottle,0.8139,591.00,310.00,674.00,563.00,2.411,-10.243
2026-04-01T14:29:52.259Z,254.689,pi:0,bottle,0.8648,779.00,226.00,881.00,560.00,1.826,-3.896
2026-04-01T14:29:52.259Z,254.689,pi:0,bottle,0.8175,591.00,310.00,674.00,563.00,2.411,-10.243
2026-04-01T14:29:52.305Z,254.736,pi:0,bottle,0.8539,780.00,225.00,881.00,560.00,1.821,-3.880
2026-04-01T14:29:52.305Z,254.736,pi:0,bottle,0.8212,591.00,310.00,673.00,563.00,2.411,-10.258
2026-04-01T14:29:52.359Z,254.790,pi:0,bottle,0.8611,779.00,226.00,881.00,560.00,1.826,-3.896
2026-04-01T14:29:52.359Z,254.790,pi:0,bottle,0.8175,591.00,310.00,673.00,563.00,2.411,-10.258
2026-04-01T14:29:52.407Z,254.838,pi:0,bottle,0.8684,780.00,226.00,882.00,560.00,1.826,-3.864
2026-04-01T14:29:52.407Z,254.838,pi:0,bottle,0.8357,592.00,308.00,674.00,562.00,2.402,-10.227
2026-04-01T14:29:52.468Z,254.899,pi:0,bottle,0.8611,779.00,226.00,881.00,560.00,1.826,-3.896
2026-04-01T14:29:52.468Z,254.899,pi:0,bottle,0.8284,591.00,310.00,674.00,563.00,2.411,-10.243
2026-04-01T14:29:52.516Z,254.947,pi:0,bottle,0.8720,780.00,226.00,882.00,560.00,1.826,-3.864
2026-04-01T14:29:52.516Z,254.947,pi:0,bottle,0.8466,592.00,310.00,674.00,563.00,2.411,-10.227
2026-04-01T14:29:52.568Z,254.999,pi:0,bottle,0.8430,779.00,226.00,881.00,560.00,1.826,-3.896
2026-04-01T14:29:52.568Z,254.999,pi:0,bottle,0.8248,591.00,310.00,673.00,563.00,2.411,-10.258
2026-04-01T14:29:52.630Z,255.061,pi:0,bottle,0.8720,778.00,226.00,880.00,560.00,1.826,-3.929
2026-04-01T14:29:52.630Z,255.061,pi:0,bottle,0.8284,592.00,309.00,674.00,563.00,2.402,-10.227
2026-04-01T14:29:52.671Z,255.102,pi:0,bottle,0.8648,779.00,226.00,882.00,560.00,1.826,-3.880
2026-04-01T14:29:52.671Z,255.102,pi:0,bottle,0.8212,591.00,310.00,674.00,563.00,2.411,-10.243
2026-04-01T14:29:52.731Z,255.162,pi:0,bottle,0.8720,779.00,225.00,881.00,560.00,1.821,-3.896
2026-04-01T14:29:52.731Z,255.162,pi:0,bottle,0.8284,591.00,310.00,674.00,563.00,2.411,-10.243
2026-04-01T14:29:52.789Z,255.220,pi:0,bottle,0.8648,779.00,225.00,882.00,560.00,1.821,-3.880
2026-04-01T14:29:52.789Z,255.220,pi:0,bottle,0.8030,592.00,310.00,673.00,563.00,2.411,-10.243
2026-04-01T14:29:52.849Z,255.279,pi:0,bottle,0.8575,779.00,225.00,880.00,560.00,1.821,-3.913
2026-04-01T14:29:52.849Z,255.279,pi:0,bottle,0.8212,592.00,310.00,674.00,563.00,2.411,-10.227
2026-04-01T14:29:52.919Z,255.349,pi:0,bottle,0.8430,779.00,226.00,881.00,560.00,1.826,-3.896
2026-04-01T14:29:52.919Z,255.349,pi:0,bottle,0.8139,591.00,310.00,674.00,563.00,2.411,-10.243
2026-04-01T14:29:52.994Z,255.425,pi:0,bottle,0.8757,779.00,225.00,880.00,560.00,1.821,-3.913
2026-04-01T14:29:52.994Z,255.425,pi:0,bottle,0.8321,591.00,309.00,674.00,563.00,2.402,-10.243
2026-04-01T14:29:53.068Z,255.499,pi:0,bottle,0.8539,779.00,226.00,880.00,560.00,1.826,-3.913
2026-04-01T14:29:53.068Z,255.499,pi:0,bottle,0.8175,591.00,310.00,674.00,562.00,2.421,-10.243
2026-04-01T14:29:53.127Z,255.558,pi:0,bottle,0.8648,779.00,225.00,881.00,560.00,1.821,-3.896
2026-04-01T14:29:53.127Z,255.558,pi:0,bottle,0.8139,591.00,310.00,673.00,563.00,2.411,-10.258
2026-04-01T14:29:53.177Z,255.608,pi:0,bottle,0.8757,780.00,225.00,880.00,560.00,1.821,-3.896
2026-04-01T14:29:53.177Z,255.608,pi:0,bottle,0.8175,592.00,309.00,674.00,563.00,2.402,-10.227
2026-04-01T14:29:53.230Z,255.661,pi:0,bottle,0.8502,779.00,225.00,880.00,560.00,1.821,-3.913
2026-04-01T14:29:53.230Z,255.661,pi:0,bottle,0.8248,592.00,309.00,673.00,563.00,2.402,-10.243
2026-04-01T14:29:53.276Z,255.707,pi:0,bottle,0.8648,779.00,225.00,881.00,560.00,1.821,-3.896
2026-04-01T14:29:53.276Z,255.707,pi:0,bottle,0.8284,591.00,310.00,674.00,562.00,2.421,-10.243
2026-04-01T14:29:53.317Z,255.748,pi:0,bottle,0.8611,779.00,225.00,881.00,561.00,1.816,-3.896
2026-04-01T14:29:53.317Z,255.748,pi:0,bottle,0.8212,591.00,310.00,674.00,562.00,2.421,-10.243
2026-04-01T14:29:53.369Z,255.800,pi:0,bottle,0.8575,779.00,226.00,880.00,560.00,1.826,-3.913
2026-04-01T14:29:53.369Z,255.800,pi:0,bottle,0.8248,592.00,310.00,674.00,563.00,2.411,-10.227
2026-04-01T14:29:53.424Z,255.855,pi:0,bottle,0.8648,779.00,226.00,881.00,560.00,1.826,-3.896
2026-04-01T14:29:53.424Z,255.855,pi:0,bottle,0.8175,591.00,310.00,674.00,563.00,2.411,-10.243
2026-04-01T14:29:53.474Z,255.905,pi:0,bottle,0.8466,779.00,225.00,881.00,560.00,1.821,-3.896
2026-04-01T14:29:53.474Z,255.905,pi:0,bottle,0.8212,592.00,310.00,674.00,563.00,2.411,-10.227
2026-04-01T14:29:53.526Z,255.957,pi:0,bottle,0.8611,779.00,225.00,880.00,560.00,1.821,-3.913
2026-04-01T14:29:53.526Z,255.957,pi:0,bottle,0.8175,591.00,310.00,673.00,562.00,2.421,-10.258
2026-04-01T14:29:53.571Z,256.002,pi:0,bottle,0.8611,779.00,226.00,880.00,560.00,1.826,-3.913
2026-04-01T14:29:53.571Z,256.002,pi:0,bottle,0.7921,592.00,310.00,673.00,563.00,2.411,-10.243
2026-04-01T14:29:53.627Z,256.058,pi:0,bottle,0.8502,779.00,226.00,881.00,560.00,1.826,-3.896
2026-04-01T14:29:53.627Z,256.058,pi:0,bottle,0.8103,592.00,310.00,674.00,563.00,2.411,-10.227
2026-04-01T14:29:53.684Z,256.115,pi:0,bottle,0.8684,779.00,225.00,881.00,560.00,1.821,-3.896
2026-04-01T14:29:53.684Z,256.115,pi:0,bottle,0.8212,592.00,310.00,674.00,563.00,2.411,-10.227
2026-04-01T14:29:53.730Z,256.161,pi:0,bottle,0.8575,779.00,226.00,881.00,560.00,1.826,-3.896
2026-04-01T14:29:53.730Z,256.161,pi:0,bottle,0.8321,591.00,310.00,674.00,563.00,2.411,-10.243
2026-04-01T14:29:53.789Z,256.220,pi:0,bottle,0.8539,779.00,225.00,880.00,560.00,1.821,-3.913
2026-04-01T14:29:53.789Z,256.220,pi:0,bottle,0.8248,591.00,309.00,674.00,563.00,2.402,-10.243
2026-04-01T14:29:53.845Z,256.276,pi:0,bottle,0.8648,779.00,226.00,881.00,560.00,1.826,-3.896
2026-04-01T14:29:53.845Z,256.276,pi:0,bottle,0.8212,592.00,310.00,674.00,563.00,2.411,-10.227
2026-04-01T14:29:53.889Z,256.320,pi:0,bottle,0.8430,779.00,225.00,881.00,559.00,1.826,-3.896
2026-04-01T14:29:53.889Z,256.320,pi:0,bottle,0.8175,591.00,310.00,674.00,563.00,2.411,-10.243
2026-04-01T14:29:53.935Z,256.366,pi:0,bottle,0.8539,779.00,226.00,880.00,560.00,1.826,-3.913
2026-04-01T14:29:53.935Z,256.366,pi:0,bottle,0.8212,591.00,310.00,674.00,563.00,2.411,-10.243
2026-04-01T14:29:53.996Z,256.427,pi:0,bottle,0.8720,779.00,226.00,880.00,560.00,1.826,-3.913
2026-04-01T14:29:53.996Z,256.427,pi:0,bottle,0.8393,592.00,310.00,674.00,563.00,2.411,-10.227
2026-04-01T14:29:54.050Z,256.481,pi:0,bottle,0.8793,779.00,226.00,881.00,560.00,1.826,-3.896
2026-04-01T14:29:54.050Z,256.481,pi:0,bottle,0.8066,591.00,310.00,674.00,562.00,2.421,-10.243
2026-04-01T14:29:54.093Z,256.524,pi:0,bottle,0.8648,780.00,225.00,882.00,560.00,1.821,-3.864
2026-04-01T14:29:54.093Z,256.524,pi:0,bottle,0.8321,591.00,310.00,674.00,563.00,2.411,-10.243
2026-04-01T14:29:54.154Z,256.585,pi:0,bottle,0.8720,778.00,225.00,881.00,560.00,1.821,-3.913
2026-04-01T14:29:54.154Z,256.585,pi:0,bottle,0.8284,592.00,309.00,673.00,563.00,2.402,-10.243
2026-04-01T14:29:54.204Z,256.635,pi:0,bottle,0.8539,779.00,226.00,881.00,559.00,1.832,-3.896
2026-04-01T14:29:54.204Z,256.635,pi:0,bottle,0.8103,591.00,310.00,673.00,562.00,2.421,-10.258
2026-04-01T14:29:54.258Z,256.689,pi:0,bottle,0.8757,779.00,225.00,881.00,560.00,1.821,-3.896
2026-04-01T14:29:54.258Z,256.689,pi:0,bottle,0.8284,591.00,310.00,674.00,563.00,2.411,-10.243
2026-04-01T14:29:54.310Z,256.741,pi:0,bottle,0.8575,779.00,226.00,881.00,560.00,1.826,-3.896
2026-04-01T14:29:54.310Z,256.741,pi:0,bottle,0.8175,592.00,310.00,674.00,563.00,2.411,-10.227
2026-04-01T14:29:54.360Z,256.790,pi:0,bottle,0.8757,779.00,226.00,881.00,560.00,1.826,-3.896
2026-04-01T14:29:54.360Z,256.790,pi:0,bottle,0.8066,591.00,310.00,673.00,562.00,2.421,-10.258
2026-04-01T14:29:54.413Z,256.844,pi:0,bottle,0.8466,779.00,226.00,881.00,560.00,1.826,-3.896
2026-04-01T14:29:54.413Z,256.844,pi:0,bottle,0.8248,591.00,311.00,674.00,562.00,2.430,-10.243
2026-04-01T14:29:54.466Z,256.897,pi:0,bottle,0.8720,779.00,225.00,881.00,560.00,1.821,-3.896
2026-04-01T14:29:54.466Z,256.897,pi:0,bottle,0.8284,592.00,310.00,674.00,563.00,2.411,-10.227
2026-04-01T14:29:54.524Z,256.955,pi:0,bottle,0.8757,778.00,226.00,882.00,560.00,1.826,-3.896
2026-04-01T14:29:54.524Z,256.955,pi:0,bottle,0.8175,591.00,310.00,674.00,563.00,2.411,-10.243
2026-04-01T14:29:54.573Z,257.004,pi:0,bottle,0.8720,779.00,226.00,882.00,560.00,1.826,-3.880
2026-04-01T14:29:54.573Z,257.004,pi:0,bottle,0.8212,591.00,310.00,674.00,563.00,2.411,-10.243
2026-04-01T14:29:54.625Z,257.056,pi:0,bottle,0.8793,779.00,226.00,882.00,561.00,1.821,-3.880
2026-04-01T14:29:54.625Z,257.056,pi:0,bottle,0.8175,591.00,310.00,673.00,563.00,2.411,-10.258
2026-04-01T14:29:54.678Z,257.109,pi:0,bottle,0.8611,779.00,225.00,882.00,560.00,1.821,-3.880
2026-04-01T14:29:54.678Z,257.109,pi:0,bottle,0.8212,591.00,311.00,674.00,563.00,2.421,-10.243
2026-04-01T14:29:54.729Z,257.160,pi:0,bottle,0.8757,779.00,225.00,881.00,561.00,1.816,-3.896
2026-04-01T14:29:54.729Z,257.160,pi:0,bottle,0.8284,591.00,310.00,674.00,563.00,2.411,-10.243
2026-04-01T14:29:54.778Z,257.209,pi:0,bottle,0.8648,779.00,226.00,882.00,560.00,1.826,-3.880
2026-04-01T14:29:54.778Z,257.209,pi:0,bottle,0.8212,591.00,310.00,674.00,563.00,2.411,-10.243
2026-04-01T14:29:54.840Z,257.271,pi:0,bottle,0.8793,779.00,226.00,880.00,560.00,1.826,-3.913
2026-04-01T14:29:54.840Z,257.271,pi:0,bottle,0.8103,592.00,310.00,674.00,563.00,2.411,-10.227
2026-04-01T14:29:54.892Z,257.323,pi:0,bottle,0.8720,779.00,225.00,881.00,560.00,1.821,-3.896
2026-04-01T14:29:54.892Z,257.323,pi:0,bottle,0.8030,592.00,310.00,674.00,563.00,2.411,-10.227
2026-04-01T14:29:54.945Z,257.375,pi:0,bottle,0.8684,779.00,225.00,881.00,560.00,1.821,-3.896
2026-04-01T14:29:54.945Z,257.375,pi:0,bottle,0.8212,592.00,310.00,674.00,563.00,2.411,-10.227
2026-04-01T14:29:54.991Z,257.421,pi:0,bottle,0.8648,779.00,225.00,881.00,560.00,1.821,-3.896
2026-04-01T14:29:54.991Z,257.421,pi:0,bottle,0.8248,591.00,309.00,674.00,563.00,2.402,-10.243
2026-04-01T14:29:55.031Z,257.462,pi:0,bottle,0.8539,779.00,226.00,881.00,560.00,1.826,-3.896
2026-04-01T14:29:55.031Z,257.462,pi:0,bottle,0.8321,591.00,309.00,674.00,563.00,2.402,-10.243
2026-04-01T14:29:55.093Z,257.524,pi:0,bottle,0.8466,779.00,225.00,881.00,560.00,1.821,-3.896
2026-04-01T14:29:55.093Z,257.524,pi:0,bottle,0.8248,591.00,310.00,674.00,563.00,2.411,-10.243
2026-04-01T14:29:55.142Z,257.573,pi:0,bottle,0.8720,779.00,226.00,881.00,560.00,1.826,-3.896
2026-04-01T14:29:55.142Z,257.573,pi:0,bottle,0.8212,592.00,310.00,674.00,563.00,2.411,-10.227
2026-04-01T14:29:55.192Z,257.622,pi:0,bottle,0.8793,779.00,225.00,882.00,560.00,1.821,-3.880
2026-04-01T14:29:55.192Z,257.622,pi:0,bottle,0.8212,591.00,310.00,674.00,563.00,2.411,-10.243
2026-04-01T14:29:55.242Z,257.673,pi:0,bottle,0.8757,779.00,226.00,881.00,561.00,1.821,-3.896
2026-04-01T14:29:55.242Z,257.673,pi:0,bottle,0.8284,592.00,309.00,673.00,563.00,2.402,-10.243
2026-04-01T14:29:55.298Z,257.729,pi:0,bottle,0.8793,779.00,226.00,880.00,559.00,1.832,-3.913
2026-04-01T14:29:55.298Z,257.729,pi:0,bottle,0.8284,592.00,310.00,674.00,563.00,2.411,-10.227
2026-04-01T14:29:55.357Z,257.788,pi:0,bottle,0.8648,779.00,226.00,880.00,560.00,1.826,-3.913
2026-04-01T14:29:55.357Z,257.788,pi:0,bottle,0.8103,591.00,310.00,674.00,563.00,2.411,-10.243
2026-04-01T14:29:55.399Z,257.829,pi:0,bottle,0.8648,779.00,226.00,881.00,560.00,1.826,-3.896
2026-04-01T14:29:55.399Z,257.829,pi:0,bottle,0.8321,592.00,310.00,674.00,563.00,2.411,-10.227
2026-04-01T14:29:55.459Z,257.890,pi:0,bottle,0.8793,779.00,226.00,881.00,560.00,1.826,-3.896
2026-04-01T14:29:55.459Z,257.890,pi:0,bottle,0.8139,592.00,311.00,674.00,563.00,2.421,-10.227
2026-04-01T14:29:55.502Z,257.933,pi:0,bottle,0.8684,779.00,226.00,880.00,560.00,1.826,-3.913
2026-04-01T14:29:55.502Z,257.933,pi:0,bottle,0.8284,592.00,309.00,674.00,563.00,2.402,-10.227
2026-04-01T14:29:55.567Z,257.998,pi:0,bottle,0.8648,779.00,225.00,881.00,560.00,1.821,-3.896
2026-04-01T14:29:55.567Z,257.998,pi:0,bottle,0.8212,591.00,310.00,673.00,563.00,2.411,-10.258
2026-04-01T14:29:55.617Z,258.048,pi:0,bottle,0.8648,779.00,225.00,881.00,560.00,1.821,-3.896
2026-04-01T14:29:55.617Z,258.048,pi:0,bottle,0.8066,592.00,310.00,674.00,562.00,2.421,-10.227
2026-04-01T14:29:55.677Z,258.108,pi:0,bottle,0.8793,779.00,226.00,882.00,560.00,1.826,-3.880
2026-04-01T14:29:55.677Z,258.108,pi:0,bottle,0.8284,591.00,309.00,673.00,563.00,2.402,-10.258
2026-04-01T14:29:55.721Z,258.152,pi:0,bottle,0.8648,779.00,226.00,882.00,561.00,1.821,-3.880
2026-04-01T14:29:55.721Z,258.152,pi:0,bottle,0.8103,591.00,310.00,674.00,563.00,2.411,-10.243
2026-04-01T14:29:55.769Z,258.200,pi:0,bottle,0.8502,780.00,226.00,882.00,560.00,1.826,-3.864
2026-04-01T14:29:55.769Z,258.200,pi:0,bottle,0.8284,592.00,310.00,674.00,563.00,2.411,-10.227
2026-04-01T14:29:55.825Z,258.256,pi:0,bottle,0.8720,779.00,225.00,882.00,560.00,1.821,-3.880
2026-04-01T14:29:55.825Z,258.256,pi:0,bottle,0.8284,591.00,309.00,674.00,563.00,2.402,-10.243
2026-04-01T14:29:55.875Z,258.305,pi:0,bottle,0.8611,779.00,226.00,881.00,560.00,1.826,-3.896
2026-04-01T14:29:55.875Z,258.305,pi:0,bottle,0.8212,592.00,309.00,674.00,563.00,2.402,-10.227
2026-04-01T14:29:55.932Z,258.363,pi:0,bottle,0.8720,779.00,225.00,881.00,560.00,1.821,-3.896
2026-04-01T14:29:55.932Z,258.363,pi:0,bottle,0.8175,591.00,311.00,673.00,562.00,2.430,-10.258
2026-04-01T14:29:55.985Z,258.416,pi:0,bottle,0.8793,779.00,225.00,880.00,559.00,1.826,-3.913
2026-04-01T14:29:55.985Z,258.416,pi:0,bottle,0.8393,591.00,310.00,674.00,563.00,2.411,-10.243
2026-04-01T14:29:56.035Z,258.466,pi:0,bottle,0.8720,779.00,226.00,880.00,560.00,1.826,-3.913
2026-04-01T14:29:56.035Z,258.466,pi:0,bottle,0.8248,591.00,309.00,674.00,563.00,2.402,-10.243
2026-04-01T14:29:56.082Z,258.513,pi:0,bottle,0.8757,779.00,226.00,881.00,559.00,1.832,-3.896
2026-04-01T14:29:56.082Z,258.513,pi:0,bottle,0.8321,592.00,309.00,674.00,563.00,2.402,-10.227
2026-04-01T14:29:56.138Z,258.569,pi:0,bottle,0.8793,779.00,226.00,880.00,560.00,1.826,-3.913
2026-04-01T14:29:56.138Z,258.569,pi:0,bottle,0.8212,591.00,309.00,674.00,563.00,2.402,-10.243
2026-04-01T14:29:56.189Z,258.620,pi:0,bottle,0.8539,779.00,225.00,881.00,560.00,1.821,-3.896
2026-04-01T14:29:56.189Z,258.620,pi:0,bottle,0.8103,591.00,310.00,674.00,563.00,2.411,-10.243
2026-04-01T14:29:56.245Z,258.676,pi:0,bottle,0.8757,778.00,226.00,881.00,560.00,1.826,-3.913
2026-04-01T14:29:56.245Z,258.676,pi:0,bottle,0.8393,591.00,310.00,673.00,563.00,2.411,-10.258
2026-04-01T14:29:56.299Z,258.730,pi:0,bottle,0.8357,779.00,227.00,881.00,560.00,1.832,-3.896
2026-04-01T14:29:56.299Z,258.730,pi:0,bottle,0.8248,591.00,310.00,674.00,563.00,2.411,-10.243
2026-04-01T14:29:56.369Z,258.800,pi:0,bottle,0.8720,779.00,226.00,881.00,560.00,1.826,-3.896
2026-04-01T14:29:56.369Z,258.800,pi:0,bottle,0.8212,591.00,310.00,674.00,562.00,2.421,-10.243
2026-04-01T14:29:56.450Z,258.881,pi:0,bottle,0.8829,779.00,226.00,880.00,560.00,1.826,-3.913
2026-04-01T14:29:56.450Z,258.881,pi:0,bottle,0.8248,591.00,310.00,674.00,562.00,2.421,-10.243
2026-04-01T14:29:56.551Z,258.982,pi:0,bottle,0.8793,779.00,226.00,881.00,561.00,1.821,-3.896
2026-04-01T14:29:56.551Z,258.982,pi:0,bottle,0.8103,592.00,311.00,674.00,563.00,2.421,-10.227
2026-04-01T14:29:56.609Z,259.040,pi:0,bottle,0.8575,779.00,225.00,882.00,560.00,1.821,-3.880
2026-04-01T14:29:56.609Z,259.040,pi:0,bottle,0.8502,591.00,310.00,674.00,563.00,2.411,-10.243
2026-04-01T14:29:56.666Z,259.096,pi:0,bottle,0.8720,778.00,226.00,881.00,559.00,1.832,-3.913
2026-04-01T14:29:56.666Z,259.096,pi:0,bottle,0.8212,591.00,310.00,674.00,563.00,2.411,-10.243
2026-04-01T14:29:56.723Z,259.154,pi:0,bottle,0.8757,779.00,225.00,881.00,561.00,1.816,-3.896
2026-04-01T14:29:56.723Z,259.154,pi:0,bottle,0.8248,590.00,310.00,673.00,563.00,2.411,-10.274
2026-04-01T14:29:56.774Z,259.204,pi:0,bottle,0.8575,780.00,225.00,881.00,560.00,1.821,-3.880
2026-04-01T14:29:56.774Z,259.204,pi:0,bottle,0.8321,591.00,309.00,674.00,563.00,2.402,-10.243
2026-04-01T14:29:56.821Z,259.251,pi:0,bottle,0.8684,779.00,226.00,881.00,560.00,1.826,-3.896
2026-04-01T14:29:56.821Z,259.251,pi:0,bottle,0.8175,591.00,310.00,674.00,563.00,2.411,-10.243
2026-04-01T14:29:56.871Z,259.302,pi:0,bottle,0.8648,779.00,226.00,881.00,560.00,1.826,-3.896
2026-04-01T14:29:56.871Z,259.302,pi:0,bottle,0.8248,591.00,310.00,673.00,563.00,2.411,-10.258
2026-04-01T14:29:56.928Z,259.359,pi:0,bottle,0.8829,779.00,226.00,881.00,561.00,1.821,-3.896
2026-04-01T14:29:56.928Z,259.359,pi:0,bottle,0.8321,591.00,311.00,673.00,563.00,2.421,-10.258
2026-04-01T14:29:56.971Z,259.402,pi:0,bottle,0.8720,779.00,225.00,880.00,560.00,1.821,-3.913
2026-04-01T14:29:56.971Z,259.402,pi:0,bottle,0.8066,592.00,310.00,674.00,563.00,2.411,-10.227
2026-04-01T14:29:57.029Z,259.460,pi:0,bottle,0.8793,779.00,226.00,882.00,561.00,1.821,-3.880
2026-04-01T14:29:57.029Z,259.460,pi:0,bottle,0.8175,591.00,310.00,674.00,563.00,2.411,-10.243
2026-04-01T14:29:57.078Z,259.509,pi:0,bottle,0.8648,779.00,226.00,881.00,560.00,1.826,-3.896
2026-04-01T14:29:57.078Z,259.509,pi:0,bottle,0.8321,591.00,311.00,674.00,563.00,2.421,-10.243
2026-04-01T14:29:57.128Z,259.559,pi:0,bottle,0.8611,779.00,225.00,881.00,560.00,1.821,-3.896
2026-04-01T14:29:57.128Z,259.559,pi:0,bottle,0.8321,592.00,310.00,673.00,563.00,2.411,-10.243
2026-04-01T14:29:57.181Z,259.612,pi:0,bottle,0.8793,779.00,226.00,881.00,560.00,1.826,-3.896
2026-04-01T14:29:57.181Z,259.612,pi:0,bottle,0.8175,592.00,311.00,674.00,563.00,2.421,-10.227
2026-04-01T14:29:57.227Z,259.658,pi:0,bottle,0.8720,779.00,226.00,881.00,561.00,1.821,-3.896
2026-04-01T14:29:57.227Z,259.658,pi:0,bottle,0.8139,591.00,310.00,674.00,562.00,2.421,-10.243
2026-04-01T14:29:57.275Z,259.706,pi:0,bottle,0.8720,779.00,226.00,882.00,560.00,1.826,-3.880
2026-04-01T14:29:57.275Z,259.706,pi:0,bottle,0.8212,592.00,309.00,674.00,563.00,2.402,-10.227
2026-04-01T14:29:57.328Z,259.759,pi:0,bottle,0.8575,779.00,226.00,881.00,559.00,1.832,-3.896
2026-04-01T14:29:57.328Z,259.759,pi:0,bottle,0.8212,592.00,310.00,673.00,563.00,2.411,-10.243
2026-04-01T14:29:57.377Z,259.808,pi:0,bottle,0.8430,779.00,226.00,882.00,560.00,1.826,-3.880
2026-04-01T14:29:57.377Z,259.808,pi:0,bottle,0.8321,591.00,310.00,674.00,563.00,2.411,-10.243
2026-04-01T14:29:57.426Z,259.857,pi:0,bottle,0.8575,779.00,226.00,882.00,561.00,1.821,-3.880
2026-04-01T14:29:57.426Z,259.857,pi:0,bottle,0.8248,591.00,311.00,674.00,563.00,2.421,-10.243
2026-04-01T14:29:57.470Z,259.901,pi:0,bottle,0.8648,779.00,226.00,881.00,560.00,1.826,-3.896
2026-04-01T14:29:57.470Z,259.901,pi:0,bottle,0.8284,592.00,310.00,674.00,563.00,2.411,-10.227
2026-04-01T14:29:57.533Z,259.964,pi:0,bottle,0.8757,779.00,225.00,882.00,560.00,1.821,-3.880
2026-04-01T14:29:57.533Z,259.964,pi:0,bottle,0.8212,592.00,309.00,674.00,563.00,2.402,-10.227
2026-04-01T14:29:57.582Z,260.013,pi:0,bottle,0.8393,779.00,226.00,880.00,560.00,1.826,-3.913
2026-04-01T14:29:57.582Z,260.013,pi:0,bottle,0.8030,591.00,310.00,673.00,562.00,2.421,-10.258
2026-04-01T14:29:57.630Z,260.061,pi:0,bottle,0.8793,779.00,225.00,881.00,560.00,1.821,-3.896
2026-04-01T14:29:57.630Z,260.061,pi:0,bottle,0.8139,591.00,310.00,673.00,563.00,2.411,-10.258
2026-04-01T14:29:57.688Z,260.119,pi:0,bottle,0.8648,780.00,225.00,881.00,560.00,1.821,-3.880
2026-04-01T14:29:57.688Z,260.119,pi:0,bottle,0.8139,591.00,310.00,673.00,563.00,2.411,-10.258
2026-04-01T14:29:57.741Z,260.171,pi:0,bottle,0.8502,779.00,226.00,881.00,560.00,1.826,-3.896
2026-04-01T14:29:57.741Z,260.171,pi:0,bottle,0.8175,591.00,309.00,674.00,563.00,2.402,-10.243
2026-04-01T14:29:57.795Z,260.226,pi:0,bottle,0.8648,779.00,226.00,880.00,561.00,1.821,-3.913
2026-04-01T14:29:57.795Z,260.226,pi:0,bottle,0.8357,591.00,310.00,673.00,563.00,2.411,-10.258
2026-04-01T14:29:57.850Z,260.281,pi:0,bottle,0.8575,779.00,226.00,880.00,560.00,1.826,-3.913
2026-04-01T14:29:57.850Z,260.281,pi:0,bottle,0.8212,592.00,310.00,673.00,563.00,2.411,-10.243
2026-04-01T14:29:57.906Z,260.337,pi:0,bottle,0.8648,779.00,226.00,881.00,561.00,1.821,-3.896
2026-04-01T14:29:57.906Z,260.337,pi:0,bottle,0.8248,592.00,310.00,674.00,563.00,2.411,-10.227
2026-04-01T14:29:57.957Z,260.388,pi:0,bottle,0.8611,779.00,226.00,881.00,560.00,1.826,-3.896
2026-04-01T14:29:57.957Z,260.388,pi:0,bottle,0.8248,591.00,310.00,675.00,563.00,2.411,-10.227
2026-04-01T14:29:58.011Z,260.442,pi:0,bottle,0.8757,778.00,226.00,881.00,560.00,1.826,-3.913
2026-04-01T14:29:58.011Z,260.442,pi:0,bottle,0.8248,591.00,309.00,674.00,563.00,2.402,-10.243
2026-04-01T14:29:58.065Z,260.496,pi:0,bottle,0.8575,779.00,226.00,880.00,560.00,1.826,-3.913
2026-04-01T14:29:58.065Z,260.496,pi:0,bottle,0.8175,591.00,310.00,673.00,563.00,2.411,-10.258
2026-04-01T14:29:58.139Z,260.569,pi:0,bottle,0.8793,778.00,225.00,881.00,560.00,1.821,-3.913
2026-04-01T14:29:58.139Z,260.569,pi:0,bottle,0.8248,592.00,310.00,674.00,563.00,2.411,-10.227
2026-04-01T14:29:58.198Z,260.629,pi:0,bottle,0.8611,779.00,226.00,881.00,560.00,1.826,-3.896
2026-04-01T14:29:58.198Z,260.629,pi:0,bottle,0.8393,592.00,310.00,674.00,563.00,2.411,-10.227
2026-04-01T14:29:58.273Z,260.704,pi:0,bottle,0.8720,779.00,227.00,880.00,560.00,1.832,-3.913
2026-04-01T14:29:58.273Z,260.704,pi:0,bottle,0.8212,592.00,310.00,673.00,563.00,2.411,-10.243
2026-04-01T14:29:58.324Z,260.755,pi:0,bottle,0.8793,779.00,226.00,881.00,560.00,1.826,-3.896
2026-04-01T14:29:58.324Z,260.755,pi:0,bottle,0.8030,591.00,310.00,674.00,563.00,2.411,-10.243
2026-04-01T14:29:58.359Z,260.790,pi:0,bottle,0.8720,778.00,226.00,882.00,560.00,1.826,-3.896
2026-04-01T14:29:58.359Z,260.790,pi:0,bottle,0.8248,592.00,310.00,674.00,563.00,2.411,-10.227
2026-04-01T14:29:58.423Z,260.854,pi:0,bottle,0.8793,779.00,227.00,881.00,560.00,1.832,-3.896
2026-04-01T14:29:58.423Z,260.854,pi:0,bottle,0.8139,591.00,310.00,674.00,563.00,2.411,-10.243
2026-04-01T14:29:58.468Z,260.899,pi:0,bottle,0.8829,779.00,225.00,880.00,560.00,1.821,-3.913
2026-04-01T14:29:58.468Z,260.899,pi:0,bottle,0.8284,592.00,310.00,674.00,563.00,2.411,-10.227
2026-04-01T14:29:58.518Z,260.949,pi:0,bottle,0.8757,779.00,225.00,880.00,559.00,1.826,-3.913
2026-04-01T14:29:58.518Z,260.949,pi:0,bottle,0.8284,592.00,310.00,674.00,563.00,2.411,-10.227
2026-04-01T14:29:58.566Z,260.997,pi:0,bottle,0.8757,780.00,226.00,880.00,560.00,1.826,-3.896
2026-04-01T14:29:58.566Z,260.997,pi:0,bottle,0.8175,592.00,310.00,674.00,563.00,2.411,-10.227
2026-04-01T14:29:58.619Z,261.050,pi:0,bottle,0.8648,779.00,225.00,882.00,560.00,1.821,-3.880
2026-04-01T14:29:58.619Z,261.050,pi:0,bottle,0.8248,592.00,311.00,673.00,563.00,2.421,-10.243
2026-04-01T14:29:58.662Z,261.093,pi:0,bottle,0.8575,779.00,226.00,880.00,559.00,1.832,-3.913
2026-04-01T14:29:58.662Z,261.093,pi:0,bottle,0.8066,591.00,310.00,674.00,563.00,2.411,-10.243
2026-04-01T14:29:58.718Z,261.149,pi:0,bottle,0.8720,779.00,226.00,880.00,559.00,1.832,-3.913
2026-04-01T14:29:58.718Z,261.149,pi:0,bottle,0.8248,591.00,310.00,673.00,562.00,2.421,-10.258
2026-04-01T14:29:58.769Z,261.200,pi:0,bottle,0.8575,780.00,225.00,880.00,560.00,1.821,-3.896
2026-04-01T14:29:58.769Z,261.200,pi:0,bottle,0.8284,591.00,310.00,674.00,563.00,2.411,-10.243
2026-04-01T14:29:58.818Z,261.248,pi:0,bottle,0.8611,779.00,226.00,881.00,559.00,1.832,-3.896
2026-04-01T14:29:58.818Z,261.248,pi:0,bottle,0.8066,592.00,311.00,674.00,562.00,2.430,-10.227
2026-04-01T14:29:58.868Z,261.299,pi:0,bottle,0.8575,779.00,225.00,880.00,560.00,1.821,-3.913
2026-04-01T14:29:58.868Z,261.299,pi:0,bottle,0.8284,592.00,310.00,674.00,563.00,2.411,-10.227
2026-04-01T14:29:58.914Z,261.345,pi:0,bottle,0.8611,780.00,226.00,880.00,560.00,1.826,-3.896
2026-04-01T14:29:58.914Z,261.345,pi:0,bottle,0.8175,591.00,310.00,674.00,563.00,2.411,-10.243
2026-04-01T14:29:58.965Z,261.396,pi:0,bottle,0.8684,779.00,226.00,880.00,560.00,1.826,-3.913
2026-04-01T14:29:58.965Z,261.396,pi:0,bottle,0.8248,591.00,310.00,674.00,563.00,2.411,-10.243
2026-04-01T14:29:59.023Z,261.454,pi:0,bottle,0.8757,779.00,226.00,881.00,560.00,1.826,-3.896
2026-04-01T14:29:59.023Z,261.454,pi:0,bottle,0.8139,591.00,311.00,674.00,563.00,2.421,-10.243
2026-04-01T14:29:59.078Z,261.508,pi:0,bottle,0.8757,779.00,226.00,881.00,560.00,1.826,-3.896
2026-04-01T14:29:59.078Z,261.508,pi:0,bottle,0.8321,592.00,309.00,673.00,563.00,2.402,-10.243
2026-04-01T14:29:59.132Z,261.563,pi:0,bottle,0.8793,779.00,226.00,880.00,560.00,1.826,-3.913
2026-04-01T14:29:59.132Z,261.563,pi:0,bottle,0.8175,592.00,310.00,674.00,563.00,2.411,-10.227
2026-04-01T14:29:59.175Z,261.606,pi:0,bottle,0.8648,779.00,226.00,880.00,560.00,1.826,-3.913
2026-04-01T14:29:59.175Z,261.606,pi:0,bottle,0.8393,592.00,310.00,674.00,563.00,2.411,-10.227
2026-04-01T14:29:59.240Z,261.671,pi:0,bottle,0.8720,779.00,226.00,880.00,560.00,1.826,-3.913
2026-04-01T14:29:59.240Z,261.671,pi:0,bottle,0.8212,592.00,310.00,673.00,563.00,2.411,-10.243
2026-04-01T14:29:59.308Z,261.739,pi:0,bottle,0.8720,779.00,226.00,882.00,559.00,1.832,-3.880
2026-04-01T14:29:59.308Z,261.739,pi:0,bottle,0.8321,592.00,311.00,673.00,563.00,2.421,-10.243
2026-04-01T14:29:59.351Z,261.783,pi:0,bottle,0.8720,778.00,226.00,880.00,559.00,1.832,-3.929
2026-04-01T14:29:59.351Z,261.783,pi:0,bottle,0.8357,591.00,310.00,674.00,563.00,2.411,-10.243
2026-04-01T14:29:59.387Z,261.818,pi:0,bottle,0.8539,779.00,226.00,881.00,560.00,1.826,-3.896
2026-04-01T14:29:59.387Z,261.818,pi:0,bottle,0.8284,591.00,309.00,674.00,563.00,2.402,-10.243
2026-04-01T14:29:59.440Z,261.870,pi:0,bottle,0.8648,779.00,225.00,880.00,561.00,1.816,-3.913
2026-04-01T14:29:59.440Z,261.870,pi:0,bottle,0.8175,592.00,309.00,673.00,562.00,2.411,-10.243
2026-04-01T14:29:59.497Z,261.928,pi:0,bottle,0.8575,780.00,225.00,881.00,560.00,1.821,-3.880
2026-04-01T14:29:59.497Z,261.928,pi:0,bottle,0.8175,591.00,310.00,673.00,563.00,2.411,-10.258
2026-04-01T14:29:59.553Z,261.984,pi:0,bottle,0.8539,780.00,226.00,880.00,560.00,1.826,-3.896
2026-04-01T14:29:59.553Z,261.984,pi:0,bottle,0.8066,592.00,310.00,674.00,562.00,2.421,-10.227
2026-04-01T14:29:59.596Z,262.027,pi:0,bottle,0.8720,779.00,225.00,880.00,560.00,1.821,-3.913
2026-04-01T14:29:59.596Z,262.027,pi:0,bottle,0.8248,592.00,310.00,674.00,563.00,2.411,-10.227
2026-04-01T14:29:59.647Z,262.077,pi:0,bottle,0.8648,779.00,226.00,880.00,560.00,1.826,-3.913
2026-04-01T14:29:59.647Z,262.077,pi:0,bottle,0.8175,592.00,309.00,674.00,563.00,2.402,-10.227
2026-04-01T14:29:59.711Z,262.142,pi:0,bottle,0.8757,779.00,225.00,881.00,559.00,1.826,-3.896
2026-04-01T14:29:59.711Z,262.142,pi:0,bottle,0.8212,592.00,310.00,674.00,563.00,2.411,-10.227
2026-04-01T14:29:59.749Z,262.180,pi:0,bottle,0.8502,779.00,225.00,881.00,560.00,1.821,-3.896
2026-04-01T14:29:59.749Z,262.180,pi:0,bottle,0.8030,592.00,310.00,674.00,563.00,2.411,-10.227
2026-04-01T14:29:59.812Z,262.243,pi:0,bottle,0.8502,779.00,227.00,882.00,560.00,1.832,-3.880
2026-04-01T14:29:59.812Z,262.243,pi:0,bottle,0.8030,591.00,310.00,673.00,563.00,2.411,-10.258
2026-04-01T14:29:59.864Z,262.295,pi:0,bottle,0.8466,780.00,226.00,881.00,560.00,1.826,-3.880
2026-04-01T14:29:59.864Z,262.295,pi:0,bottle,0.8030,592.00,310.00,674.00,563.00,2.411,-10.227
2026-04-01T14:29:59.921Z,262.351,pi:0,bottle,0.8393,779.00,226.00,881.00,560.00,1.826,-3.896
2026-04-01T14:29:59.921Z,262.351,pi:0,bottle,0.8139,591.00,310.00,673.00,563.00,2.411,-10.258
2026-04-01T14:30:00.002Z,262.433,pi:0,bottle,0.8393,779.00,225.00,880.00,560.00,1.821,-3.913
2026-04-01T14:30:00.002Z,262.433,pi:0,bottle,0.8139,591.00,311.00,674.00,563.00,2.421,-10.243
2026-04-01T14:30:00.071Z,262.502,pi:0,bottle,0.8539,780.00,225.00,881.00,560.00,1.821,-3.880
2026-04-01T14:30:00.071Z,262.502,pi:0,bottle,0.8103,591.00,311.00,674.00,562.00,2.430,-10.243
2026-04-01T14:30:00.127Z,262.557,pi:0,bottle,0.8575,779.00,226.00,880.00,560.00,1.826,-3.913
2026-04-01T14:30:00.127Z,262.557,pi:0,bottle,0.8139,591.00,310.00,674.00,563.00,2.411,-10.243
2026-04-01T14:30:00.193Z,262.624,pi:0,bottle,0.8466,780.00,228.00,879.00,556.00,1.860,-3.913
2026-04-01T14:30:00.193Z,262.624,pi:0,bottle,0.8248,591.00,309.00,674.00,563.00,2.402,-10.243
2026-04-01T14:30:00.249Z,262.679,pi:0,bottle,0.8575,779.00,226.00,881.00,560.00,1.826,-3.896
2026-04-01T14:30:00.249Z,262.679,pi:0,bottle,0.8357,592.00,310.00,674.00,563.00,2.411,-10.227
2026-04-01T14:30:00.293Z,262.723,pi:0,bottle,0.8502,779.00,226.00,881.00,560.00,1.826,-3.896
2026-04-01T14:30:00.293Z,262.723,pi:0,bottle,0.8175,591.00,309.00,674.00,562.00,2.411,-10.243
2026-04-01T14:30:00.349Z,262.780,pi:0,bottle,0.8648,779.00,226.00,880.00,560.00,1.826,-3.913
2026-04-01T14:30:00.349Z,262.780,pi:0,bottle,0.8248,591.00,309.00,674.00,563.00,2.402,-10.243
2026-04-01T14:30:00.396Z,262.827,pi:0,bottle,0.8757,779.00,226.00,881.00,559.00,1.832,-3.896
2026-04-01T14:30:00.396Z,262.827,pi:0,bottle,0.8103,591.00,310.00,674.00,563.00,2.411,-10.243
2026-04-01T14:30:00.447Z,262.878,pi:0,bottle,0.8575,779.00,226.00,881.00,560.00,1.826,-3.896
2026-04-01T14:30:00.447Z,262.878,pi:0,bottle,0.8103,591.00,310.00,674.00,563.00,2.411,-10.243
2026-04-01T14:30:00.501Z,262.932,pi:0,bottle,0.8575,779.00,226.00,880.00,560.00,1.826,-3.913
2026-04-01T14:30:00.501Z,262.932,pi:0,bottle,0.8175,592.00,310.00,674.00,563.00,2.411,-10.227
2026-04-01T14:30:00.541Z,262.972,pi:0,bottle,0.8611,779.00,225.00,882.00,560.00,1.821,-3.880
2026-04-01T14:30:00.541Z,262.972,pi:0,bottle,0.8103,591.00,311.00,674.00,562.00,2.430,-10.243
2026-04-01T14:30:00.608Z,263.039,pi:0,bottle,0.8502,779.00,226.00,880.00,560.00,1.826,-3.913
2026-04-01T14:30:00.608Z,263.039,pi:0,bottle,0.8103,591.00,311.00,674.00,562.00,2.430,-10.243
2026-04-01T14:30:00.654Z,263.085,pi:0,bottle,0.8575,779.00,226.00,880.00,560.00,1.826,-3.913
2026-04-01T14:30:00.654Z,263.085,pi:0,bottle,0.8248,591.00,310.00,673.00,563.00,2.411,-10.258
2026-04-01T14:30:00.703Z,263.134,pi:0,bottle,0.8684,779.00,226.00,880.00,560.00,1.826,-3.913
2026-04-01T14:30:00.703Z,263.134,pi:0,bottle,0.8139,591.00,311.00,673.00,563.00,2.421,-10.258
2026-04-01T14:30:00.762Z,263.192,pi:0,bottle,0.8611,779.00,226.00,880.00,560.00,1.826,-3.913
2026-04-01T14:30:00.762Z,263.192,pi:0,bottle,0.8139,591.00,310.00,674.00,563.00,2.411,-10.243
2026-04-01T14:30:00.806Z,263.237,pi:0,bottle,0.8430,779.00,226.00,882.00,560.00,1.826,-3.880
2026-04-01T14:30:00.806Z,263.237,pi:0,bottle,0.8103,592.00,310.00,675.00,563.00,2.411,-10.211
2026-04-01T14:30:00.865Z,263.296,pi:0,bottle,0.8539,779.00,225.00,881.00,560.00,1.821,-3.896
2026-04-01T14:30:00.865Z,263.296,pi:0,bottle,0.8248,591.00,310.00,674.00,563.00,2.411,-10.243
2026-04-01T14:30:00.912Z,263.343,pi:0,bottle,0.8720,780.00,226.00,881.00,560.00,1.826,-3.880
2026-04-01T14:30:00.912Z,263.343,pi:0,bottle,0.8175,591.00,310.00,674.00,562.00,2.421,-10.243
2026-04-01T14:30:00.967Z,263.398,pi:0,bottle,0.8684,779.00,225.00,880.00,560.00,1.821,-3.913
2026-04-01T14:30:00.967Z,263.398,pi:0,bottle,0.8248,591.00,310.00,674.00,563.00,2.411,-10.243
2026-04-01T14:30:01.023Z,263.454,pi:0,bottle,0.8648,779.00,225.00,881.00,560.00,1.821,-3.896
2026-04-01T14:30:01.023Z,263.454,pi:0,bottle,0.8212,592.00,310.00,674.00,563.00,2.411,-10.227
2026-04-01T14:30:01.093Z,263.524,pi:0,bottle,0.8393,779.00,226.00,880.00,561.00,1.821,-3.913
2026-04-01T14:30:01.093Z,263.524,pi:0,bottle,0.8357,592.00,310.00,673.00,563.00,2.411,-10.243
2026-04-01T14:30:01.163Z,263.594,pi:0,bottle,0.8539,779.00,226.00,880.00,560.00,1.826,-3.913
2026-04-01T14:30:01.163Z,263.594,pi:0,bottle,0.8284,592.00,309.00,674.00,563.00,2.402,-10.227
2026-04-01T14:30:01.213Z,263.644,pi:0,bottle,0.8539,780.00,226.00,880.00,560.00,1.826,-3.896
2026-04-01T14:30:01.213Z,263.644,pi:0,bottle,0.8175,592.00,310.00,674.00,563.00,2.411,-10.227
2026-04-01T14:30:01.267Z,263.698,pi:0,bottle,0.8321,779.00,225.00,880.00,560.00,1.821,-3.913
2026-04-01T14:30:01.267Z,263.698,pi:0,bottle,0.8248,592.00,309.00,673.00,563.00,2.402,-10.243
2026-04-01T14:30:01.316Z,263.746,pi:0,bottle,0.8393,779.00,225.00,880.00,560.00,1.821,-3.913
2026-04-01T14:30:01.316Z,263.746,pi:0,bottle,0.8139,592.00,309.00,673.00,563.00,2.402,-10.243
2026-04-01T14:30:01.360Z,263.790,pi:0,bottle,0.8539,779.00,225.00,880.00,561.00,1.816,-3.913
2026-04-01T14:30:01.360Z,263.790,pi:0,bottle,0.8175,592.00,309.00,674.00,563.00,2.402,-10.227
2026-04-01T14:30:01.408Z,263.839,pi:0,bottle,0.8357,778.00,226.00,880.00,561.00,1.821,-3.929
2026-04-01T14:30:01.408Z,263.839,pi:0,bottle,0.8103,592.00,310.00,674.00,563.00,2.411,-10.227
2026-04-01T14:30:01.466Z,263.897,pi:0,bottle,0.8284,781.00,227.00,879.00,558.00,1.843,-3.896
2026-04-01T14:30:01.466Z,263.897,pi:0,bottle,0.8248,592.00,310.00,674.00,563.00,2.411,-10.227
2026-04-01T14:30:01.513Z,263.944,pi:0,bottle,0.8502,779.00,226.00,880.00,561.00,1.821,-3.913
2026-04-01T14:30:01.513Z,263.944,pi:0,bottle,0.7994,592.00,311.00,673.00,562.00,2.430,-10.243
2026-04-01T14:30:01.561Z,263.992,pi:0,bottle,0.8357,779.00,225.00,880.00,560.00,1.821,-3.913
2026-04-01T14:30:01.561Z,263.992,pi:0,bottle,0.8284,592.00,311.00,674.00,563.00,2.421,-10.227
2026-04-01T14:30:01.623Z,264.054,pi:0,bottle,0.8502,779.00,225.00,880.00,560.00,1.821,-3.913
2026-04-01T14:30:01.623Z,264.054,pi:0,bottle,0.7994,592.00,310.00,673.00,563.00,2.411,-10.243
2026-04-01T14:30:01.666Z,264.097,pi:0,bottle,0.8284,779.00,226.00,880.00,560.00,1.826,-3.913
2026-04-01T14:30:01.666Z,264.097,pi:0,bottle,0.8284,591.00,309.00,674.00,563.00,2.402,-10.243
2026-04-01T14:30:01.719Z,264.149,pi:0,bottle,0.8430,779.00,225.00,880.00,560.00,1.821,-3.913
2026-04-01T14:30:01.719Z,264.149,pi:0,bottle,0.8212,592.00,311.00,673.00,563.00,2.421,-10.243
2026-04-01T14:30:01.777Z,264.208,pi:0,bottle,0.8430,779.00,225.00,881.00,560.00,1.821,-3.896
2026-04-01T14:30:01.777Z,264.208,pi:0,bottle,0.8248,591.00,310.00,674.00,563.00,2.411,-10.243
2026-04-01T14:30:01.822Z,264.253,pi:0,bottle,0.8611,779.00,225.00,880.00,560.00,1.821,-3.913
2026-04-01T14:30:01.822Z,264.253,pi:0,bottle,0.8321,592.00,310.00,674.00,563.00,2.411,-10.227
2026-04-01T14:30:01.871Z,264.302,pi:0,bottle,0.8466,779.00,225.00,881.00,560.00,1.821,-3.896
2026-04-01T14:30:01.871Z,264.302,pi:0,bottle,0.8284,592.00,310.00,674.00,563.00,2.411,-10.227
2026-04-01T14:30:01.936Z,264.366,pi:0,bottle,0.8430,779.00,226.00,881.00,560.00,1.826,-3.896
2026-04-01T14:30:01.936Z,264.366,pi:0,bottle,0.7994,591.00,310.00,674.00,563.00,2.411,-10.243
2026-04-01T14:30:01.994Z,264.425,pi:0,bottle,0.8539,779.00,225.00,881.00,560.00,1.821,-3.896
2026-04-01T14:30:01.994Z,264.425,pi:0,bottle,0.8321,591.00,309.00,674.00,563.00,2.402,-10.243
2026-04-01T14:30:02.053Z,264.484,pi:0,bottle,0.8539,779.00,225.00,880.00,560.00,1.821,-3.913
2026-04-01T14:30:02.053Z,264.484,pi:0,bottle,0.8321,591.00,309.00,674.00,563.00,2.402,-10.243
2026-04-01T14:30:02.102Z,264.535,pi:0,bottle,0.8393,779.00,226.00,880.00,560.00,1.826,-3.913
2026-04-01T14:30:02.102Z,264.535,pi:0,bottle,0.8103,591.00,311.00,673.00,563.00,2.421,-10.258
2026-04-01T14:30:02.154Z,264.584,pi:0,bottle,0.8321,780.00,227.00,878.00,557.00,1.849,-3.929
2026-04-01T14:30:02.154Z,264.584,pi:0,bottle,0.8321,592.00,309.00,674.00,563.00,2.402,-10.227
2026-04-01T14:30:02.209Z,264.640,pi:0,bottle,0.8648,779.00,225.00,880.00,560.00,1.821,-3.913
2026-04-01T14:30:02.209Z,264.640,pi:0,bottle,0.8212,592.00,310.00,673.00,563.00,2.411,-10.243
2026-04-01T14:30:02.256Z,264.687,pi:0,bottle,0.8539,779.00,225.00,880.00,560.00,1.821,-3.913
2026-04-01T14:30:02.256Z,264.687,pi:0,bottle,0.8212,592.00,310.00,673.00,563.00,2.411,-10.243
2026-04-01T14:30:02.300Z,264.731,pi:0,bottle,0.8611,779.00,225.00,881.00,560.00,1.821,-3.896
2026-04-01T14:30:02.300Z,264.731,pi:0,bottle,0.8175,591.00,310.00,673.00,562.00,2.421,-10.258
2026-04-01T14:30:02.338Z,264.769,pi:0,bottle,0.8466,779.00,225.00,881.00,560.00,1.821,-3.896
2026-04-01T14:30:02.338Z,264.769,pi:0,bottle,0.8139,591.00,309.00,673.00,563.00,2.402,-10.258
2026-04-01T14:30:02.392Z,264.823,pi:0,bottle,0.8611,779.00,225.00,881.00,560.00,1.821,-3.896
2026-04-01T14:30:02.392Z,264.823,pi:0,bottle,0.8103,592.00,310.00,674.00,563.00,2.411,-10.227
2026-04-01T14:30:02.441Z,264.872,pi:0,bottle,0.8539,778.00,226.00,880.00,560.00,1.826,-3.929
2026-04-01T14:30:02.441Z,264.872,pi:0,bottle,0.8066,591.00,310.00,674.00,563.00,2.411,-10.243
2026-04-01T14:30:02.494Z,264.925,pi:0,bottle,0.8466,779.00,225.00,880.00,560.00,1.821,-3.913
2026-04-01T14:30:02.494Z,264.925,pi:0,bottle,0.8321,591.00,311.00,673.00,563.00,2.421,-10.258
2026-04-01T14:30:02.535Z,264.966,pi:0,bottle,0.8611,779.00,226.00,880.00,560.00,1.826,-3.913
2026-04-01T14:30:02.535Z,264.966,pi:0,bottle,0.8357,591.00,309.00,674.00,563.00,2.402,-10.243
2026-04-01T14:30:02.606Z,265.037,pi:0,bottle,0.8648,779.00,226.00,880.00,560.00,1.826,-3.913
2026-04-01T14:30:02.606Z,265.037,pi:0,bottle,0.8175,591.00,310.00,673.00,563.00,2.411,-10.258
2026-04-01T14:30:02.647Z,265.077,pi:0,bottle,0.8575,779.00,226.00,880.00,560.00,1.826,-3.913
2026-04-01T14:30:02.647Z,265.077,pi:0,bottle,0.8212,592.00,310.00,674.00,563.00,2.411,-10.227
2026-04-01T14:30:02.707Z,265.138,pi:0,bottle,0.8393,779.00,226.00,881.00,561.00,1.821,-3.896
2026-04-01T14:30:02.707Z,265.138,pi:0,bottle,0.8248,591.00,310.00,673.00,562.00,2.421,-10.258
2026-04-01T14:30:02.768Z,265.199,pi:0,bottle,0.8793,779.00,226.00,880.00,561.00,1.821,-3.913
2026-04-01T14:30:02.768Z,265.199,pi:0,bottle,0.8139,591.00,309.00,673.00,562.00,2.411,-10.258
2026-04-01T14:30:02.811Z,265.242,pi:0,bottle,0.8648,779.00,225.00,880.00,560.00,1.821,-3.913
2026-04-01T14:30:02.811Z,265.242,pi:0,bottle,0.8212,591.00,309.00,674.00,563.00,2.402,-10.243
2026-04-01T14:30:02.863Z,265.294,pi:0,bottle,0.8720,779.00,225.00,880.00,560.00,1.821,-3.913
2026-04-01T14:30:02.863Z,265.294,pi:0,bottle,0.8139,591.00,310.00,674.00,563.00,2.411,-10.243
2026-04-01T14:30:02.923Z,265.354,pi:0,bottle,0.8430,778.00,225.00,881.00,560.00,1.821,-3.913
2026-04-01T14:30:02.923Z,265.354,pi:0,bottle,0.8284,592.00,309.00,674.00,563.00,2.402,-10.227
2026-04-01T14:30:02.968Z,265.398,pi:0,bottle,0.8466,780.00,228.00,878.00,557.00,1.854,-3.929
2026-04-01T14:30:02.968Z,265.398,pi:0,bottle,0.8212,591.00,310.00,674.00,563.00,2.411,-10.243
2026-04-01T14:30:03.028Z,265.458,pi:0,bottle,0.8430,780.00,226.00,879.00,560.00,1.826,-3.913
2026-04-01T14:30:03.028Z,265.458,pi:0,bottle,0.8139,591.00,310.00,674.00,563.00,2.411,-10.243
2026-04-01T14:30:03.069Z,265.500,pi:0,bottle,0.8466,780.00,225.00,880.00,559.00,1.826,-3.896
2026-04-01T14:30:03.069Z,265.500,pi:0,bottle,0.8212,591.00,309.00,674.00,563.00,2.402,-10.243
2026-04-01T14:30:03.133Z,265.564,pi:0,bottle,0.8648,779.00,226.00,880.00,560.00,1.826,-3.913
2026-04-01T14:30:03.133Z,265.564,pi:0,bottle,0.8103,592.00,310.00,674.00,563.00,2.411,-10.227
2026-04-01T14:30:03.182Z,265.613,pi:0,bottle,0.8357,781.00,227.00,878.00,558.00,1.843,-3.913
2026-04-01T14:30:03.182Z,265.613,pi:0,bottle,0.8175,592.00,311.00,674.00,563.00,2.421,-10.227
2026-04-01T14:30:03.245Z,265.676,pi:0,bottle,0.8502,779.00,225.00,880.00,560.00,1.821,-3.913
2026-04-01T14:30:03.245Z,265.676,pi:0,bottle,0.8212,591.00,309.00,674.00,563.00,2.402,-10.243
2026-04-01T14:30:03.283Z,265.714,pi:0,bottle,0.8430,780.00,226.00,881.00,560.00,1.826,-3.880
2026-04-01T14:30:03.283Z,265.714,pi:0,bottle,0.8248,592.00,309.00,674.00,563.00,2.402,-10.227
2026-04-01T14:30:03.365Z,265.795,pi:0,bottle,0.8648,779.00,226.00,880.00,560.00,1.826,-3.913
2026-04-01T14:30:03.365Z,265.795,pi:0,bottle,0.8139,592.00,310.00,673.00,563.00,2.411,-10.243
2026-04-01T14:30:03.434Z,265.865,pi:0,bottle,0.8284,592.00,311.00,674.00,563.00,2.421,-10.227
2026-04-01T14:30:03.434Z,265.865,pi:0,bottle,0.8248,779.00,226.00,881.00,560.00,1.826,-3.896
2026-04-01T14:30:03.514Z,265.945,pi:0,bottle,0.8321,779.00,225.00,881.00,560.00,1.821,-3.896
2026-04-01T14:30:03.514Z,265.945,pi:0,bottle,0.8175,591.00,310.00,673.00,563.00,2.411,-10.258
2026-04-01T14:30:03.573Z,266.004,pi:0,bottle,0.8321,779.00,228.00,879.00,556.00,1.860,-3.929
2026-04-01T14:30:03.573Z,266.004,pi:0,bottle,0.8139,591.00,310.00,674.00,563.00,2.411,-10.243
2026-04-01T14:30:03.634Z,266.065,pi:0,bottle,0.8575,779.00,226.00,880.00,560.00,1.826,-3.913
2026-04-01T14:30:03.634Z,266.065,pi:0,bottle,0.8212,591.00,310.00,673.00,563.00,2.411,-10.258
2026-04-01T14:30:03.677Z,266.108,pi:0,bottle,0.8284,779.00,225.00,880.00,560.00,1.821,-3.913
2026-04-01T14:30:03.677Z,266.108,pi:0,bottle,0.8139,591.00,311.00,674.00,563.00,2.421,-10.243
2026-04-01T14:30:03.727Z,266.158,pi:0,bottle,0.8466,779.00,226.00,880.00,560.00,1.826,-3.913
2026-04-01T14:30:03.727Z,266.158,pi:0,bottle,0.8175,592.00,310.00,674.00,563.00,2.411,-10.227
2026-04-01T14:30:03.767Z,266.197,pi:0,bottle,0.8321,779.00,225.00,880.00,560.00,1.821,-3.913
2026-04-01T14:30:03.767Z,266.197,pi:0,bottle,0.8139,592.00,311.00,674.00,563.00,2.421,-10.227
2026-04-01T14:30:03.834Z,266.265,pi:0,bottle,0.8393,779.00,226.00,880.00,560.00,1.826,-3.913
2026-04-01T14:30:03.834Z,266.265,pi:0,bottle,0.8175,591.00,310.00,674.00,562.00,2.421,-10.243
2026-04-01T14:30:03.889Z,266.320,pi:0,bottle,0.8539,779.00,226.00,882.00,560.00,1.826,-3.880
2026-04-01T14:30:03.889Z,266.320,pi:0,bottle,0.8175,592.00,310.00,673.00,563.00,2.411,-10.243
2026-04-01T14:30:03.938Z,266.369,pi:0,bottle,0.8284,779.00,226.00,880.00,560.00,1.826,-3.913
2026-04-01T14:30:03.938Z,266.369,pi:0,bottle,0.8175,592.00,310.00,673.00,563.00,2.411,-10.243
2026-04-01T14:30:03.983Z,266.414,pi:0,bottle,0.8357,781.00,227.00,879.00,557.00,1.849,-3.896
2026-04-01T14:30:03.983Z,266.414,pi:0,bottle,0.8103,592.00,311.00,674.00,563.00,2.421,-10.227
2026-04-01T14:30:04.044Z,266.475,pi:0,bottle,0.8684,779.00,225.00,881.00,560.00,1.821,-3.896
2026-04-01T14:30:04.044Z,266.475,pi:0,bottle,0.8284,591.00,310.00,674.00,563.00,2.411,-10.243
2026-04-01T14:30:04.092Z,266.523,pi:0,bottle,0.8430,779.00,225.00,880.00,559.00,1.826,-3.913
2026-04-01T14:30:04.092Z,266.523,pi:0,bottle,0.8212,591.00,310.00,674.00,563.00,2.411,-10.243
2026-04-01T14:30:04.141Z,266.571,pi:0,bottle,0.8357,779.00,226.00,880.00,559.00,1.832,-3.913
2026-04-01T14:30:04.141Z,266.571,pi:0,bottle,0.8284,591.00,310.00,674.00,563.00,2.411,-10.243
2026-04-01T14:30:04.183Z,266.614,pi:0,bottle,0.8393,778.00,225.00,880.00,560.00,1.821,-3.929
2026-04-01T14:30:04.183Z,266.614,pi:0,bottle,0.8139,591.00,310.00,674.00,563.00,2.411,-10.243
2026-04-01T14:30:04.250Z,266.681,pi:0,bottle,0.8648,779.00,226.00,880.00,561.00,1.821,-3.913
2026-04-01T14:30:04.250Z,266.681,pi:0,bottle,0.8248,592.00,309.00,674.00,563.00,2.402,-10.227
2026-04-01T14:30:04.289Z,266.720,pi:0,bottle,0.8357,779.00,226.00,880.00,559.00,1.832,-3.913
2026-04-01T14:30:04.289Z,266.720,pi:0,bottle,0.8175,590.00,309.00,674.00,563.00,2.402,-10.258
2026-04-01T14:30:04.346Z,266.777,pi:0,bottle,0.8466,779.00,226.00,881.00,559.00,1.832,-3.896
2026-04-01T14:30:04.346Z,266.777,pi:0,bottle,0.8066,592.00,310.00,674.00,563.00,2.411,-10.227
2026-04-01T14:30:04.387Z,266.818,pi:0,bottle,0.8357,779.00,225.00,880.00,560.00,1.821,-3.913
2026-04-01T14:30:04.387Z,266.818,pi:0,bottle,0.8139,591.00,309.00,674.00,563.00,2.402,-10.243
2026-04-01T14:30:04.447Z,266.878,pi:0,bottle,0.8720,779.00,225.00,880.00,560.00,1.821,-3.913
2026-04-01T14:30:04.447Z,266.878,pi:0,bottle,0.8066,591.00,311.00,674.00,563.00,2.421,-10.243
2026-04-01T14:30:04.487Z,266.918,pi:0,bottle,0.8393,779.00,225.00,880.00,560.00,1.821,-3.913
2026-04-01T14:30:04.487Z,266.918,pi:0,bottle,0.8066,591.00,310.00,673.00,563.00,2.411,-10.258
2026-04-01T14:30:04.542Z,266.973,pi:0,bottle,0.8466,779.00,225.00,880.00,560.00,1.821,-3.913
2026-04-01T14:30:04.542Z,266.973,pi:0,bottle,0.7994,591.00,310.00,674.00,563.00,2.411,-10.243
2026-04-01T14:30:04.599Z,267.029,pi:0,bottle,0.8575,779.00,226.00,881.00,560.00,1.826,-3.896
2026-04-01T14:30:04.599Z,267.029,pi:0,bottle,0.8066,590.00,309.00,673.00,562.00,2.411,-10.274
2026-04-01T14:30:04.653Z,267.084,pi:0,bottle,0.8502,779.00,225.00,880.00,561.00,1.816,-3.913
2026-04-01T14:30:04.653Z,267.084,pi:0,bottle,0.8212,591.00,310.00,673.00,562.00,2.421,-10.258
2026-04-01T14:30:04.699Z,267.130,pi:0,bottle,0.8502,779.00,225.00,880.00,560.00,1.821,-3.913
2026-04-01T14:30:04.699Z,267.130,pi:0,bottle,0.8248,592.00,310.00,673.00,563.00,2.411,-10.243
2026-04-01T14:30:04.761Z,267.192,pi:0,bottle,0.8684,778.00,225.00,880.00,560.00,1.821,-3.929
2026-04-01T14:30:04.761Z,267.192,pi:0,bottle,0.8248,592.00,310.00,674.00,562.00,2.421,-10.227
2026-04-01T14:30:04.809Z,267.240,pi:0,bottle,0.8611,780.00,225.00,880.00,560.00,1.821,-3.896
2026-04-01T14:30:04.809Z,267.240,pi:0,bottle,0.8139,591.00,310.00,674.00,563.00,2.411,-10.243
2026-04-01T14:30:04.862Z,267.293,pi:0,bottle,0.8502,778.00,226.00,880.00,560.00,1.826,-3.929
2026-04-01T14:30:04.862Z,267.293,pi:0,bottle,0.7994,591.00,310.00,673.00,563.00,2.411,-10.258
2026-04-01T14:30:04.922Z,267.352,pi:0,bottle,0.8684,779.00,225.00,881.00,560.00,1.821,-3.896
2026-04-01T14:30:04.922Z,267.352,pi:0,bottle,0.8212,591.00,310.00,674.00,563.00,2.411,-10.243
2026-04-01T14:30:04.981Z,267.412,pi:0,bottle,0.8248,780.00,228.00,879.00,557.00,1.854,-3.913
2026-04-01T14:30:04.981Z,267.412,pi:0,bottle,0.8139,591.00,310.00,674.00,563.00,2.411,-10.243
2026-04-01T14:30:05.019Z,267.450,pi:0,bottle,0.8648,778.00,225.00,880.00,560.00,1.821,-3.929
2026-04-01T14:30:05.019Z,267.450,pi:0,bottle,0.8139,592.00,309.00,674.00,563.00,2.402,-10.227
2026-04-01T14:30:05.080Z,267.511,pi:0,bottle,0.8430,779.00,225.00,880.00,560.00,1.821,-3.913
2026-04-01T14:30:05.080Z,267.511,pi:0,bottle,0.8103,591.00,311.00,674.00,563.00,2.421,-10.243
2026-04-01T14:30:05.124Z,267.562,pi:0,bottle,0.8611,779.00,225.00,881.00,560.00,1.821,-3.896
2026-04-01T14:30:05.124Z,267.562,pi:0,bottle,0.8103,591.00,310.00,674.00,563.00,2.411,-10.243
2026-04-01T14:30:05.190Z,267.621,pi:0,bottle,0.8539,779.00,225.00,880.00,561.00,1.816,-3.913
2026-04-01T14:30:05.190Z,267.621,pi:0,bottle,0.8030,591.00,310.00,674.00,563.00,2.411,-10.243
2026-04-01T14:30:05.234Z,267.664,pi:0,bottle,0.8793,778.00,226.00,881.00,560.00,1.826,-3.913
2026-04-01T14:30:05.234Z,267.664,pi:0,bottle,0.7994,591.00,309.00,673.00,562.00,2.411,-10.258
2026-04-01T14:30:05.286Z,267.717,pi:0,bottle,0.8430,779.00,226.00,880.00,560.00,1.826,-3.913
2026-04-01T14:30:05.286Z,267.717,pi:0,bottle,0.8139,592.00,310.00,674.00,563.00,2.411,-10.227
2026-04-01T14:30:05.341Z,267.771,pi:0,bottle,0.8611,779.00,225.00,880.00,560.00,1.821,-3.913
2026-04-01T14:30:05.341Z,267.771,pi:0,bottle,0.8030,591.00,310.00,674.00,563.00,2.411,-10.243
2026-04-01T14:30:05.391Z,267.825,pi:0,bottle,0.8502,779.00,226.00,880.00,560.00,1.826,-3.913
2026-04-01T14:30:05.391Z,267.825,pi:0,bottle,0.8103,591.00,310.00,674.00,563.00,2.411,-10.243
2026-04-01T14:30:05.452Z,267.883,pi:0,bottle,0.8575,778.00,225.00,880.00,560.00,1.821,-3.929
2026-04-01T14:30:05.452Z,267.883,pi:0,bottle,0.8248,590.00,310.00,674.00,563.00,2.411,-10.258
2026-04-01T14:30:05.504Z,267.935,pi:0,bottle,0.8466,780.00,226.00,880.00,560.00,1.826,-3.896
2026-04-01T14:30:05.504Z,267.935,pi:0,bottle,0.8030,590.00,309.00,674.00,563.00,2.402,-10.258
2026-04-01T14:30:05.558Z,267.988,pi:0,bottle,0.8611,779.00,226.00,880.00,560.00,1.826,-3.913
2026-04-01T14:30:05.558Z,267.988,pi:0,bottle,0.8103,591.00,310.00,674.00,563.00,2.411,-10.243
2026-04-01T14:30:05.623Z,268.053,pi:0,bottle,0.8539,779.00,225.00,881.00,560.00,1.821,-3.896
2026-04-01T14:30:05.623Z,268.053,pi:0,bottle,0.8175,591.00,309.00,674.00,563.00,2.402,-10.243
2026-04-01T14:30:05.661Z,268.092,pi:0,bottle,0.8539,779.00,225.00,880.00,560.00,1.821,-3.913
2026-04-01T14:30:05.661Z,268.092,pi:0,bottle,0.8212,591.00,311.00,674.00,563.00,2.421,-10.243
2026-04-01T14:30:05.717Z,268.148,pi:0,bottle,0.8575,779.00,225.00,880.00,560.00,1.821,-3.913
2026-04-01T14:30:05.717Z,268.148,pi:0,bottle,0.8212,591.00,310.00,673.00,563.00,2.411,-10.258
2026-04-01T14:30:05.776Z,268.207,pi:0,bottle,0.8466,779.00,226.00,880.00,561.00,1.821,-3.913
2026-04-01T14:30:05.776Z,268.207,pi:0,bottle,0.8212,591.00,310.00,674.00,563.00,2.411,-10.243
2026-04-01T14:30:05.818Z,268.249,pi:0,bottle,0.8684,779.00,226.00,880.00,560.00,1.826,-3.913
2026-04-01T14:30:05.818Z,268.249,pi:0,bottle,0.8139,592.00,311.00,674.00,563.00,2.421,-10.227
2026-04-01T14:30:05.879Z,268.310,pi:0,bottle,0.8393,780.00,225.00,880.00,560.00,1.821,-3.896
2026-04-01T14:30:05.879Z,268.310,pi:0,bottle,0.8175,591.00,311.00,675.00,563.00,2.421,-10.227
2026-04-01T14:30:05.926Z,268.356,pi:0,bottle,0.8248,779.00,226.00,880.00,560.00,1.826,-3.913
2026-04-01T14:30:05.926Z,268.356,pi:0,bottle,0.8175,591.00,309.00,674.00,563.00,2.402,-10.243
2026-04-01T14:30:05.985Z,268.416,pi:0,bottle,0.8466,779.00,226.00,880.00,560.00,1.826,-3.913
2026-04-01T14:30:05.985Z,268.416,pi:0,bottle,0.8393,591.00,310.00,674.00,563.00,2.411,-10.243
2026-04-01T14:30:06.048Z,268.479,pi:0,bottle,0.8466,780.00,228.00,878.00,557.00,1.854,-3.929
2026-04-01T14:30:06.048Z,268.479,pi:0,bottle,0.8248,591.00,309.00,673.00,563.00,2.402,-10.258
2026-04-01T14:30:06.079Z,268.510,pi:0,bottle,0.8430,779.00,225.00,881.00,560.00,1.821,-3.896
2026-04-01T14:30:06.079Z,268.510,pi:0,bottle,0.8248,591.00,309.00,674.00,563.00,2.402,-10.243
2026-04-01T14:30:06.184Z,268.614,pi:0,bottle,0.8502,779.00,225.00,880.00,560.00,1.821,-3.913
2026-04-01T14:30:06.184Z,268.614,pi:0,bottle,0.8284,591.00,309.00,673.00,563.00,2.402,-10.258
2026-04-01T14:30:06.230Z,268.661,pi:0,bottle,0.8393,779.00,226.00,880.00,560.00,1.826,-3.913
2026-04-01T14:30:06.230Z,268.661,pi:0,bottle,0.8066,592.00,310.00,674.00,563.00,2.411,-10.227
2026-04-01T14:30:06.293Z,268.724,pi:0,bottle,0.8393,779.00,225.00,880.00,561.00,1.816,-3.913
2026-04-01T14:30:06.293Z,268.724,pi:0,bottle,0.8212,591.00,310.00,673.00,563.00,2.411,-10.258
2026-04-01T14:30:06.342Z,268.772,pi:0,bottle,0.8466,778.00,226.00,881.00,560.00,1.826,-3.913
2026-04-01T14:30:06.342Z,268.772,pi:0,bottle,0.8212,591.00,310.00,674.00,563.00,2.411,-10.243
2026-04-01T14:30:06.406Z,268.837,pi:0,bottle,0.8539,780.00,225.00,880.00,560.00,1.821,-3.896
2026-04-01T14:30:06.406Z,268.837,pi:0,bottle,0.8248,591.00,310.00,674.00,563.00,2.411,-10.243
2026-04-01T14:30:06.438Z,268.869,pi:0,bottle,0.8357,780.00,225.00,880.00,559.00,1.826,-3.896
2026-04-01T14:30:06.438Z,268.869,pi:0,bottle,0.8103,591.00,309.00,674.00,562.00,2.411,-10.243
2026-04-01T14:30:06.508Z,268.939,pi:0,bottle,0.8648,779.00,226.00,880.00,560.00,1.826,-3.913
2026-04-01T14:30:06.508Z,268.939,pi:0,bottle,0.8284,592.00,309.00,675.00,563.00,2.402,-10.211
2026-04-01T14:30:06.559Z,268.990,pi:0,bottle,0.8393,779.00,226.00,880.00,560.00,1.826,-3.913
2026-04-01T14:30:06.559Z,268.990,pi:0,bottle,0.8139,592.00,310.00,674.00,563.00,2.411,-10.227
2026-04-01T14:30:06.603Z,269.033,pi:0,bottle,0.8357,779.00,225.00,880.00,560.00,1.821,-3.913
2026-04-01T14:30:06.603Z,269.033,pi:0,bottle,0.8212,590.00,309.00,674.00,563.00,2.402,-10.258
2026-04-01T14:30:06.658Z,269.088,pi:0,bottle,0.8611,779.00,226.00,880.00,560.00,1.826,-3.913
2026-04-01T14:30:06.658Z,269.088,pi:0,bottle,0.8066,591.00,309.00,674.00,563.00,2.402,-10.243
2026-04-01T14:30:06.695Z,269.130,pi:0,bottle,0.8284,591.00,310.00,674.00,563.00,2.411,-10.243
2026-04-01T14:30:06.695Z,269.130,pi:0,bottle,0.8248,780.00,226.00,881.00,560.00,1.826,-3.880
2026-04-01T14:30:06.753Z,269.184,pi:0,bottle,0.8321,779.00,225.00,881.00,560.00,1.821,-3.896
2026-04-01T14:30:06.753Z,269.184,pi:0,bottle,0.8066,592.00,310.00,675.00,563.00,2.411,-10.211
2026-04-01T14:30:06.804Z,269.235,pi:0,bottle,0.8466,779.00,225.00,881.00,560.00,1.821,-3.896
2026-04-01T14:30:06.804Z,269.235,pi:0,bottle,0.8175,591.00,311.00,674.00,563.00,2.421,-10.243
2026-04-01T14:30:06.851Z,269.282,pi:0,bottle,0.8393,779.00,226.00,880.00,560.00,1.826,-3.913
2026-04-01T14:30:06.851Z,269.282,pi:0,bottle,0.8175,591.00,311.00,674.00,563.00,2.421,-10.243
2026-04-01T14:30:06.905Z,269.335,pi:0,bottle,0.8430,779.00,225.00,880.00,559.00,1.826,-3.913
2026-04-01T14:30:06.905Z,269.335,pi:0,bottle,0.8430,592.00,310.00,674.00,563.00,2.411,-10.227
2026-04-01T14:30:06.959Z,269.390,pi:0,bottle,0.8466,779.00,226.00,880.00,560.00,1.826,-3.913
2026-04-01T14:30:06.959Z,269.390,pi:0,bottle,0.8175,592.00,310.00,673.00,562.00,2.421,-10.243
2026-04-01T14:30:07.002Z,269.432,pi:0,bottle,0.8248,779.00,225.00,880.00,560.00,1.821,-3.913
2026-04-01T14:30:07.002Z,269.432,pi:0,bottle,0.8175,592.00,310.00,674.00,563.00,2.411,-10.227
2026-04-01T14:30:07.056Z,269.487,pi:0,bottle,0.8502,779.00,226.00,880.00,560.00,1.826,-3.913
2026-04-01T14:30:07.056Z,269.487,pi:0,bottle,0.8248,592.00,309.00,674.00,563.00,2.402,-10.227
2026-04-01T14:30:07.117Z,269.548,pi:0,bottle,0.8430,780.00,226.00,880.00,559.00,1.832,-3.896
2026-04-01T14:30:07.117Z,269.548,pi:0,bottle,0.8175,591.00,310.00,673.00,563.00,2.411,-10.258
2026-04-01T14:30:07.163Z,269.594,pi:0,bottle,0.8575,779.00,226.00,880.00,560.00,1.826,-3.913
2026-04-01T14:30:07.163Z,269.594,pi:0,bottle,0.8139,591.00,311.00,673.00,563.00,2.421,-10.258
2026-04-01T14:30:07.237Z,269.667,pi:0,bottle,0.8430,779.00,226.00,880.00,560.00,1.826,-3.913
2026-04-01T14:30:07.237Z,269.667,pi:0,bottle,0.8284,591.00,310.00,673.00,563.00,2.411,-10.258
2026-04-01T14:30:07.320Z,269.750,pi:0,bottle,0.8357,779.00,226.00,881.00,560.00,1.826,-3.896
2026-04-01T14:30:07.320Z,269.750,pi:0,bottle,0.8103,591.00,310.00,674.00,563.00,2.411,-10.243
2026-04-01T14:30:07.396Z,269.826,pi:0,bottle,0.8684,779.00,226.00,880.00,560.00,1.826,-3.913
2026-04-01T14:30:07.396Z,269.826,pi:0,bottle,0.8212,592.00,309.00,674.00,563.00,2.402,-10.227
2026-04-01T14:30:07.427Z,269.858,pi:0,bottle,0.8466,780.00,226.00,880.00,561.00,1.821,-3.896
2026-04-01T14:30:07.427Z,269.858,pi:0,bottle,0.8284,591.00,310.00,673.00,562.00,2.421,-10.258
2026-04-01T14:30:07.510Z,269.941,pi:0,bottle,0.8466,779.00,226.00,880.00,561.00,1.821,-3.913
2026-04-01T14:30:07.510Z,269.941,pi:0,bottle,0.8212,591.00,309.00,674.00,563.00,2.402,-10.243
2026-04-01T14:30:07.555Z,269.986,pi:0,bottle,0.8357,779.00,226.00,880.00,559.00,1.832,-3.913
2026-04-01T14:30:07.555Z,269.986,pi:0,bottle,0.8175,591.00,310.00,674.00,563.00,2.411,-10.243
2026-04-01T14:30:07.606Z,270.037,pi:0,bottle,0.8393,779.00,226.00,881.00,560.00,1.826,-3.896
2026-04-01T14:30:07.606Z,270.037,pi:0,bottle,0.8212,592.00,310.00,674.00,563.00,2.411,-10.227
2026-04-01T14:30:07.660Z,270.091,pi:0,bottle,0.8648,779.00,225.00,881.00,560.00,1.821,-3.896
2026-04-01T14:30:07.660Z,270.091,pi:0,bottle,0.8321,590.00,310.00,674.00,563.00,2.411,-10.258
2026-04-01T14:30:07.706Z,270.137,pi:0,bottle,0.8430,779.00,226.00,880.00,560.00,1.826,-3.913
2026-04-01T14:30:07.706Z,270.137,pi:0,bottle,0.8321,592.00,310.00,674.00,563.00,2.411,-10.227
2026-04-01T14:30:07.757Z,270.188,pi:0,bottle,0.8430,779.00,226.00,880.00,560.00,1.826,-3.913
2026-04-01T14:30:07.757Z,270.188,pi:0,bottle,0.8284,591.00,309.00,674.00,563.00,2.402,-10.243
2026-04-01T14:30:07.811Z,270.242,pi:0,bottle,0.8466,780.00,226.00,880.00,560.00,1.826,-3.896
2026-04-01T14:30:07.811Z,270.242,pi:0,bottle,0.8212,591.00,310.00,674.00,563.00,2.411,-10.243
2026-04-01T14:30:07.853Z,270.284,pi:0,bottle,0.8648,779.00,226.00,880.00,560.00,1.826,-3.913
2026-04-01T14:30:07.853Z,270.284,pi:0,bottle,0.8212,592.00,310.00,674.00,563.00,2.411,-10.227
2026-04-01T14:30:07.903Z,270.334,pi:0,bottle,0.8539,779.00,226.00,880.00,560.00,1.826,-3.913
2026-04-01T14:30:07.903Z,270.334,pi:0,bottle,0.8248,591.00,309.00,674.00,563.00,2.402,-10.243
2026-04-01T14:30:07.964Z,270.395,pi:0,bottle,0.8430,779.00,226.00,880.00,560.00,1.826,-3.913
2026-04-01T14:30:07.964Z,270.395,pi:0,bottle,0.8212,590.00,309.00,674.00,563.00,2.402,-10.258
2026-04-01T14:30:08.017Z,270.448,pi:0,bottle,0.8357,779.00,226.00,881.00,560.00,1.826,-3.896
2026-04-01T14:30:08.017Z,270.448,pi:0,bottle,0.8103,591.00,309.00,674.00,563.00,2.402,-10.243
2026-04-01T14:30:08.097Z,270.528,pi:0,bottle,0.8575,779.00,225.00,880.00,560.00,1.821,-3.913
2026-04-01T14:30:08.097Z,270.528,pi:0,bottle,0.8103,591.00,309.00,674.00,563.00,2.402,-10.243
2026-04-01T14:30:08.132Z,270.563,pi:0,bottle,0.8611,780.00,226.00,881.00,560.00,1.826,-3.880
2026-04-01T14:30:08.132Z,270.563,pi:0,bottle,0.8284,591.00,309.00,674.00,563.00,2.402,-10.243
2026-04-01T14:30:08.176Z,270.607,pi:0,bottle,0.8575,779.00,226.00,880.00,560.00,1.826,-3.913
2026-04-01T14:30:08.176Z,270.607,pi:0,bottle,0.8248,591.00,309.00,674.00,563.00,2.402,-10.243
2026-04-01T14:30:08.217Z,270.647,pi:0,bottle,0.8430,778.00,227.00,881.00,560.00,1.832,-3.913
2026-04-01T14:30:08.217Z,270.647,pi:0,bottle,0.8357,592.00,310.00,674.00,563.00,2.411,-10.227
2026-04-01T14:30:08.278Z,270.708,pi:0,bottle,0.8539,779.00,226.00,880.00,560.00,1.826,-3.913
2026-04-01T14:30:08.278Z,270.708,pi:0,bottle,0.8284,591.00,309.00,674.00,563.00,2.402,-10.243
2026-04-01T14:30:08.316Z,270.746,pi:0,bottle,0.8393,779.00,226.00,880.00,560.00,1.826,-3.913
2026-04-01T14:30:08.316Z,270.746,pi:0,bottle,0.8248,591.00,310.00,674.00,563.00,2.411,-10.243
2026-04-01T14:30:08.379Z,270.810,pi:0,bottle,0.8575,779.00,226.00,880.00,560.00,1.826,-3.913
2026-04-01T14:30:08.379Z,270.810,pi:0,bottle,0.8212,591.00,309.00,674.00,563.00,2.402,-10.243
2026-04-01T14:30:08.428Z,270.858,pi:0,bottle,0.8430,780.00,226.00,880.00,560.00,1.826,-3.896
2026-04-01T14:30:08.428Z,270.858,pi:0,bottle,0.8139,591.00,311.00,674.00,563.00,2.421,-10.243
2026-04-01T14:30:08.480Z,270.910,pi:0,bottle,0.8611,779.00,226.00,881.00,560.00,1.826,-3.896
2026-04-01T14:30:08.480Z,270.910,pi:0,bottle,0.8248,592.00,311.00,674.00,563.00,2.421,-10.227
2026-04-01T14:30:08.531Z,270.962,pi:0,bottle,0.8648,779.00,226.00,880.00,560.00,1.826,-3.913
2026-04-01T14:30:08.531Z,270.962,pi:0,bottle,0.8212,592.00,310.00,673.00,563.00,2.411,-10.243
2026-04-01T14:30:08.577Z,271.007,pi:0,bottle,0.8466,779.00,226.00,880.00,560.00,1.826,-3.913
2026-04-01T14:30:08.577Z,271.007,pi:0,bottle,0.8248,592.00,310.00,673.00,563.00,2.411,-10.243
2026-04-01T14:30:08.631Z,271.062,pi:0,bottle,0.8648,779.00,225.00,880.00,560.00,1.821,-3.913
2026-04-01T14:30:08.631Z,271.062,pi:0,bottle,0.8139,590.00,310.00,674.00,562.00,2.421,-10.258
2026-04-01T14:30:08.691Z,271.121,pi:0,bottle,0.8393,779.00,225.00,880.00,560.00,1.821,-3.913
2026-04-01T14:30:08.691Z,271.121,pi:0,bottle,0.8175,591.00,310.00,674.00,562.00,2.421,-10.243
2026-04-01T14:30:08.731Z,271.161,pi:0,bottle,0.8284,780.00,226.00,881.00,560.00,1.826,-3.880
2026-04-01T14:30:08.731Z,271.161,pi:0,bottle,0.8103,590.00,310.00,673.00,562.00,2.421,-10.274
2026-04-01T14:30:08.789Z,271.222,pi:0,bottle,0.8430,780.00,228.00,879.00,557.00,1.854,-3.913
2026-04-01T14:30:08.789Z,271.222,pi:0,bottle,0.7921,591.00,309.00,674.00,562.00,2.411,-10.243
2026-04-01T14:30:08.834Z,271.265,pi:0,bottle,0.8720,779.00,225.00,880.00,560.00,1.821,-3.913
2026-04-01T14:30:08.834Z,271.265,pi:0,bottle,0.8175,590.00,310.00,674.00,563.00,2.411,-10.258
2026-04-01T14:30:08.887Z,271.318,pi:0,bottle,0.8757,779.00,226.00,881.00,560.00,1.826,-3.896
2026-04-01T14:30:08.887Z,271.318,pi:0,bottle,0.8212,591.00,311.00,673.00,563.00,2.421,-10.258
2026-04-01T14:30:08.931Z,271.361,pi:0,bottle,0.8466,780.00,226.00,881.00,560.00,1.826,-3.880
2026-04-01T14:30:08.931Z,271.361,pi:0,bottle,0.8139,591.00,310.00,674.00,563.00,2.411,-10.243
2026-04-01T14:30:08.985Z,271.415,pi:0,bottle,0.8611,779.00,225.00,880.00,560.00,1.821,-3.913
2026-04-01T14:30:08.985Z,271.415,pi:0,bottle,0.8175,591.00,310.00,674.00,563.00,2.411,-10.243
2026-04-01T14:30:09.040Z,271.471,pi:0,bottle,0.8575,779.00,225.00,881.00,560.00,1.821,-3.896
2026-04-01T14:30:09.040Z,271.471,pi:0,bottle,0.8139,591.00,310.00,674.00,563.00,2.411,-10.243
2026-04-01T14:30:09.092Z,271.523,pi:0,bottle,0.8502,779.00,226.00,881.00,561.00,1.821,-3.896
2026-04-01T14:30:09.092Z,271.523,pi:0,bottle,0.8212,592.00,309.00,674.00,562.00,2.411,-10.227
2026-04-01T14:30:09.145Z,271.576,pi:0,bottle,0.8575,779.00,225.00,881.00,560.00,1.821,-3.896
2026-04-01T14:30:09.145Z,271.576,pi:0,bottle,0.8212,592.00,309.00,674.00,562.00,2.411,-10.227
2026-04-01T14:30:09.204Z,271.635,pi:0,bottle,0.8357,779.00,225.00,880.00,560.00,1.821,-3.913
2026-04-01T14:30:09.204Z,271.635,pi:0,bottle,0.8139,591.00,311.00,674.00,563.00,2.421,-10.243
2026-04-01T14:30:09.262Z,271.692,pi:0,bottle,0.8575,779.00,225.00,880.00,560.00,1.821,-3.913
2026-04-01T14:30:09.262Z,271.692,pi:0,bottle,0.8103,591.00,310.00,673.00,562.00,2.421,-10.258
2026-04-01T14:30:09.305Z,271.736,pi:0,bottle,0.8502,779.00,226.00,881.00,561.00,1.821,-3.896
2026-04-01T14:30:09.305Z,271.736,pi:0,bottle,0.8284,591.00,311.00,674.00,563.00,2.421,-10.243
2026-04-01T14:30:09.361Z,271.792,pi:0,bottle,0.8502,779.00,226.00,881.00,560.00,1.826,-3.896
2026-04-01T14:30:09.361Z,271.792,pi:0,bottle,0.8103,591.00,310.00,674.00,563.00,2.411,-10.243
2026-04-01T14:30:09.413Z,271.844,pi:0,bottle,0.8575,778.00,226.00,881.00,560.00,1.826,-3.913
2026-04-01T14:30:09.413Z,271.844,pi:0,bottle,0.8212,591.00,310.00,674.00,563.00,2.411,-10.243
2026-04-01T14:30:09.457Z,271.888,pi:0,bottle,0.8611,779.00,226.00,880.00,561.00,1.821,-3.913
2026-04-01T14:30:09.457Z,271.888,pi:0,bottle,0.8284,591.00,310.00,674.00,563.00,2.411,-10.243
2026-04-01T14:30:09.509Z,271.939,pi:0,bottle,0.8539,779.00,226.00,880.00,560.00,1.826,-3.913
2026-04-01T14:30:09.509Z,271.939,pi:0,bottle,0.8175,592.00,309.00,674.00,563.00,2.402,-10.227
2026-04-01T14:30:09.572Z,272.003,pi:0,bottle,0.8611,779.00,225.00,880.00,560.00,1.821,-3.913
2026-04-01T14:30:09.572Z,272.003,pi:0,bottle,0.8321,592.00,309.00,674.00,563.00,2.402,-10.227
2026-04-01T14:30:09.618Z,272.048,pi:0,bottle,0.8575,779.00,226.00,880.00,560.00,1.826,-3.913
2026-04-01T14:30:09.618Z,272.048,pi:0,bottle,0.8248,592.00,310.00,674.00,563.00,2.411,-10.227
2026-04-01T14:30:09.675Z,272.106,pi:0,bottle,0.8684,779.00,226.00,880.00,560.00,1.826,-3.913
2026-04-01T14:30:09.675Z,272.106,pi:0,bottle,0.8139,590.00,310.00,674.00,562.00,2.421,-10.258
2026-04-01T14:30:09.714Z,272.145,pi:0,bottle,0.8648,779.00,226.00,881.00,560.00,1.826,-3.896
2026-04-01T14:30:09.714Z,272.145,pi:0,bottle,0.8212,592.00,311.00,674.00,563.00,2.421,-10.227
2026-04-01T14:30:09.782Z,272.213,pi:0,bottle,0.8648,779.00,225.00,881.00,560.00,1.821,-3.896
2026-04-01T14:30:09.782Z,272.213,pi:0,bottle,0.8248,592.00,310.00,674.00,563.00,2.411,-10.227
2026-04-01T14:30:09.824Z,272.255,pi:0,bottle,0.8502,780.00,226.00,882.00,560.00,1.826,-3.864
2026-04-01T14:30:09.824Z,272.255,pi:0,bottle,0.8030,592.00,310.00,674.00,562.00,2.421,-10.227
2026-04-01T14:30:09.874Z,272.305,pi:0,bottle,0.8502,779.00,226.00,881.00,560.00,1.826,-3.896
2026-04-01T14:30:09.874Z,272.305,pi:0,bottle,0.8103,592.00,309.00,674.00,562.00,2.411,-10.227
2026-04-01T14:30:09.938Z,272.369,pi:0,bottle,0.8684,779.00,225.00,881.00,561.00,1.816,-3.896
2026-04-01T14:30:09.938Z,272.369,pi:0,bottle,0.8248,591.00,309.00,674.00,563.00,2.402,-10.243
2026-04-01T14:30:09.984Z,272.415,pi:0,bottle,0.8648,779.00,226.00,881.00,561.00,1.821,-3.896
2026-04-01T14:30:09.984Z,272.415,pi:0,bottle,0.8030,591.00,309.00,674.00,563.00,2.402,-10.243
2026-04-01T14:30:10.043Z,272.474,pi:0,bottle,0.8502,779.00,226.00,881.00,560.00,1.826,-3.896
2026-04-01T14:30:10.043Z,272.474,pi:0,bottle,0.7921,591.00,311.00,673.00,563.00,2.421,-10.258
2026-04-01T14:30:10.085Z,272.516,pi:0,bottle,0.8575,779.00,226.00,882.00,560.00,1.826,-3.880
2026-04-01T14:30:10.085Z,272.516,pi:0,bottle,0.8212,590.00,309.00,673.00,563.00,2.402,-10.274
2026-04-01T14:30:10.136Z,272.567,pi:0,bottle,0.8720,779.00,226.00,880.00,560.00,1.826,-3.913
2026-04-01T14:30:10.136Z,272.567,pi:0,bottle,0.8248,591.00,309.00,674.00,563.00,2.402,-10.243
2026-04-01T14:30:10.194Z,272.625,pi:0,bottle,0.8611,778.00,226.00,880.00,560.00,1.826,-3.929
2026-04-01T14:30:10.194Z,272.625,pi:0,bottle,0.8175,591.00,310.00,674.00,562.00,2.421,-10.243
2026-04-01T14:30:10.251Z,272.681,pi:0,bottle,0.8684,779.00,226.00,880.00,560.00,1.826,-3.913
2026-04-01T14:30:10.251Z,272.681,pi:0,bottle,0.8175,591.00,311.00,674.00,563.00,2.421,-10.243
2026-04-01T14:30:10.291Z,272.722,pi:0,bottle,0.8466,779.00,226.00,880.00,559.00,1.832,-3.913
2026-04-01T14:30:10.291Z,272.722,pi:0,bottle,0.8175,592.00,309.00,673.00,563.00,2.402,-10.243
2026-04-01T14:30:10.359Z,272.789,pi:0,bottle,0.8539,779.00,226.00,880.00,560.00,1.826,-3.913
2026-04-01T14:30:10.359Z,272.789,pi:0,bottle,0.8066,591.00,310.00,674.00,563.00,2.411,-10.243
2026-04-01T14:30:10.412Z,272.843,pi:0,bottle,0.8466,779.00,225.00,880.00,560.00,1.821,-3.913
2026-04-01T14:30:10.412Z,272.843,pi:0,bottle,0.8175,592.00,309.00,673.00,563.00,2.402,-10.243
2026-04-01T14:30:10.456Z,272.887,pi:0,bottle,0.8684,779.00,226.00,880.00,560.00,1.826,-3.913
2026-04-01T14:30:10.456Z,272.887,pi:0,bottle,0.8212,591.00,310.00,674.00,563.00,2.411,-10.243
2026-04-01T14:30:10.529Z,272.960,pi:0,bottle,0.8575,780.00,226.00,881.00,560.00,1.826,-3.880
2026-04-01T14:30:10.529Z,272.960,pi:0,bottle,0.8030,591.00,310.00,673.00,563.00,2.411,-10.258
2026-04-01T14:30:10.587Z,273.018,pi:0,bottle,0.8575,779.00,226.00,881.00,561.00,1.821,-3.896
2026-04-01T14:30:10.587Z,273.018,pi:0,bottle,0.8284,591.00,310.00,674.00,563.00,2.411,-10.243
2026-04-01T14:30:10.689Z,273.120,pi:0,bottle,0.8539,779.00,227.00,880.00,560.00,1.832,-3.913
2026-04-01T14:30:10.689Z,273.120,pi:0,bottle,0.8066,591.00,310.00,674.00,562.00,2.421,-10.243
2026-04-01T14:30:10.736Z,273.167,pi:0,bottle,0.8684,779.00,226.00,880.00,560.00,1.826,-3.913
2026-04-01T14:30:10.736Z,273.167,pi:0,bottle,0.8248,592.00,309.00,674.00,563.00,2.402,-10.227
2026-04-01T14:30:10.846Z,273.277,pi:0,bottle,0.8575,779.00,226.00,881.00,560.00,1.826,-3.896
2026-04-01T14:30:10.846Z,273.277,pi:0,bottle,0.8066,591.00,309.00,673.00,562.00,2.411,-10.258
2026-04-01T14:30:10.883Z,273.314,pi:0,bottle,0.8684,780.00,225.00,880.00,560.00,1.821,-3.896
2026-04-01T14:30:10.883Z,273.314,pi:0,bottle,0.8248,591.00,310.00,674.00,563.00,2.411,-10.243
2026-04-01T14:30:10.943Z,273.374,pi:0,bottle,0.8720,779.00,226.00,880.00,560.00,1.826,-3.913
2026-04-01T14:30:10.943Z,273.374,pi:0,bottle,0.8139,591.00,309.00,674.00,563.00,2.402,-10.243
2026-04-01T14:30:10.986Z,273.417,pi:0,bottle,0.8611,780.00,226.00,880.00,560.00,1.826,-3.896
2026-04-01T14:30:10.986Z,273.417,pi:0,bottle,0.8430,591.00,309.00,674.00,563.00,2.402,-10.243
2026-04-01T14:30:11.031Z,273.462,pi:0,bottle,0.8466,779.00,226.00,881.00,560.00,1.826,-3.896
2026-04-01T14:30:11.031Z,273.462,pi:0,bottle,0.8175,592.00,310.00,674.00,563.00,2.411,-10.227
2026-04-01T14:30:11.108Z,273.538,pi:0,bottle,0.8539,779.00,226.00,880.00,560.00,1.826,-3.913
2026-04-01T14:30:11.108Z,273.538,pi:0,bottle,0.8175,591.00,311.00,674.00,563.00,2.421,-10.243
2026-04-01T14:30:11.150Z,273.581,pi:0,bottle,0.8466,780.00,226.00,881.00,560.00,1.826,-3.880
2026-04-01T14:30:11.150Z,273.581,pi:0,bottle,0.8212,590.00,310.00,674.00,563.00,2.411,-10.258
2026-04-01T14:30:11.196Z,273.626,pi:0,bottle,0.8575,779.00,226.00,880.00,560.00,1.826,-3.913
2026-04-01T14:30:11.196Z,273.626,pi:0,bottle,0.8212,592.00,310.00,674.00,562.00,2.421,-10.227
2026-04-01T14:30:11.239Z,273.670,pi:0,bottle,0.8684,779.00,226.00,881.00,560.00,1.826,-3.896
2026-04-01T14:30:11.239Z,273.670,pi:0,bottle,0.8175,592.00,310.00,673.00,563.00,2.411,-10.243
2026-04-01T14:30:11.301Z,273.732,pi:0,bottle,0.8502,779.00,225.00,880.00,560.00,1.821,-3.913
2026-04-01T14:30:11.301Z,273.732,pi:0,bottle,0.8212,591.00,310.00,674.00,563.00,2.411,-10.243
2026-04-01T14:30:11.341Z,273.772,pi:0,bottle,0.8466,780.00,225.00,880.00,560.00,1.821,-3.896
2026-04-01T14:30:11.341Z,273.772,pi:0,bottle,0.8139,591.00,309.00,674.00,563.00,2.402,-10.243
2026-04-01T14:30:11.401Z,273.832,pi:0,bottle,0.8430,779.00,225.00,880.00,560.00,1.821,-3.913
2026-04-01T14:30:11.401Z,273.832,pi:0,bottle,0.8212,591.00,309.00,674.00,563.00,2.402,-10.243
2026-04-01T14:30:11.459Z,273.890,pi:0,bottle,0.8357,779.00,226.00,880.00,560.00,1.826,-3.913
2026-04-01T14:30:11.459Z,273.890,pi:0,bottle,0.8284,591.00,310.00,674.00,563.00,2.411,-10.243
2026-04-01T14:30:11.508Z,273.938,pi:0,bottle,0.8720,779.00,225.00,880.00,560.00,1.821,-3.913
2026-04-01T14:30:11.508Z,273.938,pi:0,bottle,0.8248,592.00,310.00,674.00,563.00,2.411,-10.227
2026-04-01T14:30:11.556Z,273.987,pi:0,bottle,0.8430,779.00,225.00,880.00,560.00,1.821,-3.913
2026-04-01T14:30:11.556Z,273.987,pi:0,bottle,0.8103,592.00,310.00,673.00,563.00,2.411,-10.243
2026-04-01T14:30:11.606Z,274.037,pi:0,bottle,0.8430,779.00,226.00,880.00,560.00,1.826,-3.913
2026-04-01T14:30:11.606Z,274.037,pi:0,bottle,0.8248,590.00,309.00,674.00,563.00,2.402,-10.258
2026-04-01T14:30:11.646Z,274.077,pi:0,bottle,0.8502,779.00,225.00,880.00,560.00,1.821,-3.913
2026-04-01T14:30:11.646Z,274.077,pi:0,bottle,0.8248,592.00,309.00,674.00,563.00,2.402,-10.227
2026-04-01T14:30:11.717Z,274.148,pi:0,bottle,0.8575,779.00,225.00,880.00,560.00,1.821,-3.913
2026-04-01T14:30:11.717Z,274.148,pi:0,bottle,0.8248,591.00,310.00,674.00,563.00,2.411,-10.243
2026-04-01T14:30:11.774Z,274.205,pi:0,bottle,0.8466,779.00,225.00,880.00,560.00,1.821,-3.913
2026-04-01T14:30:11.774Z,274.205,pi:0,bottle,0.8139,591.00,309.00,673.00,563.00,2.402,-10.258
2026-04-01T14:30:11.814Z,274.245,pi:0,bottle,0.8430,779.00,226.00,880.00,560.00,1.826,-3.913
2026-04-01T14:30:11.814Z,274.245,pi:0,bottle,0.8248,591.00,310.00,674.00,563.00,2.411,-10.243
2026-04-01T14:30:11.888Z,274.318,pi:0,bottle,0.8466,779.00,225.00,880.00,561.00,1.816,-3.913
2026-04-01T14:30:11.888Z,274.318,pi:0,bottle,0.8212,591.00,310.00,674.00,563.00,2.411,-10.243
2026-04-01T14:30:11.938Z,274.368,pi:0,bottle,0.8611,779.00,226.00,882.00,560.00,1.826,-3.880
2026-04-01T14:30:11.938Z,274.368,pi:0,bottle,0.8212,592.00,309.00,673.00,563.00,2.402,-10.243
2026-04-01T14:30:11.988Z,274.418,pi:0,bottle,0.8611,779.00,225.00,880.00,560.00,1.821,-3.913
2026-04-01T14:30:11.988Z,274.418,pi:0,bottle,0.8139,591.00,310.00,675.00,563.00,2.411,-10.227
2026-04-01T14:30:12.047Z,274.478,pi:0,bottle,0.8357,592.00,310.00,674.00,563.00,2.411,-10.227
2026-04-01T14:30:12.047Z,274.478,pi:0,bottle,0.8321,780.00,229.00,878.00,557.00,1.860,-3.929
2026-04-01T14:30:12.110Z,274.541,pi:0,bottle,0.8430,779.00,225.00,880.00,560.00,1.821,-3.913
2026-04-01T14:30:12.110Z,274.541,pi:0,bottle,0.8321,592.00,309.00,673.00,563.00,2.402,-10.243
2026-04-01T14:30:12.150Z,274.581,pi:0,bottle,0.8357,779.00,225.00,880.00,560.00,1.821,-3.913
2026-04-01T14:30:12.150Z,274.581,pi:0,bottle,0.8212,591.00,310.00,674.00,563.00,2.411,-10.243
2026-04-01T14:30:12.214Z,274.645,pi:0,bottle,0.8539,779.00,226.00,880.00,560.00,1.826,-3.913
2026-04-01T14:30:12.214Z,274.645,pi:0,bottle,0.8139,591.00,310.00,674.00,563.00,2.411,-10.243
2026-04-01T14:30:12.255Z,274.686,pi:0,bottle,0.8430,779.00,226.00,881.00,560.00,1.826,-3.896
2026-04-01T14:30:12.255Z,274.686,pi:0,bottle,0.8212,591.00,309.00,674.00,562.00,2.411,-10.243
2026-04-01T14:30:12.321Z,274.752,pi:0,bottle,0.8430,780.00,229.00,878.00,556.00,1.866,-3.929
2026-04-01T14:30:12.321Z,274.752,pi:0,bottle,0.8139,591.00,310.00,673.00,563.00,2.411,-10.258
2026-04-01T14:30:12.367Z,274.798,pi:0,bottle,0.8466,779.00,225.00,880.00,559.00,1.826,-3.913
2026-04-01T14:30:12.367Z,274.798,pi:0,bottle,0.8139,592.00,310.00,674.00,563.00,2.411,-10.227
2026-04-01T14:30:12.411Z,274.842,pi:0,bottle,0.8466,779.00,225.00,880.00,560.00,1.821,-3.913
2026-04-01T14:30:12.411Z,274.842,pi:0,bottle,0.8212,591.00,310.00,673.00,563.00,2.411,-10.258
2026-04-01T14:30:12.467Z,274.897,pi:0,bottle,0.8648,778.00,226.00,880.00,560.00,1.826,-3.929
2026-04-01T14:30:12.467Z,274.897,pi:0,bottle,0.8284,591.00,309.00,674.00,563.00,2.402,-10.243
2026-04-01T14:30:12.518Z,274.949,pi:0,bottle,0.8430,779.00,226.00,880.00,560.00,1.826,-3.913
2026-04-01T14:30:12.518Z,274.949,pi:0,bottle,0.8066,592.00,310.00,673.00,563.00,2.411,-10.243
2026-04-01T14:30:12.567Z,274.998,pi:0,bottle,0.8393,779.00,225.00,880.00,560.00,1.821,-3.913
2026-04-01T14:30:12.567Z,274.998,pi:0,bottle,0.8139,592.00,309.00,674.00,562.00,2.411,-10.227
2026-04-01T14:30:12.619Z,275.050,pi:0,bottle,0.8539,779.00,226.00,881.00,560.00,1.826,-3.896
2026-04-01T14:30:12.619Z,275.050,pi:0,bottle,0.8212,592.00,311.00,673.00,563.00,2.421,-10.243
2026-04-01T14:30:12.675Z,275.106,pi:0,bottle,0.8321,779.00,226.00,880.00,560.00,1.826,-3.913
2026-04-01T14:30:12.675Z,275.106,pi:0,bottle,0.8030,591.00,309.00,674.00,562.00,2.411,-10.243
2026-04-01T14:30:12.718Z,275.149,pi:0,bottle,0.8430,780.00,225.00,880.00,560.00,1.821,-3.896
2026-04-01T14:30:12.718Z,275.149,pi:0,bottle,0.8103,591.00,310.00,673.00,562.00,2.421,-10.258
2026-04-01T14:30:12.775Z,275.206,pi:0,bottle,0.8611,780.00,225.00,880.00,561.00,1.816,-3.896
2026-04-01T14:30:12.775Z,275.206,pi:0,bottle,0.8139,592.00,309.00,674.00,563.00,2.402,-10.227
2026-04-01T14:30:12.827Z,275.257,pi:0,bottle,0.8357,779.00,226.00,880.00,560.00,1.826,-3.913
2026-04-01T14:30:12.827Z,275.257,pi:0,bottle,0.8248,592.00,310.00,674.00,563.00,2.411,-10.227
2026-04-01T14:30:12.880Z,275.311,pi:0,bottle,0.8393,778.00,225.00,880.00,560.00,1.821,-3.929
2026-04-01T14:30:12.880Z,275.311,pi:0,bottle,0.8248,591.00,310.00,673.00,562.00,2.421,-10.258
2026-04-01T14:30:12.933Z,275.364,pi:0,bottle,0.8430,779.00,225.00,881.00,560.00,1.821,-3.896
2026-04-01T14:30:12.933Z,275.364,pi:0,bottle,0.8321,592.00,309.00,674.00,563.00,2.402,-10.227
2026-04-01T14:30:12.983Z,275.413,pi:0,bottle,0.8720,779.00,226.00,880.00,561.00,1.821,-3.913
2026-04-01T14:30:12.983Z,275.413,pi:0,bottle,0.8212,591.00,310.00,674.00,562.00,2.421,-10.243
2026-04-01T14:30:13.030Z,275.461,pi:0,bottle,0.8393,779.00,226.00,880.00,560.00,1.826,-3.913
2026-04-01T14:30:13.030Z,275.461,pi:0,bottle,0.8284,591.00,308.00,674.00,563.00,2.392,-10.243
2026-04-01T14:30:13.081Z,275.511,pi:0,bottle,0.8575,779.00,226.00,880.00,560.00,1.826,-3.913
2026-04-01T14:30:13.081Z,275.511,pi:0,bottle,0.8139,592.00,310.00,673.00,563.00,2.411,-10.243
2026-04-01T14:30:13.133Z,275.563,pi:0,bottle,0.8502,779.00,225.00,880.00,560.00,1.821,-3.913
2026-04-01T14:30:13.133Z,275.563,pi:0,bottle,0.8030,591.00,310.00,674.00,563.00,2.411,-10.243
2026-04-01T14:30:13.185Z,275.615,pi:0,bottle,0.8393,779.00,226.00,881.00,560.00,1.826,-3.896
2026-04-01T14:30:13.185Z,275.615,pi:0,bottle,0.8175,592.00,311.00,674.00,563.00,2.421,-10.227
2026-04-01T14:30:13.238Z,275.669,pi:0,bottle,0.8430,779.00,226.00,881.00,560.00,1.826,-3.896
2026-04-01T14:30:13.238Z,275.669,pi:0,bottle,0.8321,592.00,309.00,674.00,563.00,2.402,-10.227
2026-04-01T14:30:13.288Z,275.719,pi:0,bottle,0.8757,779.00,226.00,880.00,560.00,1.826,-3.913
2026-04-01T14:30:13.288Z,275.719,pi:0,bottle,0.8248,592.00,309.00,674.00,563.00,2.402,-10.227
2026-04-01T14:30:13.333Z,275.764,pi:0,bottle,0.8393,779.00,226.00,881.00,560.00,1.826,-3.896
2026-04-01T14:30:13.333Z,275.764,pi:0,bottle,0.8357,591.00,309.00,674.00,563.00,2.402,-10.243
2026-04-01T14:30:13.395Z,275.826,pi:0,bottle,0.8648,779.00,226.00,880.00,560.00,1.826,-3.913
2026-04-01T14:30:13.395Z,275.826,pi:0,bottle,0.8321,591.00,309.00,673.00,563.00,2.402,-10.258
2026-04-01T14:30:13.450Z,275.880,pi:0,bottle,0.8648,779.00,225.00,880.00,560.00,1.821,-3.913
2026-04-01T14:30:13.450Z,275.880,pi:0,bottle,0.8284,591.00,310.00,674.00,563.00,2.411,-10.243
2026-04-01T14:30:13.505Z,275.936,pi:0,bottle,0.8284,779.00,226.00,880.00,561.00,1.821,-3.913
2026-04-01T14:30:13.505Z,275.936,pi:0,bottle,0.8284,591.00,310.00,674.00,563.00,2.411,-10.243
2026-04-01T14:30:13.557Z,275.988,pi:0,bottle,0.8648,778.00,225.00,880.00,560.00,1.821,-3.929
2026-04-01T14:30:13.557Z,275.988,pi:0,bottle,0.8321,591.00,309.00,674.00,563.00,2.402,-10.243
2026-04-01T14:30:13.607Z,276.038,pi:0,bottle,0.8502,779.00,225.00,880.00,560.00,1.821,-3.913
2026-04-01T14:30:13.607Z,276.038,pi:0,bottle,0.8175,591.00,310.00,674.00,563.00,2.411,-10.243
2026-04-01T14:30:13.665Z,276.096,pi:0,bottle,0.8539,778.00,226.00,880.00,561.00,1.821,-3.929
2026-04-01T14:30:13.665Z,276.096,pi:0,bottle,0.8212,592.00,310.00,674.00,563.00,2.411,-10.227
2026-04-01T14:30:13.711Z,276.141,pi:0,bottle,0.8684,778.00,226.00,880.00,561.00,1.821,-3.929
2026-04-01T14:30:13.711Z,276.141,pi:0,bottle,0.8103,591.00,310.00,674.00,562.00,2.421,-10.243
2026-04-01T14:30:13.769Z,276.200,pi:0,bottle,0.8539,779.00,226.00,880.00,560.00,1.826,-3.913
2026-04-01T14:30:13.769Z,276.200,pi:0,bottle,0.8139,591.00,311.00,673.00,563.00,2.421,-10.258
2026-04-01T14:30:13.818Z,276.249,pi:0,bottle,0.8430,779.00,225.00,880.00,559.00,1.826,-3.913
2026-04-01T14:30:13.818Z,276.249,pi:0,bottle,0.8321,592.00,309.00,674.00,563.00,2.402,-10.227
2026-04-01T14:30:13.882Z,276.313,pi:0,bottle,0.8575,779.00,226.00,880.00,561.00,1.821,-3.913
2026-04-01T14:30:13.882Z,276.313,pi:0,bottle,0.8430,591.00,310.00,673.00,563.00,2.411,-10.258
2026-04-01T14:30:13.943Z,276.374,pi:0,bottle,0.8575,779.00,225.00,881.00,560.00,1.821,-3.896
2026-04-01T14:30:13.943Z,276.374,pi:0,bottle,0.8139,592.00,310.00,674.00,563.00,2.411,-10.227
2026-04-01T14:30:14.019Z,276.450,pi:0,bottle,0.8648,779.00,226.00,880.00,560.00,1.826,-3.913
2026-04-01T14:30:14.019Z,276.450,pi:0,bottle,0.8139,591.00,310.00,674.00,563.00,2.411,-10.243
2026-04-01T14:30:14.084Z,276.515,pi:0,bottle,0.8575,779.00,226.00,881.00,560.00,1.826,-3.896
2026-04-01T14:30:14.084Z,276.515,pi:0,bottle,0.8175,591.00,310.00,674.00,563.00,2.411,-10.243
2026-04-01T14:30:14.146Z,276.577,pi:0,bottle,0.8757,778.00,226.00,880.00,559.00,1.832,-3.929
2026-04-01T14:30:14.146Z,276.577,pi:0,bottle,0.8139,591.00,310.00,674.00,563.00,2.411,-10.243
2026-04-01T14:30:14.222Z,276.653,pi:0,bottle,0.8720,779.00,225.00,880.00,560.00,1.821,-3.913
2026-04-01T14:30:14.222Z,276.653,pi:0,bottle,0.8175,592.00,309.00,673.00,563.00,2.402,-10.243
2026-04-01T14:30:14.271Z,276.702,pi:0,bottle,0.8466,779.00,225.00,880.00,560.00,1.821,-3.913
2026-04-01T14:30:14.271Z,276.702,pi:0,bottle,0.8212,591.00,310.00,673.00,563.00,2.411,-10.258
2026-04-01T14:30:14.323Z,276.754,pi:0,bottle,0.8539,779.00,225.00,880.00,561.00,1.816,-3.913
2026-04-01T14:30:14.323Z,276.754,pi:0,bottle,0.8321,592.00,310.00,673.00,563.00,2.411,-10.243
2026-04-01T14:30:14.371Z,276.802,pi:0,bottle,0.8611,779.00,226.00,880.00,560.00,1.826,-3.913
2026-04-01T14:30:14.371Z,276.802,pi:0,bottle,0.8139,591.00,310.00,674.00,563.00,2.411,-10.243
2026-04-01T14:30:14.408Z,276.838,pi:0,bottle,0.8720,778.00,226.00,880.00,560.00,1.826,-3.929
2026-04-01T14:30:14.408Z,276.838,pi:0,bottle,0.8175,592.00,310.00,674.00,562.00,2.421,-10.227
2026-04-01T14:30:14.459Z,276.890,pi:0,bottle,0.8720,779.00,226.00,880.00,561.00,1.821,-3.913
2026-04-01T14:30:14.459Z,276.890,pi:0,bottle,0.8103,591.00,310.00,673.00,563.00,2.411,-10.258
2026-04-01T14:30:14.520Z,276.951,pi:0,bottle,0.8757,779.00,226.00,879.00,560.00,1.826,-3.929
2026-04-01T14:30:14.520Z,276.951,pi:0,bottle,0.8212,591.00,309.00,673.00,563.00,2.402,-10.258
2026-04-01T14:30:14.578Z,277.009,pi:0,bottle,0.8684,778.00,226.00,879.00,560.00,1.826,-3.945
2026-04-01T14:30:14.578Z,277.009,pi:0,bottle,0.8248,592.00,310.00,673.00,562.00,2.421,-10.243
2026-04-01T14:30:14.631Z,277.061,pi:0,bottle,0.8684,779.00,226.00,880.00,560.00,1.826,-3.913
2026-04-01T14:30:14.631Z,277.061,pi:0,bottle,0.8393,591.00,311.00,674.00,563.00,2.421,-10.243
2026-04-01T14:30:14.678Z,277.109,pi:0,bottle,0.8720,779.00,226.00,880.00,560.00,1.826,-3.913
2026-04-01T14:30:14.678Z,277.109,pi:0,bottle,0.8175,591.00,310.00,674.00,563.00,2.411,-10.243
2026-04-01T14:30:14.719Z,277.150,pi:0,bottle,0.8684,779.00,226.00,880.00,561.00,1.821,-3.913
2026-04-01T14:30:14.719Z,277.150,pi:0,bottle,0.8212,592.00,311.00,674.00,562.00,2.430,-10.227
2026-04-01T14:30:14.783Z,277.213,pi:0,bottle,0.8793,778.00,226.00,880.00,559.00,1.832,-3.929
2026-04-01T14:30:14.783Z,277.213,pi:0,bottle,0.8175,591.00,310.00,673.00,563.00,2.411,-10.258
2026-04-01T14:30:14.821Z,277.252,pi:0,bottle,0.8720,779.00,226.00,882.00,560.00,1.826,-3.880
2026-04-01T14:30:14.821Z,277.252,pi:0,bottle,0.8066,592.00,312.00,674.00,563.00,2.430,-10.227
2026-04-01T14:30:14.874Z,277.305,pi:0,bottle,0.8539,779.00,225.00,880.00,560.00,1.821,-3.913
2026-04-01T14:30:14.874Z,277.305,pi:0,bottle,0.8066,592.00,311.00,674.00,562.00,2.430,-10.227
2026-04-01T14:30:14.929Z,277.360,pi:0,bottle,0.8648,778.00,226.00,880.00,560.00,1.826,-3.929
2026-04-01T14:30:14.929Z,277.360,pi:0,bottle,0.7957,592.00,310.00,674.00,563.00,2.411,-10.227
2026-04-01T14:30:14.977Z,277.407,pi:0,bottle,0.8575,779.00,225.00,881.00,561.00,1.816,-3.896
2026-04-01T14:30:14.977Z,277.407,pi:0,bottle,0.7957,591.00,311.00,674.00,562.00,2.430,-10.243
2026-04-01T14:30:15.027Z,277.457,pi:0,bottle,0.8793,779.00,226.00,880.00,559.00,1.832,-3.913
2026-04-01T14:30:15.027Z,277.457,pi:0,bottle,0.8139,591.00,311.00,673.00,563.00,2.421,-10.258
2026-04-01T14:30:15.079Z,277.510,pi:0,bottle,0.8793,779.00,226.00,880.00,559.00,1.832,-3.913
2026-04-01T14:30:15.079Z,277.510,pi:0,bottle,0.8175,591.00,311.00,673.00,563.00,2.421,-10.258
2026-04-01T14:30:15.130Z,277.561,pi:0,bottle,0.8793,778.00,226.00,880.00,560.00,1.826,-3.929
2026-04-01T14:30:15.130Z,277.561,pi:0,bottle,0.8139,591.00,311.00,674.00,563.00,2.421,-10.243
2026-04-01T14:30:15.178Z,277.609,pi:0,bottle,0.8757,779.00,226.00,880.00,560.00,1.826,-3.913
2026-04-01T14:30:15.178Z,277.609,pi:0,bottle,0.7812,591.00,311.00,674.00,563.00,2.421,-10.243
2026-04-01T14:30:15.233Z,277.664,pi:0,bottle,0.8430,779.00,226.00,881.00,560.00,1.826,-3.896
2026-04-01T14:30:15.233Z,277.664,pi:0,bottle,0.7994,591.00,310.00,674.00,563.00,2.411,-10.243
2026-04-01T14:30:15.279Z,277.710,pi:0,bottle,0.8793,779.00,226.00,881.00,560.00,1.826,-3.896
2026-04-01T14:30:15.279Z,277.710,pi:0,bottle,0.7739,592.00,308.00,674.00,562.00,2.402,-10.227
2026-04-01T14:30:15.327Z,277.757,pi:0,bottle,0.8720,779.00,226.00,881.00,560.00,1.826,-3.896
2026-04-01T14:30:15.327Z,277.757,pi:0,bottle,0.3524,615.00,311.00,675.00,559.00,2.460,-9.847
2026-04-01T14:30:15.383Z,277.814,pi:0,bottle,0.8575,780.00,226.00,880.00,560.00,1.826,-3.896
2026-04-01T14:30:15.427Z,277.858,pi:0,bottle,0.8793,780.00,229.00,878.00,556.00,1.866,-3.929
2026-04-01T14:30:15.471Z,277.902,pi:0,bottle,0.8466,780.00,226.00,879.00,557.00,1.843,-3.913
2026-04-01T14:30:15.524Z,277.954,pi:0,bottle,0.7921,781.00,228.00,879.00,550.00,1.895,-3.896
2026-04-01T14:30:15.574Z,278.005,pi:0,bottle,0.7812,785.00,226.00,884.00,544.00,1.918,-3.750
2026-04-01T14:30:15.638Z,278.068,pi:0,bottle,0.4396,808.00,218.00,876.00,410.00,3.177,-3.506
2026-04-01T14:30:16.094Z,278.525,pi:0,bottle,0.7376,591.00,308.00,643.00,561.00,2.411,-10.732
2026-04-01T14:30:16.094Z,278.525,pi:0,bottle,0.3270,545.00,318.00,604.00,558.00,2.542,-12.066
2026-04-01T14:30:16.147Z,278.578,pi:0,bottle,0.4310,590.00,306.00,666.00,563.00,2.374,-10.385
2026-04-01T14:30:16.200Z,278.631,pi:0,bottle,0.8030,590.00,308.00,672.00,562.00,2.402,-10.290
2026-04-01T14:30:16.200Z,278.631,pi:0,bottle,0.2689,646.00,156.00,710.00,536.00,1.605,-8.797
2026-04-01T14:30:16.253Z,278.684,pi:0,bottle,0.8175,589.00,306.00,674.00,563.00,2.374,-10.274
2026-04-01T14:30:16.253Z,278.684,pi:0,bottle,0.4578,639.00,151.00,725.00,550.00,1.529,-8.670
2026-04-01T14:30:16.253Z,278.684,pi:0,bottle,0.2565,636.00,271.00,725.00,549.00,2.194,-8.717
2026-04-01T14:30:16.306Z,278.737,pi:0,bottle,0.7994,590.00,309.00,674.00,563.00,2.402,-10.258
2026-04-01T14:30:16.306Z,278.737,pi:0,bottle,0.3924,637.00,283.00,753.00,547.00,2.311,-8.254
2026-04-01T14:30:16.346Z,278.777,pi:0,bottle,0.8139,591.00,311.00,674.00,563.00,2.421,-10.243
2026-04-01T14:30:16.411Z,278.841,pi:0,bottle,0.8139,591.00,310.00,674.00,563.00,2.411,-10.243
2026-04-01T14:30:16.455Z,278.886,pi:0,bottle,0.8066,590.00,310.00,674.00,563.00,2.411,-10.258
2026-04-01T14:30:16.506Z,278.937,pi:0,bottle,0.8212,590.00,309.00,674.00,563.00,2.402,-10.258
2026-04-01T14:30:16.557Z,278.987,pi:0,bottle,0.8066,591.00,310.00,674.00,563.00,2.411,-10.243
2026-04-01T14:30:16.609Z,279.040,pi:0,bottle,0.8175,590.00,310.00,674.00,562.00,2.421,-10.258
2026-04-01T14:30:16.659Z,279.090,pi:0,bottle,0.8175,591.00,311.00,674.00,562.00,2.430,-10.243
2026-04-01T14:30:16.716Z,279.147,pi:0,bottle,0.8066,590.00,310.00,674.00,563.00,2.411,-10.258
2026-04-01T14:30:16.774Z,279.205,pi:0,bottle,0.8066,590.00,309.00,674.00,563.00,2.402,-10.258
2026-04-01T14:30:16.774Z,279.205,pi:0,bottle,0.3524,638.00,280.00,741.00,543.00,2.320,-8.430
2026-04-01T14:30:16.813Z,279.244,pi:0,bottle,0.8393,590.00,308.00,674.00,563.00,2.392,-10.258
2026-04-01T14:30:16.813Z,279.244,pi:0,bottle,0.4614,639.00,277.00,734.00,544.00,2.285,-8.526
2026-04-01T14:30:16.873Z,279.304,pi:0,bottle,0.7848,590.00,308.00,672.00,563.00,2.392,-10.290
2026-04-01T14:30:16.915Z,279.345,pi:0,bottle,0.7558,591.00,308.00,672.00,562.00,2.402,-10.274
2026-04-01T14:30:16.915Z,279.345,pi:0,bottle,0.3306,642.00,151.00,711.00,522.00,1.644,-8.845
2026-04-01T14:30:16.976Z,279.407,pi:0,bottle,0.7558,591.00,310.00,669.00,563.00,2.411,-10.322
2026-04-01T14:30:17.184Z,279.615,pi:0,bottle,0.5062,588.00,310.00,640.00,567.00,2.374,-10.827
2026-04-01T14:30:18.344Z,280.775,pi:0,bottle,0.5062,588.00,310.00,639.00,569.00,2.355,-10.842
2026-04-01T14:30:18.398Z,280.829,pi:0,bottle,0.2770,589.00,310.00,643.00,566.00,2.383,-10.764
2026-04-01T14:30:18.445Z,280.876,pi:0,bottle,0.3318,589.00,307.00,647.00,565.00,2.365,-10.701
2026-04-01T14:30:18.491Z,280.922,pi:0,bottle,0.3078,589.00,306.00,650.00,563.00,2.374,-10.653
2026-04-01T14:30:19.247Z,281.678,pi:0,bottle,0.3112,589.00,309.00,645.00,566.00,2.374,-10.732
2026-04-01T14:30:19.294Z,281.725,pi:0,bottle,0.4070,588.00,310.00,645.00,568.00,2.365,-10.748
2026-04-01T14:30:19.336Z,281.767,pi:0,bottle,0.4344,587.00,309.00,642.00,568.00,2.355,-10.811
2026-04-01T14:30:19.385Z,281.816,pi:0,bottle,0.4925,588.00,310.00,641.00,566.00,2.383,-10.811
2026-04-01T14:30:19.437Z,281.867,pi:0,bottle,0.5165,588.00,309.00,639.00,564.00,2.392,-10.842
2026-04-01T14:30:19.493Z,281.924,pi:0,bottle,0.4720,588.00,310.00,639.00,564.00,2.402,-10.842
2026-04-01T14:30:19.553Z,281.984,pi:0,bottle,0.4104,588.00,309.00,637.00,563.00,2.402,-10.874
2026-04-01T14:30:19.605Z,282.036,pi:0,bottle,0.2873,588.00,310.00,636.00,563.00,2.411,-10.890
2026-04-01T14:30:21.572Z,284.002,pi:0,bottle,0.2668,587.00,310.00,634.00,565.00,2.392,-10.937
2026-04-01T14:30:21.623Z,284.054,pi:0,bottle,0.3147,588.00,310.00,635.00,566.00,2.383,-10.905
2026-04-01T14:30:21.766Z,284.197,pi:0,bottle,0.2634,588.00,310.00,635.00,565.00,2.392,-10.905
2026-04-01T14:30:21.819Z,284.250,pi:0,bottle,0.2873,588.00,310.00,635.00,566.00,2.383,-10.905
2026-04-01T14:30:21.873Z,284.304,pi:0,bottle,0.2531,588.00,310.00,635.00,564.00,2.402,-10.905
2026-04-01T14:30:22.300Z,284.731,pi:0,bottle,0.3215,588.00,309.00,633.00,566.00,2.374,-10.937
2026-04-01T14:30:22.702Z,285.133,pi:0,bottle,0.2565,588.00,310.00,634.00,564.00,2.402,-10.921
2026-04-01T14:30:25.643Z,288.073,pi:0,bottle,0.2634,588.00,310.00,633.00,564.00,2.402,-10.937
2026-04-01T14:30:25.794Z,288.225,pi:0,bottle,0.2873,588.00,310.00,633.00,564.00,2.402,-10.937
2026-04-01T14:30:25.848Z,288.279,pi:0,bottle,0.3523,588.00,310.00,633.00,565.00,2.392,-10.937
2026-04-01T14:30:25.999Z,288.429,pi:0,bottle,0.3352,588.00,310.00,633.00,564.00,2.402,-10.937
2026-04-01T14:30:34.614Z,297.045,pi:0,bottle,0.2805,588.00,313.00,629.00,564.00,2.430,-11.000
2026-04-01T14:30:36.455Z,298.886,pi:0,bottle,0.6940,589.00,308.00,669.00,537.00,2.664,-10.353
2026-04-01T14:30:36.455Z,298.886,pi:0,bottle,0.3234,645.00,283.00,711.00,498.00,2.837,-8.797
2026-04-01T14:30:36.515Z,298.945,pi:0,bottle,0.7376,590.00,306.00,670.00,558.00,2.421,-10.322
2026-04-01T14:30:36.515Z,298.945,pi:0,bottle,0.3415,641.00,282.00,722.00,525.00,2.510,-8.686
2026-04-01T14:30:36.570Z,299.001,pi:0,bottle,0.7921,592.00,307.00,672.00,561.00,2.402,-10.258
2026-04-01T14:30:36.570Z,299.001,pi:0,bottle,0.3670,633.00,280.00,748.00,545.00,2.302,-8.398
2026-04-01T14:30:36.619Z,299.050,pi:0,bottle,0.7885,591.00,310.00,674.00,562.00,2.421,-10.243
2026-04-01T14:30:36.619Z,299.050,pi:0,bottle,0.4069,638.00,282.00,755.00,551.00,2.268,-8.206
2026-04-01T14:30:36.671Z,299.101,pi:0,bottle,0.7994,591.00,309.00,674.00,563.00,2.402,-10.243
2026-04-01T14:30:36.722Z,299.153,pi:0,bottle,0.7957,591.00,311.00,674.00,563.00,2.421,-10.243
2026-04-01T14:30:36.777Z,299.208,pi:0,bottle,0.8212,591.00,310.00,674.00,563.00,2.411,-10.243
2026-04-01T14:30:36.833Z,299.263,pi:0,bottle,0.8103,590.00,310.00,674.00,563.00,2.411,-10.258
2026-04-01T14:30:36.833Z,299.263,pi:0,bottle,0.2689,638.00,288.00,759.00,554.00,2.293,-8.142
2026-04-01T14:30:36.870Z,299.300,pi:0,bottle,0.7957,590.00,310.00,674.00,563.00,2.411,-10.258
2026-04-01T14:30:36.870Z,299.300,pi:0,bottle,0.2798,642.00,285.00,757.00,551.00,2.293,-8.110
2026-04-01T14:30:36.930Z,299.361,pi:0,bottle,0.7885,591.00,309.00,674.00,563.00,2.402,-10.243
2026-04-01T14:30:36.930Z,299.361,pi:0,bottle,0.2543,648.00,288.00,756.00,550.00,2.328,-8.030
2026-04-01T14:30:36.976Z,299.407,pi:0,bottle,0.7558,591.00,310.00,673.00,563.00,2.411,-10.258
2026-04-01T14:30:37.033Z,299.464,pi:0,bottle,0.7776,591.00,310.00,672.00,562.00,2.421,-10.274
2026-04-01T14:30:37.089Z,299.520,pi:0,bottle,0.7885,591.00,310.00,672.00,562.00,2.421,-10.274
2026-04-01T14:30:37.136Z,299.567,pi:0,bottle,0.7848,591.00,311.00,673.00,563.00,2.421,-10.258
2026-04-01T14:30:37.193Z,299.624,pi:0,bottle,0.7957,592.00,312.00,674.00,563.00,2.430,-10.227
2026-04-01T14:30:37.246Z,299.677,pi:0,bottle,0.8066,592.00,311.00,674.00,562.00,2.430,-10.227
2026-04-01T14:30:37.298Z,299.728,pi:0,bottle,0.7957,591.00,312.00,674.00,563.00,2.430,-10.243
2026-04-01T14:30:37.356Z,299.787,pi:0,bottle,0.7994,591.00,311.00,673.00,562.00,2.430,-10.258
2026-04-01T14:30:37.409Z,299.840,pi:0,bottle,0.8139,589.00,309.00,673.00,563.00,2.402,-10.290
2026-04-01T14:30:37.409Z,299.840,pi:0,bottle,0.4324,638.00,281.00,738.00,546.00,2.302,-8.478
2026-04-01T14:30:37.457Z,299.888,pi:0,bottle,0.6758,590.00,308.00,668.00,563.00,2.392,-10.353
2026-04-01T14:30:37.457Z,299.888,pi:0,bottle,0.3112,641.00,276.00,715.00,547.00,2.251,-8.797
2026-04-01T14:30:37.521Z,299.952,pi:0,bottle,0.3010,591.00,310.00,650.00,560.00,2.440,-10.622
2026-04-01T14:30:38.120Z,300.551,pi:0,bottle,0.7921,783.00,223.00,882.00,560.00,1.810,-3.815
2026-04-01T14:30:38.169Z,300.600,pi:0,bottle,0.8648,783.00,224.00,881.00,559.00,1.821,-3.831
2026-04-01T14:30:38.247Z,300.678,pi:0,bottle,0.8648,782.00,228.00,879.00,559.00,1.843,-3.880
2026-04-01T14:30:38.247Z,300.678,pi:0,bottle,0.3283,729.00,233.00,787.00,522.00,2.111,-6.229
2026-04-01T14:30:38.285Z,300.715,pi:0,bottle,0.8648,782.00,228.00,880.00,559.00,1.843,-3.864
2026-04-01T14:30:38.325Z,300.756,pi:0,bottle,0.8575,780.00,225.00,881.00,560.00,1.821,-3.880
2026-04-01T14:30:38.325Z,300.756,pi:0,bottle,0.3924,700.00,253.00,782.00,542.00,2.111,-6.778
2026-04-01T14:30:38.378Z,300.809,pi:0,bottle,0.8502,780.00,228.00,879.00,558.00,1.849,-3.913
2026-04-01T14:30:38.430Z,300.861,pi:0,bottle,0.8539,779.00,227.00,882.00,560.00,1.832,-3.880
2026-04-01T14:30:38.482Z,300.913,pi:0,bottle,0.8466,779.00,226.00,881.00,560.00,1.826,-3.896
2026-04-01T14:30:38.482Z,300.913,pi:0,bottle,0.6504,596.00,312.00,673.00,562.00,2.440,-10.179
2026-04-01T14:30:38.534Z,300.965,pi:0,bottle,0.8502,779.00,226.00,881.00,560.00,1.826,-3.896
2026-04-01T14:30:38.534Z,300.965,pi:0,bottle,0.8321,592.00,312.00,673.00,562.00,2.440,-10.243
2026-04-01T14:30:38.586Z,301.017,pi:0,bottle,0.8793,779.00,226.00,881.00,560.00,1.826,-3.896
2026-04-01T14:30:38.586Z,301.017,pi:0,bottle,0.8103,592.00,312.00,673.00,563.00,2.430,-10.243
2026-04-01T14:30:38.659Z,301.089,pi:0,bottle,0.8720,779.00,226.00,881.00,559.00,1.832,-3.896
2026-04-01T14:30:38.659Z,301.089,pi:0,bottle,0.7885,592.00,311.00,673.00,563.00,2.421,-10.243
2026-04-01T14:30:38.714Z,301.145,pi:0,bottle,0.8648,778.00,226.00,880.00,560.00,1.826,-3.929
2026-04-01T14:30:38.714Z,301.145,pi:0,bottle,0.7885,592.00,312.00,673.00,563.00,2.430,-10.243
2026-04-01T14:30:38.798Z,301.229,pi:0,bottle,0.8793,778.00,226.00,881.00,560.00,1.826,-3.913
2026-04-01T14:30:38.798Z,301.229,pi:0,bottle,0.8103,592.00,310.00,673.00,563.00,2.411,-10.243
2026-04-01T14:30:38.873Z,301.304,pi:0,bottle,0.8720,779.00,226.00,881.00,560.00,1.826,-3.896
2026-04-01T14:30:38.873Z,301.304,pi:0,bottle,0.8248,591.00,309.00,674.00,563.00,2.402,-10.243
2026-04-01T14:30:38.938Z,301.369,pi:0,bottle,0.8502,778.00,226.00,881.00,560.00,1.826,-3.913
2026-04-01T14:30:38.938Z,301.369,pi:0,bottle,0.8103,591.00,311.00,674.00,562.00,2.430,-10.243
2026-04-01T14:30:38.993Z,301.424,pi:0,bottle,0.8648,779.00,225.00,882.00,560.00,1.821,-3.880
2026-04-01T14:30:38.993Z,301.424,pi:0,bottle,0.7994,591.00,311.00,674.00,562.00,2.430,-10.243
2026-04-01T14:30:39.060Z,301.491,pi:0,bottle,0.8684,779.00,226.00,880.00,560.00,1.826,-3.913
2026-04-01T14:30:39.060Z,301.491,pi:0,bottle,0.8175,592.00,310.00,673.00,563.00,2.411,-10.243
2026-04-01T14:30:39.097Z,301.528,pi:0,bottle,0.8720,779.00,226.00,880.00,561.00,1.821,-3.913
2026-04-01T14:30:39.097Z,301.528,pi:0,bottle,0.8175,591.00,310.00,674.00,563.00,2.411,-10.243
2026-04-01T14:30:39.163Z,301.593,pi:0,bottle,0.8720,779.00,226.00,881.00,561.00,1.821,-3.896
2026-04-01T14:30:39.163Z,301.593,pi:0,bottle,0.8284,591.00,310.00,673.00,563.00,2.411,-10.258
2026-04-01T14:30:39.219Z,301.650,pi:0,bottle,0.8793,779.00,226.00,880.00,560.00,1.826,-3.913
2026-04-01T14:30:39.219Z,301.650,pi:0,bottle,0.8066,591.00,310.00,674.00,563.00,2.411,-10.243
2026-04-01T14:30:39.266Z,301.697,pi:0,bottle,0.8611,779.00,226.00,880.00,561.00,1.821,-3.913
2026-04-01T14:30:39.266Z,301.697,pi:0,bottle,0.8248,592.00,310.00,674.00,563.00,2.411,-10.227
2026-04-01T14:30:39.316Z,301.747,pi:0,bottle,0.8648,779.00,226.00,880.00,560.00,1.826,-3.913
2026-04-01T14:30:39.316Z,301.747,pi:0,bottle,0.8175,591.00,309.00,674.00,563.00,2.402,-10.243
2026-04-01T14:30:39.373Z,301.804,pi:0,bottle,0.8575,779.00,226.00,881.00,560.00,1.826,-3.896
2026-04-01T14:30:39.373Z,301.804,pi:0,bottle,0.8248,591.00,309.00,673.00,563.00,2.402,-10.258
2026-04-01T14:30:39.434Z,301.865,pi:0,bottle,0.8684,779.00,227.00,880.00,560.00,1.832,-3.913
2026-04-01T14:30:39.434Z,301.865,pi:0,bottle,0.8321,592.00,309.00,674.00,563.00,2.402,-10.227
2026-04-01T14:30:39.474Z,301.905,pi:0,bottle,0.8357,779.00,226.00,881.00,560.00,1.826,-3.896
2026-04-01T14:30:39.474Z,301.905,pi:0,bottle,0.8248,592.00,309.00,673.00,563.00,2.402,-10.243
2026-04-01T14:30:39.534Z,301.965,pi:0,bottle,0.8793,779.00,226.00,880.00,561.00,1.821,-3.913
2026-04-01T14:30:39.534Z,301.965,pi:0,bottle,0.8139,592.00,310.00,674.00,563.00,2.411,-10.227
2026-04-01T14:30:39.584Z,302.015,pi:0,bottle,0.8502,779.00,227.00,880.00,560.00,1.832,-3.913
2026-04-01T14:30:39.584Z,302.015,pi:0,bottle,0.8175,592.00,310.00,674.00,563.00,2.411,-10.227
2026-04-01T14:30:39.637Z,302.068,pi:0,bottle,0.8611,779.00,227.00,881.00,559.00,1.837,-3.896
2026-04-01T14:30:39.637Z,302.068,pi:0,bottle,0.8139,592.00,310.00,674.00,563.00,2.411,-10.227
2026-04-01T14:30:39.696Z,302.127,pi:0,bottle,0.8611,779.00,226.00,881.00,559.00,1.832,-3.896
2026-04-01T14:30:39.696Z,302.127,pi:0,bottle,0.8284,591.00,310.00,674.00,563.00,2.411,-10.243
2026-04-01T14:30:39.743Z,302.174,pi:0,bottle,0.8720,779.00,226.00,880.00,561.00,1.821,-3.913
2026-04-01T14:30:39.743Z,302.174,pi:0,bottle,0.8321,592.00,309.00,674.00,563.00,2.402,-10.227
2026-04-01T14:30:39.790Z,302.220,pi:0,bottle,0.8466,779.00,226.00,881.00,560.00,1.826,-3.896
2026-04-01T14:30:39.790Z,302.220,pi:0,bottle,0.8212,591.00,310.00,674.00,563.00,2.411,-10.243
2026-04-01T14:30:39.845Z,302.275,pi:0,bottle,0.8539,779.00,226.00,880.00,560.00,1.826,-3.913
2026-04-01T14:30:39.845Z,302.275,pi:0,bottle,0.8321,591.00,310.00,674.00,563.00,2.411,-10.243
2026-04-01T14:30:39.903Z,302.334,pi:0,bottle,0.8720,779.00,226.00,881.00,561.00,1.821,-3.896
2026-04-01T14:30:39.903Z,302.334,pi:0,bottle,0.8175,591.00,310.00,673.00,563.00,2.411,-10.258
2026-04-01T14:30:39.949Z,302.380,pi:0,bottle,0.8648,780.00,226.00,880.00,560.00,1.826,-3.896
2026-04-01T14:30:39.949Z,302.380,pi:0,bottle,0.7994,591.00,310.00,674.00,563.00,2.411,-10.243
2026-04-01T14:30:40.007Z,302.438,pi:0,bottle,0.8611,779.00,226.00,880.00,560.00,1.826,-3.913
2026-04-01T14:30:40.007Z,302.438,pi:0,bottle,0.8248,592.00,310.00,674.00,563.00,2.411,-10.227
2026-04-01T14:30:40.055Z,302.485,pi:0,bottle,0.8611,779.00,225.00,880.00,561.00,1.816,-3.913
2026-04-01T14:30:40.055Z,302.485,pi:0,bottle,0.8175,592.00,311.00,674.00,563.00,2.421,-10.227
2026-04-01T14:30:40.111Z,302.542,pi:0,bottle,0.8757,779.00,227.00,880.00,559.00,1.837,-3.913
2026-04-01T14:30:40.111Z,302.542,pi:0,bottle,0.8030,591.00,310.00,674.00,563.00,2.411,-10.243
2026-04-01T14:30:40.167Z,302.598,pi:0,bottle,0.8720,780.00,226.00,880.00,560.00,1.826,-3.896
2026-04-01T14:30:40.167Z,302.598,pi:0,bottle,0.8212,591.00,310.00,674.00,563.00,2.411,-10.243
2026-04-01T14:30:40.213Z,302.644,pi:0,bottle,0.8648,779.00,226.00,881.00,561.00,1.821,-3.896
2026-04-01T14:30:40.213Z,302.644,pi:0,bottle,0.8103,591.00,310.00,674.00,563.00,2.411,-10.243
2026-04-01T14:30:40.275Z,302.706,pi:0,bottle,0.8720,779.00,227.00,880.00,560.00,1.832,-3.913
2026-04-01T14:30:40.275Z,302.706,pi:0,bottle,0.8139,592.00,310.00,674.00,563.00,2.411,-10.227
2026-04-01T14:30:40.321Z,302.752,pi:0,bottle,0.8793,779.00,226.00,881.00,561.00,1.821,-3.896
2026-04-01T14:30:40.321Z,302.752,pi:0,bottle,0.8175,592.00,310.00,674.00,563.00,2.411,-10.227
2026-04-01T14:30:40.377Z,302.808,pi:0,bottle,0.8611,778.00,226.00,880.00,560.00,1.826,-3.929
2026-04-01T14:30:40.377Z,302.808,pi:0,bottle,0.8357,592.00,310.00,674.00,563.00,2.411,-10.227
2026-04-01T14:30:40.429Z,302.860,pi:0,bottle,0.8757,778.00,227.00,880.00,560.00,1.832,-3.929
2026-04-01T14:30:40.429Z,302.860,pi:0,bottle,0.8357,592.00,310.00,674.00,563.00,2.411,-10.227
2026-04-01T14:30:40.485Z,302.916,pi:0,bottle,0.8684,779.00,227.00,881.00,560.00,1.832,-3.896
2026-04-01T14:30:40.485Z,302.916,pi:0,bottle,0.8284,591.00,310.00,674.00,563.00,2.411,-10.243
2026-04-01T14:30:40.541Z,302.972,pi:0,bottle,0.8611,779.00,226.00,881.00,560.00,1.826,-3.896
2026-04-01T14:30:40.541Z,302.972,pi:0,bottle,0.8212,592.00,311.00,674.00,563.00,2.421,-10.227
2026-04-01T14:30:40.598Z,303.029,pi:0,bottle,0.8684,779.00,227.00,880.00,561.00,1.826,-3.913
2026-04-01T14:30:40.598Z,303.029,pi:0,bottle,0.8066,592.00,310.00,674.00,562.00,2.421,-10.227
2026-04-01T14:30:40.641Z,303.072,pi:0,bottle,0.8611,779.00,226.00,880.00,560.00,1.826,-3.913
2026-04-01T14:30:40.641Z,303.072,pi:0,bottle,0.8248,592.00,310.00,674.00,563.00,2.411,-10.227
2026-04-01T14:30:40.697Z,303.128,pi:0,bottle,0.8539,780.00,226.00,881.00,560.00,1.826,-3.880
2026-04-01T14:30:40.697Z,303.128,pi:0,bottle,0.8103,592.00,311.00,674.00,563.00,2.421,-10.227
2026-04-01T14:30:40.745Z,303.175,pi:0,bottle,0.8575,779.00,226.00,880.00,559.00,1.832,-3.913
2026-04-01T14:30:40.745Z,303.175,pi:0,bottle,0.8139,591.00,310.00,673.00,563.00,2.411,-10.258
2026-04-01T14:30:40.802Z,303.233,pi:0,bottle,0.8684,778.00,226.00,880.00,560.00,1.826,-3.929
2026-04-01T14:30:40.802Z,303.233,pi:0,bottle,0.8248,592.00,311.00,674.00,563.00,2.421,-10.227
2026-04-01T14:30:40.858Z,303.289,pi:0,bottle,0.8648,779.00,226.00,880.00,560.00,1.826,-3.913
2026-04-01T14:30:40.858Z,303.289,pi:0,bottle,0.8212,592.00,310.00,673.00,563.00,2.411,-10.243
2026-04-01T14:30:40.918Z,303.349,pi:0,bottle,0.8757,779.00,227.00,880.00,560.00,1.832,-3.913
2026-04-01T14:30:40.918Z,303.349,pi:0,bottle,0.8284,592.00,310.00,673.00,562.00,2.421,-10.243
2026-04-01T14:30:40.970Z,303.401,pi:0,bottle,0.8502,779.00,226.00,881.00,560.00,1.826,-3.896
2026-04-01T14:30:40.970Z,303.401,pi:0,bottle,0.8430,592.00,311.00,674.00,563.00,2.421,-10.227
2026-04-01T14:30:41.030Z,303.461,pi:0,bottle,0.8720,779.00,226.00,881.00,560.00,1.826,-3.896
2026-04-01T14:30:41.030Z,303.461,pi:0,bottle,0.8284,591.00,311.00,674.00,563.00,2.421,-10.243
2026-04-01T14:30:41.082Z,303.513,pi:0,bottle,0.8357,779.00,226.00,881.00,560.00,1.826,-3.896
2026-04-01T14:30:41.082Z,303.513,pi:0,bottle,0.8175,592.00,310.00,674.00,563.00,2.411,-10.227
2026-04-01T14:30:41.109Z,303.539,pi:0,bottle,0.8502,779.00,226.00,881.00,560.00,1.826,-3.896
2026-04-01T14:30:41.109Z,303.539,pi:0,bottle,0.8393,591.00,310.00,674.00,563.00,2.411,-10.243
2026-04-01T14:30:41.226Z,303.657,pi:0,bottle,0.8575,779.00,226.00,880.00,560.00,1.826,-3.913
2026-04-01T14:30:41.226Z,303.657,pi:0,bottle,0.8357,592.00,310.00,674.00,563.00,2.411,-10.227
2026-04-01T14:30:41.280Z,303.711,pi:0,bottle,0.8393,779.00,226.00,882.00,560.00,1.826,-3.880
2026-04-01T14:30:41.280Z,303.711,pi:0,bottle,0.8321,592.00,310.00,674.00,563.00,2.411,-10.227
2026-04-01T14:30:41.328Z,303.759,pi:0,bottle,0.8684,778.00,226.00,880.00,560.00,1.826,-3.929
2026-04-01T14:30:41.328Z,303.759,pi:0,bottle,0.8321,591.00,310.00,674.00,563.00,2.411,-10.243
2026-04-01T14:30:41.377Z,303.807,pi:0,bottle,0.8575,779.00,226.00,882.00,560.00,1.826,-3.880
2026-04-01T14:30:41.377Z,303.807,pi:0,bottle,0.8321,591.00,310.00,674.00,563.00,2.411,-10.243
2026-04-01T14:30:41.429Z,303.860,pi:0,bottle,0.8648,779.00,226.00,880.00,560.00,1.826,-3.913
2026-04-01T14:30:41.429Z,303.860,pi:0,bottle,0.8393,592.00,309.00,674.00,563.00,2.402,-10.227
2026-04-01T14:30:41.477Z,303.908,pi:0,bottle,0.8793,779.00,225.00,881.00,560.00,1.821,-3.896
2026-04-01T14:30:41.477Z,303.908,pi:0,bottle,0.7957,591.00,310.00,674.00,563.00,2.411,-10.243
2026-04-01T14:30:41.534Z,303.965,pi:0,bottle,0.8648,779.00,226.00,880.00,560.00,1.826,-3.913
2026-04-01T14:30:41.534Z,303.965,pi:0,bottle,0.8284,591.00,310.00,674.00,563.00,2.411,-10.243
2026-04-01T14:30:41.578Z,304.009,pi:0,bottle,0.8720,779.00,226.00,881.00,560.00,1.826,-3.896
2026-04-01T14:30:41.578Z,304.009,pi:0,bottle,0.8248,592.00,310.00,673.00,563.00,2.411,-10.243
2026-04-01T14:30:41.629Z,304.060,pi:0,bottle,0.8575,779.00,226.00,880.00,560.00,1.826,-3.913
2026-04-01T14:30:41.629Z,304.060,pi:0,bottle,0.8357,591.00,310.00,673.00,563.00,2.411,-10.258
2026-04-01T14:30:41.683Z,304.116,pi:0,bottle,0.8611,780.00,227.00,881.00,560.00,1.832,-3.880
2026-04-01T14:30:41.683Z,304.116,pi:0,bottle,0.8393,592.00,310.00,674.00,563.00,2.411,-10.227
2026-04-01T14:30:41.745Z,304.176,pi:0,bottle,0.8757,779.00,227.00,882.00,560.00,1.832,-3.880
2026-04-01T14:30:41.745Z,304.176,pi:0,bottle,0.8284,592.00,310.00,674.00,563.00,2.411,-10.227
2026-04-01T14:30:41.795Z,304.226,pi:0,bottle,0.8757,779.00,227.00,881.00,560.00,1.832,-3.896
2026-04-01T14:30:41.795Z,304.226,pi:0,bottle,0.8175,591.00,310.00,674.00,562.00,2.421,-10.243
2026-04-01T14:30:41.835Z,304.266,pi:0,bottle,0.8757,779.00,226.00,881.00,560.00,1.826,-3.896
2026-04-01T14:30:41.835Z,304.266,pi:0,bottle,0.8357,591.00,310.00,674.00,563.00,2.411,-10.243
2026-04-01T14:30:41.922Z,304.352,pi:0,bottle,0.8793,779.00,226.00,882.00,560.00,1.826,-3.880
2026-04-01T14:30:41.922Z,304.352,pi:0,bottle,0.8212,592.00,310.00,674.00,563.00,2.411,-10.227
2026-04-01T14:30:42.001Z,304.432,pi:0,bottle,0.8720,778.00,227.00,881.00,560.00,1.832,-3.913
2026-04-01T14:30:42.001Z,304.432,pi:0,bottle,0.8212,592.00,310.00,674.00,563.00,2.411,-10.227
2026-04-01T14:30:42.073Z,304.504,pi:0,bottle,0.8793,778.00,226.00,881.00,560.00,1.826,-3.913
2026-04-01T14:30:42.073Z,304.504,pi:0,bottle,0.8321,592.00,310.00,674.00,563.00,2.411,-10.227
2026-04-01T14:30:42.156Z,304.587,pi:0,bottle,0.8648,779.00,225.00,881.00,559.00,1.826,-3.896
2026-04-01T14:30:42.156Z,304.587,pi:0,bottle,0.8321,592.00,311.00,673.00,563.00,2.421,-10.243
2026-04-01T14:30:42.205Z,304.636,pi:0,bottle,0.8648,779.00,226.00,880.00,560.00,1.826,-3.913
2026-04-01T14:30:42.205Z,304.636,pi:0,bottle,0.8393,592.00,310.00,674.00,563.00,2.411,-10.227
2026-04-01T14:30:42.264Z,304.695,pi:0,bottle,0.8648,779.00,226.00,881.00,560.00,1.826,-3.896
2026-04-01T14:30:42.264Z,304.695,pi:0,bottle,0.8321,592.00,310.00,673.00,563.00,2.411,-10.243
2026-04-01T14:30:42.310Z,304.741,pi:0,bottle,0.8793,779.00,226.00,881.00,560.00,1.826,-3.896
2026-04-01T14:30:42.310Z,304.741,pi:0,bottle,0.8139,592.00,310.00,673.00,563.00,2.411,-10.243
2026-04-01T14:30:42.369Z,304.800,pi:0,bottle,0.8720,779.00,226.00,881.00,560.00,1.826,-3.896
2026-04-01T14:30:42.369Z,304.800,pi:0,bottle,0.8248,591.00,310.00,673.00,563.00,2.411,-10.258
2026-04-01T14:30:42.419Z,304.850,pi:0,bottle,0.8757,779.00,225.00,882.00,560.00,1.821,-3.880
2026-04-01T14:30:42.419Z,304.850,pi:0,bottle,0.8175,592.00,310.00,674.00,563.00,2.411,-10.227
2026-04-01T14:30:42.469Z,304.900,pi:0,bottle,0.8720,780.00,226.00,881.00,560.00,1.826,-3.880
2026-04-01T14:30:42.469Z,304.900,pi:0,bottle,0.8284,592.00,310.00,674.00,563.00,2.411,-10.227
2026-04-01T14:30:42.518Z,304.949,pi:0,bottle,0.8793,779.00,225.00,882.00,560.00,1.821,-3.880
2026-04-01T14:30:42.518Z,304.949,pi:0,bottle,0.8321,592.00,310.00,674.00,563.00,2.411,-10.227
2026-04-01T14:30:42.575Z,305.006,pi:0,bottle,0.8611,779.00,226.00,881.00,560.00,1.826,-3.896
2026-04-01T14:30:42.575Z,305.006,pi:0,bottle,0.8212,592.00,311.00,674.00,563.00,2.421,-10.227
2026-04-01T14:30:42.618Z,305.049,pi:0,bottle,0.8720,779.00,226.00,881.00,560.00,1.826,-3.896
2026-04-01T14:30:42.618Z,305.049,pi:0,bottle,0.8430,591.00,310.00,674.00,563.00,2.411,-10.243
2026-04-01T14:30:42.673Z,305.103,pi:0,bottle,0.8611,779.00,226.00,882.00,560.00,1.826,-3.880
2026-04-01T14:30:42.673Z,305.103,pi:0,bottle,0.8248,592.00,310.00,674.00,563.00,2.411,-10.227
2026-04-01T14:30:42.728Z,305.159,pi:0,bottle,0.8648,778.00,226.00,881.00,560.00,1.826,-3.913
2026-04-01T14:30:42.728Z,305.159,pi:0,bottle,0.8139,592.00,311.00,674.00,563.00,2.421,-10.227
2026-04-01T14:30:42.767Z,305.198,pi:0,bottle,0.8575,779.00,225.00,881.00,560.00,1.821,-3.896
2026-04-01T14:30:42.767Z,305.198,pi:0,bottle,0.8212,592.00,310.00,674.00,563.00,2.411,-10.227
2026-04-01T14:30:42.830Z,305.261,pi:0,bottle,0.8757,778.00,225.00,882.00,559.00,1.826,-3.896
2026-04-01T14:30:42.830Z,305.261,pi:0,bottle,0.8321,591.00,310.00,674.00,563.00,2.411,-10.243
2026-04-01T14:30:42.880Z,305.311,pi:0,bottle,0.8720,778.00,226.00,881.00,560.00,1.826,-3.913
2026-04-01T14:30:42.880Z,305.311,pi:0,bottle,0.8212,591.00,311.00,674.00,563.00,2.421,-10.243
2026-04-01T14:30:42.949Z,305.380,pi:0,bottle,0.8793,779.00,226.00,882.00,560.00,1.826,-3.880
2026-04-01T14:30:42.949Z,305.380,pi:0,bottle,0.8139,592.00,311.00,673.00,563.00,2.421,-10.243
2026-04-01T14:30:42.995Z,305.426,pi:0,bottle,0.8575,779.00,226.00,880.00,560.00,1.826,-3.913
2026-04-01T14:30:42.995Z,305.426,pi:0,bottle,0.8030,592.00,310.00,673.00,562.00,2.421,-10.243
2026-04-01T14:30:43.050Z,305.481,pi:0,bottle,0.8648,780.00,225.00,881.00,560.00,1.821,-3.880
2026-04-01T14:30:43.050Z,305.481,pi:0,bottle,0.8284,592.00,310.00,674.00,563.00,2.411,-10.227
2026-04-01T14:30:43.096Z,305.527,pi:0,bottle,0.8611,778.00,226.00,880.00,560.00,1.826,-3.929
2026-04-01T14:30:43.096Z,305.527,pi:0,bottle,0.8139,592.00,310.00,674.00,563.00,2.411,-10.227
2026-04-01T14:30:43.148Z,305.579,pi:0,bottle,0.8611,779.00,226.00,882.00,561.00,1.821,-3.880
2026-04-01T14:30:43.148Z,305.579,pi:0,bottle,0.8103,591.00,310.00,674.00,563.00,2.411,-10.243
2026-04-01T14:30:43.200Z,305.631,pi:0,bottle,0.8757,779.00,226.00,881.00,560.00,1.826,-3.896
2026-04-01T14:30:43.200Z,305.631,pi:0,bottle,0.7994,591.00,310.00,673.00,563.00,2.411,-10.258
2026-04-01T14:30:43.244Z,305.675,pi:0,bottle,0.8720,779.00,226.00,881.00,560.00,1.826,-3.896
2026-04-01T14:30:43.244Z,305.675,pi:0,bottle,0.8139,592.00,311.00,674.00,563.00,2.421,-10.227
2026-04-01T14:30:43.292Z,305.723,pi:0,bottle,0.8757,779.00,226.00,880.00,560.00,1.826,-3.913
2026-04-01T14:30:43.292Z,305.723,pi:0,bottle,0.7812,591.00,310.00,674.00,562.00,2.421,-10.243
2026-04-01T14:30:43.350Z,305.781,pi:0,bottle,0.8611,779.00,226.00,880.00,560.00,1.826,-3.913
2026-04-01T14:30:43.350Z,305.781,pi:0,bottle,0.8030,592.00,310.00,673.00,563.00,2.411,-10.243
2026-04-01T14:30:43.400Z,305.831,pi:0,bottle,0.8720,779.00,226.00,880.00,560.00,1.826,-3.913
2026-04-01T14:30:43.400Z,305.831,pi:0,bottle,0.8066,591.00,311.00,673.00,563.00,2.421,-10.258
2026-04-01T14:30:43.456Z,305.887,pi:0,bottle,0.8684,779.00,226.00,881.00,561.00,1.821,-3.896
2026-04-01T14:30:43.456Z,305.887,pi:0,bottle,0.8175,591.00,310.00,674.00,563.00,2.411,-10.243
2026-04-01T14:30:43.495Z,305.926,pi:0,bottle,0.8757,779.00,226.00,880.00,560.00,1.826,-3.913
2026-04-01T14:30:43.495Z,305.926,pi:0,bottle,0.8212,591.00,311.00,673.00,563.00,2.421,-10.258
2026-04-01T14:30:43.539Z,305.970,pi:0,bottle,0.8684,779.00,225.00,880.00,560.00,1.821,-3.913
2026-04-01T14:30:43.539Z,305.970,pi:0,bottle,0.8284,591.00,310.00,674.00,563.00,2.411,-10.243
2026-04-01T14:30:43.595Z,306.026,pi:0,bottle,0.8648,779.00,226.00,881.00,560.00,1.826,-3.896
2026-04-01T14:30:43.595Z,306.026,pi:0,bottle,0.7848,591.00,310.00,673.00,562.00,2.421,-10.258
2026-04-01T14:30:43.652Z,306.083,pi:0,bottle,0.8720,779.00,226.00,881.00,560.00,1.826,-3.896
2026-04-01T14:30:43.652Z,306.083,pi:0,bottle,0.8284,592.00,311.00,674.00,563.00,2.421,-10.227
2026-04-01T14:30:43.692Z,306.123,pi:0,bottle,0.8829,779.00,226.00,880.00,560.00,1.826,-3.913
2026-04-01T14:30:43.692Z,306.123,pi:0,bottle,0.8030,592.00,312.00,673.00,562.00,2.440,-10.243
2026-04-01T14:30:43.762Z,306.192,pi:0,bottle,0.8720,779.00,226.00,881.00,561.00,1.821,-3.896
2026-04-01T14:30:43.762Z,306.192,pi:0,bottle,0.8212,591.00,311.00,674.00,563.00,2.421,-10.243
2026-04-01T14:30:43.803Z,306.234,pi:0,bottle,0.8829,779.00,226.00,881.00,560.00,1.826,-3.896
2026-04-01T14:30:43.803Z,306.234,pi:0,bottle,0.7957,591.00,311.00,674.00,563.00,2.421,-10.243
2026-04-01T14:30:43.867Z,306.297,pi:0,bottle,0.8720,780.00,226.00,880.00,559.00,1.832,-3.896
2026-04-01T14:30:43.867Z,306.297,pi:0,bottle,0.8175,590.00,311.00,675.00,563.00,2.421,-10.243
2026-04-01T14:30:43.923Z,306.354,pi:0,bottle,0.8757,778.00,226.00,880.00,560.00,1.826,-3.929
2026-04-01T14:30:43.923Z,306.354,pi:0,bottle,0.8175,590.00,310.00,674.00,563.00,2.411,-10.258
2026-04-01T14:30:43.966Z,306.397,pi:0,bottle,0.8793,779.00,226.00,881.00,560.00,1.826,-3.896
2026-04-01T14:30:43.966Z,306.397,pi:0,bottle,0.8321,591.00,310.00,675.00,563.00,2.411,-10.227
2026-04-01T14:30:44.023Z,306.453,pi:0,bottle,0.8648,780.00,226.00,881.00,559.00,1.832,-3.880
2026-04-01T14:30:44.023Z,306.453,pi:0,bottle,0.7994,590.00,310.00,673.00,563.00,2.411,-10.274
2026-04-01T14:30:44.073Z,306.504,pi:0,bottle,0.8829,779.00,226.00,880.00,560.00,1.826,-3.913
2026-04-01T14:30:44.073Z,306.504,pi:0,bottle,0.8066,591.00,311.00,675.00,563.00,2.421,-10.227
2026-04-01T14:30:44.073Z,306.504,pi:0,bottle,0.2507,324.00,176.00,452.00,326.00,4.067,-17.748
2026-04-01T14:30:44.133Z,306.564,pi:0,bottle,0.8757,779.00,226.00,881.00,560.00,1.826,-3.896
2026-04-01T14:30:44.133Z,306.564,pi:0,bottle,0.8066,591.00,311.00,675.00,563.00,2.421,-10.227
2026-04-01T14:30:44.187Z,306.618,pi:0,bottle,0.8829,779.00,226.00,881.00,560.00,1.826,-3.896
2026-04-01T14:30:44.187Z,306.618,pi:0,bottle,0.7776,590.00,310.00,674.00,562.00,2.421,-10.258
2026-04-01T14:30:44.245Z,306.676,pi:0,bottle,0.8611,779.00,225.00,880.00,560.00,1.821,-3.913
2026-04-01T14:30:44.245Z,306.676,pi:0,bottle,0.8030,590.00,310.00,674.00,562.00,2.421,-10.258
2026-04-01T14:30:44.287Z,306.718,pi:0,bottle,0.8793,779.00,226.00,880.00,559.00,1.832,-3.913
2026-04-01T14:30:44.287Z,306.718,pi:0,bottle,0.8321,591.00,311.00,673.00,562.00,2.430,-10.258
2026-04-01T14:30:44.342Z,306.773,pi:0,bottle,0.8684,779.00,226.00,880.00,559.00,1.832,-3.913
2026-04-01T14:30:44.342Z,306.773,pi:0,bottle,0.8248,591.00,310.00,674.00,562.00,2.421,-10.243
2026-04-01T14:30:44.396Z,306.827,pi:0,bottle,0.8575,779.00,226.00,880.00,560.00,1.826,-3.913
2026-04-01T14:30:44.396Z,306.827,pi:0,bottle,0.8357,592.00,310.00,673.00,563.00,2.411,-10.243
2026-04-01T14:30:44.448Z,306.879,pi:0,bottle,0.8611,779.00,226.00,881.00,561.00,1.821,-3.896
2026-04-01T14:30:44.448Z,306.879,pi:0,bottle,0.8212,591.00,309.00,673.00,562.00,2.411,-10.258
2026-04-01T14:30:44.500Z,306.931,pi:0,bottle,0.8575,778.00,226.00,880.00,560.00,1.826,-3.929
2026-04-01T14:30:44.500Z,306.931,pi:0,bottle,0.8321,591.00,310.00,674.00,563.00,2.411,-10.243
2026-04-01T14:30:44.553Z,306.983,pi:0,bottle,0.8720,779.00,226.00,880.00,560.00,1.826,-3.913
2026-04-01T14:30:44.553Z,306.983,pi:0,bottle,0.8175,591.00,310.00,673.00,562.00,2.421,-10.258
2026-04-01T14:30:44.604Z,307.035,pi:0,bottle,0.8393,780.00,226.00,880.00,560.00,1.826,-3.896
2026-04-01T14:30:44.604Z,307.035,pi:0,bottle,0.8139,591.00,310.00,674.00,563.00,2.411,-10.243
2026-04-01T14:30:44.656Z,307.087,pi:0,bottle,0.8611,780.00,226.00,881.00,560.00,1.826,-3.880
2026-04-01T14:30:44.656Z,307.087,pi:0,bottle,0.8321,591.00,310.00,674.00,563.00,2.411,-10.243
2026-04-01T14:30:44.715Z,307.146,pi:0,bottle,0.8502,779.00,226.00,881.00,560.00,1.826,-3.896
2026-04-01T14:30:44.715Z,307.146,pi:0,bottle,0.8175,590.00,310.00,674.00,563.00,2.411,-10.258
2026-04-01T14:30:44.762Z,307.193,pi:0,bottle,0.8720,779.00,226.00,880.00,560.00,1.826,-3.913
2026-04-01T14:30:44.762Z,307.193,pi:0,bottle,0.8321,591.00,309.00,674.00,563.00,2.402,-10.243
2026-04-01T14:30:44.817Z,307.248,pi:0,bottle,0.8575,778.00,226.00,880.00,561.00,1.821,-3.929
2026-04-01T14:30:44.817Z,307.248,pi:0,bottle,0.8321,592.00,308.00,674.00,563.00,2.392,-10.227
2026-04-01T14:30:44.870Z,307.301,pi:0,bottle,0.8539,779.00,225.00,880.00,560.00,1.821,-3.913
2026-04-01T14:30:44.870Z,307.301,pi:0,bottle,0.8212,592.00,309.00,673.00,563.00,2.402,-10.243
2026-04-01T14:30:44.918Z,307.349,pi:0,bottle,0.8684,779.00,226.00,881.00,559.00,1.832,-3.896
2026-04-01T14:30:44.918Z,307.349,pi:0,bottle,0.8357,591.00,310.00,674.00,563.00,2.411,-10.243
2026-04-01T14:30:44.971Z,307.402,pi:0,bottle,0.8793,779.00,225.00,880.00,560.00,1.821,-3.913
2026-04-01T14:30:44.971Z,307.402,pi:0,bottle,0.8248,591.00,310.00,674.00,563.00,2.411,-10.243
2026-04-01T14:30:45.025Z,307.455,pi:0,bottle,0.8648,779.00,226.00,880.00,560.00,1.826,-3.913
2026-04-01T14:30:45.025Z,307.455,pi:0,bottle,0.8175,592.00,311.00,674.00,563.00,2.421,-10.227
2026-04-01T14:30:45.077Z,307.508,pi:0,bottle,0.8684,778.00,225.00,881.00,559.00,1.826,-3.913
2026-04-01T14:30:45.077Z,307.508,pi:0,bottle,0.7921,591.00,310.00,673.00,562.00,2.421,-10.258
2026-04-01T14:30:45.128Z,307.559,pi:0,bottle,0.8648,779.00,226.00,881.00,560.00,1.826,-3.896
2026-04-01T14:30:45.128Z,307.559,pi:0,bottle,0.8248,591.00,310.00,673.00,563.00,2.411,-10.258
2026-04-01T14:30:45.177Z,307.608,pi:0,bottle,0.8793,779.00,225.00,881.00,560.00,1.821,-3.896
2026-04-01T14:30:45.177Z,307.608,pi:0,bottle,0.8139,591.00,310.00,673.00,563.00,2.411,-10.258
2026-04-01T14:30:45.233Z,307.664,pi:0,bottle,0.8539,779.00,226.00,882.00,560.00,1.826,-3.880
2026-04-01T14:30:45.233Z,307.664,pi:0,bottle,0.8212,592.00,311.00,673.00,563.00,2.421,-10.243
2026-04-01T14:30:45.279Z,307.709,pi:0,bottle,0.8720,780.00,226.00,881.00,560.00,1.826,-3.880
2026-04-01T14:30:45.279Z,307.709,pi:0,bottle,0.8212,590.00,310.00,674.00,563.00,2.411,-10.258
2026-04-01T14:30:45.326Z,307.757,pi:0,bottle,0.8648,779.00,226.00,881.00,560.00,1.826,-3.896
2026-04-01T14:30:45.326Z,307.757,pi:0,bottle,0.8175,592.00,309.00,674.00,563.00,2.402,-10.227
2026-04-01T14:30:45.393Z,307.824,pi:0,bottle,0.8575,779.00,226.00,881.00,560.00,1.826,-3.896
2026-04-01T14:30:45.393Z,307.824,pi:0,bottle,0.8139,592.00,311.00,674.00,563.00,2.421,-10.227
2026-04-01T14:30:45.493Z,307.924,pi:0,bottle,0.8648,779.00,225.00,880.00,560.00,1.821,-3.913
2026-04-01T14:30:45.493Z,307.924,pi:0,bottle,0.8248,591.00,309.00,674.00,563.00,2.402,-10.243
2026-04-01T14:30:45.545Z,307.976,pi:0,bottle,0.8757,779.00,226.00,880.00,560.00,1.826,-3.913
2026-04-01T14:30:45.545Z,307.976,pi:0,bottle,0.8248,592.00,310.00,674.00,563.00,2.411,-10.227
2026-04-01T14:30:45.608Z,308.039,pi:0,bottle,0.8793,779.00,225.00,881.00,560.00,1.821,-3.896
2026-04-01T14:30:45.608Z,308.039,pi:0,bottle,0.8212,591.00,310.00,673.00,563.00,2.411,-10.258
2026-04-01T14:30:45.679Z,308.110,pi:0,bottle,0.8720,779.00,226.00,880.00,560.00,1.826,-3.913
2026-04-01T14:30:45.679Z,308.110,pi:0,bottle,0.8175,592.00,311.00,674.00,563.00,2.421,-10.227
2026-04-01T14:30:45.725Z,308.156,pi:0,bottle,0.8720,780.00,226.00,880.00,560.00,1.826,-3.896
2026-04-01T14:30:45.725Z,308.156,pi:0,bottle,0.8066,591.00,311.00,674.00,563.00,2.421,-10.243
2026-04-01T14:30:45.785Z,308.216,pi:0,bottle,0.8502,779.00,225.00,880.00,560.00,1.821,-3.913
2026-04-01T14:30:45.785Z,308.216,pi:0,bottle,0.8066,590.00,310.00,674.00,562.00,2.421,-10.258
2026-04-01T14:30:45.829Z,308.259,pi:0,bottle,0.8575,779.00,226.00,880.00,560.00,1.826,-3.913
2026-04-01T14:30:45.829Z,308.259,pi:0,bottle,0.8284,591.00,310.00,674.00,563.00,2.411,-10.243
2026-04-01T14:30:45.877Z,308.308,pi:0,bottle,0.8575,779.00,226.00,880.00,559.00,1.832,-3.913
2026-04-01T14:30:45.877Z,308.308,pi:0,bottle,0.8139,590.00,310.00,674.00,562.00,2.421,-10.258
2026-04-01T14:30:45.931Z,308.362,pi:0,bottle,0.8502,780.00,226.00,880.00,560.00,1.826,-3.896
2026-04-01T14:30:45.931Z,308.362,pi:0,bottle,0.8321,592.00,309.00,674.00,563.00,2.402,-10.227
2026-04-01T14:30:45.993Z,308.424,pi:0,bottle,0.8539,779.00,226.00,880.00,560.00,1.826,-3.913
2026-04-01T14:30:45.993Z,308.424,pi:0,bottle,0.8139,592.00,309.00,674.00,562.00,2.411,-10.227
2026-04-01T14:30:46.039Z,308.470,pi:0,bottle,0.8575,778.00,225.00,882.00,560.00,1.821,-3.896
2026-04-01T14:30:46.039Z,308.470,pi:0,bottle,0.8066,592.00,311.00,674.00,563.00,2.421,-10.227
2026-04-01T14:30:46.099Z,308.530,pi:0,bottle,0.8575,779.00,226.00,880.00,560.00,1.826,-3.913
2026-04-01T14:30:46.099Z,308.530,pi:0,bottle,0.8175,591.00,310.00,674.00,563.00,2.411,-10.243
2026-04-01T14:30:46.149Z,308.579,pi:0,bottle,0.8284,780.00,228.00,879.00,557.00,1.854,-3.913
2026-04-01T14:30:46.149Z,308.579,pi:0,bottle,0.8175,591.00,310.00,673.00,563.00,2.411,-10.258
2026-04-01T14:30:46.204Z,308.635,pi:0,bottle,0.8575,779.00,226.00,880.00,560.00,1.826,-3.913
2026-04-01T14:30:46.204Z,308.635,pi:0,bottle,0.8248,591.00,311.00,674.00,563.00,2.421,-10.243
2026-04-01T14:30:46.253Z,308.684,pi:0,bottle,0.8611,779.00,225.00,881.00,560.00,1.821,-3.896
2026-04-01T14:30:46.253Z,308.684,pi:0,bottle,0.8212,592.00,309.00,673.00,563.00,2.402,-10.243
2026-04-01T14:30:46.308Z,308.739,pi:0,bottle,0.8611,779.00,226.00,880.00,560.00,1.826,-3.913
2026-04-01T14:30:46.308Z,308.739,pi:0,bottle,0.8175,591.00,310.00,674.00,563.00,2.411,-10.243
2026-04-01T14:30:46.357Z,308.788,pi:0,bottle,0.8720,779.00,226.00,880.00,560.00,1.826,-3.913
2026-04-01T14:30:46.357Z,308.788,pi:0,bottle,0.8103,592.00,310.00,674.00,562.00,2.421,-10.227
2026-04-01T14:30:46.414Z,308.844,pi:0,bottle,0.8648,780.00,226.00,880.00,559.00,1.832,-3.896
2026-04-01T14:30:46.414Z,308.844,pi:0,bottle,0.8212,592.00,310.00,673.00,563.00,2.411,-10.243
2026-04-01T14:30:46.464Z,308.895,pi:0,bottle,0.8611,779.00,226.00,880.00,560.00,1.826,-3.913
2026-04-01T14:30:46.464Z,308.895,pi:0,bottle,0.8066,592.00,311.00,674.00,562.00,2.430,-10.227
2026-04-01T14:30:46.518Z,308.949,pi:0,bottle,0.8575,779.00,225.00,880.00,560.00,1.821,-3.913
2026-04-01T14:30:46.518Z,308.949,pi:0,bottle,0.8212,592.00,309.00,673.00,563.00,2.402,-10.243
2026-04-01T14:30:46.555Z,308.986,pi:0,bottle,0.8684,779.00,226.00,880.00,560.00,1.826,-3.913
2026-04-01T14:30:46.555Z,308.986,pi:0,bottle,0.8212,592.00,310.00,674.00,563.00,2.411,-10.227
2026-04-01T14:30:46.619Z,309.050,pi:0,bottle,0.8611,779.00,226.00,880.00,560.00,1.826,-3.913
2026-04-01T14:30:46.619Z,309.050,pi:0,bottle,0.8175,591.00,310.00,673.00,563.00,2.411,-10.258
2026-04-01T14:30:46.661Z,309.092,pi:0,bottle,0.8575,778.00,226.00,881.00,560.00,1.826,-3.913
2026-04-01T14:30:46.661Z,309.092,pi:0,bottle,0.8139,592.00,310.00,673.00,563.00,2.411,-10.243
2026-04-01T14:30:46.716Z,309.147,pi:0,bottle,0.8648,779.00,226.00,880.00,560.00,1.826,-3.913
2026-04-01T14:30:46.716Z,309.147,pi:0,bottle,0.8212,591.00,310.00,674.00,563.00,2.411,-10.243
2026-04-01T14:30:46.768Z,309.199,pi:0,bottle,0.8648,779.00,226.00,881.00,559.00,1.832,-3.896
2026-04-01T14:30:46.768Z,309.199,pi:0,bottle,0.8212,592.00,309.00,674.00,563.00,2.402,-10.227
2026-04-01T14:30:46.819Z,309.249,pi:0,bottle,0.8720,779.00,227.00,880.00,560.00,1.832,-3.913
2026-04-01T14:30:46.819Z,309.249,pi:0,bottle,0.8284,592.00,310.00,674.00,563.00,2.411,-10.227
2026-04-01T14:30:46.864Z,309.294,pi:0,bottle,0.8793,779.00,226.00,882.00,560.00,1.826,-3.880
2026-04-01T14:30:46.864Z,309.294,pi:0,bottle,0.8248,592.00,310.00,674.00,563.00,2.411,-10.227
2026-04-01T14:30:46.924Z,309.355,pi:0,bottle,0.8757,779.00,227.00,880.00,560.00,1.832,-3.913
2026-04-01T14:30:46.924Z,309.355,pi:0,bottle,0.8357,592.00,310.00,673.00,563.00,2.411,-10.243
2026-04-01T14:30:46.973Z,309.404,pi:0,bottle,0.8648,778.00,226.00,882.00,560.00,1.826,-3.896
2026-04-01T14:30:46.973Z,309.404,pi:0,bottle,0.8321,590.00,310.00,674.00,563.00,2.411,-10.258
2026-04-01T14:30:47.031Z,309.462,pi:0,bottle,0.8539,779.00,226.00,881.00,560.00,1.826,-3.896
2026-04-01T14:30:47.031Z,309.462,pi:0,bottle,0.8175,592.00,310.00,673.00,563.00,2.411,-10.243
2026-04-01T14:30:47.082Z,309.513,pi:0,bottle,0.8611,779.00,226.00,880.00,560.00,1.826,-3.913
2026-04-01T14:30:47.082Z,309.513,pi:0,bottle,0.8393,592.00,309.00,674.00,563.00,2.402,-10.227
2026-04-01T14:30:47.136Z,309.566,pi:0,bottle,0.8539,779.00,226.00,881.00,560.00,1.826,-3.896
2026-04-01T14:30:47.136Z,309.566,pi:0,bottle,0.8284,592.00,311.00,673.00,563.00,2.421,-10.243
2026-04-01T14:30:47.199Z,309.630,pi:0,bottle,0.8611,778.00,226.00,880.00,560.00,1.826,-3.929
2026-04-01T14:30:47.199Z,309.630,pi:0,bottle,0.8284,591.00,310.00,673.00,563.00,2.411,-10.258
2026-04-01T14:30:47.239Z,309.669,pi:0,bottle,0.8575,779.00,226.00,880.00,559.00,1.832,-3.913
2026-04-01T14:30:47.239Z,309.669,pi:0,bottle,0.8103,592.00,310.00,673.00,563.00,2.411,-10.243
2026-04-01T14:30:47.297Z,309.728,pi:0,bottle,0.8648,779.00,225.00,880.00,560.00,1.821,-3.913
2026-04-01T14:30:47.297Z,309.728,pi:0,bottle,0.8139,592.00,309.00,674.00,563.00,2.402,-10.227
2026-04-01T14:30:47.350Z,309.781,pi:0,bottle,0.8575,779.00,226.00,881.00,560.00,1.826,-3.896
2026-04-01T14:30:47.350Z,309.781,pi:0,bottle,0.8175,592.00,310.00,674.00,563.00,2.411,-10.227
2026-04-01T14:30:47.397Z,309.828,pi:0,bottle,0.8539,780.00,226.00,880.00,559.00,1.832,-3.896
2026-04-01T14:30:47.397Z,309.828,pi:0,bottle,0.8139,592.00,310.00,673.00,563.00,2.411,-10.243
2026-04-01T14:30:47.451Z,309.882,pi:0,bottle,0.8502,779.00,226.00,880.00,560.00,1.826,-3.913
2026-04-01T14:30:47.451Z,309.882,pi:0,bottle,0.8139,591.00,310.00,674.00,562.00,2.421,-10.243
2026-04-01T14:30:47.503Z,309.934,pi:0,bottle,0.8575,779.00,226.00,880.00,560.00,1.826,-3.913
2026-04-01T14:30:47.503Z,309.934,pi:0,bottle,0.8284,591.00,309.00,674.00,563.00,2.402,-10.243
2026-04-01T14:30:47.560Z,309.991,pi:0,bottle,0.8575,779.00,226.00,881.00,560.00,1.826,-3.896
2026-04-01T14:30:47.560Z,309.991,pi:0,bottle,0.8175,592.00,309.00,674.00,563.00,2.402,-10.227
2026-04-01T14:30:47.612Z,310.043,pi:0,bottle,0.8575,779.00,225.00,880.00,560.00,1.821,-3.913
2026-04-01T14:30:47.612Z,310.043,pi:0,bottle,0.8248,591.00,310.00,673.00,563.00,2.411,-10.258
2026-04-01T14:30:47.650Z,310.081,pi:0,bottle,0.8720,779.00,226.00,880.00,560.00,1.826,-3.913
2026-04-01T14:30:47.650Z,310.081,pi:0,bottle,0.8212,591.00,309.00,674.00,563.00,2.402,-10.243
2026-04-01T14:30:47.709Z,310.139,pi:0,bottle,0.8720,779.00,226.00,880.00,560.00,1.826,-3.913
2026-04-01T14:30:47.709Z,310.139,pi:0,bottle,0.8212,591.00,309.00,673.00,562.00,2.411,-10.258
2026-04-01T14:30:47.774Z,310.205,pi:0,bottle,0.8648,779.00,225.00,882.00,560.00,1.821,-3.880
2026-04-01T14:30:47.774Z,310.205,pi:0,bottle,0.8321,592.00,310.00,673.00,563.00,2.411,-10.243
2026-04-01T14:30:47.816Z,310.247,pi:0,bottle,0.8502,779.00,226.00,880.00,560.00,1.826,-3.913
2026-04-01T14:30:47.816Z,310.247,pi:0,bottle,0.8212,591.00,310.00,673.00,563.00,2.411,-10.258
2026-04-01T14:30:47.872Z,310.303,pi:0,bottle,0.8539,779.00,226.00,881.00,560.00,1.826,-3.896
2026-04-01T14:30:47.872Z,310.303,pi:0,bottle,0.8139,591.00,310.00,674.00,563.00,2.411,-10.243
2026-04-01T14:30:47.930Z,310.361,pi:0,bottle,0.8611,779.00,226.00,880.00,560.00,1.826,-3.913
2026-04-01T14:30:47.930Z,310.361,pi:0,bottle,0.8212,590.00,311.00,673.00,563.00,2.421,-10.274
2026-04-01T14:30:47.978Z,310.409,pi:0,bottle,0.8648,779.00,226.00,880.00,560.00,1.826,-3.913
2026-04-01T14:30:47.978Z,310.409,pi:0,bottle,0.8248,592.00,310.00,674.00,563.00,2.411,-10.227
2026-04-01T14:30:48.034Z,310.464,pi:0,bottle,0.8648,779.00,225.00,880.00,560.00,1.821,-3.913
2026-04-01T14:30:48.034Z,310.464,pi:0,bottle,0.8175,591.00,310.00,674.00,563.00,2.411,-10.243
2026-04-01T14:30:48.087Z,310.518,pi:0,bottle,0.8720,779.00,226.00,880.00,559.00,1.832,-3.913
2026-04-01T14:30:48.087Z,310.518,pi:0,bottle,0.8212,591.00,310.00,674.00,563.00,2.411,-10.243
2026-04-01T14:30:48.134Z,310.565,pi:0,bottle,0.8684,779.00,227.00,880.00,559.00,1.837,-3.913
2026-04-01T14:30:48.134Z,310.565,pi:0,bottle,0.8103,591.00,309.00,674.00,563.00,2.402,-10.243
2026-04-01T14:30:48.182Z,310.613,pi:0,bottle,0.8757,779.00,225.00,880.00,559.00,1.826,-3.913
2026-04-01T14:30:48.182Z,310.613,pi:0,bottle,0.8212,592.00,310.00,674.00,563.00,2.411,-10.227
2026-04-01T14:30:48.236Z,310.667,pi:0,bottle,0.8648,779.00,225.00,880.00,560.00,1.821,-3.913
2026-04-01T14:30:48.236Z,310.667,pi:0,bottle,0.8248,591.00,310.00,674.00,563.00,2.411,-10.243
2026-04-01T14:30:48.293Z,310.724,pi:0,bottle,0.8539,778.00,225.00,881.00,559.00,1.826,-3.913
2026-04-01T14:30:48.293Z,310.724,pi:0,bottle,0.8212,592.00,310.00,674.00,563.00,2.411,-10.227
2026-04-01T14:30:48.340Z,310.771,pi:0,bottle,0.8611,779.00,225.00,880.00,559.00,1.826,-3.913
2026-04-01T14:30:48.340Z,310.771,pi:0,bottle,0.8321,591.00,310.00,673.00,563.00,2.411,-10.258
2026-04-01T14:30:48.392Z,310.823,pi:0,bottle,0.8684,779.00,225.00,880.00,559.00,1.826,-3.913
2026-04-01T14:30:48.392Z,310.823,pi:0,bottle,0.8248,591.00,311.00,673.00,563.00,2.421,-10.258
2026-04-01T14:30:48.443Z,310.874,pi:0,bottle,0.8575,779.00,227.00,881.00,560.00,1.832,-3.896
2026-04-01T14:30:48.443Z,310.874,pi:0,bottle,0.8175,592.00,310.00,674.00,563.00,2.411,-10.227
2026-04-01T14:30:48.482Z,310.913,pi:0,bottle,0.8720,780.00,225.00,882.00,560.00,1.821,-3.864
2026-04-01T14:30:48.482Z,310.913,pi:0,bottle,0.8139,591.00,309.00,674.00,563.00,2.402,-10.243
2026-04-01T14:30:48.548Z,310.979,pi:0,bottle,0.8611,779.00,225.00,881.00,560.00,1.821,-3.896
2026-04-01T14:30:48.548Z,310.979,pi:0,bottle,0.8248,591.00,309.00,674.00,563.00,2.402,-10.243
2026-04-01T14:30:48.594Z,311.025,pi:0,bottle,0.8611,779.00,226.00,882.00,561.00,1.821,-3.880
2026-04-01T14:30:48.594Z,311.025,pi:0,bottle,0.8175,592.00,310.00,673.00,563.00,2.411,-10.243
2026-04-01T14:30:48.649Z,311.080,pi:0,bottle,0.8611,779.00,226.00,881.00,560.00,1.826,-3.896
2026-04-01T14:30:48.649Z,311.080,pi:0,bottle,0.8175,591.00,310.00,673.00,563.00,2.411,-10.258
2026-04-01T14:30:48.702Z,311.132,pi:0,bottle,0.8757,779.00,226.00,880.00,560.00,1.826,-3.913
2026-04-01T14:30:48.702Z,311.132,pi:0,bottle,0.8284,591.00,310.00,674.00,562.00,2.421,-10.243
2026-04-01T14:30:48.780Z,311.210,pi:0,bottle,0.8684,780.00,226.00,881.00,560.00,1.826,-3.880
2026-04-01T14:30:48.780Z,311.210,pi:0,bottle,0.8393,590.00,311.00,673.00,563.00,2.421,-10.274
2026-04-01T14:30:48.815Z,311.246,pi:0,bottle,0.8648,779.00,226.00,880.00,560.00,1.826,-3.913
2026-04-01T14:30:48.815Z,311.246,pi:0,bottle,0.8248,591.00,309.00,674.00,563.00,2.402,-10.243
2026-04-01T14:30:48.889Z,311.319,pi:0,bottle,0.8611,779.00,226.00,880.00,560.00,1.826,-3.913
2026-04-01T14:30:48.889Z,311.319,pi:0,bottle,0.8139,592.00,310.00,674.00,563.00,2.411,-10.227
2026-04-01T14:30:48.955Z,311.385,pi:0,bottle,0.8648,778.00,225.00,882.00,560.00,1.821,-3.896
2026-04-01T14:30:48.955Z,311.385,pi:0,bottle,0.8248,591.00,309.00,674.00,563.00,2.402,-10.243
2026-04-01T14:30:49.041Z,311.471,pi:0,bottle,0.8720,779.00,226.00,881.00,560.00,1.826,-3.896
2026-04-01T14:30:49.041Z,311.471,pi:0,bottle,0.8357,591.00,310.00,674.00,563.00,2.411,-10.243
2026-04-01T14:30:49.107Z,311.538,pi:0,bottle,0.8575,779.00,227.00,880.00,560.00,1.832,-3.913
2026-04-01T14:30:49.107Z,311.538,pi:0,bottle,0.8284,592.00,311.00,674.00,563.00,2.421,-10.227
2026-04-01T14:30:49.146Z,311.577,pi:0,bottle,0.8575,779.00,225.00,881.00,560.00,1.821,-3.896
2026-04-01T14:30:49.146Z,311.577,pi:0,bottle,0.8139,591.00,310.00,673.00,563.00,2.411,-10.258
2026-04-01T14:30:49.217Z,311.648,pi:0,bottle,0.8793,779.00,226.00,880.00,560.00,1.826,-3.913
2026-04-01T14:30:49.217Z,311.648,pi:0,bottle,0.8212,592.00,310.00,674.00,563.00,2.411,-10.227
2026-04-01T14:30:49.260Z,311.691,pi:0,bottle,0.8648,779.00,226.00,881.00,560.00,1.826,-3.896
2026-04-01T14:30:49.260Z,311.691,pi:0,bottle,0.8139,591.00,310.00,673.00,562.00,2.421,-10.258
2026-04-01T14:30:49.321Z,311.752,pi:0,bottle,0.8648,779.00,226.00,880.00,560.00,1.826,-3.913
2026-04-01T14:30:49.321Z,311.752,pi:0,bottle,0.8139,592.00,311.00,674.00,563.00,2.421,-10.227
2026-04-01T14:30:49.364Z,311.795,pi:0,bottle,0.8684,779.00,226.00,881.00,560.00,1.826,-3.896
2026-04-01T14:30:49.364Z,311.795,pi:0,bottle,0.8139,592.00,310.00,674.00,563.00,2.411,-10.227
2026-04-01T14:30:49.424Z,311.855,pi:0,bottle,0.8720,779.00,226.00,880.00,560.00,1.826,-3.913
2026-04-01T14:30:49.424Z,311.855,pi:0,bottle,0.7957,591.00,311.00,674.00,563.00,2.421,-10.243
2026-04-01T14:30:49.487Z,311.917,pi:0,bottle,0.8829,779.00,225.00,881.00,560.00,1.821,-3.896
2026-04-01T14:30:49.487Z,311.917,pi:0,bottle,0.8066,591.00,309.00,674.00,562.00,2.411,-10.243
2026-04-01T14:30:49.542Z,311.973,pi:0,bottle,0.8648,779.00,226.00,880.00,560.00,1.826,-3.913
2026-04-01T14:30:49.542Z,311.973,pi:0,bottle,0.8212,591.00,311.00,674.00,563.00,2.421,-10.243
2026-04-01T14:30:49.586Z,312.017,pi:0,bottle,0.8757,778.00,227.00,881.00,560.00,1.832,-3.913
2026-04-01T14:30:49.586Z,312.017,pi:0,bottle,0.8103,592.00,310.00,675.00,562.00,2.421,-10.211
2026-04-01T14:30:49.647Z,312.078,pi:0,bottle,0.8502,779.00,226.00,880.00,560.00,1.826,-3.913
2026-04-01T14:30:49.647Z,312.078,pi:0,bottle,0.8139,592.00,309.00,674.00,563.00,2.402,-10.227
2026-04-01T14:30:49.689Z,312.120,pi:0,bottle,0.8720,779.00,226.00,881.00,559.00,1.832,-3.896
2026-04-01T14:30:49.689Z,312.120,pi:0,bottle,0.8357,592.00,310.00,674.00,563.00,2.411,-10.227
2026-04-01T14:30:49.755Z,312.186,pi:0,bottle,0.8575,779.00,225.00,880.00,560.00,1.821,-3.913
2026-04-01T14:30:49.755Z,312.186,pi:0,bottle,0.8357,592.00,311.00,674.00,563.00,2.421,-10.227
2026-04-01T14:30:49.810Z,312.241,pi:0,bottle,0.8502,779.00,226.00,881.00,560.00,1.826,-3.896
2026-04-01T14:30:49.810Z,312.241,pi:0,bottle,0.8321,591.00,310.00,674.00,563.00,2.411,-10.243
2026-04-01T14:30:49.864Z,312.295,pi:0,bottle,0.8720,779.00,226.00,881.00,560.00,1.826,-3.896
2026-04-01T14:30:49.864Z,312.295,pi:0,bottle,0.8175,591.00,310.00,674.00,563.00,2.411,-10.243
2026-04-01T14:30:49.913Z,312.343,pi:0,bottle,0.8757,779.00,225.00,880.00,560.00,1.821,-3.913
2026-04-01T14:30:49.913Z,312.343,pi:0,bottle,0.8139,592.00,311.00,674.00,563.00,2.421,-10.227
2026-04-01T14:30:49.969Z,312.400,pi:0,bottle,0.8720,779.00,226.00,880.00,559.00,1.832,-3.913
2026-04-01T14:30:49.969Z,312.400,pi:0,bottle,0.8212,591.00,309.00,674.00,562.00,2.411,-10.243
2026-04-01T14:30:50.022Z,312.452,pi:0,bottle,0.8829,779.00,226.00,880.00,560.00,1.826,-3.913
2026-04-01T14:30:50.022Z,312.452,pi:0,bottle,0.8321,592.00,309.00,674.00,563.00,2.402,-10.227
2026-04-01T14:30:50.073Z,312.504,pi:0,bottle,0.8720,779.00,226.00,881.00,560.00,1.826,-3.896
2026-04-01T14:30:50.073Z,312.504,pi:0,bottle,0.8284,592.00,310.00,674.00,563.00,2.411,-10.227
2026-04-01T14:30:50.119Z,312.550,pi:0,bottle,0.8793,779.00,225.00,880.00,560.00,1.821,-3.913
2026-04-01T14:30:50.119Z,312.550,pi:0,bottle,0.8212,591.00,309.00,673.00,563.00,2.402,-10.258
2026-04-01T14:30:50.175Z,312.606,pi:0,bottle,0.8793,779.00,226.00,880.00,559.00,1.832,-3.913
2026-04-01T14:30:50.175Z,312.606,pi:0,bottle,0.8139,591.00,309.00,674.00,563.00,2.402,-10.243
2026-04-01T14:30:50.216Z,312.647,pi:0,bottle,0.8575,779.00,226.00,881.00,560.00,1.826,-3.896
2026-04-01T14:30:50.216Z,312.647,pi:0,bottle,0.8175,592.00,310.00,674.00,563.00,2.411,-10.227
2026-04-01T14:30:50.315Z,312.746,pi:0,bottle,0.8648,779.00,226.00,880.00,560.00,1.826,-3.913
2026-04-01T14:30:50.315Z,312.746,pi:0,bottle,0.8175,591.00,310.00,674.00,563.00,2.411,-10.243
2026-04-01T14:30:50.366Z,312.797,pi:0,bottle,0.8720,779.00,226.00,881.00,560.00,1.826,-3.896
2026-04-01T14:30:50.366Z,312.797,pi:0,bottle,0.8175,590.00,310.00,673.00,563.00,2.411,-10.274
2026-04-01T14:30:50.426Z,312.857,pi:0,bottle,0.8575,779.00,226.00,880.00,560.00,1.826,-3.913
2026-04-01T14:30:50.426Z,312.857,pi:0,bottle,0.8212,592.00,310.00,674.00,563.00,2.411,-10.227
2026-04-01T14:30:50.467Z,312.898,pi:0,bottle,0.8502,779.00,225.00,880.00,560.00,1.821,-3.913
2026-04-01T14:30:50.467Z,312.898,pi:0,bottle,0.8030,590.00,309.00,674.00,562.00,2.411,-10.258
2026-04-01T14:30:50.529Z,312.960,pi:0,bottle,0.8539,779.00,225.00,881.00,560.00,1.821,-3.896
2026-04-01T14:30:50.529Z,312.960,pi:0,bottle,0.8248,592.00,310.00,674.00,563.00,2.411,-10.227
2026-04-01T14:30:50.583Z,313.014,pi:0,bottle,0.8648,779.00,226.00,880.00,559.00,1.832,-3.913
2026-04-01T14:30:50.583Z,313.014,pi:0,bottle,0.8248,591.00,310.00,674.00,563.00,2.411,-10.243
2026-04-01T14:30:50.625Z,313.056,pi:0,bottle,0.8575,779.00,226.00,881.00,560.00,1.826,-3.896
2026-04-01T14:30:50.625Z,313.056,pi:0,bottle,0.8212,591.00,309.00,674.00,563.00,2.402,-10.243
2026-04-01T14:30:50.694Z,313.125,pi:0,bottle,0.8575,780.00,226.00,880.00,560.00,1.826,-3.896
2026-04-01T14:30:50.694Z,313.125,pi:0,bottle,0.8212,591.00,310.00,674.00,563.00,2.411,-10.243
2026-04-01T14:30:50.741Z,313.172,pi:0,bottle,0.8793,779.00,225.00,880.00,560.00,1.821,-3.913
2026-04-01T14:30:50.741Z,313.172,pi:0,bottle,0.8321,592.00,309.00,674.00,563.00,2.402,-10.227
2026-04-01T14:30:50.790Z,313.221,pi:0,bottle,0.8720,779.00,225.00,880.00,560.00,1.821,-3.913
2026-04-01T14:30:50.790Z,313.221,pi:0,bottle,0.8284,592.00,309.00,674.00,563.00,2.402,-10.227
2026-04-01T14:30:50.837Z,313.268,pi:0,bottle,0.8793,778.00,225.00,880.00,560.00,1.821,-3.929
2026-04-01T14:30:50.837Z,313.268,pi:0,bottle,0.8248,592.00,310.00,674.00,563.00,2.411,-10.227
2026-04-01T14:30:50.898Z,313.329,pi:0,bottle,0.8793,778.00,226.00,880.00,559.00,1.832,-3.929
2026-04-01T14:30:50.898Z,313.329,pi:0,bottle,0.8212,592.00,310.00,674.00,563.00,2.411,-10.227
2026-04-01T14:30:50.946Z,313.377,pi:0,bottle,0.8757,779.00,226.00,880.00,560.00,1.826,-3.913
2026-04-01T14:30:50.946Z,313.377,pi:0,bottle,0.8030,591.00,311.00,674.00,562.00,2.430,-10.243
2026-04-01T14:30:51.002Z,313.433,pi:0,bottle,0.8720,779.00,225.00,880.00,560.00,1.821,-3.913
2026-04-01T14:30:51.002Z,313.433,pi:0,bottle,0.8175,591.00,310.00,674.00,563.00,2.411,-10.243
2026-04-01T14:30:51.074Z,313.505,pi:0,bottle,0.8575,779.00,226.00,880.00,559.00,1.832,-3.913
2026-04-01T14:30:51.074Z,313.505,pi:0,bottle,0.8139,591.00,310.00,674.00,563.00,2.411,-10.243
2026-04-01T14:30:51.126Z,313.556,pi:0,bottle,0.8648,779.00,226.00,880.00,560.00,1.826,-3.913
2026-04-01T14:30:51.126Z,313.556,pi:0,bottle,0.8284,591.00,310.00,674.00,563.00,2.411,-10.243
2026-04-01T14:30:51.174Z,313.605,pi:0,bottle,0.8720,779.00,225.00,880.00,560.00,1.821,-3.913
2026-04-01T14:30:51.174Z,313.605,pi:0,bottle,0.8212,592.00,310.00,674.00,563.00,2.411,-10.227
2026-04-01T14:30:51.226Z,313.657,pi:0,bottle,0.8648,778.00,225.00,881.00,560.00,1.821,-3.913
2026-04-01T14:30:51.226Z,313.657,pi:0,bottle,0.8248,592.00,310.00,674.00,563.00,2.411,-10.227
2026-04-01T14:30:51.274Z,313.705,pi:0,bottle,0.8757,779.00,225.00,881.00,560.00,1.821,-3.896
2026-04-01T14:30:51.274Z,313.705,pi:0,bottle,0.8284,591.00,309.00,674.00,563.00,2.402,-10.243
2026-04-01T14:30:51.324Z,313.755,pi:0,bottle,0.8539,779.00,225.00,880.00,560.00,1.821,-3.913
2026-04-01T14:30:51.324Z,313.755,pi:0,bottle,0.8175,591.00,309.00,673.00,563.00,2.402,-10.258
2026-04-01T14:30:51.393Z,313.824,pi:0,bottle,0.8502,779.00,225.00,880.00,560.00,1.821,-3.913
2026-04-01T14:30:51.393Z,313.824,pi:0,bottle,0.8212,591.00,309.00,674.00,562.00,2.411,-10.243
2026-04-01T14:30:51.445Z,313.876,pi:0,bottle,0.8466,779.00,225.00,882.00,561.00,1.816,-3.880
2026-04-01T14:30:51.445Z,313.876,pi:0,bottle,0.8321,592.00,309.00,674.00,563.00,2.402,-10.227
2026-04-01T14:30:51.490Z,313.921,pi:0,bottle,0.8720,780.00,225.00,881.00,560.00,1.821,-3.880
2026-04-01T14:30:51.490Z,313.921,pi:0,bottle,0.8430,591.00,310.00,674.00,563.00,2.411,-10.243
2026-04-01T14:30:51.537Z,313.968,pi:0,bottle,0.8684,779.00,226.00,881.00,559.00,1.832,-3.896
2026-04-01T14:30:51.537Z,313.968,pi:0,bottle,0.8284,592.00,309.00,674.00,563.00,2.402,-10.227
2026-04-01T14:30:51.593Z,314.024,pi:0,bottle,0.8684,779.00,226.00,880.00,560.00,1.826,-3.913
2026-04-01T14:30:51.593Z,314.024,pi:0,bottle,0.8212,591.00,310.00,673.00,563.00,2.411,-10.258
2026-04-01T14:30:51.639Z,314.069,pi:0,bottle,0.8757,779.00,225.00,881.00,560.00,1.821,-3.896
2026-04-01T14:30:51.639Z,314.069,pi:0,bottle,0.8139,592.00,310.00,673.00,563.00,2.411,-10.243
2026-04-01T14:30:51.686Z,314.117,pi:0,bottle,0.8502,779.00,226.00,880.00,560.00,1.826,-3.913
2026-04-01T14:30:51.686Z,314.117,pi:0,bottle,0.8066,592.00,309.00,673.00,563.00,2.402,-10.243
2026-04-01T14:30:51.753Z,314.184,pi:0,bottle,0.8393,779.00,226.00,881.00,560.00,1.826,-3.896
2026-04-01T14:30:51.753Z,314.184,pi:0,bottle,0.8321,591.00,310.00,674.00,563.00,2.411,-10.243
2026-04-01T14:30:51.791Z,314.221,pi:0,bottle,0.8757,779.00,226.00,881.00,560.00,1.826,-3.896
2026-04-01T14:30:51.791Z,314.221,pi:0,bottle,0.8212,592.00,310.00,674.00,563.00,2.411,-10.227
2026-04-01T14:30:51.849Z,314.280,pi:0,bottle,0.8648,780.00,226.00,881.00,560.00,1.826,-3.880
2026-04-01T14:30:51.849Z,314.280,pi:0,bottle,0.8103,591.00,311.00,673.00,563.00,2.421,-10.258
2026-04-01T14:30:51.894Z,314.325,pi:0,bottle,0.8720,779.00,226.00,881.00,560.00,1.826,-3.896
2026-04-01T14:30:51.894Z,314.325,pi:0,bottle,0.7994,591.00,311.00,673.00,563.00,2.421,-10.258
2026-04-01T14:30:51.949Z,314.379,pi:0,bottle,0.8611,779.00,226.00,882.00,559.00,1.832,-3.880
2026-04-01T14:30:51.949Z,314.379,pi:0,bottle,0.8030,592.00,311.00,674.00,563.00,2.421,-10.227
2026-04-01T14:30:52.014Z,314.445,pi:0,bottle,0.8648,779.00,225.00,881.00,559.00,1.826,-3.896
2026-04-01T14:30:52.014Z,314.445,pi:0,bottle,0.7921,592.00,311.00,674.00,563.00,2.421,-10.227
2026-04-01T14:30:52.116Z,314.547,pi:0,bottle,0.8539,779.00,226.00,880.00,560.00,1.826,-3.913
2026-04-01T14:30:52.116Z,314.547,pi:0,bottle,0.7994,592.00,308.00,672.00,562.00,2.402,-10.258
2026-04-01T14:30:52.178Z,314.609,pi:0,bottle,0.8720,780.00,226.00,880.00,560.00,1.826,-3.896
2026-04-01T14:30:52.178Z,314.609,pi:0,bottle,0.8393,592.00,311.00,674.00,563.00,2.421,-10.227
2026-04-01T14:30:52.243Z,314.674,pi:0,bottle,0.8539,780.00,226.00,882.00,560.00,1.826,-3.864
2026-04-01T14:30:52.243Z,314.674,pi:0,bottle,0.8139,592.00,311.00,674.00,563.00,2.421,-10.227
2026-04-01T14:30:52.307Z,314.738,pi:0,bottle,0.8720,779.00,226.00,880.00,560.00,1.826,-3.913
2026-04-01T14:30:52.307Z,314.738,pi:0,bottle,0.8139,592.00,312.00,674.00,562.00,2.440,-10.227
2026-04-01T14:30:52.348Z,314.778,pi:0,bottle,0.8575,779.00,226.00,880.00,559.00,1.832,-3.913
2026-04-01T14:30:52.348Z,314.778,pi:0,bottle,0.8139,592.00,311.00,674.00,563.00,2.421,-10.227
2026-04-01T14:30:52.348Z,314.778,pi:0,bottle,0.2689,649.00,313.00,786.00,550.00,2.574,-7.533
2026-04-01T14:30:52.407Z,314.838,pi:0,bottle,0.8611,780.00,226.00,879.00,560.00,1.826,-3.913
2026-04-01T14:30:52.407Z,314.838,pi:0,bottle,0.8175,592.00,310.00,674.00,562.00,2.421,-10.227
2026-04-01T14:30:52.407Z,314.838,pi:0,bottle,0.2725,640.00,303.00,787.00,552.00,2.450,-7.662
2026-04-01T14:30:52.458Z,314.889,pi:0,bottle,0.8648,779.00,226.00,880.00,560.00,1.826,-3.913
2026-04-01T14:30:52.458Z,314.889,pi:0,bottle,0.8139,592.00,311.00,674.00,562.00,2.430,-10.227
2026-04-01T14:30:52.509Z,314.939,pi:0,bottle,0.8793,779.00,225.00,880.00,559.00,1.826,-3.913
2026-04-01T14:30:52.509Z,314.939,pi:0,bottle,0.8030,592.00,312.00,673.00,563.00,2.430,-10.243
2026-04-01T14:30:52.509Z,314.939,pi:0,bottle,0.2507,631.00,307.00,787.00,552.00,2.490,-7.806
2026-04-01T14:30:52.557Z,314.988,pi:0,bottle,0.8611,780.00,225.00,879.00,560.00,1.821,-3.913
2026-04-01T14:30:52.557Z,314.988,pi:0,bottle,0.8175,591.00,312.00,674.00,563.00,2.430,-10.243
2026-04-01T14:30:52.615Z,315.046,pi:0,bottle,0.8648,779.00,226.00,880.00,560.00,1.826,-3.913
2026-04-01T14:30:52.615Z,315.046,pi:0,bottle,0.8284,591.00,312.00,674.00,563.00,2.430,-10.243
2026-04-01T14:30:52.615Z,315.046,pi:0,bottle,0.2616,633.00,307.00,787.00,551.00,2.500,-7.774
2026-04-01T14:30:52.658Z,315.089,pi:0,bottle,0.8648,779.00,227.00,880.00,560.00,1.832,-3.913
2026-04-01T14:30:52.658Z,315.089,pi:0,bottle,0.8357,592.00,311.00,674.00,563.00,2.421,-10.227
2026-04-01T14:30:52.722Z,315.153,pi:0,bottle,0.8757,779.00,225.00,880.00,560.00,1.821,-3.913
2026-04-01T14:30:52.722Z,315.153,pi:0,bottle,0.8139,592.00,312.00,673.00,563.00,2.430,-10.243
2026-04-01T14:30:52.773Z,315.204,pi:0,bottle,0.8793,779.00,225.00,881.00,560.00,1.821,-3.896
2026-04-01T14:30:52.773Z,315.204,pi:0,bottle,0.7957,592.00,313.00,674.00,563.00,2.440,-10.227
2026-04-01T14:30:52.825Z,315.256,pi:0,bottle,0.8757,779.00,226.00,880.00,560.00,1.826,-3.913
2026-04-01T14:30:52.825Z,315.256,pi:0,bottle,0.7994,592.00,311.00,674.00,563.00,2.421,-10.227
2026-04-01T14:30:52.878Z,315.309,pi:0,bottle,0.8648,779.00,226.00,880.00,560.00,1.826,-3.913
2026-04-01T14:30:52.878Z,315.309,pi:0,bottle,0.7667,592.00,312.00,673.00,562.00,2.440,-10.243
2026-04-01T14:30:52.923Z,315.354,pi:0,bottle,0.8648,779.00,227.00,880.00,560.00,1.832,-3.913
2026-04-01T14:30:52.923Z,315.354,pi:0,bottle,0.8030,591.00,311.00,674.00,563.00,2.421,-10.243
2026-04-01T14:30:52.923Z,315.354,pi:0,bottle,0.3088,643.00,306.00,786.00,554.00,2.460,-7.629
2026-04-01T14:30:52.978Z,315.409,pi:0,bottle,0.8793,779.00,227.00,880.00,560.00,1.832,-3.913
2026-04-01T14:30:52.978Z,315.409,pi:0,bottle,0.7957,591.00,313.00,674.00,563.00,2.440,-10.243
2026-04-01T14:30:53.030Z,315.460,pi:0,bottle,0.8793,779.00,226.00,880.00,560.00,1.826,-3.913
2026-04-01T14:30:53.030Z,315.460,pi:0,bottle,0.7994,591.00,312.00,673.00,563.00,2.430,-10.258
2026-04-01T14:30:53.093Z,315.523,pi:0,bottle,0.8793,780.00,226.00,880.00,560.00,1.826,-3.896
2026-04-01T14:30:53.093Z,315.523,pi:0,bottle,0.8212,591.00,310.00,674.00,563.00,2.411,-10.243
2026-04-01T14:30:53.148Z,315.579,pi:0,bottle,0.8575,779.00,226.00,881.00,560.00,1.826,-3.896
2026-04-01T14:30:53.148Z,315.579,pi:0,bottle,0.8066,591.00,311.00,674.00,563.00,2.421,-10.243
2026-04-01T14:30:53.200Z,315.631,pi:0,bottle,0.8720,780.00,226.00,880.00,560.00,1.826,-3.896
2026-04-01T14:30:53.200Z,315.631,pi:0,bottle,0.7812,591.00,310.00,674.00,562.00,2.421,-10.243
2026-04-01T14:30:53.243Z,315.673,pi:0,bottle,0.8757,779.00,226.00,881.00,560.00,1.826,-3.896
2026-04-01T14:30:53.243Z,315.673,pi:0,bottle,0.7921,591.00,311.00,674.00,562.00,2.430,-10.243
2026-04-01T14:30:53.298Z,315.729,pi:0,bottle,0.8720,780.00,226.00,881.00,560.00,1.826,-3.880
2026-04-01T14:30:53.298Z,315.729,pi:0,bottle,0.8139,592.00,311.00,674.00,562.00,2.430,-10.227
2026-04-01T14:30:53.360Z,315.790,pi:0,bottle,0.8684,779.00,226.00,880.00,560.00,1.826,-3.913
2026-04-01T14:30:53.360Z,315.790,pi:0,bottle,0.8139,592.00,311.00,674.00,563.00,2.421,-10.227
2026-04-01T14:30:53.403Z,315.834,pi:0,bottle,0.8648,779.00,226.00,881.00,559.00,1.832,-3.896
2026-04-01T14:30:53.403Z,315.834,pi:0,bottle,0.8248,592.00,310.00,674.00,563.00,2.411,-10.227
2026-04-01T14:30:53.461Z,315.892,pi:0,bottle,0.8684,779.00,226.00,881.00,560.00,1.826,-3.896
2026-04-01T14:30:53.461Z,315.892,pi:0,bottle,0.7994,592.00,311.00,673.00,562.00,2.430,-10.243
2026-04-01T14:30:53.522Z,315.953,pi:0,bottle,0.8611,779.00,226.00,880.00,561.00,1.821,-3.913
2026-04-01T14:30:53.522Z,315.953,pi:0,bottle,0.8248,591.00,310.00,674.00,563.00,2.411,-10.243
2026-04-01T14:30:53.576Z,316.007,pi:0,bottle,0.8611,779.00,225.00,880.00,560.00,1.821,-3.913
2026-04-01T14:30:53.576Z,316.007,pi:0,bottle,0.8139,592.00,311.00,674.00,563.00,2.421,-10.227
2026-04-01T14:30:53.619Z,316.049,pi:0,bottle,0.8793,779.00,225.00,881.00,560.00,1.821,-3.896
2026-04-01T14:30:53.619Z,316.049,pi:0,bottle,0.8139,590.00,310.00,673.00,563.00,2.411,-10.274
2026-04-01T14:30:53.672Z,316.103,pi:0,bottle,0.8611,779.00,225.00,880.00,560.00,1.821,-3.913
2026-04-01T14:30:53.672Z,316.103,pi:0,bottle,0.8103,591.00,310.00,674.00,563.00,2.411,-10.243
2026-04-01T14:30:53.727Z,316.158,pi:0,bottle,0.8648,779.00,226.00,880.00,560.00,1.826,-3.913
2026-04-01T14:30:53.727Z,316.158,pi:0,bottle,0.8103,591.00,311.00,674.00,563.00,2.421,-10.243
2026-04-01T14:30:53.776Z,316.207,pi:0,bottle,0.8757,780.00,226.00,880.00,560.00,1.826,-3.896
2026-04-01T14:30:53.776Z,316.207,pi:0,bottle,0.8139,591.00,310.00,674.00,563.00,2.411,-10.243
2026-04-01T14:30:53.818Z,316.249,pi:0,bottle,0.8539,780.00,225.00,880.00,560.00,1.821,-3.896
2026-04-01T14:30:53.818Z,316.249,pi:0,bottle,0.8321,591.00,310.00,673.00,563.00,2.411,-10.258
2026-04-01T14:30:53.880Z,316.311,pi:0,bottle,0.8793,779.00,225.00,881.00,560.00,1.821,-3.896
2026-04-01T14:30:53.880Z,316.311,pi:0,bottle,0.8212,591.00,311.00,674.00,563.00,2.421,-10.243
2026-04-01T14:30:53.938Z,316.369,pi:0,bottle,0.8430,780.00,226.00,880.00,560.00,1.826,-3.896
2026-04-01T14:30:53.938Z,316.369,pi:0,bottle,0.8284,592.00,310.00,674.00,563.00,2.411,-10.227
2026-04-01T14:30:53.992Z,316.423,pi:0,bottle,0.8393,780.00,226.00,881.00,560.00,1.826,-3.880
2026-04-01T14:30:53.992Z,316.423,pi:0,bottle,0.8212,592.00,310.00,673.00,563.00,2.411,-10.243
2026-04-01T14:30:54.043Z,316.474,pi:0,bottle,0.8611,779.00,226.00,881.00,559.00,1.832,-3.896
2026-04-01T14:30:54.043Z,316.474,pi:0,bottle,0.8175,591.00,310.00,674.00,563.00,2.411,-10.243
2026-04-01T14:30:54.095Z,316.525,pi:0,bottle,0.8430,779.00,225.00,881.00,560.00,1.821,-3.896
2026-04-01T14:30:54.095Z,316.525,pi:0,bottle,0.8103,591.00,309.00,674.00,563.00,2.402,-10.243
2026-04-01T14:30:54.154Z,316.585,pi:0,bottle,0.8611,780.00,225.00,880.00,560.00,1.821,-3.896
2026-04-01T14:30:54.154Z,316.585,pi:0,bottle,0.8248,591.00,310.00,673.00,563.00,2.411,-10.258
2026-04-01T14:30:54.207Z,316.637,pi:0,bottle,0.8648,779.00,225.00,880.00,560.00,1.821,-3.913
2026-04-01T14:30:54.207Z,316.637,pi:0,bottle,0.8139,591.00,310.00,674.00,563.00,2.411,-10.243
2026-04-01T14:30:54.252Z,316.683,pi:0,bottle,0.8502,779.00,226.00,881.00,560.00,1.826,-3.896
2026-04-01T14:30:54.252Z,316.683,pi:0,bottle,0.8212,592.00,309.00,674.00,563.00,2.402,-10.227
2026-04-01T14:30:54.310Z,316.741,pi:0,bottle,0.8648,779.00,225.00,880.00,561.00,1.816,-3.913
2026-04-01T14:30:54.310Z,316.741,pi:0,bottle,0.8139,591.00,310.00,673.00,562.00,2.421,-10.258
2026-04-01T14:30:54.357Z,316.787,pi:0,bottle,0.8575,779.00,226.00,881.00,560.00,1.826,-3.896
2026-04-01T14:30:54.357Z,316.787,pi:0,bottle,0.8284,592.00,310.00,674.00,563.00,2.411,-10.227
2026-04-01T14:30:54.405Z,316.836,pi:0,bottle,0.8648,779.00,226.00,882.00,560.00,1.826,-3.880
2026-04-01T14:30:54.405Z,316.836,pi:0,bottle,0.8066,590.00,311.00,674.00,562.00,2.430,-10.258
2026-04-01T14:30:54.451Z,316.882,pi:0,bottle,0.8757,779.00,225.00,881.00,560.00,1.821,-3.896
2026-04-01T14:30:54.451Z,316.882,pi:0,bottle,0.8139,591.00,311.00,673.00,562.00,2.430,-10.258
2026-04-01T14:30:54.508Z,316.939,pi:0,bottle,0.8720,779.00,226.00,880.00,560.00,1.826,-3.913
2026-04-01T14:30:54.508Z,316.939,pi:0,bottle,0.8248,591.00,311.00,673.00,563.00,2.421,-10.258
2026-04-01T14:30:54.551Z,316.981,pi:0,bottle,0.8720,779.00,226.00,880.00,560.00,1.826,-3.913
2026-04-01T14:30:54.551Z,316.981,pi:0,bottle,0.8175,591.00,309.00,674.00,563.00,2.402,-10.243
2026-04-01T14:30:54.609Z,317.040,pi:0,bottle,0.8757,779.00,226.00,881.00,561.00,1.821,-3.896
2026-04-01T14:30:54.609Z,317.040,pi:0,bottle,0.8103,591.00,310.00,674.00,563.00,2.411,-10.243
2026-04-01T14:30:54.661Z,317.092,pi:0,bottle,0.8648,779.00,226.00,881.00,559.00,1.832,-3.896
2026-04-01T14:30:54.661Z,317.092,pi:0,bottle,0.8248,591.00,309.00,674.00,563.00,2.402,-10.243
2026-04-01T14:30:54.716Z,317.147,pi:0,bottle,0.8684,780.00,226.00,881.00,559.00,1.832,-3.880
2026-04-01T14:30:54.716Z,317.147,pi:0,bottle,0.8393,591.00,309.00,674.00,563.00,2.402,-10.243
2026-04-01T14:30:54.769Z,317.199,pi:0,bottle,0.8829,779.00,226.00,881.00,560.00,1.826,-3.896
2026-04-01T14:30:54.769Z,317.199,pi:0,bottle,0.7994,591.00,310.00,674.00,563.00,2.411,-10.243
2026-04-01T14:30:54.815Z,317.246,pi:0,bottle,0.8539,779.00,225.00,881.00,560.00,1.821,-3.896
2026-04-01T14:30:54.815Z,317.246,pi:0,bottle,0.8066,591.00,309.00,674.00,563.00,2.402,-10.243
2026-04-01T14:30:54.871Z,317.302,pi:0,bottle,0.8539,779.00,225.00,881.00,560.00,1.821,-3.896
2026-04-01T14:30:54.871Z,317.302,pi:0,bottle,0.8248,592.00,311.00,674.00,563.00,2.421,-10.227
2026-04-01T14:30:54.931Z,317.361,pi:0,bottle,0.8611,779.00,225.00,882.00,560.00,1.821,-3.880
2026-04-01T14:30:54.931Z,317.361,pi:0,bottle,0.8066,591.00,310.00,674.00,563.00,2.411,-10.243
2026-04-01T14:30:54.970Z,317.401,pi:0,bottle,0.8430,780.00,225.00,881.00,560.00,1.821,-3.880
2026-04-01T14:30:54.970Z,317.401,pi:0,bottle,0.8066,591.00,310.00,674.00,562.00,2.421,-10.243
2026-04-01T14:30:55.023Z,317.454,pi:0,bottle,0.8720,779.00,226.00,881.00,560.00,1.826,-3.896
2026-04-01T14:30:55.023Z,317.454,pi:0,bottle,0.8139,592.00,311.00,674.00,563.00,2.421,-10.227
2026-04-01T14:30:55.077Z,317.508,pi:0,bottle,0.8684,779.00,225.00,882.00,560.00,1.821,-3.880
2026-04-01T14:30:55.077Z,317.508,pi:0,bottle,0.8212,592.00,309.00,673.00,563.00,2.402,-10.243
2026-04-01T14:30:55.126Z,317.557,pi:0,bottle,0.8539,779.00,225.00,881.00,560.00,1.821,-3.896
2026-04-01T14:30:55.126Z,317.557,pi:0,bottle,0.8103,591.00,310.00,674.00,563.00,2.411,-10.243
2026-04-01T14:30:55.179Z,317.610,pi:0,bottle,0.8502,779.00,225.00,881.00,560.00,1.821,-3.896
2026-04-01T14:30:55.179Z,317.610,pi:0,bottle,0.8357,592.00,310.00,674.00,563.00,2.411,-10.227
2026-04-01T14:30:55.231Z,317.661,pi:0,bottle,0.8720,779.00,225.00,880.00,560.00,1.821,-3.913
2026-04-01T14:30:55.231Z,317.661,pi:0,bottle,0.8248,592.00,310.00,673.00,563.00,2.411,-10.243
2026-04-01T14:30:55.278Z,317.708,pi:0,bottle,0.8466,779.00,226.00,881.00,560.00,1.826,-3.896
2026-04-01T14:30:55.278Z,317.708,pi:0,bottle,0.8139,591.00,310.00,673.00,562.00,2.421,-10.258
2026-04-01T14:30:55.335Z,317.766,pi:0,bottle,0.8575,779.00,225.00,881.00,560.00,1.821,-3.896
2026-04-01T14:30:55.335Z,317.766,pi:0,bottle,0.8103,590.00,310.00,673.00,563.00,2.411,-10.274
2026-04-01T14:30:55.400Z,317.831,pi:0,bottle,0.8502,779.00,225.00,881.00,560.00,1.821,-3.896
2026-04-01T14:30:55.400Z,317.831,pi:0,bottle,0.8248,592.00,311.00,674.00,562.00,2.430,-10.227
2026-04-01T14:30:55.476Z,317.907,pi:0,bottle,0.8502,779.00,225.00,881.00,560.00,1.821,-3.896
2026-04-01T14:30:55.476Z,317.907,pi:0,bottle,0.8175,592.00,311.00,673.00,563.00,2.421,-10.243
2026-04-01T14:30:55.535Z,317.966,pi:0,bottle,0.8357,779.00,225.00,881.00,560.00,1.821,-3.896
2026-04-01T14:30:55.535Z,317.966,pi:0,bottle,0.8284,591.00,309.00,674.00,563.00,2.402,-10.243
2026-04-01T14:30:55.596Z,318.027,pi:0,bottle,0.8575,779.00,225.00,880.00,560.00,1.821,-3.913
2026-04-01T14:30:55.596Z,318.027,pi:0,bottle,0.8103,592.00,311.00,674.00,563.00,2.421,-10.227
2026-04-01T14:30:55.659Z,318.090,pi:0,bottle,0.8720,779.00,226.00,880.00,560.00,1.826,-3.913
2026-04-01T14:30:55.659Z,318.090,pi:0,bottle,0.8139,592.00,309.00,673.00,563.00,2.402,-10.243
2026-04-01T14:30:55.720Z,318.150,pi:0,bottle,0.8539,779.00,225.00,881.00,559.00,1.826,-3.896
2026-04-01T14:30:55.720Z,318.150,pi:0,bottle,0.8139,591.00,310.00,674.00,563.00,2.411,-10.243
2026-04-01T14:30:55.788Z,318.219,pi:0,bottle,0.8648,779.00,225.00,880.00,560.00,1.821,-3.913
2026-04-01T14:30:55.788Z,318.219,pi:0,bottle,0.7994,592.00,311.00,674.00,563.00,2.421,-10.227
2026-04-01T14:30:55.866Z,318.296,pi:0,bottle,0.8466,780.00,226.00,880.00,560.00,1.826,-3.896
2026-04-01T14:30:55.866Z,318.296,pi:0,bottle,0.8248,592.00,310.00,673.00,563.00,2.411,-10.243
2026-04-01T14:30:55.932Z,318.363,pi:0,bottle,0.8502,778.00,226.00,880.00,560.00,1.826,-3.929
2026-04-01T14:30:55.932Z,318.363,pi:0,bottle,0.8284,591.00,310.00,674.00,563.00,2.411,-10.243
2026-04-01T14:30:56.038Z,318.469,pi:0,bottle,0.8575,779.00,226.00,880.00,559.00,1.832,-3.913
2026-04-01T14:30:56.038Z,318.469,pi:0,bottle,0.8212,592.00,309.00,674.00,563.00,2.402,-10.227
2026-04-01T14:30:56.103Z,318.534,pi:0,bottle,0.8575,779.00,226.00,880.00,560.00,1.826,-3.913
2026-04-01T14:30:56.103Z,318.534,pi:0,bottle,0.8248,592.00,310.00,674.00,563.00,2.411,-10.227
2026-04-01T14:30:56.174Z,318.605,pi:0,bottle,0.8648,780.00,225.00,880.00,560.00,1.821,-3.896
2026-04-01T14:30:56.174Z,318.605,pi:0,bottle,0.8248,591.00,309.00,673.00,563.00,2.402,-10.258
2026-04-01T14:30:56.248Z,318.679,pi:0,bottle,0.8757,779.00,227.00,880.00,560.00,1.832,-3.913
2026-04-01T14:30:56.248Z,318.679,pi:0,bottle,0.8248,592.00,309.00,674.00,563.00,2.402,-10.227
2026-04-01T14:30:56.289Z,318.720,pi:0,bottle,0.8611,779.00,226.00,880.00,559.00,1.832,-3.913
2026-04-01T14:30:56.289Z,318.720,pi:0,bottle,0.8212,591.00,310.00,674.00,563.00,2.411,-10.243
2026-04-01T14:30:56.348Z,318.779,pi:0,bottle,0.8720,779.00,226.00,880.00,560.00,1.826,-3.913
2026-04-01T14:30:56.348Z,318.779,pi:0,bottle,0.8430,591.00,310.00,674.00,563.00,2.411,-10.243
2026-04-01T14:30:56.398Z,318.829,pi:0,bottle,0.8720,779.00,225.00,880.00,560.00,1.821,-3.913
2026-04-01T14:30:56.398Z,318.829,pi:0,bottle,0.8139,591.00,311.00,674.00,562.00,2.430,-10.243
2026-04-01T14:30:56.448Z,318.879,pi:0,bottle,0.8648,779.00,225.00,880.00,560.00,1.821,-3.913
2026-04-01T14:30:56.448Z,318.879,pi:0,bottle,0.8139,591.00,310.00,674.00,563.00,2.411,-10.243
2026-04-01T14:30:56.497Z,318.928,pi:0,bottle,0.8720,779.00,226.00,880.00,560.00,1.826,-3.913
2026-04-01T14:30:56.497Z,318.928,pi:0,bottle,0.8175,592.00,310.00,673.00,563.00,2.411,-10.243
2026-04-01T14:30:56.551Z,318.982,pi:0,bottle,0.8575,780.00,226.00,880.00,560.00,1.826,-3.896
2026-04-01T14:30:56.551Z,318.982,pi:0,bottle,0.7994,592.00,310.00,674.00,562.00,2.421,-10.227
2026-04-01T14:30:56.598Z,319.029,pi:0,bottle,0.8793,779.00,226.00,881.00,560.00,1.826,-3.896
2026-04-01T14:30:56.598Z,319.029,pi:0,bottle,0.8212,592.00,310.00,674.00,562.00,2.421,-10.227
2026-04-01T14:30:56.656Z,319.087,pi:0,bottle,0.8829,779.00,225.00,881.00,560.00,1.821,-3.896
2026-04-01T14:30:56.656Z,319.087,pi:0,bottle,0.8212,592.00,309.00,673.00,563.00,2.402,-10.243
2026-04-01T14:30:56.710Z,319.141,pi:0,bottle,0.8611,779.00,225.00,880.00,560.00,1.821,-3.913
2026-04-01T14:30:56.710Z,319.141,pi:0,bottle,0.8139,591.00,310.00,674.00,563.00,2.411,-10.243
2026-04-01T14:30:56.767Z,319.198,pi:0,bottle,0.8720,779.00,226.00,880.00,560.00,1.826,-3.913
2026-04-01T14:30:56.767Z,319.198,pi:0,bottle,0.8103,592.00,310.00,674.00,563.00,2.411,-10.227
2026-04-01T14:30:56.820Z,319.251,pi:0,bottle,0.8611,778.00,225.00,881.00,560.00,1.821,-3.913
2026-04-01T14:30:56.820Z,319.251,pi:0,bottle,0.8321,592.00,310.00,674.00,563.00,2.411,-10.227
2026-04-01T14:30:56.876Z,319.307,pi:0,bottle,0.8648,779.00,226.00,881.00,560.00,1.826,-3.896
2026-04-01T14:30:56.876Z,319.307,pi:0,bottle,0.8175,591.00,310.00,674.00,563.00,2.411,-10.243
2026-04-01T14:30:56.919Z,319.350,pi:0,bottle,0.8720,779.00,226.00,880.00,559.00,1.832,-3.913
2026-04-01T14:30:56.919Z,319.350,pi:0,bottle,0.8066,591.00,310.00,674.00,563.00,2.411,-10.243
2026-04-01T14:30:56.968Z,319.399,pi:0,bottle,0.8575,779.00,226.00,880.00,560.00,1.826,-3.913
2026-04-01T14:30:56.968Z,319.399,pi:0,bottle,0.8212,591.00,310.00,674.00,563.00,2.411,-10.243
2026-04-01T14:30:57.026Z,319.457,pi:0,bottle,0.8539,778.00,225.00,880.00,559.00,1.826,-3.929
2026-04-01T14:30:57.026Z,319.457,pi:0,bottle,0.8212,592.00,310.00,673.00,563.00,2.411,-10.243
2026-04-01T14:30:57.079Z,319.510,pi:0,bottle,0.8757,779.00,225.00,881.00,560.00,1.821,-3.896
2026-04-01T14:30:57.079Z,319.510,pi:0,bottle,0.8139,592.00,310.00,674.00,563.00,2.411,-10.227
2026-04-01T14:30:57.132Z,319.563,pi:0,bottle,0.8648,779.00,226.00,880.00,559.00,1.832,-3.913
2026-04-01T14:30:57.132Z,319.563,pi:0,bottle,0.8175,592.00,310.00,674.00,563.00,2.411,-10.227
2026-04-01T14:30:57.186Z,319.617,pi:0,bottle,0.8648,780.00,226.00,880.00,560.00,1.826,-3.896
2026-04-01T14:30:57.186Z,319.617,pi:0,bottle,0.8103,591.00,310.00,674.00,563.00,2.411,-10.243
2026-04-01T14:30:57.241Z,319.672,pi:0,bottle,0.8502,779.00,225.00,881.00,560.00,1.821,-3.896
2026-04-01T14:30:57.241Z,319.672,pi:0,bottle,0.8175,591.00,310.00,674.00,563.00,2.411,-10.243
2026-04-01T14:30:57.294Z,319.724,pi:0,bottle,0.8684,779.00,225.00,880.00,560.00,1.821,-3.913
2026-04-01T14:30:57.294Z,319.724,pi:0,bottle,0.7994,591.00,310.00,674.00,563.00,2.411,-10.243
2026-04-01T14:30:57.333Z,319.764,pi:0,bottle,0.8611,779.00,225.00,880.00,560.00,1.821,-3.913
2026-04-01T14:30:57.333Z,319.764,pi:0,bottle,0.8357,591.00,309.00,674.00,563.00,2.402,-10.243
2026-04-01T14:30:57.390Z,319.820,pi:0,bottle,0.8611,779.00,225.00,880.00,560.00,1.821,-3.913
2026-04-01T14:30:57.390Z,319.820,pi:0,bottle,0.8212,591.00,309.00,674.00,563.00,2.402,-10.243
2026-04-01T14:30:57.435Z,319.866,pi:0,bottle,0.8720,779.00,225.00,881.00,560.00,1.821,-3.896
2026-04-01T14:30:57.435Z,319.866,pi:0,bottle,0.8175,592.00,311.00,674.00,563.00,2.421,-10.227
2026-04-01T14:30:57.487Z,319.918,pi:0,bottle,0.8611,779.00,225.00,880.00,560.00,1.821,-3.913
2026-04-01T14:30:57.487Z,319.918,pi:0,bottle,0.8321,591.00,309.00,674.00,563.00,2.402,-10.243
2026-04-01T14:30:57.551Z,319.982,pi:0,bottle,0.8611,779.00,226.00,880.00,560.00,1.826,-3.913
2026-04-01T14:30:57.551Z,319.982,pi:0,bottle,0.8284,592.00,309.00,674.00,563.00,2.402,-10.227
2026-04-01T14:30:57.589Z,320.020,pi:0,bottle,0.8466,779.00,225.00,879.00,560.00,1.821,-3.929
2026-04-01T14:30:57.589Z,320.020,pi:0,bottle,0.8103,592.00,310.00,674.00,562.00,2.421,-10.227
2026-04-01T14:30:57.639Z,320.070,pi:0,bottle,0.8611,779.00,226.00,880.00,559.00,1.832,-3.913
2026-04-01T14:30:57.639Z,320.070,pi:0,bottle,0.8212,591.00,309.00,674.00,563.00,2.402,-10.243
2026-04-01T14:30:57.697Z,320.127,pi:0,bottle,0.8684,779.00,226.00,880.00,559.00,1.832,-3.913
2026-04-01T14:30:57.697Z,320.127,pi:0,bottle,0.8284,591.00,309.00,674.00,563.00,2.402,-10.243
2026-04-01T14:30:57.749Z,320.180,pi:0,bottle,0.8502,779.00,226.00,880.00,560.00,1.826,-3.913
2026-04-01T14:30:57.749Z,320.180,pi:0,bottle,0.8175,591.00,310.00,674.00,562.00,2.421,-10.243
2026-04-01T14:30:57.791Z,320.222,pi:0,bottle,0.8720,779.00,225.00,880.00,559.00,1.826,-3.913
2026-04-01T14:30:57.791Z,320.222,pi:0,bottle,0.8284,591.00,309.00,674.00,563.00,2.402,-10.243
2026-04-01T14:30:57.846Z,320.277,pi:0,bottle,0.8684,779.00,225.00,881.00,560.00,1.821,-3.896
2026-04-01T14:30:57.846Z,320.277,pi:0,bottle,0.8248,592.00,310.00,674.00,562.00,2.421,-10.227
2026-04-01T14:30:57.900Z,320.330,pi:0,bottle,0.8539,779.00,226.00,881.00,560.00,1.826,-3.896
2026-04-01T14:30:57.900Z,320.330,pi:0,bottle,0.8175,592.00,310.00,673.00,563.00,2.411,-10.243
2026-04-01T14:30:57.950Z,320.380,pi:0,bottle,0.8611,779.00,226.00,880.00,559.00,1.832,-3.913
2026-04-01T14:30:57.950Z,320.380,pi:0,bottle,0.8284,591.00,311.00,673.00,563.00,2.421,-10.258
2026-04-01T14:30:58.016Z,320.447,pi:0,bottle,0.8648,780.00,226.00,880.00,559.00,1.832,-3.896
2026-04-01T14:30:58.016Z,320.447,pi:0,bottle,0.8066,591.00,310.00,674.00,562.00,2.421,-10.243
2026-04-01T14:30:58.066Z,320.497,pi:0,bottle,0.8684,779.00,225.00,880.00,560.00,1.821,-3.913
2026-04-01T14:30:58.066Z,320.497,pi:0,bottle,0.8103,591.00,310.00,674.00,563.00,2.411,-10.243
2026-04-01T14:30:58.107Z,320.538,pi:0,bottle,0.8575,778.00,226.00,882.00,560.00,1.826,-3.896
2026-04-01T14:30:58.107Z,320.538,pi:0,bottle,0.8175,591.00,311.00,674.00,562.00,2.430,-10.243
2026-04-01T14:30:58.169Z,320.600,pi:0,bottle,0.8684,779.00,226.00,880.00,560.00,1.826,-3.913
2026-04-01T14:30:58.169Z,320.600,pi:0,bottle,0.7957,591.00,311.00,674.00,563.00,2.421,-10.243
2026-04-01T14:30:58.211Z,320.642,pi:0,bottle,0.8611,779.00,226.00,880.00,560.00,1.826,-3.913
2026-04-01T14:30:58.211Z,320.642,pi:0,bottle,0.8248,591.00,309.00,674.00,563.00,2.402,-10.243
2026-04-01T14:30:58.280Z,320.711,pi:0,bottle,0.8648,779.00,225.00,880.00,560.00,1.821,-3.913
2026-04-01T14:30:58.280Z,320.711,pi:0,bottle,0.8248,592.00,309.00,673.00,563.00,2.402,-10.243
2026-04-01T14:30:58.326Z,320.757,pi:0,bottle,0.8575,779.00,225.00,881.00,560.00,1.821,-3.896
2026-04-01T14:30:58.326Z,320.757,pi:0,bottle,0.8066,592.00,310.00,674.00,563.00,2.411,-10.227
2026-04-01T14:30:58.385Z,320.816,pi:0,bottle,0.8757,779.00,226.00,880.00,560.00,1.826,-3.913
2026-04-01T14:30:58.385Z,320.816,pi:0,bottle,0.8212,592.00,309.00,674.00,563.00,2.402,-10.227
2026-04-01T14:30:58.432Z,320.863,pi:0,bottle,0.8502,780.00,225.00,880.00,560.00,1.821,-3.896
2026-04-01T14:30:58.432Z,320.863,pi:0,bottle,0.8103,591.00,310.00,674.00,563.00,2.411,-10.243
2026-04-01T14:30:58.483Z,320.914,pi:0,bottle,0.8720,779.00,225.00,880.00,559.00,1.826,-3.913
2026-04-01T14:30:58.483Z,320.914,pi:0,bottle,0.8175,591.00,310.00,674.00,563.00,2.411,-10.243
2026-04-01T14:30:58.543Z,320.974,pi:0,bottle,0.8648,780.00,226.00,880.00,560.00,1.826,-3.896
2026-04-01T14:30:58.543Z,320.974,pi:0,bottle,0.8284,591.00,309.00,673.00,563.00,2.402,-10.258
2026-04-01T14:30:58.590Z,321.021,pi:0,bottle,0.8648,779.00,225.00,880.00,559.00,1.826,-3.913
2026-04-01T14:30:58.590Z,321.021,pi:0,bottle,0.8321,592.00,309.00,673.00,563.00,2.402,-10.243
2026-04-01T14:30:58.644Z,321.075,pi:0,bottle,0.8466,780.00,226.00,880.00,560.00,1.826,-3.896
2026-04-01T14:30:58.644Z,321.075,pi:0,bottle,0.8212,592.00,310.00,674.00,563.00,2.411,-10.227
2026-04-01T14:30:58.692Z,321.123,pi:0,bottle,0.8720,779.00,226.00,880.00,559.00,1.832,-3.913
2026-04-01T14:30:58.692Z,321.123,pi:0,bottle,0.8248,592.00,309.00,674.00,563.00,2.402,-10.227
2026-04-01T14:30:58.747Z,321.178,pi:0,bottle,0.8575,780.00,226.00,880.00,559.00,1.832,-3.896
2026-04-01T14:30:58.747Z,321.178,pi:0,bottle,0.8066,591.00,311.00,674.00,562.00,2.430,-10.243
2026-04-01T14:30:58.797Z,321.228,pi:0,bottle,0.8502,779.00,225.00,880.00,560.00,1.821,-3.913
2026-04-01T14:30:58.797Z,321.228,pi:0,bottle,0.8139,591.00,310.00,674.00,562.00,2.421,-10.243
2026-04-01T14:30:58.864Z,321.295,pi:0,bottle,0.8720,780.00,226.00,880.00,560.00,1.826,-3.896
2026-04-01T14:30:58.864Z,321.295,pi:0,bottle,0.8248,591.00,310.00,674.00,563.00,2.411,-10.243
2026-04-01T14:30:58.924Z,321.355,pi:0,bottle,0.8502,779.00,225.00,881.00,560.00,1.821,-3.896
2026-04-01T14:30:58.924Z,321.355,pi:0,bottle,0.8248,591.00,310.00,673.00,562.00,2.421,-10.258
2026-04-01T14:30:59.010Z,321.441,pi:0,bottle,0.8321,779.00,226.00,881.00,560.00,1.826,-3.896
2026-04-01T14:30:59.010Z,321.441,pi:0,bottle,0.8066,592.00,310.00,673.00,563.00,2.411,-10.243
2026-04-01T14:30:59.090Z,321.521,pi:0,bottle,0.8539,779.00,226.00,881.00,560.00,1.826,-3.896
2026-04-01T14:30:59.090Z,321.521,pi:0,bottle,0.8357,591.00,310.00,673.00,563.00,2.411,-10.258
2026-04-01T14:30:59.152Z,321.583,pi:0,bottle,0.8466,779.00,225.00,880.00,560.00,1.821,-3.913
2026-04-01T14:30:59.152Z,321.583,pi:0,bottle,0.8284,592.00,310.00,674.00,563.00,2.411,-10.227
2026-04-01T14:30:59.197Z,321.628,pi:0,bottle,0.8684,779.00,226.00,882.00,560.00,1.826,-3.880
2026-04-01T14:30:59.197Z,321.628,pi:0,bottle,0.8284,591.00,310.00,674.00,563.00,2.411,-10.243
2026-04-01T14:30:59.246Z,321.677,pi:0,bottle,0.8575,779.00,226.00,880.00,560.00,1.826,-3.913
2026-04-01T14:30:59.246Z,321.677,pi:0,bottle,0.8030,592.00,310.00,674.00,563.00,2.411,-10.227
2026-04-01T14:30:59.296Z,321.726,pi:0,bottle,0.8575,779.00,226.00,880.00,560.00,1.826,-3.913
2026-04-01T14:30:59.296Z,321.726,pi:0,bottle,0.8175,592.00,310.00,674.00,562.00,2.421,-10.227
2026-04-01T14:30:59.347Z,321.778,pi:0,bottle,0.8648,779.00,225.00,880.00,560.00,1.821,-3.913
2026-04-01T14:30:59.347Z,321.778,pi:0,bottle,0.8175,592.00,310.00,673.00,563.00,2.411,-10.243
2026-04-01T14:30:59.406Z,321.837,pi:0,bottle,0.8648,780.00,226.00,881.00,559.00,1.832,-3.880
2026-04-01T14:30:59.406Z,321.837,pi:0,bottle,0.8284,591.00,310.00,673.00,563.00,2.411,-10.258
2026-04-01T14:30:59.451Z,321.883,pi:0,bottle,0.8793,779.00,225.00,880.00,560.00,1.821,-3.913
2026-04-01T14:30:59.451Z,321.883,pi:0,bottle,0.8139,591.00,310.00,674.00,563.00,2.411,-10.243
2026-04-01T14:30:59.508Z,321.939,pi:0,bottle,0.8502,780.00,225.00,881.00,560.00,1.821,-3.880
2026-04-01T14:30:59.508Z,321.939,pi:0,bottle,0.8066,591.00,310.00,674.00,563.00,2.411,-10.243
2026-04-01T14:30:59.552Z,321.983,pi:0,bottle,0.8720,779.00,226.00,880.00,560.00,1.826,-3.913
2026-04-01T14:30:59.552Z,321.983,pi:0,bottle,0.8139,591.00,309.00,674.00,563.00,2.402,-10.243
2026-04-01T14:30:59.614Z,322.045,pi:0,bottle,0.8502,779.00,225.00,881.00,559.00,1.826,-3.896
2026-04-01T14:30:59.614Z,322.045,pi:0,bottle,0.8430,591.00,309.00,674.00,563.00,2.402,-10.243
2026-04-01T14:30:59.658Z,322.089,pi:0,bottle,0.8793,779.00,225.00,881.00,559.00,1.826,-3.896
2026-04-01T14:30:59.658Z,322.089,pi:0,bottle,0.8139,591.00,310.00,674.00,563.00,2.411,-10.243
2026-04-01T14:30:59.715Z,322.146,pi:0,bottle,0.8684,779.00,226.00,880.00,559.00,1.832,-3.913
2026-04-01T14:30:59.715Z,322.146,pi:0,bottle,0.8139,592.00,310.00,674.00,563.00,2.411,-10.227
2026-04-01T14:30:59.774Z,322.205,pi:0,bottle,0.8611,780.00,225.00,880.00,560.00,1.821,-3.896
2026-04-01T14:30:59.774Z,322.205,pi:0,bottle,0.8212,591.00,311.00,674.00,562.00,2.430,-10.243
2026-04-01T14:30:59.822Z,322.253,pi:0,bottle,0.8393,780.00,228.00,878.00,556.00,1.860,-3.929
2026-04-01T14:30:59.822Z,322.253,pi:0,bottle,0.8284,592.00,309.00,674.00,563.00,2.402,-10.227
2026-04-01T14:30:59.867Z,322.298,pi:0,bottle,0.8539,779.00,225.00,880.00,559.00,1.826,-3.913
2026-04-01T14:30:59.867Z,322.298,pi:0,bottle,0.8175,592.00,309.00,673.00,563.00,2.402,-10.243
2026-04-01T14:30:59.918Z,322.348,pi:0,bottle,0.8430,780.00,228.00,878.00,557.00,1.854,-3.929
2026-04-01T14:30:59.918Z,322.348,pi:0,bottle,0.8139,591.00,310.00,674.00,563.00,2.411,-10.243
2026-04-01T14:30:59.967Z,322.398,pi:0,bottle,0.8575,779.00,226.00,880.00,560.00,1.826,-3.913
2026-04-01T14:30:59.967Z,322.398,pi:0,bottle,0.8212,591.00,310.00,674.00,562.00,2.421,-10.243
2026-04-01T14:31:00.009Z,322.439,pi:0,bottle,0.8539,779.00,226.00,880.00,560.00,1.826,-3.913
2026-04-01T14:31:00.009Z,322.439,pi:0,bottle,0.8103,591.00,310.00,674.00,563.00,2.411,-10.243
2026-04-01T14:31:00.061Z,322.492,pi:0,bottle,0.8720,779.00,226.00,880.00,560.00,1.826,-3.913
2026-04-01T14:31:00.061Z,322.492,pi:0,bottle,0.8175,591.00,311.00,674.00,563.00,2.421,-10.243
2026-04-01T14:31:00.111Z,322.542,pi:0,bottle,0.8502,779.00,226.00,880.00,560.00,1.826,-3.913
2026-04-01T14:31:00.111Z,322.542,pi:0,bottle,0.8248,591.00,310.00,675.00,563.00,2.411,-10.227
2026-04-01T14:31:00.159Z,322.590,pi:0,bottle,0.8757,779.00,227.00,881.00,560.00,1.832,-3.896
2026-04-01T14:31:00.159Z,322.590,pi:0,bottle,0.8212,591.00,309.00,673.00,563.00,2.402,-10.258
2026-04-01T14:31:00.209Z,322.640,pi:0,bottle,0.8720,779.00,226.00,881.00,560.00,1.826,-3.896
2026-04-01T14:31:00.209Z,322.640,pi:0,bottle,0.8175,591.00,310.00,674.00,563.00,2.411,-10.243
2026-04-01T14:31:00.260Z,322.691,pi:0,bottle,0.8793,779.00,226.00,881.00,560.00,1.826,-3.896
2026-04-01T14:31:00.260Z,322.691,pi:0,bottle,0.8139,592.00,310.00,674.00,562.00,2.421,-10.227
2026-04-01T14:31:00.303Z,322.734,pi:0,bottle,0.8684,779.00,226.00,880.00,559.00,1.832,-3.913
2026-04-01T14:31:00.303Z,322.734,pi:0,bottle,0.8284,592.00,310.00,673.00,563.00,2.411,-10.243
2026-04-01T14:31:00.363Z,322.793,pi:0,bottle,0.8793,779.00,226.00,880.00,560.00,1.826,-3.913
2026-04-01T14:31:00.363Z,322.793,pi:0,bottle,0.8284,592.00,309.00,674.00,563.00,2.402,-10.227
2026-04-01T14:31:00.422Z,322.853,pi:0,bottle,0.8684,779.00,226.00,881.00,560.00,1.826,-3.896
2026-04-01T14:31:00.422Z,322.853,pi:0,bottle,0.8212,591.00,310.00,673.00,563.00,2.411,-10.258
2026-04-01T14:31:00.455Z,322.885,pi:0,bottle,0.8575,779.00,225.00,881.00,560.00,1.821,-3.896
2026-04-01T14:31:00.455Z,322.885,pi:0,bottle,0.8030,592.00,309.00,674.00,562.00,2.411,-10.227
2026-04-01T14:31:00.524Z,322.955,pi:0,bottle,0.8611,779.00,226.00,881.00,560.00,1.826,-3.896
2026-04-01T14:31:00.524Z,322.955,pi:0,bottle,0.8066,592.00,310.00,674.00,563.00,2.411,-10.227
2026-04-01T14:31:00.573Z,323.004,pi:0,bottle,0.8648,779.00,226.00,880.00,559.00,1.832,-3.913
2026-04-01T14:31:00.573Z,323.004,pi:0,bottle,0.8066,591.00,310.00,674.00,563.00,2.411,-10.243
2026-04-01T14:31:00.626Z,323.056,pi:0,bottle,0.8575,779.00,227.00,880.00,560.00,1.832,-3.913
2026-04-01T14:31:00.626Z,323.056,pi:0,bottle,0.8139,592.00,311.00,674.00,562.00,2.430,-10.227
2026-04-01T14:31:00.683Z,323.114,pi:0,bottle,0.8575,779.00,225.00,880.00,559.00,1.826,-3.913
2026-04-01T14:31:00.683Z,323.114,pi:0,bottle,0.8284,591.00,310.00,674.00,563.00,2.411,-10.243
2026-04-01T14:31:00.735Z,323.166,pi:0,bottle,0.8648,778.00,226.00,880.00,560.00,1.826,-3.929
2026-04-01T14:31:00.735Z,323.166,pi:0,bottle,0.8212,592.00,311.00,674.00,563.00,2.421,-10.227
2026-04-01T14:31:00.785Z,323.216,pi:0,bottle,0.8757,779.00,226.00,880.00,560.00,1.826,-3.913
2026-04-01T14:31:00.785Z,323.216,pi:0,bottle,0.8103,591.00,310.00,674.00,563.00,2.411,-10.243
2026-04-01T14:31:00.836Z,323.267,pi:0,bottle,0.8575,778.00,226.00,881.00,560.00,1.826,-3.913
2026-04-01T14:31:00.836Z,323.267,pi:0,bottle,0.8175,592.00,310.00,674.00,563.00,2.411,-10.227
2026-04-01T14:31:00.896Z,323.327,pi:0,bottle,0.8539,779.00,226.00,881.00,560.00,1.826,-3.896
2026-04-01T14:31:00.896Z,323.327,pi:0,bottle,0.8212,591.00,310.00,674.00,563.00,2.411,-10.243
2026-04-01T14:31:00.934Z,323.365,pi:0,bottle,0.8575,780.00,226.00,880.00,560.00,1.826,-3.896
2026-04-01T14:31:00.934Z,323.365,pi:0,bottle,0.8175,592.00,310.00,674.00,563.00,2.411,-10.227
2026-04-01T14:31:00.997Z,323.428,pi:0,bottle,0.8575,779.00,225.00,880.00,560.00,1.821,-3.913
2026-04-01T14:31:00.997Z,323.428,pi:0,bottle,0.8212,592.00,310.00,674.00,563.00,2.411,-10.227
2026-04-01T14:31:01.064Z,323.495,pi:0,bottle,0.8575,779.00,225.00,880.00,560.00,1.821,-3.913
2026-04-01T14:31:01.064Z,323.495,pi:0,bottle,0.8175,592.00,310.00,674.00,563.00,2.411,-10.227
2026-04-01T14:31:01.137Z,323.568,pi:0,bottle,0.8539,779.00,225.00,880.00,560.00,1.821,-3.913
2026-04-01T14:31:01.137Z,323.568,pi:0,bottle,0.8066,591.00,310.00,674.00,562.00,2.421,-10.243
2026-04-01T14:31:01.202Z,323.633,pi:0,bottle,0.8430,779.00,226.00,881.00,560.00,1.826,-3.896
2026-04-01T14:31:01.202Z,323.633,pi:0,bottle,0.8248,592.00,310.00,673.00,563.00,2.411,-10.243
2026-04-01T14:31:01.254Z,323.685,pi:0,bottle,0.8539,779.00,226.00,880.00,560.00,1.826,-3.913
2026-04-01T14:31:01.254Z,323.685,pi:0,bottle,0.8139,591.00,310.00,674.00,563.00,2.411,-10.243
2026-04-01T14:31:01.299Z,323.730,pi:0,bottle,0.8502,779.00,226.00,880.00,560.00,1.826,-3.913
2026-04-01T14:31:01.299Z,323.730,pi:0,bottle,0.8030,591.00,310.00,674.00,563.00,2.411,-10.243
2026-04-01T14:31:01.358Z,323.789,pi:0,bottle,0.8575,779.00,226.00,880.00,560.00,1.826,-3.913
2026-04-01T14:31:01.358Z,323.789,pi:0,bottle,0.8321,592.00,309.00,674.00,563.00,2.402,-10.227
2026-04-01T14:31:01.411Z,323.842,pi:0,bottle,0.8757,779.00,226.00,881.00,560.00,1.826,-3.896
2026-04-01T14:31:01.411Z,323.842,pi:0,bottle,0.8248,591.00,310.00,673.00,563.00,2.411,-10.258
2026-04-01T14:31:01.468Z,323.899,pi:0,bottle,0.8502,779.00,226.00,880.00,560.00,1.826,-3.913
2026-04-01T14:31:01.468Z,323.899,pi:0,bottle,0.8321,592.00,310.00,673.00,562.00,2.421,-10.243
2026-04-01T14:31:01.537Z,323.968,pi:0,bottle,0.8393,779.00,225.00,880.00,560.00,1.821,-3.913
2026-04-01T14:31:01.537Z,323.968,pi:0,bottle,0.8066,591.00,310.00,674.00,562.00,2.421,-10.243
2026-04-01T14:31:01.577Z,324.008,pi:0,bottle,0.8648,779.00,226.00,881.00,560.00,1.826,-3.896
2026-04-01T14:31:01.577Z,324.008,pi:0,bottle,0.8103,592.00,311.00,674.00,563.00,2.421,-10.227
2026-04-01T14:31:01.612Z,324.043,pi:0,bottle,0.8866,779.00,226.00,882.00,560.00,1.826,-3.880
2026-04-01T14:31:01.612Z,324.043,pi:0,bottle,0.7667,591.00,312.00,674.00,562.00,2.440,-10.243
2026-04-01T14:31:01.665Z,324.096,pi:0,bottle,0.8793,779.00,224.00,882.00,561.00,1.810,-3.880
2026-04-01T14:31:01.665Z,324.096,pi:0,bottle,0.6722,592.00,330.00,673.00,562.00,2.630,-10.243
2026-04-01T14:31:01.723Z,324.154,pi:0,bottle,0.6286,592.00,311.00,674.00,562.00,2.430,-10.227
2026-04-01T14:31:01.779Z,324.210,pi:0,bottle,0.7739,781.00,268.00,881.00,560.00,2.089,-3.864
2026-04-01T14:31:01.831Z,324.262,pi:0,bottle,0.7667,780.00,226.00,878.00,547.00,1.900,-3.929
2026-04-01T14:31:01.877Z,324.308,pi:0,bottle,0.3181,806.00,205.00,876.00,405.00,3.050,-3.539
