timestamp_utc,elapsed_s,camera,label,confidence,bbox_x1,bbox_y1,bbox_x2,bbox_y2,distance_m,angle_deg
2026-04-01T14:54:20.706Z,4.532,pi:0,bottle,0.7776,456.00,199.00,577.00,634.00,1.021,-13.865
2026-04-01T14:54:20.706Z,4.532,pi:0,bottle,0.4036,391.00,359.00,478.00,628.00,1.651,-16.360
2026-04-01T14:54:20.825Z,4.651,pi:0,bottle,0.8030,456.00,191.00,578.00,631.00,1.009,-13.849
2026-04-01T14:54:20.825Z,4.651,pi:0,bottle,0.3899,391.00,358.00,477.00,628.00,1.645,-16.375
2026-04-01T14:54:20.868Z,4.694,pi:0,bottle,0.7921,455.00,192.00,578.00,631.00,1.011,-13.865
2026-04-01T14:54:20.868Z,4.694,pi:0,bottle,0.4446,390.00,356.00,478.00,626.00,1.645,-16.375
2026-04-01T14:54:20.907Z,4.734,pi:0,bottle,0.7812,456.00,192.00,578.00,631.00,1.011,-13.849
2026-04-01T14:54:20.907Z,4.734,pi:0,bottle,0.4446,391.00,357.00,478.00,627.00,1.645,-16.360
2026-04-01T14:54:20.922Z,4.749,pi:0,bottle,0.7776,456.00,192.00,579.00,632.00,1.009,-13.834
2026-04-01T14:54:20.922Z,4.749,pi:0,bottle,0.4310,391.00,358.00,478.00,627.00,1.651,-16.360
2026-04-01T14:54:20.945Z,4.772,pi:0,bottle,0.7739,457.00,197.00,577.00,632.00,1.021,-13.849
2026-04-01T14:54:20.945Z,4.772,pi:0,bottle,0.4275,391.00,358.00,478.00,627.00,1.651,-16.360
2026-04-01T14:54:20.965Z,4.791,pi:0,bottle,0.7703,456.00,193.00,578.00,632.00,1.011,-13.849
2026-04-01T14:54:20.965Z,4.791,pi:0,bottle,0.4652,391.00,357.00,478.00,627.00,1.645,-16.360
2026-04-01T14:54:20.988Z,4.815,pi:0,bottle,0.7812,456.00,192.00,578.00,631.00,1.011,-13.849
2026-04-01T14:54:20.988Z,4.815,pi:0,bottle,0.4173,391.00,357.00,478.00,626.00,1.651,-16.360
2026-04-01T14:54:21.009Z,4.835,pi:0,bottle,0.7703,456.00,194.00,579.00,632.00,1.014,-13.834
2026-04-01T14:54:21.009Z,4.835,pi:0,bottle,0.4310,391.00,358.00,478.00,626.00,1.657,-16.360
2026-04-01T14:54:21.027Z,4.854,pi:0,bottle,0.7776,456.00,197.00,576.00,633.00,1.018,-13.880
2026-04-01T14:54:21.027Z,4.854,pi:0,bottle,0.4036,391.00,359.00,478.00,626.00,1.663,-16.360
2026-04-01T14:54:21.050Z,4.876,pi:0,bottle,0.7812,456.00,199.00,577.00,633.00,1.023,-13.865
2026-04-01T14:54:21.050Z,4.876,pi:0,bottle,0.4104,391.00,358.00,478.00,626.00,1.657,-16.360
2026-04-01T14:54:21.068Z,4.895,pi:0,bottle,0.7848,456.00,191.00,578.00,632.00,1.007,-13.849
2026-04-01T14:54:21.068Z,4.895,pi:0,bottle,0.4104,391.00,359.00,478.00,627.00,1.657,-16.360
2026-04-01T14:54:21.092Z,4.918,pi:0,bottle,0.7739,456.00,195.00,577.00,633.00,1.014,-13.865
2026-04-01T14:54:21.092Z,4.918,pi:0,bottle,0.4070,391.00,358.00,478.00,626.00,1.657,-16.360
2026-04-01T14:54:21.111Z,4.938,pi:0,bottle,0.7885,456.00,194.00,578.00,631.00,1.016,-13.849
2026-04-01T14:54:21.111Z,4.938,pi:0,bottle,0.4378,391.00,358.00,478.00,627.00,1.651,-16.360
2026-04-01T14:54:21.131Z,4.958,pi:0,bottle,0.7812,456.00,199.00,577.00,633.00,1.023,-13.865
2026-04-01T14:54:21.131Z,4.958,pi:0,bottle,0.4549,390.00,359.00,478.00,627.00,1.657,-16.375
2026-04-01T14:54:21.152Z,4.978,pi:0,bottle,0.7885,456.00,192.00,577.00,632.00,1.009,-13.865
2026-04-01T14:54:21.152Z,4.978,pi:0,bottle,0.4515,391.00,358.00,477.00,626.00,1.657,-16.375
2026-04-01T14:54:21.173Z,4.999,pi:0,bottle,0.7812,456.00,193.00,577.00,631.00,1.014,-13.865
2026-04-01T14:54:21.173Z,4.999,pi:0,bottle,0.3968,391.00,358.00,478.00,627.00,1.651,-16.360
2026-04-01T14:54:21.195Z,5.021,pi:0,bottle,0.7885,456.00,192.00,578.00,632.00,1.009,-13.849
2026-04-01T14:54:21.195Z,5.021,pi:0,bottle,0.3968,391.00,359.00,478.00,627.00,1.657,-16.360
2026-04-01T14:54:21.213Z,5.039,pi:0,bottle,0.7848,456.00,197.00,577.00,633.00,1.018,-13.865
2026-04-01T14:54:21.213Z,5.039,pi:0,bottle,0.4207,391.00,359.00,477.00,626.00,1.663,-16.375
2026-04-01T14:54:21.235Z,5.062,pi:0,bottle,0.7739,456.00,192.00,578.00,632.00,1.009,-13.849
2026-04-01T14:54:21.235Z,5.062,pi:0,bottle,0.4207,391.00,359.00,478.00,626.00,1.663,-16.360
2026-04-01T14:54:21.256Z,5.082,pi:0,bottle,0.7812,456.00,190.00,578.00,632.00,1.005,-13.849
2026-04-01T14:54:21.256Z,5.082,pi:0,bottle,0.3489,391.00,360.00,478.00,626.00,1.669,-16.360
2026-04-01T14:54:21.277Z,5.104,pi:0,bottle,0.7885,456.00,190.00,578.00,632.00,1.005,-13.849
2026-04-01T14:54:21.277Z,5.104,pi:0,bottle,0.4310,391.00,359.00,478.00,626.00,1.663,-16.360
2026-04-01T14:54:21.311Z,5.138,pi:0,bottle,0.7812,457.00,196.00,576.00,631.00,1.021,-13.865
2026-04-01T14:54:21.311Z,5.138,pi:0,bottle,0.4275,391.00,358.00,478.00,628.00,1.645,-16.360
2026-04-01T14:54:21.331Z,5.157,pi:0,bottle,0.7921,456.00,191.00,578.00,631.00,1.009,-13.849
2026-04-01T14:54:21.331Z,5.157,pi:0,bottle,0.4344,391.00,360.00,478.00,627.00,1.663,-16.360
2026-04-01T14:54:21.356Z,5.183,pi:0,bottle,0.7885,455.00,189.00,578.00,631.00,1.005,-13.865
2026-04-01T14:54:21.356Z,5.183,pi:0,bottle,0.4241,391.00,359.00,478.00,626.00,1.663,-16.360
2026-04-01T14:54:21.379Z,5.206,pi:0,bottle,0.7776,455.00,194.00,578.00,631.00,1.016,-13.865
2026-04-01T14:54:21.379Z,5.206,pi:0,bottle,0.4617,391.00,359.00,478.00,628.00,1.651,-16.360
2026-04-01T14:54:21.399Z,5.226,pi:0,bottle,0.7776,456.00,198.00,576.00,633.00,1.021,-13.880
2026-04-01T14:54:21.399Z,5.226,pi:0,bottle,0.4788,391.00,359.00,478.00,626.00,1.663,-16.360
2026-04-01T14:54:21.423Z,5.249,pi:0,bottle,0.7921,456.00,190.00,578.00,632.00,1.005,-13.849
2026-04-01T14:54:21.423Z,5.249,pi:0,bottle,0.4446,391.00,359.00,478.00,627.00,1.657,-16.360
2026-04-01T14:54:21.441Z,5.267,pi:0,bottle,0.7739,456.00,193.00,578.00,631.00,1.014,-13.849
2026-04-01T14:54:21.441Z,5.267,pi:0,bottle,0.4178,391.00,359.00,478.00,632.00,1.626,-16.360
2026-04-01T14:54:21.462Z,5.288,pi:0,bottle,0.7812,457.00,198.00,576.00,631.00,1.025,-13.865
2026-04-01T14:54:21.462Z,5.288,pi:0,bottle,0.3343,391.00,361.00,478.00,631.00,1.645,-16.360
2026-04-01T14:54:21.484Z,5.310,pi:0,bottle,0.7776,456.00,192.00,578.00,631.00,1.011,-13.849
2026-04-01T14:54:21.484Z,5.310,pi:0,bottle,0.4241,391.00,360.00,478.00,626.00,1.669,-16.360
2026-04-01T14:54:21.502Z,5.328,pi:0,bottle,0.7848,456.00,192.00,578.00,632.00,1.009,-13.849
2026-04-01T14:54:21.502Z,5.328,pi:0,bottle,0.3865,391.00,359.00,478.00,627.00,1.657,-16.360
2026-04-01T14:54:21.523Z,5.350,pi:0,bottle,0.7848,456.00,196.00,577.00,633.00,1.016,-13.865
2026-04-01T14:54:21.523Z,5.350,pi:0,bottle,0.4036,391.00,358.00,478.00,627.00,1.651,-16.360
2026-04-01T14:54:21.544Z,5.370,pi:0,bottle,0.7703,456.00,193.00,578.00,632.00,1.011,-13.849
2026-04-01T14:54:21.544Z,5.370,pi:0,bottle,0.4578,392.00,358.00,478.00,632.00,1.621,-16.345
2026-04-01T14:54:21.564Z,5.390,pi:0,bottle,0.7703,456.00,192.00,578.00,631.00,1.011,-13.849
2026-04-01T14:54:21.564Z,5.390,pi:0,bottle,0.4310,391.00,359.00,478.00,626.00,1.663,-16.360
2026-04-01T14:54:21.586Z,5.413,pi:0,bottle,0.7812,456.00,189.00,578.00,632.00,1.002,-13.849
2026-04-01T14:54:21.586Z,5.413,pi:0,bottle,0.4583,390.00,358.00,477.00,626.00,1.657,-16.390
2026-04-01T14:54:21.606Z,5.433,pi:0,bottle,0.7776,456.00,191.00,578.00,631.00,1.009,-13.849
2026-04-01T14:54:21.606Z,5.433,pi:0,bottle,0.4310,391.00,359.00,478.00,627.00,1.657,-16.360
2026-04-01T14:54:21.628Z,5.454,pi:0,bottle,0.7812,456.00,192.00,578.00,631.00,1.011,-13.849
2026-04-01T14:54:21.628Z,5.454,pi:0,bottle,0.3968,391.00,358.00,478.00,627.00,1.651,-16.360
2026-04-01T14:54:21.649Z,5.476,pi:0,bottle,0.7812,455.00,192.00,577.00,631.00,1.011,-13.880
2026-04-01T14:54:21.649Z,5.476,pi:0,bottle,0.4583,391.00,359.00,478.00,627.00,1.657,-16.360
2026-04-01T14:54:21.669Z,5.496,pi:0,bottle,0.7703,456.00,191.00,578.00,632.00,1.007,-13.849
2026-04-01T14:54:21.669Z,5.496,pi:0,bottle,0.4241,391.00,360.00,478.00,626.00,1.669,-16.360
2026-04-01T14:54:21.688Z,5.514,pi:0,bottle,0.7812,456.00,190.00,578.00,631.00,1.007,-13.849
2026-04-01T14:54:21.688Z,5.514,pi:0,bottle,0.4549,391.00,357.00,478.00,625.00,1.657,-16.360
2026-04-01T14:54:21.709Z,5.535,pi:0,bottle,0.7885,456.00,191.00,578.00,631.00,1.009,-13.849
2026-04-01T14:54:21.709Z,5.535,pi:0,bottle,0.4549,391.00,358.00,478.00,626.00,1.657,-16.360
2026-04-01T14:54:21.728Z,5.555,pi:0,bottle,0.7812,456.00,191.00,578.00,632.00,1.007,-13.849
2026-04-01T14:54:21.728Z,5.555,pi:0,bottle,0.4310,391.00,358.00,478.00,628.00,1.645,-16.360
2026-04-01T14:54:21.748Z,5.574,pi:0,bottle,0.7812,456.00,192.00,578.00,632.00,1.009,-13.849
2026-04-01T14:54:21.748Z,5.574,pi:0,bottle,0.4310,391.00,359.00,477.00,627.00,1.657,-16.375
2026-04-01T14:54:21.769Z,5.595,pi:0,bottle,0.7703,456.00,191.00,578.00,632.00,1.007,-13.849
2026-04-01T14:54:21.769Z,5.595,pi:0,bottle,0.4412,390.00,359.00,478.00,626.00,1.663,-16.375
2026-04-01T14:54:21.791Z,5.617,pi:0,bottle,0.7776,457.00,197.00,576.00,631.00,1.023,-13.865
2026-04-01T14:54:21.791Z,5.617,pi:0,bottle,0.3283,390.00,360.00,478.00,626.00,1.669,-16.375
2026-04-01T14:54:21.814Z,5.641,pi:0,bottle,0.7921,456.00,191.00,578.00,631.00,1.009,-13.849
2026-04-01T14:54:21.814Z,5.641,pi:0,bottle,0.4481,391.00,357.00,477.00,626.00,1.651,-16.375
2026-04-01T14:54:21.831Z,5.658,pi:0,bottle,0.7848,456.00,191.00,578.00,632.00,1.007,-13.849
2026-04-01T14:54:21.831Z,5.658,pi:0,bottle,0.3899,391.00,359.00,477.00,626.00,1.663,-16.375
2026-04-01T14:54:21.858Z,5.684,pi:0,bottle,0.7957,456.00,192.00,578.00,632.00,1.009,-13.849
2026-04-01T14:54:21.858Z,5.684,pi:0,bottle,0.3597,391.00,360.00,477.00,632.00,1.632,-16.375
2026-04-01T14:54:21.879Z,5.705,pi:0,bottle,0.7776,456.00,190.00,578.00,632.00,1.005,-13.849
2026-04-01T14:54:21.879Z,5.705,pi:0,bottle,0.4139,390.00,359.00,478.00,626.00,1.663,-16.375
2026-04-01T14:54:21.903Z,5.730,pi:0,bottle,0.7957,456.00,191.00,578.00,632.00,1.007,-13.849
2026-04-01T14:54:21.903Z,5.730,pi:0,bottle,0.4173,391.00,359.00,478.00,626.00,1.663,-16.360
2026-04-01T14:54:21.923Z,5.749,pi:0,bottle,0.7776,456.00,192.00,578.00,631.00,1.011,-13.849
2026-04-01T14:54:21.923Z,5.749,pi:0,bottle,0.4720,391.00,359.00,478.00,627.00,1.657,-16.360
2026-04-01T14:54:21.947Z,5.773,pi:0,bottle,0.7812,456.00,197.00,577.00,633.00,1.018,-13.865
2026-04-01T14:54:21.947Z,5.773,pi:0,bottle,0.4207,391.00,360.00,478.00,626.00,1.669,-16.360
2026-04-01T14:54:21.964Z,5.790,pi:0,bottle,0.7812,456.00,192.00,577.00,631.00,1.011,-13.865
2026-04-01T14:54:21.964Z,5.790,pi:0,bottle,0.4275,391.00,359.00,478.00,625.00,1.669,-16.360
2026-04-01T14:54:21.986Z,5.812,pi:0,bottle,0.7921,456.00,192.00,578.00,632.00,1.009,-13.849
2026-04-01T14:54:21.986Z,5.812,pi:0,bottle,0.4515,391.00,360.00,478.00,626.00,1.669,-16.360
2026-04-01T14:54:22.008Z,5.834,pi:0,bottle,0.7848,456.00,192.00,578.00,631.00,1.011,-13.849
2026-04-01T14:54:22.008Z,5.834,pi:0,bottle,0.4106,391.00,359.00,478.00,631.00,1.632,-16.360
2026-04-01T14:54:22.028Z,5.854,pi:0,bottle,0.7848,456.00,193.00,578.00,631.00,1.014,-13.849
2026-04-01T14:54:22.028Z,5.854,pi:0,bottle,0.3933,391.00,358.00,478.00,625.00,1.663,-16.360
2026-04-01T14:54:22.045Z,5.872,pi:0,bottle,0.7885,456.00,192.00,578.00,631.00,1.011,-13.849
2026-04-01T14:54:22.045Z,5.872,pi:0,bottle,0.3591,391.00,359.00,478.00,627.00,1.657,-16.360
2026-04-01T14:54:22.065Z,5.891,pi:0,bottle,0.7921,456.00,198.00,577.00,633.00,1.021,-13.865
2026-04-01T14:54:22.065Z,5.891,pi:0,bottle,0.4446,391.00,358.00,478.00,625.00,1.663,-16.360
2026-04-01T14:54:22.084Z,5.911,pi:0,bottle,0.7667,456.00,192.00,578.00,631.00,1.011,-13.849
2026-04-01T14:54:22.084Z,5.911,pi:0,bottle,0.4310,391.00,359.00,478.00,626.00,1.663,-16.360
2026-04-01T14:54:22.106Z,5.932,pi:0,bottle,0.7776,456.00,191.00,578.00,631.00,1.009,-13.849
2026-04-01T14:54:22.106Z,5.932,pi:0,bottle,0.3865,391.00,360.00,478.00,626.00,1.669,-16.360
2026-04-01T14:54:22.127Z,5.954,pi:0,bottle,0.7921,456.00,190.00,578.00,632.00,1.005,-13.849
2026-04-01T14:54:22.127Z,5.954,pi:0,bottle,0.4104,391.00,359.00,477.00,625.00,1.669,-16.375
2026-04-01T14:54:22.147Z,5.973,pi:0,bottle,0.7957,456.00,198.00,577.00,633.00,1.021,-13.865
2026-04-01T14:54:22.147Z,5.973,pi:0,bottle,0.4378,391.00,358.00,478.00,626.00,1.657,-16.360
2026-04-01T14:54:22.169Z,5.996,pi:0,bottle,0.7812,456.00,192.00,578.00,631.00,1.011,-13.849
2026-04-01T14:54:22.169Z,5.996,pi:0,bottle,0.4104,391.00,358.00,478.00,627.00,1.651,-16.360
2026-04-01T14:54:22.188Z,6.015,pi:0,bottle,0.7921,456.00,192.00,578.00,632.00,1.009,-13.849
2026-04-01T14:54:22.188Z,6.015,pi:0,bottle,0.4344,391.00,359.00,478.00,628.00,1.651,-16.360
2026-04-01T14:54:22.209Z,6.036,pi:0,bottle,0.7885,456.00,192.00,578.00,631.00,1.011,-13.849
2026-04-01T14:54:22.209Z,6.036,pi:0,bottle,0.4070,391.00,359.00,478.00,628.00,1.651,-16.360
2026-04-01T14:54:22.230Z,6.057,pi:0,bottle,0.7703,456.00,191.00,578.00,631.00,1.009,-13.849
2026-04-01T14:54:22.230Z,6.057,pi:0,bottle,0.4344,391.00,360.00,478.00,628.00,1.657,-16.360
2026-04-01T14:54:22.250Z,6.076,pi:0,bottle,0.7885,456.00,192.00,578.00,632.00,1.009,-13.849
2026-04-01T14:54:22.250Z,6.076,pi:0,bottle,0.4104,391.00,359.00,478.00,627.00,1.657,-16.360
2026-04-01T14:54:22.275Z,6.101,pi:0,bottle,0.7957,456.00,192.00,578.00,631.00,1.011,-13.849
2026-04-01T14:54:22.275Z,6.101,pi:0,bottle,0.4173,391.00,358.00,478.00,626.00,1.657,-16.360
2026-04-01T14:54:22.294Z,6.121,pi:0,bottle,0.7848,456.00,192.00,577.00,631.00,1.011,-13.865
2026-04-01T14:54:22.294Z,6.121,pi:0,bottle,0.4033,390.00,358.00,478.00,631.00,1.626,-16.375
2026-04-01T14:54:22.319Z,6.146,pi:0,bottle,0.7885,456.00,193.00,578.00,631.00,1.014,-13.849
2026-04-01T14:54:22.319Z,6.146,pi:0,bottle,0.4378,391.00,357.00,478.00,627.00,1.645,-16.360
2026-04-01T14:54:22.339Z,6.166,pi:0,bottle,0.7848,456.00,191.00,578.00,632.00,1.007,-13.849
2026-04-01T14:54:22.339Z,6.166,pi:0,bottle,0.4036,391.00,358.00,478.00,628.00,1.645,-16.360
2026-04-01T14:54:22.363Z,6.189,pi:0,bottle,0.7957,456.00,193.00,578.00,631.00,1.014,-13.849
2026-04-01T14:54:22.363Z,6.189,pi:0,bottle,0.4104,391.00,360.00,478.00,628.00,1.657,-16.360
2026-04-01T14:54:22.386Z,6.213,pi:0,bottle,0.7848,456.00,192.00,578.00,632.00,1.009,-13.849
2026-04-01T14:54:22.386Z,6.213,pi:0,bottle,0.4823,390.00,357.00,478.00,626.00,1.651,-16.375
2026-04-01T14:54:22.408Z,6.234,pi:0,bottle,0.7630,456.00,197.00,579.00,632.00,1.021,-13.834
2026-04-01T14:54:22.408Z,6.234,pi:0,bottle,0.3968,391.00,360.00,479.00,627.00,1.663,-16.345
2026-04-01T14:54:22.431Z,6.257,pi:0,bottle,0.7739,456.00,190.00,578.00,632.00,1.005,-13.849
2026-04-01T14:54:22.431Z,6.257,pi:0,bottle,0.3831,391.00,359.00,478.00,626.00,1.663,-16.360
2026-04-01T14:54:22.455Z,6.281,pi:0,bottle,0.7812,456.00,192.00,577.00,632.00,1.009,-13.865
2026-04-01T14:54:22.455Z,6.281,pi:0,bottle,0.3633,392.00,361.00,478.00,632.00,1.638,-16.345
2026-04-01T14:54:22.477Z,6.304,pi:0,bottle,0.7703,456.00,198.00,577.00,633.00,1.021,-13.865
2026-04-01T14:54:22.477Z,6.304,pi:0,bottle,0.4275,391.00,357.00,478.00,627.00,1.645,-16.360
2026-04-01T14:54:22.498Z,6.324,pi:0,bottle,0.7921,457.00,191.00,579.00,631.00,1.009,-13.818
2026-04-01T14:54:22.498Z,6.324,pi:0,bottle,0.4344,391.00,359.00,478.00,627.00,1.657,-16.360
2026-04-01T14:54:22.521Z,6.347,pi:0,bottle,0.7885,456.00,192.00,578.00,631.00,1.011,-13.849
2026-04-01T14:54:22.521Z,6.347,pi:0,bottle,0.4686,392.00,360.00,478.00,626.00,1.669,-16.345
2026-04-01T14:54:22.543Z,6.370,pi:0,bottle,0.7957,456.00,191.00,578.00,632.00,1.007,-13.849
2026-04-01T14:54:22.543Z,6.370,pi:0,bottle,0.4241,391.00,359.00,478.00,626.00,1.663,-16.360
2026-04-01T14:54:22.567Z,6.394,pi:0,bottle,0.7812,456.00,192.00,578.00,631.00,1.011,-13.849
2026-04-01T14:54:22.567Z,6.394,pi:0,bottle,0.4583,391.00,357.00,479.00,626.00,1.651,-16.345
2026-04-01T14:54:22.586Z,6.412,pi:0,bottle,0.7703,456.00,191.00,578.00,632.00,1.007,-13.849
2026-04-01T14:54:22.586Z,6.412,pi:0,bottle,0.4446,391.00,359.00,478.00,625.00,1.669,-16.360
2026-04-01T14:54:22.609Z,6.435,pi:0,bottle,0.7812,456.00,192.00,578.00,632.00,1.009,-13.849
2026-04-01T14:54:22.609Z,6.435,pi:0,bottle,0.4070,391.00,359.00,478.00,626.00,1.663,-16.360
2026-04-01T14:54:22.630Z,6.456,pi:0,bottle,0.7776,456.00,192.00,578.00,632.00,1.009,-13.849
2026-04-01T14:54:22.630Z,6.456,pi:0,bottle,0.4583,391.00,359.00,477.00,626.00,1.663,-16.375
2026-04-01T14:54:22.654Z,6.480,pi:0,bottle,0.7812,456.00,198.00,577.00,633.00,1.021,-13.865
2026-04-01T14:54:22.654Z,6.480,pi:0,bottle,0.4070,391.00,359.00,478.00,626.00,1.663,-16.360
2026-04-01T14:54:22.675Z,6.501,pi:0,bottle,0.7848,457.00,197.00,576.00,631.00,1.023,-13.865
2026-04-01T14:54:22.675Z,6.501,pi:0,bottle,0.4002,391.00,358.00,477.00,626.00,1.657,-16.375
2026-04-01T14:54:22.697Z,6.523,pi:0,bottle,0.7667,456.00,196.00,576.00,631.00,1.021,-13.880
2026-04-01T14:54:22.697Z,6.523,pi:0,bottle,0.4207,391.00,358.00,478.00,625.00,1.663,-16.360
2026-04-01T14:54:22.718Z,6.545,pi:0,bottle,0.7630,456.00,191.00,578.00,632.00,1.007,-13.849
2026-04-01T14:54:22.718Z,6.545,pi:0,bottle,0.4207,391.00,358.00,478.00,626.00,1.657,-16.360
2026-04-01T14:54:22.741Z,6.568,pi:0,bottle,0.7885,456.00,192.00,578.00,632.00,1.009,-13.849
2026-04-01T14:54:22.741Z,6.568,pi:0,bottle,0.4173,391.00,357.00,479.00,627.00,1.645,-16.345
2026-04-01T14:54:22.762Z,6.588,pi:0,bottle,0.7848,456.00,199.00,577.00,633.00,1.023,-13.865
2026-04-01T14:54:22.762Z,6.588,pi:0,bottle,0.4857,391.00,359.00,478.00,626.00,1.663,-16.360
2026-04-01T14:54:22.792Z,6.618,pi:0,bottle,0.7885,456.00,197.00,577.00,633.00,1.018,-13.865
2026-04-01T14:54:22.792Z,6.618,pi:0,bottle,0.4652,391.00,360.00,478.00,626.00,1.669,-16.360
2026-04-01T14:54:22.825Z,6.652,pi:0,bottle,0.7739,456.00,189.00,578.00,632.00,1.002,-13.849
2026-04-01T14:54:22.825Z,6.652,pi:0,bottle,0.4002,391.00,359.00,478.00,626.00,1.663,-16.360
2026-04-01T14:54:22.848Z,6.674,pi:0,bottle,0.7848,456.00,190.00,578.00,631.00,1.007,-13.849
2026-04-01T14:54:22.848Z,6.674,pi:0,bottle,0.3899,391.00,361.00,478.00,626.00,1.676,-16.360
2026-04-01T14:54:22.868Z,6.694,pi:0,bottle,0.7848,456.00,190.00,578.00,631.00,1.007,-13.849
2026-04-01T14:54:22.868Z,6.694,pi:0,bottle,0.4754,391.00,360.00,478.00,626.00,1.669,-16.360
2026-04-01T14:54:22.891Z,6.718,pi:0,bottle,0.7848,456.00,190.00,578.00,632.00,1.005,-13.849
2026-04-01T14:54:22.891Z,6.718,pi:0,bottle,0.4207,391.00,359.00,478.00,626.00,1.663,-16.360
2026-04-01T14:54:22.915Z,6.741,pi:0,bottle,0.7739,456.00,191.00,578.00,631.00,1.009,-13.849
2026-04-01T14:54:22.915Z,6.741,pi:0,bottle,0.4823,390.00,359.00,478.00,626.00,1.663,-16.375
2026-04-01T14:54:22.936Z,6.763,pi:0,bottle,0.7848,456.00,192.00,578.00,632.00,1.009,-13.849
2026-04-01T14:54:22.936Z,6.763,pi:0,bottle,0.4344,391.00,359.00,478.00,626.00,1.663,-16.360
2026-04-01T14:54:22.959Z,6.786,pi:0,bottle,0.7885,456.00,189.00,578.00,631.00,1.005,-13.849
2026-04-01T14:54:22.959Z,6.786,pi:0,bottle,0.3796,391.00,359.00,478.00,627.00,1.657,-16.360
2026-04-01T14:54:22.980Z,6.806,pi:0,bottle,0.7921,456.00,191.00,577.00,632.00,1.007,-13.865
2026-04-01T14:54:22.980Z,6.806,pi:0,bottle,0.4241,391.00,358.00,478.00,626.00,1.657,-16.360
2026-04-01T14:54:23.005Z,6.831,pi:0,bottle,0.7848,456.00,191.00,578.00,632.00,1.007,-13.849
2026-04-01T14:54:23.005Z,6.831,pi:0,bottle,0.4106,392.00,359.00,477.00,631.00,1.632,-16.360
2026-04-01T14:54:23.026Z,6.852,pi:0,bottle,0.7848,455.00,198.00,577.00,634.00,1.018,-13.880
2026-04-01T14:54:23.026Z,6.852,pi:0,bottle,0.4241,391.00,357.00,478.00,627.00,1.645,-16.360
2026-04-01T14:54:23.045Z,6.872,pi:0,bottle,0.7703,456.00,196.00,577.00,634.00,1.014,-13.865
2026-04-01T14:54:23.045Z,6.872,pi:0,bottle,0.4446,391.00,360.00,478.00,627.00,1.663,-16.360
2026-04-01T14:54:23.068Z,6.894,pi:0,bottle,0.7848,456.00,192.00,578.00,632.00,1.009,-13.849
2026-04-01T14:54:23.068Z,6.894,pi:0,bottle,0.4002,391.00,360.00,478.00,626.00,1.669,-16.360
2026-04-01T14:54:23.088Z,6.915,pi:0,bottle,0.7594,456.00,192.00,578.00,632.00,1.009,-13.849
2026-04-01T14:54:23.088Z,6.915,pi:0,bottle,0.3968,391.00,359.00,478.00,626.00,1.663,-16.360
2026-04-01T14:54:23.110Z,6.936,pi:0,bottle,0.7812,456.00,195.00,578.00,631.00,1.018,-13.849
2026-04-01T14:54:23.110Z,6.936,pi:0,bottle,0.3899,391.00,359.00,477.00,626.00,1.663,-16.375
2026-04-01T14:54:23.128Z,6.954,pi:0,bottle,0.7885,456.00,191.00,578.00,632.00,1.007,-13.849
2026-04-01T14:54:23.128Z,6.954,pi:0,bottle,0.4446,391.00,359.00,478.00,626.00,1.663,-16.360
2026-04-01T14:54:23.151Z,6.977,pi:0,bottle,0.7776,456.00,192.00,578.00,632.00,1.009,-13.849
2026-04-01T14:54:23.151Z,6.977,pi:0,bottle,0.4036,391.00,359.00,477.00,625.00,1.669,-16.375
2026-04-01T14:54:23.167Z,6.993,pi:0,bottle,0.7812,456.00,192.00,578.00,631.00,1.011,-13.849
2026-04-01T14:54:23.167Z,6.993,pi:0,bottle,0.4412,391.00,361.00,478.00,627.00,1.669,-16.360
2026-04-01T14:54:23.189Z,7.015,pi:0,bottle,0.7739,456.00,192.00,578.00,632.00,1.009,-13.849
2026-04-01T14:54:23.189Z,7.015,pi:0,bottle,0.4583,391.00,360.00,478.00,626.00,1.669,-16.360
2026-04-01T14:54:23.209Z,7.036,pi:0,bottle,0.7739,456.00,191.00,578.00,631.00,1.009,-13.849
2026-04-01T14:54:23.209Z,7.036,pi:0,bottle,0.4652,391.00,360.00,478.00,626.00,1.669,-16.360
2026-04-01T14:54:23.231Z,7.057,pi:0,bottle,0.7776,455.00,198.00,577.00,634.00,1.018,-13.880
2026-04-01T14:54:23.231Z,7.057,pi:0,bottle,0.4173,391.00,360.00,479.00,627.00,1.663,-16.345
2026-04-01T14:54:23.253Z,7.079,pi:0,bottle,0.7703,456.00,195.00,576.00,631.00,1.018,-13.880
2026-04-01T14:54:23.253Z,7.079,pi:0,bottle,0.3779,392.00,359.00,478.00,632.00,1.626,-16.345
2026-04-01T14:54:23.277Z,7.103,pi:0,bottle,0.7703,456.00,193.00,578.00,632.00,1.011,-13.849
2026-04-01T14:54:23.277Z,7.103,pi:0,bottle,0.3831,391.00,359.00,478.00,628.00,1.651,-16.360
2026-04-01T14:54:23.299Z,7.126,pi:0,bottle,0.7957,456.00,191.00,577.00,632.00,1.007,-13.865
2026-04-01T14:54:23.299Z,7.126,pi:0,bottle,0.4275,391.00,359.00,479.00,627.00,1.657,-16.345
2026-04-01T14:54:23.319Z,7.146,pi:0,bottle,0.7957,456.00,192.00,578.00,632.00,1.009,-13.849
2026-04-01T14:54:23.319Z,7.146,pi:0,bottle,0.4173,391.00,357.00,478.00,627.00,1.645,-16.360
2026-04-01T14:54:23.342Z,7.169,pi:0,bottle,0.7848,457.00,196.00,576.00,631.00,1.021,-13.865
2026-04-01T14:54:23.342Z,7.169,pi:0,bottle,0.4378,392.00,358.00,479.00,626.00,1.657,-16.330
2026-04-01T14:54:23.363Z,7.189,pi:0,bottle,0.7848,456.00,196.00,576.00,633.00,1.016,-13.880
2026-04-01T14:54:23.363Z,7.189,pi:0,bottle,0.4173,391.00,359.00,478.00,625.00,1.669,-16.360
2026-04-01T14:54:23.388Z,7.214,pi:0,bottle,0.7812,456.00,193.00,577.00,631.00,1.014,-13.865
2026-04-01T14:54:23.388Z,7.214,pi:0,bottle,0.4241,391.00,358.00,478.00,625.00,1.663,-16.360
2026-04-01T14:54:23.429Z,7.256,pi:0,bottle,0.7812,456.00,192.00,579.00,632.00,1.009,-13.834
2026-04-01T14:54:23.429Z,7.256,pi:0,bottle,0.4310,391.00,358.00,478.00,625.00,1.663,-16.360
2026-04-01T14:54:23.483Z,7.309,pi:0,bottle,0.7703,456.00,198.00,576.00,633.00,1.021,-13.880
2026-04-01T14:54:23.483Z,7.309,pi:0,bottle,0.3899,391.00,358.00,479.00,627.00,1.651,-16.345
2026-04-01T14:54:23.515Z,7.342,pi:0,bottle,0.7848,456.00,192.00,578.00,631.00,1.011,-13.849
2026-04-01T14:54:23.515Z,7.342,pi:0,bottle,0.4549,391.00,359.00,478.00,625.00,1.669,-16.360
2026-04-01T14:54:23.544Z,7.374,pi:0,bottle,0.7885,456.00,191.00,578.00,631.00,1.009,-13.849
2026-04-01T14:54:23.544Z,7.374,pi:0,bottle,0.4002,391.00,359.00,479.00,627.00,1.657,-16.345
2026-04-01T14:54:23.588Z,7.414,pi:0,bottle,0.7667,456.00,192.00,578.00,631.00,1.011,-13.849
2026-04-01T14:54:23.588Z,7.414,pi:0,bottle,0.4324,391.00,356.00,478.00,632.00,1.609,-16.360
2026-04-01T14:54:23.622Z,7.448,pi:0,bottle,0.7812,457.00,199.00,576.00,633.00,1.023,-13.865
2026-04-01T14:54:23.622Z,7.448,pi:0,bottle,0.4549,391.00,360.00,478.00,626.00,1.669,-16.360
2026-04-01T14:54:23.669Z,7.495,pi:0,bottle,0.7667,456.00,197.00,579.00,632.00,1.021,-13.834
2026-04-01T14:54:23.669Z,7.495,pi:0,bottle,0.4207,391.00,359.00,478.00,625.00,1.669,-16.360
2026-04-01T14:54:23.703Z,7.529,pi:0,bottle,0.7885,456.00,192.00,578.00,631.00,1.011,-13.849
2026-04-01T14:54:23.703Z,7.529,pi:0,bottle,0.4481,391.00,359.00,478.00,626.00,1.663,-16.360
2026-04-01T14:54:23.739Z,7.565,pi:0,bottle,0.7848,456.00,191.00,578.00,632.00,1.007,-13.849
2026-04-01T14:54:23.739Z,7.565,pi:0,bottle,0.3997,391.00,359.00,478.00,632.00,1.626,-16.360
2026-04-01T14:54:23.779Z,7.606,pi:0,bottle,0.7812,456.00,191.00,578.00,632.00,1.007,-13.849
2026-04-01T14:54:23.779Z,7.606,pi:0,bottle,0.4104,391.00,358.00,478.00,627.00,1.651,-16.360
2026-04-01T14:54:23.818Z,7.644,pi:0,bottle,0.7703,456.00,197.00,577.00,633.00,1.018,-13.865
2026-04-01T14:54:23.818Z,7.644,pi:0,bottle,0.4142,390.00,359.00,478.00,631.00,1.632,-16.375
2026-04-01T14:54:23.853Z,7.679,pi:0,bottle,0.7776,456.00,200.00,577.00,633.00,1.025,-13.865
2026-04-01T14:54:23.853Z,7.679,pi:0,bottle,0.4207,391.00,360.00,478.00,628.00,1.657,-16.360
2026-04-01T14:54:23.889Z,7.716,pi:0,bottle,0.7848,456.00,192.00,578.00,632.00,1.009,-13.849
2026-04-01T14:54:23.889Z,7.716,pi:0,bottle,0.4106,391.00,359.00,478.00,631.00,1.632,-16.360
2026-04-01T14:54:23.928Z,7.755,pi:0,bottle,0.7703,456.00,199.00,577.00,633.00,1.023,-13.865
2026-04-01T14:54:23.928Z,7.755,pi:0,bottle,0.4515,391.00,358.00,478.00,627.00,1.651,-16.360
2026-04-01T14:54:23.971Z,7.797,pi:0,bottle,0.7848,456.00,192.00,578.00,632.00,1.009,-13.849
2026-04-01T14:54:23.971Z,7.797,pi:0,bottle,0.4481,391.00,360.00,478.00,627.00,1.663,-16.360
2026-04-01T14:54:24.005Z,7.831,pi:0,bottle,0.7885,456.00,192.00,578.00,633.00,1.007,-13.849
2026-04-01T14:54:24.005Z,7.831,pi:0,bottle,0.4002,391.00,358.00,479.00,626.00,1.657,-16.345
2026-04-01T14:54:24.035Z,7.861,pi:0,bottle,0.7885,456.00,193.00,578.00,631.00,1.014,-13.849
2026-04-01T14:54:24.035Z,7.861,pi:0,bottle,0.3865,391.00,359.00,478.00,627.00,1.657,-16.360
2026-04-01T14:54:24.079Z,7.906,pi:0,bottle,0.7703,456.00,193.00,578.00,631.00,1.014,-13.849
2026-04-01T14:54:24.079Z,7.906,pi:0,bottle,0.4344,391.00,358.00,478.00,626.00,1.657,-16.360
2026-04-01T14:54:24.122Z,7.949,pi:0,bottle,0.7921,456.00,191.00,577.00,632.00,1.007,-13.865
2026-04-01T14:54:24.122Z,7.949,pi:0,bottle,0.4139,391.00,357.00,478.00,627.00,1.645,-16.360
2026-04-01T14:54:24.151Z,7.982,pi:0,bottle,0.7921,456.00,195.00,578.00,632.00,1.016,-13.849
2026-04-01T14:54:24.151Z,7.982,pi:0,bottle,0.4505,391.00,357.00,478.00,632.00,1.615,-16.360
2026-04-01T14:54:24.194Z,8.020,pi:0,bottle,0.7776,456.00,193.00,578.00,631.00,1.014,-13.849
2026-04-01T14:54:24.194Z,8.020,pi:0,bottle,0.4549,391.00,360.00,478.00,626.00,1.669,-16.360
2026-04-01T14:54:24.230Z,8.056,pi:0,bottle,0.7957,456.00,192.00,578.00,632.00,1.009,-13.849
2026-04-01T14:54:24.230Z,8.056,pi:0,bottle,0.4344,391.00,359.00,478.00,627.00,1.657,-16.360
2026-04-01T14:54:24.269Z,8.095,pi:0,bottle,0.7885,456.00,191.00,578.00,631.00,1.009,-13.849
2026-04-01T14:54:24.269Z,8.095,pi:0,bottle,0.4412,391.00,360.00,478.00,627.00,1.663,-16.360
2026-04-01T14:54:24.310Z,8.136,pi:0,bottle,0.7739,456.00,192.00,577.00,631.00,1.011,-13.865
2026-04-01T14:54:24.310Z,8.136,pi:0,bottle,0.4378,391.00,358.00,478.00,626.00,1.657,-16.360
2026-04-01T14:54:24.346Z,8.172,pi:0,bottle,0.7848,456.00,198.00,576.00,631.00,1.025,-13.880
2026-04-01T14:54:24.346Z,8.172,pi:0,bottle,0.4070,391.00,360.00,478.00,627.00,1.663,-16.360
2026-04-01T14:54:24.379Z,8.205,pi:0,bottle,0.7921,456.00,192.00,578.00,632.00,1.009,-13.849
2026-04-01T14:54:24.379Z,8.205,pi:0,bottle,0.4139,391.00,358.00,478.00,627.00,1.651,-16.360
2026-04-01T14:54:24.415Z,8.241,pi:0,bottle,0.7885,456.00,199.00,576.00,633.00,1.023,-13.880
2026-04-01T14:54:24.415Z,8.241,pi:0,bottle,0.3968,391.00,360.00,477.00,626.00,1.669,-16.375
2026-04-01T14:54:24.454Z,8.281,pi:0,bottle,0.7776,457.00,200.00,576.00,631.00,1.030,-13.865
2026-04-01T14:54:24.454Z,8.281,pi:0,bottle,0.3968,391.00,358.00,478.00,627.00,1.651,-16.360
2026-04-01T14:54:24.496Z,8.323,pi:0,bottle,0.7776,457.00,200.00,576.00,631.00,1.030,-13.865
2026-04-01T14:54:24.496Z,8.323,pi:0,bottle,0.4344,391.00,359.00,478.00,627.00,1.657,-16.360
2026-04-01T14:54:24.532Z,8.359,pi:0,bottle,0.7848,456.00,192.00,578.00,632.00,1.009,-13.849
2026-04-01T14:54:24.532Z,8.359,pi:0,bottle,0.4139,390.00,359.00,478.00,627.00,1.657,-16.375
2026-04-01T14:54:24.566Z,8.392,pi:0,bottle,0.7776,456.00,196.00,578.00,632.00,1.018,-13.849
2026-04-01T14:54:24.566Z,8.392,pi:0,bottle,0.4139,391.00,358.00,477.00,627.00,1.651,-16.375
2026-04-01T14:54:24.614Z,8.440,pi:0,bottle,0.7812,456.00,189.00,578.00,632.00,1.002,-13.849
2026-04-01T14:54:24.614Z,8.440,pi:0,bottle,0.4617,391.00,359.00,477.00,628.00,1.651,-16.375
2026-04-01T14:54:24.647Z,8.473,pi:0,bottle,0.7957,457.00,195.00,576.00,630.00,1.021,-13.865
2026-04-01T14:54:24.647Z,8.473,pi:0,bottle,0.3831,391.00,359.00,478.00,627.00,1.657,-16.360
2026-04-01T14:54:24.683Z,8.509,pi:0,bottle,0.7776,456.00,199.00,576.00,634.00,1.021,-13.880
2026-04-01T14:54:24.683Z,8.509,pi:0,bottle,0.4360,391.00,358.00,478.00,631.00,1.626,-16.360
2026-04-01T14:54:24.722Z,8.548,pi:0,bottle,0.7812,456.00,189.00,578.00,631.00,1.005,-13.849
2026-04-01T14:54:24.722Z,8.548,pi:0,bottle,0.4583,391.00,359.00,478.00,626.00,1.663,-16.360
2026-04-01T14:54:24.760Z,8.586,pi:0,bottle,0.7812,456.00,192.00,578.00,632.00,1.009,-13.849
2026-04-01T14:54:24.760Z,8.586,pi:0,bottle,0.4378,391.00,359.00,478.00,626.00,1.663,-16.360
2026-04-01T14:54:24.795Z,8.622,pi:0,bottle,0.7812,456.00,192.00,578.00,631.00,1.011,-13.849
2026-04-01T14:54:24.795Z,8.622,pi:0,bottle,0.4344,391.00,358.00,478.00,627.00,1.651,-16.360
2026-04-01T14:54:24.841Z,8.667,pi:0,bottle,0.7812,456.00,193.00,578.00,632.00,1.011,-13.849
2026-04-01T14:54:24.841Z,8.667,pi:0,bottle,0.4617,391.00,359.00,477.00,627.00,1.657,-16.375
2026-04-01T14:54:24.874Z,8.701,pi:0,bottle,0.7703,456.00,193.00,578.00,632.00,1.011,-13.849
2026-04-01T14:54:24.874Z,8.701,pi:0,bottle,0.4515,391.00,358.00,478.00,626.00,1.657,-16.360
2026-04-01T14:54:24.915Z,8.741,pi:0,bottle,0.7885,456.00,191.00,578.00,631.00,1.009,-13.849
2026-04-01T14:54:24.915Z,8.741,pi:0,bottle,0.4686,391.00,358.00,478.00,626.00,1.657,-16.360
2026-04-01T14:54:24.948Z,8.775,pi:0,bottle,0.7848,456.00,191.00,577.00,631.00,1.009,-13.865
2026-04-01T14:54:24.948Z,8.775,pi:0,bottle,0.4104,391.00,358.00,479.00,626.00,1.657,-16.345
2026-04-01T14:54:24.985Z,8.811,pi:0,bottle,0.7812,456.00,191.00,578.00,632.00,1.007,-13.849
2026-04-01T14:54:24.985Z,8.811,pi:0,bottle,0.4070,391.00,359.00,478.00,626.00,1.663,-16.360
2026-04-01T14:54:25.023Z,8.850,pi:0,bottle,0.7630,456.00,192.00,578.00,631.00,1.011,-13.849
2026-04-01T14:54:25.023Z,8.850,pi:0,bottle,0.4207,391.00,359.00,478.00,627.00,1.657,-16.360
2026-04-01T14:54:25.065Z,8.892,pi:0,bottle,0.7848,456.00,192.00,578.00,632.00,1.009,-13.849
2026-04-01T14:54:25.065Z,8.892,pi:0,bottle,0.4241,390.00,360.00,478.00,627.00,1.663,-16.375
2026-04-01T14:54:25.108Z,8.934,pi:0,bottle,0.7703,456.00,193.00,578.00,631.00,1.014,-13.849
2026-04-01T14:54:25.108Z,8.934,pi:0,bottle,0.4173,391.00,360.00,478.00,626.00,1.669,-16.360
2026-04-01T14:54:25.140Z,8.966,pi:0,bottle,0.7703,456.00,191.00,578.00,632.00,1.007,-13.849
2026-04-01T14:54:25.140Z,8.966,pi:0,bottle,0.4549,390.00,359.00,478.00,625.00,1.669,-16.375
2026-04-01T14:54:25.177Z,9.004,pi:0,bottle,0.7739,456.00,192.00,578.00,631.00,1.011,-13.849
2026-04-01T14:54:25.177Z,9.004,pi:0,bottle,0.4360,391.00,359.00,478.00,631.00,1.632,-16.360
2026-04-01T14:54:25.214Z,9.041,pi:0,bottle,0.7957,456.00,191.00,578.00,631.00,1.009,-13.849
2026-04-01T14:54:25.214Z,9.041,pi:0,bottle,0.3933,391.00,359.00,478.00,628.00,1.651,-16.360
2026-04-01T14:54:25.249Z,9.076,pi:0,bottle,0.7848,456.00,197.00,576.00,631.00,1.023,-13.880
2026-04-01T14:54:25.249Z,9.076,pi:0,bottle,0.4070,391.00,358.00,478.00,627.00,1.651,-16.360
2026-04-01T14:54:25.298Z,9.124,pi:0,bottle,0.7848,456.00,192.00,578.00,631.00,1.011,-13.849
2026-04-01T14:54:25.298Z,9.124,pi:0,bottle,0.4275,391.00,359.00,477.00,625.00,1.669,-16.375
2026-04-01T14:54:25.332Z,9.159,pi:0,bottle,0.7776,456.00,202.00,577.00,634.00,1.028,-13.865
2026-04-01T14:54:25.332Z,9.159,pi:0,bottle,0.4036,391.00,357.00,477.00,627.00,1.645,-16.375
2026-04-01T14:54:25.359Z,9.186,pi:0,bottle,0.7848,456.00,191.00,578.00,631.00,1.009,-13.849
2026-04-01T14:54:25.359Z,9.186,pi:0,bottle,0.4686,391.00,359.00,478.00,626.00,1.663,-16.360
2026-04-01T14:54:25.398Z,9.225,pi:0,bottle,0.7739,456.00,191.00,578.00,631.00,1.009,-13.849
2026-04-01T14:54:25.398Z,9.225,pi:0,bottle,0.3888,392.00,360.00,478.00,631.00,1.638,-16.345
2026-04-01T14:54:25.438Z,9.264,pi:0,bottle,0.7885,456.00,196.00,577.00,634.00,1.014,-13.865
2026-04-01T14:54:25.438Z,9.264,pi:0,bottle,0.3865,391.00,359.00,478.00,626.00,1.663,-16.360
2026-04-01T14:54:25.476Z,9.303,pi:0,bottle,0.7885,457.00,196.00,576.00,634.00,1.014,-13.865
2026-04-01T14:54:25.476Z,9.303,pi:0,bottle,0.3694,391.00,357.00,478.00,626.00,1.651,-16.360
2026-04-01T14:54:25.521Z,9.347,pi:0,bottle,0.7848,456.00,191.00,578.00,632.00,1.007,-13.849
2026-04-01T14:54:25.521Z,9.347,pi:0,bottle,0.3557,391.00,359.00,478.00,626.00,1.663,-16.360
2026-04-01T14:54:25.556Z,9.382,pi:0,bottle,0.7812,456.00,191.00,578.00,632.00,1.007,-13.849
2026-04-01T14:54:25.556Z,9.382,pi:0,bottle,0.4069,391.00,360.00,478.00,631.00,1.638,-16.360
2026-04-01T14:54:25.593Z,9.419,pi:0,bottle,0.7848,456.00,192.00,578.00,632.00,1.009,-13.849
2026-04-01T14:54:25.593Z,9.419,pi:0,bottle,0.4378,391.00,358.00,478.00,626.00,1.657,-16.360
2026-04-01T14:54:25.632Z,9.458,pi:0,bottle,0.7703,455.00,198.00,577.00,633.00,1.021,-13.880
2026-04-01T14:54:25.632Z,9.458,pi:0,bottle,0.4173,391.00,359.00,478.00,626.00,1.663,-16.360
2026-04-01T14:54:25.672Z,9.498,pi:0,bottle,0.7885,456.00,196.00,577.00,633.00,1.016,-13.865
2026-04-01T14:54:25.672Z,9.498,pi:0,bottle,0.3728,390.00,360.00,478.00,628.00,1.657,-16.375
2026-04-01T14:54:25.711Z,9.537,pi:0,bottle,0.7848,456.00,192.00,578.00,632.00,1.009,-13.849
2026-04-01T14:54:25.711Z,9.537,pi:0,bottle,0.4207,390.00,359.00,478.00,628.00,1.651,-16.375
2026-04-01T14:54:25.746Z,9.573,pi:0,bottle,0.7848,456.00,190.00,578.00,631.00,1.007,-13.849
2026-04-01T14:54:25.746Z,9.573,pi:0,bottle,0.4142,391.00,361.00,478.00,632.00,1.638,-16.360
2026-04-01T14:54:25.779Z,9.606,pi:0,bottle,0.7703,455.00,193.00,578.00,631.00,1.014,-13.865
2026-04-01T14:54:25.779Z,9.606,pi:0,bottle,0.4139,391.00,359.00,478.00,626.00,1.663,-16.360
2026-04-01T14:54:25.824Z,9.650,pi:0,bottle,0.7848,456.00,192.00,578.00,631.00,1.011,-13.849
2026-04-01T14:54:25.824Z,9.650,pi:0,bottle,0.4360,390.00,357.00,478.00,631.00,1.621,-16.375
2026-04-01T14:54:25.860Z,9.686,pi:0,bottle,0.7885,456.00,198.00,577.00,633.00,1.021,-13.865
2026-04-01T14:54:25.860Z,9.686,pi:0,bottle,0.4142,390.00,360.00,478.00,632.00,1.632,-16.375
2026-04-01T14:54:25.905Z,9.732,pi:0,bottle,0.7921,456.00,191.00,578.00,632.00,1.007,-13.849
2026-04-01T14:54:25.905Z,9.732,pi:0,bottle,0.4142,391.00,358.00,478.00,632.00,1.621,-16.360
2026-04-01T14:54:25.941Z,9.768,pi:0,bottle,0.7885,456.00,191.00,578.00,631.00,1.009,-13.849
2026-04-01T14:54:25.941Z,9.768,pi:0,bottle,0.4070,391.00,359.00,478.00,626.00,1.663,-16.360
2026-04-01T14:54:25.979Z,9.806,pi:0,bottle,0.7776,456.00,191.00,577.00,632.00,1.007,-13.865
2026-04-01T14:54:25.979Z,9.806,pi:0,bottle,0.4036,391.00,359.00,477.00,626.00,1.663,-16.375
2026-04-01T14:54:26.012Z,9.838,pi:0,bottle,0.7776,456.00,192.00,578.00,632.00,1.009,-13.849
2026-04-01T14:54:26.012Z,9.838,pi:0,bottle,0.4324,390.00,360.00,480.00,631.00,1.638,-16.345
2026-04-01T14:54:26.063Z,9.889,pi:0,bottle,0.7921,456.00,194.00,578.00,632.00,1.014,-13.849
2026-04-01T14:54:26.063Z,9.889,pi:0,bottle,0.4070,391.00,359.00,478.00,626.00,1.663,-16.360
2026-04-01T14:54:26.098Z,9.924,pi:0,bottle,0.7812,456.00,191.00,578.00,632.00,1.007,-13.849
2026-04-01T14:54:26.098Z,9.924,pi:0,bottle,0.4412,391.00,359.00,478.00,626.00,1.663,-16.360
2026-04-01T14:54:26.134Z,9.961,pi:0,bottle,0.7776,456.00,193.00,578.00,631.00,1.014,-13.849
2026-04-01T14:54:26.134Z,9.961,pi:0,bottle,0.4069,392.00,360.00,478.00,632.00,1.632,-16.345
2026-04-01T14:54:26.170Z,9.996,pi:0,bottle,0.7812,456.00,192.00,578.00,631.00,1.011,-13.849
2026-04-01T14:54:26.170Z,9.996,pi:0,bottle,0.4378,391.00,359.00,478.00,628.00,1.651,-16.360
2026-04-01T14:54:26.211Z,10.038,pi:0,bottle,0.7630,456.00,193.00,578.00,631.00,1.014,-13.849
2026-04-01T14:54:26.211Z,10.038,pi:0,bottle,0.4207,391.00,358.00,478.00,628.00,1.645,-16.360
2026-04-01T14:54:26.242Z,10.068,pi:0,bottle,0.7848,456.00,189.00,578.00,632.00,1.002,-13.849
2026-04-01T14:54:26.242Z,10.068,pi:0,bottle,0.4549,391.00,359.00,478.00,626.00,1.663,-16.360
2026-04-01T14:54:26.284Z,10.110,pi:0,bottle,0.7776,456.00,192.00,577.00,632.00,1.009,-13.865
2026-04-01T14:54:26.284Z,10.110,pi:0,bottle,0.4925,391.00,358.00,478.00,626.00,1.657,-16.360
2026-04-01T14:54:26.321Z,10.147,pi:0,bottle,0.7776,456.00,193.00,578.00,632.00,1.011,-13.849
2026-04-01T14:54:26.321Z,10.147,pi:0,bottle,0.4652,391.00,357.00,478.00,625.00,1.657,-16.360
2026-04-01T14:54:26.362Z,10.188,pi:0,bottle,0.7812,456.00,193.00,578.00,632.00,1.011,-13.849
2026-04-01T14:54:26.362Z,10.188,pi:0,bottle,0.4412,391.00,359.00,478.00,628.00,1.651,-16.360
2026-04-01T14:54:26.403Z,10.230,pi:0,bottle,0.7776,456.00,194.00,578.00,631.00,1.016,-13.849
2026-04-01T14:54:26.403Z,10.230,pi:0,bottle,0.4139,391.00,360.00,478.00,628.00,1.657,-16.360
2026-04-01T14:54:26.435Z,10.261,pi:0,bottle,0.7703,456.00,193.00,578.00,632.00,1.011,-13.849
2026-04-01T14:54:26.435Z,10.261,pi:0,bottle,0.5062,391.00,358.00,478.00,627.00,1.651,-16.360
2026-04-01T14:54:26.475Z,10.301,pi:0,bottle,0.7776,456.00,193.00,578.00,633.00,1.009,-13.849
2026-04-01T14:54:26.475Z,10.301,pi:0,bottle,0.4652,390.00,358.00,477.00,626.00,1.657,-16.390
2026-04-01T14:54:26.510Z,10.337,pi:0,bottle,0.7885,456.00,191.00,578.00,632.00,1.007,-13.849
2026-04-01T14:54:26.510Z,10.337,pi:0,bottle,0.4788,391.00,359.00,478.00,627.00,1.657,-16.360
2026-04-01T14:54:26.548Z,10.376,pi:0,bottle,0.7921,456.00,192.00,578.00,631.00,1.011,-13.849
2026-04-01T14:54:26.548Z,10.376,pi:0,bottle,0.4686,391.00,358.00,477.00,626.00,1.657,-16.375
2026-04-01T14:54:26.589Z,10.415,pi:0,bottle,0.7703,456.00,192.00,578.00,631.00,1.011,-13.849
2026-04-01T14:54:26.589Z,10.415,pi:0,bottle,0.4446,391.00,357.00,477.00,628.00,1.638,-16.375
2026-04-01T14:54:26.633Z,10.459,pi:0,bottle,0.7739,456.00,194.00,578.00,631.00,1.016,-13.849
2026-04-01T14:54:26.633Z,10.459,pi:0,bottle,0.4412,391.00,359.00,478.00,626.00,1.663,-16.360
2026-04-01T14:54:26.662Z,10.489,pi:0,bottle,0.7812,456.00,190.00,578.00,631.00,1.007,-13.849
2026-04-01T14:54:26.662Z,10.489,pi:0,bottle,0.4241,391.00,358.00,478.00,626.00,1.657,-16.360
2026-04-01T14:54:26.698Z,10.524,pi:0,bottle,0.7667,456.00,196.00,577.00,633.00,1.016,-13.865
2026-04-01T14:54:26.698Z,10.524,pi:0,bottle,0.4378,391.00,359.00,478.00,626.00,1.663,-16.360
2026-04-01T14:54:26.738Z,10.564,pi:0,bottle,0.7848,455.00,193.00,578.00,632.00,1.011,-13.865
2026-04-01T14:54:26.738Z,10.564,pi:0,bottle,0.4617,391.00,359.00,477.00,626.00,1.663,-16.375
2026-04-01T14:54:26.770Z,10.596,pi:0,bottle,0.7630,456.00,203.00,576.00,631.00,1.037,-13.880
2026-04-01T14:54:26.770Z,10.596,pi:0,bottle,0.4412,391.00,359.00,478.00,627.00,1.657,-16.360
2026-04-01T14:54:26.806Z,10.633,pi:0,bottle,0.7703,456.00,194.00,578.00,632.00,1.014,-13.849
2026-04-01T14:54:26.806Z,10.633,pi:0,bottle,0.4481,391.00,358.00,478.00,626.00,1.657,-16.360
2026-04-01T14:54:26.843Z,10.670,pi:0,bottle,0.7739,456.00,203.00,576.00,631.00,1.037,-13.880
2026-04-01T14:54:26.843Z,10.670,pi:0,bottle,0.4891,391.00,358.00,478.00,626.00,1.657,-16.360
2026-04-01T14:54:26.879Z,10.706,pi:0,bottle,0.7630,455.00,202.00,576.00,631.00,1.035,-13.895
2026-04-01T14:54:26.879Z,10.706,pi:0,bottle,0.4173,391.00,359.00,478.00,627.00,1.657,-16.360
2026-04-01T14:54:26.918Z,10.744,pi:0,bottle,0.7630,456.00,211.00,576.00,631.00,1.057,-13.880
2026-04-01T14:54:26.918Z,10.744,pi:0,bottle,0.4823,391.00,360.00,478.00,627.00,1.663,-16.360
2026-04-01T14:54:26.960Z,10.786,pi:0,bottle,0.7776,455.00,198.00,576.00,633.00,1.021,-13.895
2026-04-01T14:54:26.960Z,10.786,pi:0,bottle,0.4720,392.00,360.00,478.00,627.00,1.663,-16.345
2026-04-01T14:54:26.998Z,10.825,pi:0,bottle,0.7739,455.00,197.00,577.00,634.00,1.016,-13.880
2026-04-01T14:54:26.998Z,10.825,pi:0,bottle,0.4788,391.00,360.00,477.00,626.00,1.669,-16.375
2026-04-01T14:54:27.034Z,10.860,pi:0,bottle,0.7848,456.00,192.00,578.00,632.00,1.009,-13.849
2026-04-01T14:54:27.034Z,10.860,pi:0,bottle,0.4720,391.00,358.00,478.00,626.00,1.657,-16.360
2026-04-01T14:54:27.072Z,10.898,pi:0,bottle,0.7812,456.00,199.00,576.00,634.00,1.021,-13.880
2026-04-01T14:54:27.072Z,10.898,pi:0,bottle,0.5165,391.00,360.00,478.00,626.00,1.669,-16.360
2026-04-01T14:54:27.112Z,10.938,pi:0,bottle,0.7630,456.00,193.00,578.00,631.00,1.014,-13.849
2026-04-01T14:54:27.112Z,10.938,pi:0,bottle,0.4173,391.00,359.00,478.00,628.00,1.651,-16.360
2026-04-01T14:54:27.146Z,10.972,pi:0,bottle,0.7812,456.00,193.00,578.00,631.00,1.014,-13.849
2026-04-01T14:54:27.146Z,10.972,pi:0,bottle,0.4994,391.00,359.00,477.00,627.00,1.657,-16.375
2026-04-01T14:54:27.184Z,11.011,pi:0,bottle,0.7703,456.00,192.00,578.00,632.00,1.009,-13.849
2026-04-01T14:54:27.184Z,11.011,pi:0,bottle,0.4720,391.00,360.00,477.00,626.00,1.669,-16.375
2026-04-01T14:54:27.224Z,11.050,pi:0,bottle,0.7776,456.00,199.00,577.00,633.00,1.023,-13.865
2026-04-01T14:54:27.224Z,11.050,pi:0,bottle,0.4412,391.00,360.00,478.00,627.00,1.663,-16.360
2026-04-01T14:54:27.263Z,11.090,pi:0,bottle,0.7885,456.00,191.00,578.00,631.00,1.009,-13.849
2026-04-01T14:54:27.263Z,11.090,pi:0,bottle,0.4583,391.00,360.00,478.00,626.00,1.669,-16.360
2026-04-01T14:54:27.294Z,11.120,pi:0,bottle,0.7885,456.00,198.00,574.00,612.00,1.073,-13.911
2026-04-01T14:54:27.294Z,11.120,pi:0,bottle,0.4275,392.00,360.00,478.00,626.00,1.669,-16.345
2026-04-01T14:54:27.336Z,11.162,pi:0,bottle,0.7848,456.00,200.00,576.00,589.00,1.141,-13.880
2026-04-01T14:54:27.336Z,11.162,pi:0,bottle,0.4070,392.00,360.00,477.00,625.00,1.676,-16.360
2026-04-01T14:54:27.374Z,11.200,pi:0,bottle,0.7885,457.00,199.00,571.00,537.00,1.314,-13.942
2026-04-01T14:54:27.374Z,11.200,pi:0,bottle,0.3865,391.00,359.00,473.00,625.00,1.669,-16.436
2026-04-01T14:54:27.410Z,11.236,pi:0,bottle,0.7122,458.00,195.00,570.00,521.00,1.362,-13.942
2026-04-01T14:54:27.410Z,11.236,pi:0,bottle,0.5341,391.00,357.00,476.00,632.00,1.615,-16.390
2026-04-01T14:54:27.451Z,11.278,pi:0,bottle,0.6068,457.00,195.00,570.00,488.00,1.515,-13.957
2026-04-01T14:54:27.451Z,11.278,pi:0,bottle,0.5886,455.00,189.00,570.00,632.00,1.002,-13.988
2026-04-01T14:54:27.451Z,11.278,pi:0,bottle,0.4723,389.00,356.00,477.00,631.00,1.615,-16.405
2026-04-01T14:54:27.487Z,11.313,pi:0,bottle,0.7594,456.00,197.00,569.00,634.00,1.016,-13.988
2026-04-01T14:54:27.487Z,11.313,pi:0,bottle,0.5159,390.00,355.00,476.00,631.00,1.609,-16.405
2026-04-01T14:54:27.522Z,11.349,pi:0,bottle,0.7667,456.00,193.00,569.00,634.00,1.007,-13.988
2026-04-01T14:54:27.522Z,11.349,pi:0,bottle,0.5123,390.00,352.00,477.00,631.00,1.591,-16.390
2026-04-01T14:54:27.555Z,11.382,pi:0,bottle,0.7739,455.00,197.00,571.00,633.00,1.018,-13.972
2026-04-01T14:54:27.555Z,11.382,pi:0,bottle,0.5123,390.00,355.00,477.00,632.00,1.603,-16.390
2026-04-01T14:54:27.596Z,11.422,pi:0,bottle,0.7630,456.00,195.00,572.00,633.00,1.014,-13.942
2026-04-01T14:54:27.596Z,11.422,pi:0,bottle,0.4378,391.00,357.00,478.00,626.00,1.651,-16.360
2026-04-01T14:54:27.637Z,11.463,pi:0,bottle,0.7630,456.00,197.00,573.00,625.00,1.037,-13.926
2026-04-01T14:54:27.637Z,11.463,pi:0,bottle,0.4857,392.00,358.00,478.00,627.00,1.651,-16.345
2026-04-01T14:54:27.671Z,11.497,pi:0,bottle,0.7667,456.00,202.00,573.00,632.00,1.033,-13.926
2026-04-01T14:54:27.671Z,11.497,pi:0,bottle,0.4686,391.00,358.00,479.00,627.00,1.651,-16.345
2026-04-01T14:54:27.711Z,11.537,pi:0,bottle,0.7703,456.00,199.00,574.00,632.00,1.025,-13.911
2026-04-01T14:54:27.711Z,11.537,pi:0,bottle,0.4583,391.00,358.00,478.00,628.00,1.645,-16.360
2026-04-01T14:54:27.745Z,11.571,pi:0,bottle,0.7921,456.00,197.00,574.00,633.00,1.018,-13.911
2026-04-01T14:54:27.745Z,11.571,pi:0,bottle,0.4583,391.00,359.00,478.00,627.00,1.657,-16.360
2026-04-01T14:54:27.784Z,11.610,pi:0,bottle,0.7776,456.00,194.00,577.00,632.00,1.014,-13.865
2026-04-01T14:54:27.784Z,11.610,pi:0,bottle,0.4481,391.00,358.00,478.00,629.00,1.638,-16.360
2026-04-01T14:54:27.817Z,11.644,pi:0,bottle,0.7812,456.00,190.00,577.00,631.00,1.007,-13.865
2026-04-01T14:54:27.817Z,11.644,pi:0,bottle,0.4142,390.00,361.00,478.00,631.00,1.645,-16.375
2026-04-01T14:54:27.856Z,11.683,pi:0,bottle,0.7957,456.00,190.00,577.00,631.00,1.007,-13.865
2026-04-01T14:54:27.856Z,11.683,pi:0,bottle,0.4857,391.00,360.00,478.00,628.00,1.657,-16.360
2026-04-01T14:54:27.902Z,11.729,pi:0,bottle,0.7994,456.00,191.00,577.00,632.00,1.007,-13.865
2026-04-01T14:54:27.902Z,11.729,pi:0,bottle,0.4178,391.00,362.00,478.00,631.00,1.651,-16.360
2026-04-01T14:54:27.938Z,11.764,pi:0,bottle,0.7957,456.00,195.00,576.00,633.00,1.014,-13.880
2026-04-01T14:54:27.938Z,11.764,pi:0,bottle,0.4002,391.00,360.00,479.00,628.00,1.657,-16.345
2026-04-01T14:54:27.964Z,11.790,pi:0,bottle,0.7812,457.00,196.00,576.00,633.00,1.016,-13.865
2026-04-01T14:54:27.964Z,11.790,pi:0,bottle,0.4378,391.00,358.00,479.00,629.00,1.638,-16.345
2026-04-01T14:54:28.011Z,11.837,pi:0,bottle,0.7776,456.00,190.00,578.00,631.00,1.007,-13.849
2026-04-01T14:54:28.011Z,11.837,pi:0,bottle,0.4505,392.00,358.00,478.00,631.00,1.626,-16.345
2026-04-01T14:54:28.056Z,11.882,pi:0,bottle,0.7921,457.00,191.00,578.00,632.00,1.007,-13.834
2026-04-01T14:54:28.056Z,11.882,pi:0,bottle,0.4687,391.00,358.00,478.00,631.00,1.626,-16.360
2026-04-01T14:54:28.089Z,11.915,pi:0,bottle,0.7812,457.00,190.00,577.00,632.00,1.005,-13.849
2026-04-01T14:54:28.089Z,11.915,pi:0,bottle,0.4687,390.00,359.00,478.00,631.00,1.632,-16.375
2026-04-01T14:54:28.131Z,11.958,pi:0,bottle,0.7885,456.00,191.00,577.00,632.00,1.007,-13.865
2026-04-01T14:54:28.131Z,11.958,pi:0,bottle,0.4754,391.00,358.00,478.00,627.00,1.651,-16.360
2026-04-01T14:54:28.165Z,11.991,pi:0,bottle,0.7921,456.00,192.00,578.00,631.00,1.011,-13.849
2026-04-01T14:54:28.165Z,11.991,pi:0,bottle,0.4505,392.00,361.00,478.00,631.00,1.645,-16.345
2026-04-01T14:54:28.201Z,12.028,pi:0,bottle,0.7848,456.00,192.00,577.00,631.00,1.011,-13.865
2026-04-01T14:54:28.201Z,12.028,pi:0,bottle,0.4583,391.00,357.00,478.00,627.00,1.645,-16.360
2026-04-01T14:54:28.237Z,12.064,pi:0,bottle,0.7921,456.00,192.00,578.00,631.00,1.011,-13.849
2026-04-01T14:54:28.237Z,12.064,pi:0,bottle,0.4652,391.00,359.00,478.00,625.00,1.669,-16.360
2026-04-01T14:54:28.271Z,12.097,pi:0,bottle,0.7776,456.00,199.00,577.00,633.00,1.023,-13.865
2026-04-01T14:54:28.271Z,12.097,pi:0,bottle,0.4446,391.00,359.00,478.00,627.00,1.657,-16.360
2026-04-01T14:54:28.312Z,12.139,pi:0,bottle,0.7957,456.00,197.00,577.00,634.00,1.016,-13.865
2026-04-01T14:54:28.312Z,12.139,pi:0,bottle,0.4723,391.00,360.00,478.00,631.00,1.638,-16.360
2026-04-01T14:54:28.351Z,12.178,pi:0,bottle,0.7848,456.00,199.00,574.00,633.00,1.023,-13.911
2026-04-01T14:54:28.351Z,12.178,pi:0,bottle,0.4542,391.00,360.00,478.00,632.00,1.632,-16.360
2026-04-01T14:54:28.385Z,12.212,pi:0,bottle,0.7667,456.00,201.00,573.00,633.00,1.028,-13.926
2026-04-01T14:54:28.385Z,12.212,pi:0,bottle,0.4549,391.00,359.00,478.00,628.00,1.651,-16.360
2026-04-01T14:54:28.427Z,12.253,pi:0,bottle,0.7812,457.00,198.00,573.00,633.00,1.021,-13.911
2026-04-01T14:54:28.427Z,12.253,pi:0,bottle,0.4515,392.00,359.00,478.00,627.00,1.657,-16.345
2026-04-01T14:54:28.465Z,12.291,pi:0,bottle,0.7848,457.00,197.00,573.00,633.00,1.018,-13.911
2026-04-01T14:54:28.465Z,12.291,pi:0,bottle,0.4215,391.00,359.00,478.00,632.00,1.626,-16.360
2026-04-01T14:54:28.502Z,12.328,pi:0,bottle,0.7957,456.00,198.00,574.00,633.00,1.021,-13.911
2026-04-01T14:54:28.502Z,12.328,pi:0,bottle,0.3888,391.00,358.00,480.00,632.00,1.621,-16.330
2026-04-01T14:54:28.538Z,12.365,pi:0,bottle,0.7848,457.00,197.00,576.00,634.00,1.016,-13.865
2026-04-01T14:54:28.538Z,12.365,pi:0,bottle,0.4173,391.00,360.00,478.00,627.00,1.663,-16.360
2026-04-01T14:54:28.575Z,12.402,pi:0,bottle,0.7703,456.00,204.00,577.00,633.00,1.035,-13.865
2026-04-01T14:54:28.575Z,12.402,pi:0,bottle,0.4142,391.00,361.00,478.00,632.00,1.638,-16.360
2026-04-01T14:54:28.614Z,12.441,pi:0,bottle,0.7630,457.00,199.00,577.00,633.00,1.023,-13.849
2026-04-01T14:54:28.614Z,12.441,pi:0,bottle,0.4215,391.00,361.00,478.00,632.00,1.638,-16.360
2026-04-01T14:54:28.650Z,12.477,pi:0,bottle,0.7848,457.00,198.00,576.00,633.00,1.021,-13.865
2026-04-01T14:54:28.650Z,12.477,pi:0,bottle,0.4614,390.00,362.00,478.00,632.00,1.645,-16.375
2026-04-01T14:54:28.690Z,12.516,pi:0,bottle,0.7885,456.00,193.00,577.00,631.00,1.014,-13.865
2026-04-01T14:54:28.690Z,12.516,pi:0,bottle,0.4106,392.00,361.00,478.00,632.00,1.638,-16.345
2026-04-01T14:54:28.724Z,12.550,pi:0,bottle,0.7921,457.00,190.00,578.00,631.00,1.007,-13.834
2026-04-01T14:54:28.724Z,12.550,pi:0,bottle,0.4139,391.00,359.00,478.00,626.00,1.663,-16.360
2026-04-01T14:54:28.759Z,12.585,pi:0,bottle,0.7703,456.00,197.00,577.00,633.00,1.018,-13.865
2026-04-01T14:54:28.759Z,12.585,pi:0,bottle,0.4723,390.00,362.00,478.00,631.00,1.651,-16.375
2026-04-01T14:54:28.802Z,12.628,pi:0,bottle,0.7776,456.00,193.00,578.00,631.00,1.014,-13.849
2026-04-01T14:54:28.802Z,12.628,pi:0,bottle,0.4614,391.00,360.00,480.00,632.00,1.632,-16.330
2026-04-01T14:54:28.840Z,12.667,pi:0,bottle,0.7703,456.00,190.00,577.00,631.00,1.007,-13.865
2026-04-01T14:54:28.840Z,12.667,pi:0,bottle,0.4433,390.00,360.00,478.00,631.00,1.638,-16.375
2026-04-01T14:54:28.871Z,12.697,pi:0,bottle,0.7812,456.00,193.00,577.00,631.00,1.014,-13.865
2026-04-01T14:54:28.871Z,12.697,pi:0,bottle,0.4832,390.00,360.00,477.00,631.00,1.638,-16.390
2026-04-01T14:54:28.912Z,12.738,pi:0,bottle,0.7994,456.00,192.00,578.00,632.00,1.009,-13.849
2026-04-01T14:54:28.912Z,12.738,pi:0,bottle,0.4505,390.00,361.00,480.00,631.00,1.645,-16.345
2026-04-01T14:54:28.948Z,12.774,pi:0,bottle,0.7921,456.00,192.00,577.00,632.00,1.009,-13.865
2026-04-01T14:54:28.948Z,12.774,pi:0,bottle,0.4396,390.00,359.00,478.00,632.00,1.626,-16.375
2026-04-01T14:54:28.988Z,12.815,pi:0,bottle,0.7848,457.00,193.00,578.00,632.00,1.011,-13.834
2026-04-01T14:54:28.988Z,12.815,pi:0,bottle,0.3888,391.00,361.00,478.00,631.00,1.645,-16.360
2026-04-01T14:54:29.034Z,12.861,pi:0,bottle,0.7885,456.00,192.00,577.00,632.00,1.009,-13.865
2026-04-01T14:54:29.034Z,12.861,pi:0,bottle,0.4070,391.00,358.00,478.00,627.00,1.651,-16.360
2026-04-01T14:54:29.074Z,12.901,pi:0,bottle,0.7921,456.00,199.00,576.00,633.00,1.023,-13.880
2026-04-01T14:54:29.074Z,12.901,pi:0,bottle,0.4215,391.00,361.00,478.00,631.00,1.645,-16.360
2026-04-01T14:54:29.113Z,12.939,pi:0,bottle,0.7848,457.00,200.00,577.00,632.00,1.028,-13.849
2026-04-01T14:54:29.113Z,12.939,pi:0,bottle,0.4446,391.00,360.00,478.00,627.00,1.663,-16.360
2026-04-01T14:54:29.146Z,12.973,pi:0,bottle,0.7921,457.00,200.00,576.00,633.00,1.025,-13.865
2026-04-01T14:54:29.146Z,12.973,pi:0,bottle,0.4139,391.00,360.00,478.00,627.00,1.663,-16.360
2026-04-01T14:54:29.186Z,13.012,pi:0,bottle,0.7812,457.00,198.00,577.00,633.00,1.021,-13.849
2026-04-01T14:54:29.186Z,13.012,pi:0,bottle,0.4344,391.00,360.00,478.00,627.00,1.663,-16.360
2026-04-01T14:54:29.223Z,13.049,pi:0,bottle,0.7776,457.00,193.00,576.00,629.00,1.018,-13.865
2026-04-01T14:54:29.223Z,13.049,pi:0,bottle,0.4583,391.00,359.00,478.00,626.00,1.663,-16.360
2026-04-01T14:54:29.260Z,13.086,pi:0,bottle,0.7812,456.00,201.00,577.00,633.00,1.028,-13.865
2026-04-01T14:54:29.260Z,13.086,pi:0,bottle,0.4036,392.00,360.00,478.00,627.00,1.663,-16.345
2026-04-01T14:54:29.301Z,13.127,pi:0,bottle,0.7848,457.00,192.00,577.00,632.00,1.009,-13.849
2026-04-01T14:54:29.301Z,13.127,pi:0,bottle,0.4433,389.00,361.00,478.00,631.00,1.645,-16.390
2026-04-01T14:54:29.336Z,13.162,pi:0,bottle,0.7812,456.00,198.00,576.00,633.00,1.021,-13.880
2026-04-01T14:54:29.336Z,13.162,pi:0,bottle,0.3933,391.00,359.00,478.00,627.00,1.657,-16.360
2026-04-01T14:54:29.374Z,13.200,pi:0,bottle,0.7885,456.00,199.00,577.00,633.00,1.023,-13.865
2026-04-01T14:54:29.374Z,13.200,pi:0,bottle,0.4412,391.00,360.00,478.00,627.00,1.663,-16.360
2026-04-01T14:54:29.407Z,13.233,pi:0,bottle,0.7776,456.00,199.00,576.00,633.00,1.023,-13.880
2026-04-01T14:54:29.407Z,13.233,pi:0,bottle,0.4720,392.00,360.00,478.00,627.00,1.663,-16.345
2026-04-01T14:54:29.443Z,13.269,pi:0,bottle,0.7848,456.00,199.00,577.00,632.00,1.025,-13.865
2026-04-01T14:54:29.443Z,13.269,pi:0,bottle,0.4583,391.00,360.00,478.00,628.00,1.657,-16.360
2026-04-01T14:54:29.480Z,13.306,pi:0,bottle,0.7957,456.00,200.00,576.00,633.00,1.025,-13.880
2026-04-01T14:54:29.480Z,13.306,pi:0,bottle,0.4207,391.00,359.00,478.00,627.00,1.657,-16.360
2026-04-01T14:54:29.522Z,13.348,pi:0,bottle,0.7812,456.00,194.00,578.00,631.00,1.016,-13.849
2026-04-01T14:54:29.522Z,13.348,pi:0,bottle,0.4823,391.00,358.00,478.00,627.00,1.651,-16.360
2026-04-01T14:54:29.564Z,13.390,pi:0,bottle,0.7885,456.00,196.00,577.00,633.00,1.016,-13.865
2026-04-01T14:54:29.564Z,13.390,pi:0,bottle,0.4412,391.00,360.00,477.00,627.00,1.663,-16.375
2026-04-01T14:54:29.595Z,13.421,pi:0,bottle,0.7957,456.00,200.00,576.00,632.00,1.028,-13.880
2026-04-01T14:54:29.595Z,13.421,pi:0,bottle,0.4142,390.00,361.00,478.00,631.00,1.645,-16.375
2026-04-01T14:54:29.639Z,13.465,pi:0,bottle,0.7921,456.00,192.00,578.00,631.00,1.011,-13.849
2026-04-01T14:54:29.639Z,13.465,pi:0,bottle,0.4617,391.00,360.00,478.00,627.00,1.663,-16.360
2026-04-01T14:54:29.671Z,13.497,pi:0,bottle,0.7885,456.00,200.00,577.00,632.00,1.028,-13.865
2026-04-01T14:54:29.671Z,13.497,pi:0,bottle,0.4446,391.00,358.00,478.00,627.00,1.651,-16.360
2026-04-01T14:54:29.710Z,13.536,pi:0,bottle,0.7921,457.00,200.00,577.00,632.00,1.028,-13.849
2026-04-01T14:54:29.710Z,13.536,pi:0,bottle,0.4505,390.00,359.00,478.00,631.00,1.632,-16.375
2026-04-01T14:54:29.744Z,13.570,pi:0,bottle,0.7812,456.00,189.00,577.00,631.00,1.005,-13.865
2026-04-01T14:54:29.744Z,13.570,pi:0,bottle,0.4324,390.00,360.00,478.00,631.00,1.638,-16.375
2026-04-01T14:54:29.787Z,13.613,pi:0,bottle,0.7994,456.00,191.00,577.00,631.00,1.009,-13.865
2026-04-01T14:54:29.787Z,13.613,pi:0,bottle,0.4069,390.00,360.00,478.00,631.00,1.638,-16.375
2026-04-01T14:54:29.824Z,13.650,pi:0,bottle,0.7994,457.00,201.00,577.00,633.00,1.028,-13.849
2026-04-01T14:54:29.824Z,13.650,pi:0,bottle,0.4344,391.00,359.00,478.00,627.00,1.657,-16.360
2026-04-01T14:54:29.858Z,13.684,pi:0,bottle,0.7812,456.00,191.00,578.00,631.00,1.009,-13.849
2026-04-01T14:54:29.858Z,13.684,pi:0,bottle,0.4241,392.00,360.00,477.00,627.00,1.663,-16.360
2026-04-01T14:54:29.905Z,13.731,pi:0,bottle,0.7776,456.00,191.00,577.00,631.00,1.009,-13.865
2026-04-01T14:54:29.905Z,13.731,pi:0,bottle,0.3960,390.00,360.00,478.00,631.00,1.638,-16.375
2026-04-01T14:54:29.941Z,13.767,pi:0,bottle,0.7812,456.00,192.00,576.00,631.00,1.011,-13.880
2026-04-01T14:54:29.941Z,13.767,pi:0,bottle,0.4720,391.00,360.00,477.00,626.00,1.669,-16.375
2026-04-01T14:54:29.972Z,13.798,pi:0,bottle,0.8139,457.00,196.00,576.00,633.00,1.016,-13.865
2026-04-01T14:54:29.972Z,13.798,pi:0,bottle,0.3283,391.00,359.00,478.00,629.00,1.645,-16.360
2026-04-01T14:54:30.008Z,13.834,pi:0,bottle,0.7739,456.00,199.00,577.00,633.00,1.023,-13.865
2026-04-01T14:54:30.008Z,13.834,pi:0,bottle,0.4033,390.00,361.00,477.00,631.00,1.645,-16.390
2026-04-01T14:54:30.049Z,13.875,pi:0,bottle,0.7848,457.00,191.00,577.00,633.00,1.005,-13.849
2026-04-01T14:54:30.049Z,13.875,pi:0,bottle,0.3997,391.00,361.00,478.00,631.00,1.645,-16.360
2026-04-01T14:54:30.089Z,13.915,pi:0,bottle,0.7812,456.00,199.00,576.00,634.00,1.021,-13.880
2026-04-01T14:54:30.089Z,13.915,pi:0,bottle,0.4142,391.00,361.00,478.00,631.00,1.645,-16.360
2026-04-01T14:54:30.126Z,13.952,pi:0,bottle,0.7885,457.00,192.00,578.00,631.00,1.011,-13.834
2026-04-01T14:54:30.126Z,13.952,pi:0,bottle,0.4433,389.00,361.00,477.00,632.00,1.638,-16.405
2026-04-01T14:54:30.165Z,13.991,pi:0,bottle,0.7776,457.00,193.00,577.00,632.00,1.011,-13.849
2026-04-01T14:54:30.165Z,13.991,pi:0,bottle,0.4412,391.00,358.00,478.00,628.00,1.645,-16.360
2026-04-01T14:54:30.203Z,14.030,pi:0,bottle,0.7885,456.00,198.00,576.00,633.00,1.021,-13.880
2026-04-01T14:54:30.203Z,14.030,pi:0,bottle,0.4310,391.00,360.00,478.00,627.00,1.663,-16.360
2026-04-01T14:54:30.238Z,14.065,pi:0,bottle,0.7812,457.00,193.00,578.00,632.00,1.011,-13.834
2026-04-01T14:54:30.238Z,14.065,pi:0,bottle,0.4396,389.00,359.00,478.00,631.00,1.632,-16.390
2026-04-01T14:54:30.274Z,14.100,pi:0,bottle,0.7921,457.00,197.00,576.00,633.00,1.018,-13.865
2026-04-01T14:54:30.274Z,14.100,pi:0,bottle,0.3851,391.00,359.00,478.00,631.00,1.632,-16.360
2026-04-01T14:54:30.315Z,14.141,pi:0,bottle,0.7776,456.00,192.00,577.00,631.00,1.011,-13.865
2026-04-01T14:54:30.315Z,14.141,pi:0,bottle,0.4549,391.00,358.00,478.00,627.00,1.651,-16.360
2026-04-01T14:54:30.353Z,14.179,pi:0,bottle,0.7848,457.00,200.00,577.00,634.00,1.023,-13.849
2026-04-01T14:54:30.353Z,14.179,pi:0,bottle,0.4215,390.00,361.00,477.00,631.00,1.645,-16.390
2026-04-01T14:54:30.391Z,14.217,pi:0,bottle,0.7848,457.00,199.00,577.00,633.00,1.023,-13.849
2026-04-01T14:54:30.391Z,14.217,pi:0,bottle,0.4173,392.00,359.00,478.00,626.00,1.663,-16.345
2026-04-01T14:54:30.424Z,14.251,pi:0,bottle,0.7848,456.00,197.00,577.00,633.00,1.018,-13.865
2026-04-01T14:54:30.424Z,14.251,pi:0,bottle,0.4549,391.00,359.00,478.00,627.00,1.657,-16.360
2026-04-01T14:54:30.466Z,14.293,pi:0,bottle,0.7848,456.00,198.00,576.00,633.00,1.021,-13.880
2026-04-01T14:54:30.466Z,14.293,pi:0,bottle,0.4002,391.00,359.00,478.00,626.00,1.663,-16.360
2026-04-01T14:54:30.506Z,14.332,pi:0,bottle,0.7776,456.00,200.00,577.00,632.00,1.028,-13.865
2026-04-01T14:54:30.506Z,14.332,pi:0,bottle,0.4578,390.00,360.00,477.00,631.00,1.638,-16.390
2026-04-01T14:54:30.540Z,14.367,pi:0,bottle,0.7885,456.00,193.00,578.00,631.00,1.014,-13.849
2026-04-01T14:54:30.540Z,14.367,pi:0,bottle,0.4515,391.00,359.00,478.00,626.00,1.663,-16.360
2026-04-01T14:54:30.577Z,14.403,pi:0,bottle,0.7921,457.00,194.00,577.00,631.00,1.016,-13.849
2026-04-01T14:54:30.577Z,14.403,pi:0,bottle,0.4378,391.00,359.00,478.00,626.00,1.663,-16.360
2026-04-01T14:54:30.613Z,14.440,pi:0,bottle,0.8030,456.00,197.00,576.00,633.00,1.018,-13.880
2026-04-01T14:54:30.613Z,14.440,pi:0,bottle,0.4788,392.00,360.00,478.00,626.00,1.669,-16.345
2026-04-01T14:54:30.652Z,14.478,pi:0,bottle,0.7776,456.00,192.00,577.00,631.00,1.011,-13.865
2026-04-01T14:54:30.652Z,14.478,pi:0,bottle,0.4754,391.00,359.00,478.00,627.00,1.657,-16.360
2026-04-01T14:54:30.686Z,14.513,pi:0,bottle,0.7848,456.00,191.00,578.00,632.00,1.007,-13.849
2026-04-01T14:54:30.686Z,14.513,pi:0,bottle,0.4142,390.00,359.00,480.00,631.00,1.632,-16.345
2026-04-01T14:54:30.731Z,14.557,pi:0,bottle,0.7885,456.00,191.00,578.00,632.00,1.007,-13.849
2026-04-01T14:54:30.731Z,14.557,pi:0,bottle,0.4287,389.00,360.00,477.00,631.00,1.638,-16.405
2026-04-01T14:54:30.767Z,14.593,pi:0,bottle,0.7812,456.00,192.00,577.00,632.00,1.009,-13.865
2026-04-01T14:54:30.767Z,14.593,pi:0,bottle,0.4760,390.00,360.00,478.00,631.00,1.638,-16.375
2026-04-01T14:54:30.803Z,14.629,pi:0,bottle,0.7885,457.00,198.00,574.00,633.00,1.021,-13.895
2026-04-01T14:54:30.803Z,14.629,pi:0,bottle,0.4720,391.00,359.00,478.00,627.00,1.657,-16.360
2026-04-01T14:54:30.838Z,14.664,pi:0,bottle,0.7921,457.00,202.00,576.00,633.00,1.030,-13.865
2026-04-01T14:54:30.838Z,14.664,pi:0,bottle,0.4505,390.00,360.00,478.00,632.00,1.632,-16.375
2026-04-01T14:54:30.877Z,14.703,pi:0,bottle,0.7994,456.00,195.00,576.00,633.00,1.014,-13.880
2026-04-01T14:54:30.877Z,14.703,pi:0,bottle,0.4241,391.00,357.00,478.00,627.00,1.645,-16.360
2026-04-01T14:54:30.916Z,14.742,pi:0,bottle,0.7921,456.00,197.00,577.00,633.00,1.018,-13.865
2026-04-01T14:54:30.916Z,14.742,pi:0,bottle,0.4142,391.00,360.00,478.00,631.00,1.638,-16.360
2026-04-01T14:54:30.956Z,14.782,pi:0,bottle,0.7957,457.00,192.00,577.00,632.00,1.009,-13.849
2026-04-01T14:54:30.956Z,14.782,pi:0,bottle,0.4412,391.00,358.00,478.00,626.00,1.657,-16.360
2026-04-01T14:54:30.991Z,14.818,pi:0,bottle,0.7957,457.00,198.00,576.00,633.00,1.021,-13.865
2026-04-01T14:54:30.991Z,14.818,pi:0,bottle,0.4142,391.00,360.00,478.00,631.00,1.638,-16.360
2026-04-01T14:54:31.028Z,14.854,pi:0,bottle,0.7921,456.00,192.00,577.00,631.00,1.011,-13.865
2026-04-01T14:54:31.028Z,14.854,pi:0,bottle,0.3924,392.00,360.00,478.00,631.00,1.638,-16.345
2026-04-01T14:54:31.072Z,14.899,pi:0,bottle,0.7921,457.00,200.00,576.00,633.00,1.025,-13.865
2026-04-01T14:54:31.072Z,14.899,pi:0,bottle,0.4036,391.00,359.00,477.00,627.00,1.657,-16.375
2026-04-01T14:54:31.109Z,14.936,pi:0,bottle,0.7994,457.00,192.00,577.00,630.00,1.014,-13.849
2026-04-01T14:54:31.109Z,14.936,pi:0,bottle,0.4344,391.00,360.00,478.00,628.00,1.657,-16.360
2026-04-01T14:54:31.139Z,14.965,pi:0,bottle,0.7812,456.00,194.00,577.00,631.00,1.016,-13.865
2026-04-01T14:54:31.139Z,14.965,pi:0,bottle,0.4344,391.00,358.00,478.00,627.00,1.651,-16.360
2026-04-01T14:54:31.179Z,15.006,pi:0,bottle,0.7994,456.00,193.00,577.00,631.00,1.014,-13.865
2026-04-01T14:54:31.179Z,15.006,pi:0,bottle,0.4469,391.00,361.00,480.00,631.00,1.645,-16.330
2026-04-01T14:54:31.215Z,15.041,pi:0,bottle,0.7921,456.00,193.00,578.00,632.00,1.011,-13.849
2026-04-01T14:54:31.215Z,15.041,pi:0,bottle,0.4542,391.00,362.00,478.00,631.00,1.651,-16.360
2026-04-01T14:54:31.258Z,15.084,pi:0,bottle,0.7812,457.00,196.00,578.00,632.00,1.018,-13.834
2026-04-01T14:54:31.258Z,15.084,pi:0,bottle,0.4446,391.00,360.00,477.00,627.00,1.663,-16.375
2026-04-01T14:54:31.296Z,15.123,pi:0,bottle,0.7957,456.00,192.00,577.00,632.00,1.009,-13.865
2026-04-01T14:54:31.296Z,15.123,pi:0,bottle,0.4215,390.00,362.00,477.00,631.00,1.651,-16.390
2026-04-01T14:54:31.330Z,15.156,pi:0,bottle,0.7994,456.00,192.00,577.00,632.00,1.009,-13.865
2026-04-01T14:54:31.330Z,15.156,pi:0,bottle,0.4139,391.00,359.00,478.00,627.00,1.657,-16.360
2026-04-01T14:54:31.363Z,15.189,pi:0,bottle,0.7957,456.00,198.00,576.00,632.00,1.023,-13.880
2026-04-01T14:54:31.363Z,15.189,pi:0,bottle,0.4142,391.00,361.00,480.00,631.00,1.645,-16.330
2026-04-01T14:54:31.406Z,15.232,pi:0,bottle,0.7957,456.00,193.00,578.00,632.00,1.011,-13.849
2026-04-01T14:54:31.406Z,15.232,pi:0,bottle,0.4788,391.00,359.00,478.00,626.00,1.663,-16.360
2026-04-01T14:54:31.444Z,15.270,pi:0,bottle,0.8030,456.00,195.00,578.00,632.00,1.016,-13.849
2026-04-01T14:54:31.444Z,15.270,pi:0,bottle,0.4106,390.00,361.00,480.00,631.00,1.645,-16.345
2026-04-01T14:54:31.483Z,15.309,pi:0,bottle,0.7885,456.00,199.00,576.00,633.00,1.023,-13.880
2026-04-01T14:54:31.483Z,15.309,pi:0,bottle,0.4687,389.00,360.00,478.00,631.00,1.638,-16.390
2026-04-01T14:54:31.520Z,15.347,pi:0,bottle,0.7812,456.00,198.00,576.00,633.00,1.021,-13.880
2026-04-01T14:54:31.520Z,15.347,pi:0,bottle,0.4287,391.00,363.00,480.00,632.00,1.651,-16.330
2026-04-01T14:54:31.560Z,15.386,pi:0,bottle,0.7921,457.00,195.00,578.00,632.00,1.016,-13.834
2026-04-01T14:54:31.560Z,15.386,pi:0,bottle,0.4360,391.00,361.00,480.00,632.00,1.638,-16.330
2026-04-01T14:54:31.596Z,15.422,pi:0,bottle,0.7848,456.00,192.00,578.00,631.00,1.011,-13.849
2026-04-01T14:54:31.596Z,15.422,pi:0,bottle,0.4396,390.00,363.00,480.00,631.00,1.657,-16.345
2026-04-01T14:54:31.639Z,15.466,pi:0,bottle,0.7921,456.00,194.00,577.00,632.00,1.014,-13.865
2026-04-01T14:54:31.639Z,15.466,pi:0,bottle,0.4106,390.00,361.00,478.00,631.00,1.645,-16.375
2026-04-01T14:54:31.679Z,15.506,pi:0,bottle,0.7848,456.00,192.00,577.00,631.00,1.011,-13.865
2026-04-01T14:54:31.679Z,15.506,pi:0,bottle,0.4651,389.00,362.00,480.00,631.00,1.651,-16.360
2026-04-01T14:54:31.716Z,15.542,pi:0,bottle,0.7812,456.00,195.00,577.00,631.00,1.018,-13.865
2026-04-01T14:54:31.716Z,15.542,pi:0,bottle,0.4446,391.00,359.00,477.00,627.00,1.657,-16.375
2026-04-01T14:54:31.754Z,15.580,pi:0,bottle,0.7776,456.00,197.00,576.00,633.00,1.018,-13.880
2026-04-01T14:54:31.754Z,15.580,pi:0,bottle,0.3997,391.00,360.00,480.00,631.00,1.638,-16.330
2026-04-01T14:54:31.795Z,15.621,pi:0,bottle,0.7776,456.00,198.00,576.00,633.00,1.021,-13.880
2026-04-01T14:54:31.795Z,15.621,pi:0,bottle,0.4378,391.00,358.00,478.00,628.00,1.645,-16.360
2026-04-01T14:54:31.830Z,15.656,pi:0,bottle,0.7703,456.00,192.00,577.00,632.00,1.009,-13.865
2026-04-01T14:54:31.830Z,15.656,pi:0,bottle,0.4251,390.00,360.00,478.00,632.00,1.632,-16.375
2026-04-01T14:54:31.873Z,15.699,pi:0,bottle,0.7812,456.00,192.00,578.00,631.00,1.011,-13.849
2026-04-01T14:54:31.873Z,15.699,pi:0,bottle,0.4978,390.00,360.00,478.00,632.00,1.632,-16.375
2026-04-01T14:54:31.910Z,15.737,pi:0,bottle,0.7739,456.00,198.00,576.00,632.00,1.023,-13.880
2026-04-01T14:54:31.910Z,15.737,pi:0,bottle,0.4275,391.00,358.00,478.00,628.00,1.645,-16.360
2026-04-01T14:54:31.943Z,15.769,pi:0,bottle,0.7776,456.00,197.00,576.00,632.00,1.021,-13.880
2026-04-01T14:54:31.943Z,15.769,pi:0,bottle,0.4515,391.00,358.00,478.00,627.00,1.651,-16.360
2026-04-01T14:54:31.981Z,15.807,pi:0,bottle,0.7848,456.00,194.00,578.00,632.00,1.014,-13.849
2026-04-01T14:54:31.981Z,15.807,pi:0,bottle,0.4344,391.00,358.00,478.00,626.00,1.657,-16.360
2026-04-01T14:54:32.025Z,15.852,pi:0,bottle,0.7812,456.00,192.00,578.00,632.00,1.009,-13.849
2026-04-01T14:54:32.025Z,15.852,pi:0,bottle,0.4106,391.00,358.00,478.00,631.00,1.626,-16.360
2026-04-01T14:54:32.059Z,15.886,pi:0,bottle,0.7848,457.00,197.00,576.00,631.00,1.023,-13.865
2026-04-01T14:54:32.059Z,15.886,pi:0,bottle,0.4207,391.00,358.00,478.00,626.00,1.657,-16.360
2026-04-01T14:54:32.096Z,15.922,pi:0,bottle,0.7776,456.00,192.00,578.00,631.00,1.011,-13.849
2026-04-01T14:54:32.096Z,15.922,pi:0,bottle,0.4549,391.00,358.00,478.00,626.00,1.657,-16.360
2026-04-01T14:54:32.132Z,15.958,pi:0,bottle,0.7812,456.00,197.00,577.00,633.00,1.018,-13.865
2026-04-01T14:54:32.132Z,15.958,pi:0,bottle,0.3888,391.00,360.00,478.00,631.00,1.638,-16.360
2026-04-01T14:54:32.172Z,15.998,pi:0,bottle,0.7776,456.00,193.00,578.00,631.00,1.014,-13.849
2026-04-01T14:54:32.172Z,15.998,pi:0,bottle,0.4033,391.00,362.00,478.00,632.00,1.645,-16.360
2026-04-01T14:54:32.207Z,16.033,pi:0,bottle,0.7776,456.00,191.00,578.00,631.00,1.009,-13.849
2026-04-01T14:54:32.207Z,16.033,pi:0,bottle,0.3779,390.00,360.00,478.00,632.00,1.632,-16.375
2026-04-01T14:54:32.246Z,16.073,pi:0,bottle,0.7848,456.00,192.00,578.00,631.00,1.011,-13.849
2026-04-01T14:54:32.246Z,16.073,pi:0,bottle,0.4433,391.00,361.00,478.00,631.00,1.645,-16.360
2026-04-01T14:54:32.281Z,16.107,pi:0,bottle,0.7812,457.00,195.00,576.00,631.00,1.018,-13.865
2026-04-01T14:54:32.281Z,16.107,pi:0,bottle,0.4378,391.00,359.00,478.00,625.00,1.669,-16.360
2026-04-01T14:54:32.326Z,16.152,pi:0,bottle,0.7630,456.00,193.00,578.00,632.00,1.011,-13.849
2026-04-01T14:54:32.326Z,16.152,pi:0,bottle,0.4344,391.00,360.00,478.00,627.00,1.663,-16.360
2026-04-01T14:54:32.361Z,16.188,pi:0,bottle,0.7739,456.00,197.00,577.00,633.00,1.018,-13.865
2026-04-01T14:54:32.361Z,16.188,pi:0,bottle,0.3779,391.00,362.00,478.00,632.00,1.645,-16.360
2026-04-01T14:54:32.397Z,16.223,pi:0,bottle,0.7885,456.00,191.00,578.00,631.00,1.009,-13.849
2026-04-01T14:54:32.397Z,16.223,pi:0,bottle,0.4139,391.00,359.00,477.00,625.00,1.669,-16.375
2026-04-01T14:54:32.434Z,16.260,pi:0,bottle,0.7739,456.00,199.00,576.00,632.00,1.025,-13.880
2026-04-01T14:54:32.434Z,16.260,pi:0,bottle,0.4036,391.00,361.00,478.00,625.00,1.682,-16.360
2026-04-01T14:54:32.470Z,16.297,pi:0,bottle,0.7630,456.00,193.00,577.00,632.00,1.011,-13.865
2026-04-01T14:54:32.470Z,16.297,pi:0,bottle,0.4275,391.00,360.00,478.00,625.00,1.676,-16.360
2026-04-01T14:54:32.504Z,16.331,pi:0,bottle,0.7739,456.00,201.00,576.00,632.00,1.030,-13.880
2026-04-01T14:54:32.504Z,16.331,pi:0,bottle,0.4207,391.00,358.00,478.00,627.00,1.651,-16.360
2026-04-01T14:54:32.543Z,16.369,pi:0,bottle,0.7957,456.00,197.00,574.00,631.00,1.023,-13.911
2026-04-01T14:54:32.543Z,16.369,pi:0,bottle,0.3899,391.00,358.00,477.00,625.00,1.663,-16.375
2026-04-01T14:54:32.576Z,16.402,pi:0,bottle,0.7885,456.00,193.00,578.00,631.00,1.014,-13.849
2026-04-01T14:54:32.576Z,16.402,pi:0,bottle,0.4207,391.00,360.00,478.00,626.00,1.669,-16.360
2026-04-01T14:54:32.615Z,16.441,pi:0,bottle,0.7994,456.00,190.00,578.00,631.00,1.007,-13.849
2026-04-01T14:54:32.615Z,16.441,pi:0,bottle,0.4378,392.00,359.00,478.00,626.00,1.663,-16.345
2026-04-01T14:54:32.648Z,16.474,pi:0,bottle,0.7921,456.00,192.00,579.00,629.00,1.016,-13.834
2026-04-01T14:54:32.648Z,16.474,pi:0,bottle,0.4310,391.00,360.00,478.00,625.00,1.676,-16.360
2026-04-01T14:54:32.686Z,16.512,pi:0,bottle,0.7921,456.00,191.00,577.00,623.00,1.028,-13.865
2026-04-01T14:54:32.686Z,16.512,pi:0,bottle,0.4139,391.00,359.00,478.00,627.00,1.657,-16.360
2026-04-01T14:54:32.727Z,16.554,pi:0,bottle,0.7667,456.00,190.00,578.00,624.00,1.023,-13.849
2026-04-01T14:54:32.727Z,16.554,pi:0,bottle,0.4173,391.00,359.00,479.00,627.00,1.657,-16.345
2026-04-01T14:54:32.765Z,16.591,pi:0,bottle,0.7521,456.00,192.00,576.00,627.00,1.021,-13.880
2026-04-01T14:54:32.765Z,16.591,pi:0,bottle,0.4104,391.00,360.00,478.00,628.00,1.657,-16.360
2026-04-01T14:54:32.804Z,16.630,pi:0,bottle,0.7594,456.00,192.00,577.00,632.00,1.009,-13.865
2026-04-01T14:54:32.804Z,16.630,pi:0,bottle,0.4207,391.00,359.00,478.00,627.00,1.657,-16.360
2026-04-01T14:54:32.842Z,16.668,pi:0,bottle,0.7703,456.00,198.00,576.00,633.00,1.021,-13.880
2026-04-01T14:54:32.842Z,16.668,pi:0,bottle,0.4207,392.00,359.00,478.00,627.00,1.657,-16.345
2026-04-01T14:54:32.876Z,16.706,pi:0,bottle,0.8066,457.00,198.00,576.00,633.00,1.021,-13.865
2026-04-01T14:54:32.876Z,16.706,pi:0,bottle,0.4378,392.00,360.00,478.00,624.00,1.682,-16.345
2026-04-01T14:54:32.922Z,16.748,pi:0,bottle,0.7994,456.00,193.00,578.00,632.00,1.011,-13.849
2026-04-01T14:54:32.922Z,16.748,pi:0,bottle,0.3899,391.00,359.00,478.00,628.00,1.651,-16.360
2026-04-01T14:54:32.966Z,16.792,pi:0,bottle,0.7994,456.00,192.00,578.00,632.00,1.009,-13.849
2026-04-01T14:54:32.966Z,16.792,pi:0,bottle,0.4925,391.00,359.00,478.00,626.00,1.663,-16.360
2026-04-01T14:54:33.007Z,16.833,pi:0,bottle,0.7594,456.00,198.00,577.00,633.00,1.021,-13.865
2026-04-01T14:54:33.007Z,16.833,pi:0,bottle,0.4070,391.00,358.00,478.00,626.00,1.657,-16.360
2026-04-01T14:54:33.047Z,16.874,pi:0,bottle,0.7739,457.00,201.00,577.00,634.00,1.025,-13.849
2026-04-01T14:54:33.047Z,16.874,pi:0,bottle,0.4515,391.00,361.00,478.00,626.00,1.676,-16.360
2026-04-01T14:54:33.089Z,16.915,pi:0,bottle,0.7885,456.00,193.00,578.00,632.00,1.011,-13.849
2026-04-01T14:54:33.089Z,16.915,pi:0,bottle,0.4481,391.00,360.00,478.00,626.00,1.669,-16.360
2026-04-01T14:54:33.124Z,16.951,pi:0,bottle,0.7667,456.00,192.00,578.00,632.00,1.009,-13.849
2026-04-01T14:54:33.124Z,16.951,pi:0,bottle,0.4002,391.00,359.00,478.00,626.00,1.663,-16.360
2026-04-01T14:54:33.160Z,16.987,pi:0,bottle,0.7776,456.00,198.00,576.00,632.00,1.023,-13.880
2026-04-01T14:54:33.160Z,16.987,pi:0,bottle,0.4412,391.00,358.00,478.00,625.00,1.663,-16.360
2026-04-01T14:54:33.205Z,17.032,pi:0,bottle,0.7885,456.00,201.00,576.00,634.00,1.025,-13.880
2026-04-01T14:54:33.205Z,17.032,pi:0,bottle,0.3933,391.00,359.00,478.00,628.00,1.651,-16.360
2026-04-01T14:54:33.240Z,17.066,pi:0,bottle,0.7776,456.00,195.00,578.00,632.00,1.016,-13.849
2026-04-01T14:54:33.240Z,17.066,pi:0,bottle,0.4104,391.00,360.00,478.00,625.00,1.676,-16.360
2026-04-01T14:54:33.279Z,17.106,pi:0,bottle,0.7739,456.00,195.00,578.00,631.00,1.018,-13.849
2026-04-01T14:54:33.279Z,17.106,pi:0,bottle,0.4549,391.00,359.00,478.00,626.00,1.663,-16.360
2026-04-01T14:54:33.323Z,17.150,pi:0,bottle,0.7667,456.00,195.00,578.00,631.00,1.018,-13.849
2026-04-01T14:54:33.323Z,17.150,pi:0,bottle,0.3899,391.00,360.00,479.00,626.00,1.669,-16.345
2026-04-01T14:54:33.361Z,17.187,pi:0,bottle,0.7739,456.00,192.00,578.00,632.00,1.009,-13.849
2026-04-01T14:54:33.361Z,17.187,pi:0,bottle,0.4720,391.00,358.00,478.00,625.00,1.663,-16.360
2026-04-01T14:54:33.402Z,17.229,pi:0,bottle,0.7630,456.00,194.00,579.00,632.00,1.014,-13.834
2026-04-01T14:54:33.402Z,17.229,pi:0,bottle,0.4823,391.00,360.00,478.00,625.00,1.676,-16.360
2026-04-01T14:54:33.440Z,17.266,pi:0,bottle,0.7776,456.00,192.00,578.00,632.00,1.009,-13.849
2026-04-01T14:54:33.440Z,17.266,pi:0,bottle,0.4515,391.00,359.00,478.00,626.00,1.663,-16.360
2026-04-01T14:54:33.474Z,17.301,pi:0,bottle,0.7776,456.00,192.00,578.00,632.00,1.009,-13.849
2026-04-01T14:54:33.474Z,17.301,pi:0,bottle,0.3968,391.00,360.00,478.00,626.00,1.669,-16.360
2026-04-01T14:54:33.508Z,17.334,pi:0,bottle,0.7776,456.00,196.00,578.00,632.00,1.018,-13.849
2026-04-01T14:54:33.508Z,17.334,pi:0,bottle,0.3865,391.00,358.00,478.00,626.00,1.657,-16.360
2026-04-01T14:54:33.551Z,17.377,pi:0,bottle,0.7885,456.00,192.00,578.00,632.00,1.009,-13.849
2026-04-01T14:54:33.551Z,17.377,pi:0,bottle,0.4241,391.00,360.00,478.00,626.00,1.669,-16.360
2026-04-01T14:54:33.582Z,17.409,pi:0,bottle,0.7776,456.00,193.00,578.00,632.00,1.011,-13.849
2026-04-01T14:54:33.582Z,17.409,pi:0,bottle,0.4549,390.00,359.00,477.00,626.00,1.663,-16.390
2026-04-01T14:54:33.622Z,17.448,pi:0,bottle,0.7885,456.00,195.00,578.00,632.00,1.016,-13.849
2026-04-01T14:54:33.622Z,17.448,pi:0,bottle,0.4344,391.00,359.00,478.00,626.00,1.663,-16.360
2026-04-01T14:54:33.659Z,17.485,pi:0,bottle,0.7812,456.00,192.00,578.00,633.00,1.007,-13.849
2026-04-01T14:54:33.659Z,17.485,pi:0,bottle,0.4002,391.00,358.00,478.00,627.00,1.651,-16.360
2026-04-01T14:54:33.699Z,17.526,pi:0,bottle,0.7776,456.00,194.00,578.00,632.00,1.014,-13.849
2026-04-01T14:54:33.699Z,17.526,pi:0,bottle,0.4139,391.00,360.00,478.00,627.00,1.663,-16.360
2026-04-01T14:54:33.735Z,17.561,pi:0,bottle,0.7739,456.00,193.00,578.00,632.00,1.011,-13.849
2026-04-01T14:54:33.735Z,17.561,pi:0,bottle,0.4857,391.00,359.00,477.00,627.00,1.657,-16.375
2026-04-01T14:54:33.774Z,17.600,pi:0,bottle,0.7594,456.00,199.00,577.00,633.00,1.023,-13.865
2026-04-01T14:54:33.774Z,17.600,pi:0,bottle,0.4515,390.00,359.00,477.00,626.00,1.663,-16.390
2026-04-01T14:54:33.811Z,17.637,pi:0,bottle,0.7885,456.00,194.00,578.00,631.00,1.016,-13.849
2026-04-01T14:54:33.811Z,17.637,pi:0,bottle,0.4549,390.00,358.00,478.00,627.00,1.651,-16.375
2026-04-01T14:54:33.858Z,17.684,pi:0,bottle,0.7812,456.00,193.00,578.00,631.00,1.014,-13.849
2026-04-01T14:54:33.858Z,17.684,pi:0,bottle,0.4925,391.00,357.00,478.00,625.00,1.657,-16.360
2026-04-01T14:54:33.891Z,17.717,pi:0,bottle,0.7848,456.00,194.00,578.00,632.00,1.014,-13.849
2026-04-01T14:54:33.891Z,17.717,pi:0,bottle,0.4344,391.00,359.00,477.00,625.00,1.669,-16.375
2026-04-01T14:54:33.940Z,17.766,pi:0,bottle,0.7739,456.00,195.00,578.00,632.00,1.016,-13.849
2026-04-01T14:54:33.940Z,17.766,pi:0,bottle,0.4583,391.00,358.00,477.00,626.00,1.657,-16.375
2026-04-01T14:54:33.973Z,17.799,pi:0,bottle,0.7739,456.00,192.00,578.00,632.00,1.009,-13.849
2026-04-01T14:54:33.973Z,17.799,pi:0,bottle,0.4275,391.00,359.00,477.00,627.00,1.657,-16.375
2026-04-01T14:54:34.010Z,17.837,pi:0,bottle,0.7703,456.00,195.00,578.00,632.00,1.016,-13.849
2026-04-01T14:54:34.010Z,17.837,pi:0,bottle,0.4104,391.00,359.00,478.00,628.00,1.651,-16.360
2026-04-01T14:54:34.050Z,17.877,pi:0,bottle,0.7667,456.00,192.00,578.00,632.00,1.009,-13.849
2026-04-01T14:54:34.050Z,17.877,pi:0,bottle,0.4515,391.00,360.00,478.00,626.00,1.669,-16.360
2026-04-01T14:54:34.089Z,17.916,pi:0,bottle,0.7848,456.00,193.00,578.00,631.00,1.014,-13.849
2026-04-01T14:54:34.089Z,17.916,pi:0,bottle,0.4241,391.00,358.00,478.00,626.00,1.657,-16.360
2026-04-01T14:54:34.127Z,17.953,pi:0,bottle,0.7776,456.00,195.00,578.00,632.00,1.016,-13.849
2026-04-01T14:54:34.127Z,17.953,pi:0,bottle,0.4178,390.00,359.00,477.00,631.00,1.632,-16.390
2026-04-01T14:54:34.159Z,17.985,pi:0,bottle,0.7848,456.00,191.00,578.00,632.00,1.007,-13.849
2026-04-01T14:54:34.159Z,17.985,pi:0,bottle,0.4515,391.00,359.00,478.00,627.00,1.657,-16.360
2026-04-01T14:54:34.204Z,18.030,pi:0,bottle,0.7630,456.00,195.00,576.00,631.00,1.018,-13.880
2026-04-01T14:54:34.204Z,18.030,pi:0,bottle,0.4720,391.00,358.00,478.00,626.00,1.657,-16.360
2026-04-01T14:54:34.238Z,18.064,pi:0,bottle,0.7921,456.00,193.00,577.00,632.00,1.011,-13.865
2026-04-01T14:54:34.238Z,18.064,pi:0,bottle,0.3933,391.00,360.00,478.00,627.00,1.663,-16.360
2026-04-01T14:54:34.273Z,18.099,pi:0,bottle,0.7812,456.00,193.00,578.00,632.00,1.011,-13.849
2026-04-01T14:54:34.273Z,18.099,pi:0,bottle,0.4686,391.00,358.00,478.00,628.00,1.645,-16.360
2026-04-01T14:54:34.310Z,18.137,pi:0,bottle,0.7703,456.00,192.00,578.00,631.00,1.011,-13.849
2026-04-01T14:54:34.310Z,18.137,pi:0,bottle,0.4412,391.00,360.00,478.00,628.00,1.657,-16.360
2026-04-01T14:54:34.351Z,18.177,pi:0,bottle,0.7703,456.00,191.00,578.00,632.00,1.007,-13.849
2026-04-01T14:54:34.351Z,18.177,pi:0,bottle,0.4344,391.00,361.00,478.00,626.00,1.676,-16.360
2026-04-01T14:54:34.383Z,18.210,pi:0,bottle,0.7848,456.00,193.00,578.00,632.00,1.011,-13.849
2026-04-01T14:54:34.383Z,18.210,pi:0,bottle,0.4720,391.00,359.00,478.00,626.00,1.663,-16.360
2026-04-01T14:54:34.430Z,18.256,pi:0,bottle,0.7739,456.00,202.00,576.00,631.00,1.035,-13.880
2026-04-01T14:54:34.430Z,18.256,pi:0,bottle,0.4412,391.00,358.00,478.00,625.00,1.663,-16.360
2026-04-01T14:54:34.467Z,18.293,pi:0,bottle,0.7921,455.00,198.00,576.00,634.00,1.018,-13.895
2026-04-01T14:54:34.467Z,18.293,pi:0,bottle,0.4481,391.00,358.00,478.00,625.00,1.663,-16.360
2026-04-01T14:54:34.504Z,18.330,pi:0,bottle,0.7776,456.00,196.00,577.00,632.00,1.018,-13.865
2026-04-01T14:54:34.504Z,18.330,pi:0,bottle,0.4754,391.00,358.00,478.00,626.00,1.657,-16.360
2026-04-01T14:54:34.539Z,18.365,pi:0,bottle,0.7776,457.00,194.00,576.00,632.00,1.014,-13.865
2026-04-01T14:54:34.539Z,18.365,pi:0,bottle,0.4070,391.00,359.00,478.00,626.00,1.663,-16.360
2026-04-01T14:54:34.578Z,18.404,pi:0,bottle,0.7776,456.00,197.00,577.00,631.00,1.023,-13.865
2026-04-01T14:54:34.578Z,18.404,pi:0,bottle,0.4378,391.00,357.00,478.00,627.00,1.645,-16.360
2026-04-01T14:54:34.616Z,18.442,pi:0,bottle,0.7776,456.00,192.00,578.00,632.00,1.009,-13.849
2026-04-01T14:54:34.616Z,18.442,pi:0,bottle,0.4396,391.00,360.00,478.00,632.00,1.632,-16.360
2026-04-01T14:54:34.657Z,18.483,pi:0,bottle,0.7812,456.00,193.00,579.00,631.00,1.014,-13.834
2026-04-01T14:54:34.657Z,18.483,pi:0,bottle,0.4324,391.00,361.00,478.00,631.00,1.645,-16.360
2026-04-01T14:54:34.694Z,18.521,pi:0,bottle,0.7776,456.00,192.00,578.00,632.00,1.009,-13.849
2026-04-01T14:54:34.694Z,18.521,pi:0,bottle,0.4515,391.00,358.00,478.00,627.00,1.651,-16.360
2026-04-01T14:54:34.733Z,18.559,pi:0,bottle,0.7739,456.00,195.00,578.00,632.00,1.016,-13.849
2026-04-01T14:54:34.733Z,18.559,pi:0,bottle,0.4360,390.00,359.00,478.00,631.00,1.632,-16.375
2026-04-01T14:54:34.769Z,18.596,pi:0,bottle,0.7703,456.00,192.00,578.00,632.00,1.009,-13.849
2026-04-01T14:54:34.769Z,18.596,pi:0,bottle,0.4469,392.00,360.00,478.00,631.00,1.638,-16.345
2026-04-01T14:54:34.808Z,18.634,pi:0,bottle,0.7739,456.00,192.00,578.00,631.00,1.011,-13.849
2026-04-01T14:54:34.808Z,18.634,pi:0,bottle,0.4069,391.00,359.00,478.00,631.00,1.632,-16.360
2026-04-01T14:54:34.844Z,18.670,pi:0,bottle,0.7848,456.00,192.00,578.00,632.00,1.009,-13.849
2026-04-01T14:54:34.844Z,18.670,pi:0,bottle,0.3997,391.00,360.00,478.00,632.00,1.632,-16.360
2026-04-01T14:54:34.880Z,18.706,pi:0,bottle,0.7776,456.00,192.00,577.00,631.00,1.011,-13.865
2026-04-01T14:54:34.880Z,18.706,pi:0,bottle,0.3660,391.00,360.00,477.00,626.00,1.669,-16.375
2026-04-01T14:54:34.917Z,18.744,pi:0,bottle,0.7776,456.00,193.00,578.00,632.00,1.011,-13.849
2026-04-01T14:54:34.917Z,18.744,pi:0,bottle,0.4139,391.00,359.00,478.00,625.00,1.669,-16.360
2026-04-01T14:54:34.956Z,18.782,pi:0,bottle,0.7776,456.00,191.00,578.00,631.00,1.009,-13.849
2026-04-01T14:54:34.956Z,18.782,pi:0,bottle,0.4215,391.00,358.00,478.00,632.00,1.621,-16.360
2026-04-01T14:54:34.991Z,18.818,pi:0,bottle,0.7703,456.00,194.00,578.00,632.00,1.014,-13.849
2026-04-01T14:54:34.991Z,18.818,pi:0,bottle,0.3815,392.00,360.00,478.00,631.00,1.638,-16.345
2026-04-01T14:54:35.028Z,18.854,pi:0,bottle,0.7776,456.00,195.00,578.00,632.00,1.016,-13.849
2026-04-01T14:54:35.028Z,18.854,pi:0,bottle,0.4310,392.00,359.00,478.00,626.00,1.663,-16.345
2026-04-01T14:54:35.065Z,18.892,pi:0,bottle,0.7812,456.00,200.00,576.00,634.00,1.023,-13.880
2026-04-01T14:54:35.065Z,18.892,pi:0,bottle,0.4754,391.00,360.00,477.00,626.00,1.669,-16.375
2026-04-01T14:54:35.101Z,18.927,pi:0,bottle,0.7848,456.00,193.00,578.00,631.00,1.014,-13.849
2026-04-01T14:54:35.101Z,18.927,pi:0,bottle,0.4251,392.00,360.00,478.00,632.00,1.632,-16.345
2026-04-01T14:54:35.142Z,18.968,pi:0,bottle,0.7848,456.00,193.00,578.00,632.00,1.011,-13.849
2026-04-01T14:54:35.142Z,18.968,pi:0,bottle,0.4481,391.00,360.00,478.00,626.00,1.669,-16.360
2026-04-01T14:54:35.184Z,19.010,pi:0,bottle,0.7776,456.00,194.00,578.00,632.00,1.014,-13.849
2026-04-01T14:54:35.184Z,19.010,pi:0,bottle,0.4275,391.00,360.00,478.00,626.00,1.669,-16.360
2026-04-01T14:54:35.216Z,19.043,pi:0,bottle,0.7739,456.00,194.00,578.00,632.00,1.014,-13.849
2026-04-01T14:54:35.216Z,19.043,pi:0,bottle,0.4139,391.00,362.00,478.00,626.00,1.682,-16.360
2026-04-01T14:54:35.263Z,19.090,pi:0,bottle,0.7812,456.00,193.00,578.00,632.00,1.011,-13.849
2026-04-01T14:54:35.263Z,19.090,pi:0,bottle,0.4178,392.00,361.00,478.00,632.00,1.638,-16.345
2026-04-01T14:54:35.295Z,19.121,pi:0,bottle,0.7703,456.00,192.00,578.00,632.00,1.009,-13.849
2026-04-01T14:54:35.295Z,19.121,pi:0,bottle,0.3997,392.00,361.00,480.00,631.00,1.645,-16.315
2026-04-01T14:54:35.333Z,19.160,pi:0,bottle,0.7812,456.00,193.00,578.00,631.00,1.014,-13.849
2026-04-01T14:54:35.333Z,19.160,pi:0,bottle,0.4549,391.00,361.00,478.00,625.00,1.682,-16.360
2026-04-01T14:54:35.368Z,19.196,pi:0,bottle,0.7776,456.00,192.00,578.00,631.00,1.011,-13.849
2026-04-01T14:54:35.368Z,19.196,pi:0,bottle,0.4139,391.00,360.00,478.00,626.00,1.669,-16.360
2026-04-01T14:54:35.415Z,19.242,pi:0,bottle,0.7848,456.00,194.00,578.00,632.00,1.014,-13.849
2026-04-01T14:54:35.415Z,19.242,pi:0,bottle,0.4070,391.00,361.00,478.00,626.00,1.676,-16.360
2026-04-01T14:54:35.456Z,19.282,pi:0,bottle,0.7630,456.00,192.00,578.00,632.00,1.009,-13.849
2026-04-01T14:54:35.456Z,19.282,pi:0,bottle,0.4173,391.00,360.00,478.00,625.00,1.676,-16.360
2026-04-01T14:54:35.496Z,19.323,pi:0,bottle,0.7703,456.00,194.00,578.00,632.00,1.014,-13.849
2026-04-01T14:54:35.496Z,19.323,pi:0,bottle,0.3899,391.00,361.00,478.00,626.00,1.676,-16.360
2026-04-01T14:54:35.538Z,19.364,pi:0,bottle,0.7848,456.00,193.00,578.00,631.00,1.014,-13.849
2026-04-01T14:54:35.538Z,19.364,pi:0,bottle,0.4378,391.00,360.00,478.00,624.00,1.682,-16.360
2026-04-01T14:54:35.571Z,19.397,pi:0,bottle,0.7848,456.00,191.00,578.00,632.00,1.007,-13.849
2026-04-01T14:54:35.571Z,19.397,pi:0,bottle,0.4275,391.00,360.00,479.00,626.00,1.669,-16.345
2026-04-01T14:54:35.608Z,19.434,pi:0,bottle,0.7921,456.00,192.00,577.00,632.00,1.009,-13.865
2026-04-01T14:54:35.608Z,19.434,pi:0,bottle,0.4515,391.00,361.00,478.00,626.00,1.676,-16.360
2026-04-01T14:54:35.644Z,19.471,pi:0,bottle,0.7812,456.00,193.00,578.00,632.00,1.011,-13.849
2026-04-01T14:54:35.644Z,19.471,pi:0,bottle,0.4310,391.00,359.00,478.00,626.00,1.663,-16.360
2026-04-01T14:54:35.680Z,19.506,pi:0,bottle,0.7776,455.00,191.00,579.00,631.00,1.009,-13.849
2026-04-01T14:54:35.680Z,19.506,pi:0,bottle,0.4241,391.00,360.00,479.00,626.00,1.669,-16.345
2026-04-01T14:54:35.719Z,19.545,pi:0,bottle,0.7921,456.00,193.00,578.00,631.00,1.014,-13.849
2026-04-01T14:54:35.719Z,19.545,pi:0,bottle,0.4542,391.00,361.00,478.00,631.00,1.645,-16.360
2026-04-01T14:54:35.764Z,19.590,pi:0,bottle,0.7812,455.00,199.00,576.00,633.00,1.023,-13.895
2026-04-01T14:54:35.764Z,19.590,pi:0,bottle,0.4207,391.00,359.00,478.00,626.00,1.663,-16.360
2026-04-01T14:54:35.796Z,19.623,pi:0,bottle,0.7703,456.00,191.00,577.00,632.00,1.007,-13.865
2026-04-01T14:54:35.796Z,19.623,pi:0,bottle,0.4139,391.00,359.00,478.00,626.00,1.663,-16.360
2026-04-01T14:54:35.836Z,19.662,pi:0,bottle,0.7703,455.00,195.00,578.00,632.00,1.016,-13.865
2026-04-01T14:54:35.836Z,19.662,pi:0,bottle,0.4542,390.00,359.00,478.00,631.00,1.632,-16.375
2026-04-01T14:54:35.877Z,19.704,pi:0,bottle,0.7739,456.00,202.00,574.00,631.00,1.035,-13.911
2026-04-01T14:54:35.877Z,19.704,pi:0,bottle,0.3968,391.00,359.00,478.00,626.00,1.663,-16.360
2026-04-01T14:54:35.914Z,19.740,pi:0,bottle,0.7739,456.00,191.00,578.00,632.00,1.007,-13.849
2026-04-01T14:54:35.914Z,19.740,pi:0,bottle,0.4139,391.00,359.00,478.00,626.00,1.663,-16.360
2026-04-01T14:54:35.949Z,19.776,pi:0,bottle,0.7994,456.00,191.00,578.00,631.00,1.009,-13.849
2026-04-01T14:54:35.949Z,19.776,pi:0,bottle,0.4033,392.00,359.00,478.00,632.00,1.626,-16.345
2026-04-01T14:54:35.990Z,19.817,pi:0,bottle,0.7776,456.00,192.00,578.00,631.00,1.011,-13.849
2026-04-01T14:54:35.990Z,19.817,pi:0,bottle,0.4241,391.00,361.00,478.00,626.00,1.676,-16.360
2026-04-01T14:54:36.021Z,19.848,pi:0,bottle,0.7885,456.00,198.00,577.00,633.00,1.021,-13.865
2026-04-01T14:54:36.021Z,19.848,pi:0,bottle,0.4207,391.00,360.00,478.00,626.00,1.669,-16.360
2026-04-01T14:54:36.064Z,19.891,pi:0,bottle,0.7703,456.00,195.00,576.00,634.00,1.011,-13.880
2026-04-01T14:54:36.064Z,19.891,pi:0,bottle,0.3660,390.00,361.00,478.00,627.00,1.669,-16.375
2026-04-01T14:54:36.103Z,19.929,pi:0,bottle,0.7848,456.00,192.00,578.00,631.00,1.011,-13.849
2026-04-01T14:54:36.103Z,19.929,pi:0,bottle,0.4857,391.00,360.00,478.00,627.00,1.663,-16.360
2026-04-01T14:54:36.131Z,19.957,pi:0,bottle,0.7776,456.00,192.00,578.00,632.00,1.009,-13.849
2026-04-01T14:54:36.131Z,19.957,pi:0,bottle,0.4173,391.00,359.00,478.00,626.00,1.663,-16.360
2026-04-01T14:54:36.171Z,19.998,pi:0,bottle,0.7921,456.00,192.00,577.00,632.00,1.009,-13.865
2026-04-01T14:54:36.171Z,19.998,pi:0,bottle,0.3968,391.00,360.00,478.00,626.00,1.669,-16.360
2026-04-01T14:54:36.210Z,20.036,pi:0,bottle,0.7921,456.00,193.00,577.00,631.00,1.014,-13.865
2026-04-01T14:54:36.210Z,20.036,pi:0,bottle,0.3762,390.00,360.00,478.00,626.00,1.669,-16.375
2026-04-01T14:54:36.250Z,20.077,pi:0,bottle,0.7812,456.00,190.00,577.00,632.00,1.005,-13.865
2026-04-01T14:54:36.250Z,20.077,pi:0,bottle,0.4412,391.00,359.00,477.00,626.00,1.663,-16.375
2026-04-01T14:54:36.285Z,20.111,pi:0,bottle,0.7703,456.00,193.00,578.00,631.00,1.014,-13.849
2026-04-01T14:54:36.285Z,20.111,pi:0,bottle,0.3968,391.00,358.00,478.00,626.00,1.657,-16.360
2026-04-01T14:54:36.323Z,20.150,pi:0,bottle,0.7921,456.00,193.00,578.00,631.00,1.014,-13.849
2026-04-01T14:54:36.323Z,20.150,pi:0,bottle,0.4687,390.00,359.00,478.00,632.00,1.626,-16.375
2026-04-01T14:54:36.361Z,20.188,pi:0,bottle,0.7848,456.00,193.00,578.00,631.00,1.014,-13.849
2026-04-01T14:54:36.361Z,20.188,pi:0,bottle,0.4241,391.00,358.00,478.00,626.00,1.657,-16.360
2026-04-01T14:54:36.392Z,20.218,pi:0,bottle,0.7739,456.00,194.00,578.00,632.00,1.014,-13.849
2026-04-01T14:54:36.392Z,20.218,pi:0,bottle,0.4505,390.00,359.00,478.00,631.00,1.632,-16.375
2026-04-01T14:54:36.436Z,20.262,pi:0,bottle,0.7848,456.00,192.00,578.00,632.00,1.009,-13.849
2026-04-01T14:54:36.436Z,20.262,pi:0,bottle,0.4207,391.00,360.00,478.00,626.00,1.669,-16.360
2026-04-01T14:54:36.478Z,20.304,pi:0,bottle,0.7776,456.00,200.00,576.00,633.00,1.025,-13.880
2026-04-01T14:54:36.478Z,20.304,pi:0,bottle,0.4446,391.00,360.00,478.00,626.00,1.669,-16.360
2026-04-01T14:54:36.512Z,20.338,pi:0,bottle,0.7885,455.00,192.00,577.00,632.00,1.009,-13.880
2026-04-01T14:54:36.512Z,20.338,pi:0,bottle,0.4173,391.00,360.00,478.00,626.00,1.669,-16.360
2026-04-01T14:54:36.549Z,20.376,pi:0,bottle,0.7812,456.00,200.00,577.00,632.00,1.028,-13.865
2026-04-01T14:54:36.549Z,20.376,pi:0,bottle,0.4446,391.00,360.00,478.00,626.00,1.669,-16.360
2026-04-01T14:54:36.584Z,20.410,pi:0,bottle,0.7812,456.00,192.00,578.00,631.00,1.011,-13.849
2026-04-01T14:54:36.584Z,20.410,pi:0,bottle,0.4515,391.00,360.00,477.00,627.00,1.663,-16.375
2026-04-01T14:54:36.624Z,20.450,pi:0,bottle,0.7739,456.00,191.00,578.00,632.00,1.007,-13.849
2026-04-01T14:54:36.624Z,20.450,pi:0,bottle,0.4241,391.00,360.00,477.00,626.00,1.669,-16.375
2026-04-01T14:54:36.659Z,20.486,pi:0,bottle,0.7703,456.00,199.00,577.00,633.00,1.023,-13.865
2026-04-01T14:54:36.659Z,20.486,pi:0,bottle,0.3968,391.00,359.00,478.00,626.00,1.663,-16.360
2026-04-01T14:54:36.710Z,20.536,pi:0,bottle,0.7776,455.00,200.00,576.00,633.00,1.025,-13.895
2026-04-01T14:54:36.710Z,20.536,pi:0,bottle,0.4310,391.00,359.00,478.00,626.00,1.663,-16.360
2026-04-01T14:54:36.744Z,20.570,pi:0,bottle,0.7703,456.00,207.00,576.00,631.00,1.047,-13.880
2026-04-01T14:54:36.744Z,20.570,pi:0,bottle,0.4173,390.00,359.00,478.00,625.00,1.669,-16.375
2026-04-01T14:54:36.780Z,20.606,pi:0,bottle,0.7703,456.00,199.00,576.00,632.00,1.025,-13.880
2026-04-01T14:54:36.780Z,20.606,pi:0,bottle,0.4378,391.00,359.00,478.00,626.00,1.663,-16.360
2026-04-01T14:54:36.818Z,20.644,pi:0,bottle,0.7776,456.00,193.00,578.00,632.00,1.011,-13.849
2026-04-01T14:54:36.818Z,20.644,pi:0,bottle,0.4378,390.00,359.00,477.00,626.00,1.663,-16.390
2026-04-01T14:54:36.859Z,20.686,pi:0,bottle,0.7848,456.00,193.00,578.00,632.00,1.011,-13.849
2026-04-01T14:54:36.859Z,20.686,pi:0,bottle,0.4241,391.00,359.00,477.00,625.00,1.669,-16.375
2026-04-01T14:54:36.903Z,20.730,pi:0,bottle,0.7630,456.00,195.00,578.00,631.00,1.018,-13.849
2026-04-01T14:54:36.903Z,20.730,pi:0,bottle,0.4275,391.00,359.00,478.00,626.00,1.663,-16.360
2026-04-01T14:54:36.939Z,20.765,pi:0,bottle,0.7812,456.00,192.00,578.00,631.00,1.011,-13.849
2026-04-01T14:54:36.939Z,20.765,pi:0,bottle,0.4446,391.00,360.00,478.00,626.00,1.669,-16.360
2026-04-01T14:54:36.970Z,20.796,pi:0,bottle,0.7848,456.00,194.00,578.00,632.00,1.014,-13.849
2026-04-01T14:54:36.970Z,20.796,pi:0,bottle,0.4104,391.00,359.00,478.00,627.00,1.657,-16.360
2026-04-01T14:54:37.011Z,20.838,pi:0,bottle,0.7703,456.00,192.00,578.00,631.00,1.011,-13.849
2026-04-01T14:54:37.011Z,20.838,pi:0,bottle,0.4310,391.00,359.00,478.00,627.00,1.657,-16.360
2026-04-01T14:54:37.048Z,20.874,pi:0,bottle,0.7921,456.00,193.00,578.00,632.00,1.011,-13.849
2026-04-01T14:54:37.048Z,20.874,pi:0,bottle,0.4378,391.00,361.00,479.00,626.00,1.676,-16.345
2026-04-01T14:54:37.080Z,20.906,pi:0,bottle,0.7848,456.00,193.00,578.00,631.00,1.014,-13.849
2026-04-01T14:54:37.080Z,20.906,pi:0,bottle,0.4287,392.00,361.00,478.00,632.00,1.638,-16.345
2026-04-01T14:54:37.123Z,20.949,pi:0,bottle,0.7848,456.00,193.00,579.00,631.00,1.014,-13.834
2026-04-01T14:54:37.123Z,20.949,pi:0,bottle,0.4891,391.00,361.00,478.00,626.00,1.676,-16.360
2026-04-01T14:54:37.165Z,20.991,pi:0,bottle,0.7885,456.00,200.00,577.00,633.00,1.025,-13.865
2026-04-01T14:54:37.165Z,20.991,pi:0,bottle,0.4241,391.00,360.00,478.00,627.00,1.663,-16.360
2026-04-01T14:54:37.201Z,21.027,pi:0,bottle,0.7848,456.00,202.00,577.00,633.00,1.030,-13.865
2026-04-01T14:54:37.201Z,21.027,pi:0,bottle,0.4378,391.00,360.00,478.00,627.00,1.663,-16.360
2026-04-01T14:54:37.242Z,21.069,pi:0,bottle,0.7630,456.00,201.00,577.00,634.00,1.025,-13.865
2026-04-01T14:54:37.242Z,21.069,pi:0,bottle,0.4310,391.00,359.00,478.00,627.00,1.657,-16.360
2026-04-01T14:54:37.280Z,21.106,pi:0,bottle,0.7776,456.00,195.00,578.00,632.00,1.016,-13.849
2026-04-01T14:54:37.280Z,21.106,pi:0,bottle,0.4310,391.00,360.00,478.00,626.00,1.669,-16.360
2026-04-01T14:54:37.311Z,21.137,pi:0,bottle,0.7812,456.00,195.00,578.00,632.00,1.016,-13.849
2026-04-01T14:54:37.311Z,21.137,pi:0,bottle,0.4344,391.00,360.00,478.00,625.00,1.676,-16.360
2026-04-01T14:54:37.352Z,21.178,pi:0,bottle,0.7848,456.00,200.00,577.00,633.00,1.025,-13.865
2026-04-01T14:54:37.352Z,21.178,pi:0,bottle,0.4070,391.00,359.00,479.00,626.00,1.663,-16.345
2026-04-01T14:54:37.398Z,21.224,pi:0,bottle,0.7739,455.00,193.00,578.00,632.00,1.011,-13.865
2026-04-01T14:54:37.398Z,21.224,pi:0,bottle,0.4720,390.00,360.00,478.00,625.00,1.676,-16.375
2026-04-01T14:54:37.431Z,21.257,pi:0,bottle,0.7703,456.00,198.00,577.00,633.00,1.021,-13.865
2026-04-01T14:54:37.431Z,21.257,pi:0,bottle,0.4310,391.00,359.00,478.00,627.00,1.657,-16.360
2026-04-01T14:54:37.464Z,21.290,pi:0,bottle,0.7739,455.00,195.00,578.00,632.00,1.016,-13.865
2026-04-01T14:54:37.464Z,21.290,pi:0,bottle,0.4173,391.00,359.00,478.00,627.00,1.657,-16.360
2026-04-01T14:54:37.506Z,21.332,pi:0,bottle,0.7848,456.00,193.00,578.00,632.00,1.011,-13.849
2026-04-01T14:54:37.506Z,21.332,pi:0,bottle,0.4446,391.00,359.00,478.00,627.00,1.657,-16.360
2026-04-01T14:54:37.540Z,21.367,pi:0,bottle,0.7921,456.00,193.00,578.00,632.00,1.011,-13.849
2026-04-01T14:54:37.540Z,21.367,pi:0,bottle,0.4378,391.00,359.00,478.00,626.00,1.663,-16.360
2026-04-01T14:54:37.578Z,21.405,pi:0,bottle,0.7921,457.00,198.00,576.00,632.00,1.023,-13.865
2026-04-01T14:54:37.578Z,21.405,pi:0,bottle,0.4549,391.00,360.00,477.00,625.00,1.676,-16.375
2026-04-01T14:54:37.614Z,21.440,pi:0,bottle,0.7848,456.00,192.00,578.00,632.00,1.009,-13.849
2026-04-01T14:54:37.614Z,21.440,pi:0,bottle,0.4275,391.00,359.00,477.00,625.00,1.669,-16.375
2026-04-01T14:54:37.647Z,21.474,pi:0,bottle,0.7885,455.00,199.00,577.00,634.00,1.021,-13.880
2026-04-01T14:54:37.647Z,21.474,pi:0,bottle,0.4241,391.00,359.00,478.00,626.00,1.663,-16.360
2026-04-01T14:54:37.687Z,21.514,pi:0,bottle,0.7848,456.00,192.00,578.00,631.00,1.011,-13.849
2026-04-01T14:54:37.687Z,21.514,pi:0,bottle,0.4446,391.00,359.00,478.00,625.00,1.669,-16.360
2026-04-01T14:54:37.724Z,21.550,pi:0,bottle,0.7848,456.00,192.00,578.00,632.00,1.009,-13.849
2026-04-01T14:54:37.724Z,21.550,pi:0,bottle,0.4446,391.00,358.00,478.00,626.00,1.657,-16.360
2026-04-01T14:54:37.768Z,21.594,pi:0,bottle,0.7921,456.00,192.00,578.00,632.00,1.009,-13.849
2026-04-01T14:54:37.768Z,21.594,pi:0,bottle,0.4378,391.00,358.00,478.00,624.00,1.669,-16.360
2026-04-01T14:54:37.815Z,21.642,pi:0,bottle,0.7848,456.00,193.00,578.00,632.00,1.011,-13.849
2026-04-01T14:54:37.815Z,21.642,pi:0,bottle,0.4310,390.00,358.00,477.00,628.00,1.645,-16.390
2026-04-01T14:54:37.850Z,21.676,pi:0,bottle,0.7703,456.00,193.00,578.00,632.00,1.011,-13.849
2026-04-01T14:54:37.850Z,21.676,pi:0,bottle,0.4583,390.00,359.00,478.00,626.00,1.663,-16.375
2026-04-01T14:54:37.894Z,21.720,pi:0,bottle,0.7812,456.00,193.00,578.00,632.00,1.011,-13.849
2026-04-01T14:54:37.894Z,21.720,pi:0,bottle,0.4433,390.00,360.00,478.00,632.00,1.632,-16.375
2026-04-01T14:54:37.932Z,21.758,pi:0,bottle,0.7921,456.00,192.00,578.00,631.00,1.011,-13.849
2026-04-01T14:54:37.932Z,21.758,pi:0,bottle,0.4173,391.00,359.00,477.00,624.00,1.676,-16.375
2026-04-01T14:54:37.969Z,21.795,pi:0,bottle,0.7739,456.00,195.00,578.00,632.00,1.016,-13.849
2026-04-01T14:54:37.969Z,21.795,pi:0,bottle,0.4652,390.00,358.00,478.00,627.00,1.651,-16.375
2026-04-01T14:54:37.998Z,21.824,pi:0,bottle,0.7994,455.00,192.00,578.00,631.00,1.011,-13.865
2026-04-01T14:54:37.998Z,21.824,pi:0,bottle,0.4412,391.00,360.00,478.00,625.00,1.676,-16.360
2026-04-01T14:54:38.038Z,21.865,pi:0,bottle,0.7739,456.00,200.00,577.00,634.00,1.023,-13.865
2026-04-01T14:54:38.038Z,21.865,pi:0,bottle,0.4036,391.00,359.00,478.00,626.00,1.663,-16.360
2026-04-01T14:54:38.075Z,21.902,pi:0,bottle,0.7812,456.00,192.00,578.00,632.00,1.009,-13.849
2026-04-01T14:54:38.075Z,21.902,pi:0,bottle,0.4070,391.00,359.00,478.00,626.00,1.663,-16.360
2026-04-01T14:54:38.112Z,21.938,pi:0,bottle,0.7776,456.00,191.00,578.00,631.00,1.009,-13.849
2026-04-01T14:54:38.112Z,21.938,pi:0,bottle,0.4686,390.00,359.00,478.00,626.00,1.663,-16.375
2026-04-01T14:54:38.143Z,21.970,pi:0,bottle,0.7739,456.00,192.00,578.00,632.00,1.009,-13.849
2026-04-01T14:54:38.143Z,21.970,pi:0,bottle,0.4070,391.00,360.00,479.00,626.00,1.669,-16.345
2026-04-01T14:54:38.188Z,22.015,pi:0,bottle,0.7630,457.00,198.00,576.00,631.00,1.025,-13.865
2026-04-01T14:54:38.188Z,22.015,pi:0,bottle,0.4106,391.00,360.00,480.00,631.00,1.638,-16.330
2026-04-01T14:54:38.218Z,22.045,pi:0,bottle,0.7776,456.00,197.00,577.00,633.00,1.018,-13.865
2026-04-01T14:54:38.218Z,22.045,pi:0,bottle,0.4104,391.00,360.00,479.00,626.00,1.669,-16.345
2026-04-01T14:54:38.264Z,22.090,pi:0,bottle,0.7776,456.00,193.00,578.00,632.00,1.011,-13.849
2026-04-01T14:54:38.264Z,22.090,pi:0,bottle,0.4686,391.00,359.00,478.00,626.00,1.663,-16.360
2026-04-01T14:54:38.304Z,22.130,pi:0,bottle,0.7848,456.00,193.00,577.00,631.00,1.014,-13.865
2026-04-01T14:54:38.304Z,22.130,pi:0,bottle,0.4139,391.00,358.00,478.00,627.00,1.651,-16.360
2026-04-01T14:54:38.342Z,22.168,pi:0,bottle,0.7776,456.00,193.00,578.00,631.00,1.014,-13.849
2026-04-01T14:54:38.342Z,22.168,pi:0,bottle,0.4720,391.00,358.00,478.00,626.00,1.657,-16.360
2026-04-01T14:54:38.389Z,22.215,pi:0,bottle,0.7776,456.00,193.00,578.00,632.00,1.011,-13.849
2026-04-01T14:54:38.389Z,22.215,pi:0,bottle,0.4578,391.00,357.00,478.00,631.00,1.621,-16.360
2026-04-01T14:54:38.424Z,22.251,pi:0,bottle,0.7885,456.00,191.00,578.00,631.00,1.009,-13.849
2026-04-01T14:54:38.424Z,22.251,pi:0,bottle,0.4396,391.00,360.00,478.00,632.00,1.632,-16.360
2026-04-01T14:54:38.455Z,22.281,pi:0,bottle,0.7812,456.00,193.00,578.00,632.00,1.011,-13.849
2026-04-01T14:54:38.455Z,22.281,pi:0,bottle,0.4215,390.00,360.00,478.00,632.00,1.632,-16.375
2026-04-01T14:54:38.495Z,22.321,pi:0,bottle,0.7703,456.00,192.00,577.00,632.00,1.009,-13.865
2026-04-01T14:54:38.495Z,22.321,pi:0,bottle,0.4139,390.00,358.00,478.00,626.00,1.657,-16.375
2026-04-01T14:54:38.534Z,22.360,pi:0,bottle,0.7848,456.00,191.00,578.00,633.00,1.005,-13.849
2026-04-01T14:54:38.534Z,22.360,pi:0,bottle,0.4652,391.00,360.00,478.00,627.00,1.663,-16.360
2026-04-01T14:54:38.573Z,22.399,pi:0,bottle,0.7739,456.00,193.00,578.00,631.00,1.014,-13.849
2026-04-01T14:54:38.573Z,22.399,pi:0,bottle,0.4396,391.00,361.00,478.00,632.00,1.638,-16.360
2026-04-01T14:54:38.614Z,22.440,pi:0,bottle,0.7848,456.00,192.00,578.00,632.00,1.009,-13.849
2026-04-01T14:54:38.614Z,22.440,pi:0,bottle,0.4515,391.00,360.00,477.00,625.00,1.676,-16.375
2026-04-01T14:54:38.651Z,22.477,pi:0,bottle,0.7812,456.00,193.00,578.00,631.00,1.014,-13.849
2026-04-01T14:54:38.651Z,22.477,pi:0,bottle,0.4104,391.00,360.00,478.00,626.00,1.669,-16.360
2026-04-01T14:54:38.687Z,22.513,pi:0,bottle,0.7885,456.00,193.00,579.00,632.00,1.011,-13.834
2026-04-01T14:54:38.687Z,22.513,pi:0,bottle,0.4720,391.00,359.00,478.00,626.00,1.663,-16.360
2026-04-01T14:54:38.729Z,22.556,pi:0,bottle,0.7812,456.00,192.00,578.00,632.00,1.009,-13.849
2026-04-01T14:54:38.729Z,22.556,pi:0,bottle,0.4720,391.00,360.00,477.00,625.00,1.676,-16.375
2026-04-01T14:54:38.768Z,22.594,pi:0,bottle,0.7921,456.00,192.00,578.00,632.00,1.009,-13.849
2026-04-01T14:54:38.768Z,22.594,pi:0,bottle,0.4412,391.00,360.00,478.00,626.00,1.669,-16.360
2026-04-01T14:54:38.801Z,22.628,pi:0,bottle,0.7848,456.00,192.00,578.00,632.00,1.009,-13.849
2026-04-01T14:54:38.801Z,22.628,pi:0,bottle,0.4823,391.00,359.00,478.00,626.00,1.663,-16.360
2026-04-01T14:54:38.842Z,22.668,pi:0,bottle,0.7812,456.00,194.00,578.00,632.00,1.014,-13.849
2026-04-01T14:54:38.842Z,22.668,pi:0,bottle,0.4412,391.00,360.00,478.00,626.00,1.669,-16.360
2026-04-01T14:54:38.876Z,22.702,pi:0,bottle,0.7848,456.00,192.00,578.00,632.00,1.009,-13.849
2026-04-01T14:54:38.876Z,22.702,pi:0,bottle,0.5130,391.00,360.00,478.00,625.00,1.676,-16.360
2026-04-01T14:54:38.915Z,22.741,pi:0,bottle,0.7848,456.00,193.00,578.00,632.00,1.011,-13.849
2026-04-01T14:54:38.915Z,22.741,pi:0,bottle,0.4173,391.00,360.00,478.00,625.00,1.676,-16.360
2026-04-01T14:54:38.959Z,22.785,pi:0,bottle,0.7885,456.00,192.00,578.00,632.00,1.009,-13.849
2026-04-01T14:54:38.959Z,22.785,pi:0,bottle,0.4515,391.00,360.00,478.00,626.00,1.669,-16.360
2026-04-01T14:54:38.994Z,22.820,pi:0,bottle,0.7848,456.00,195.00,578.00,632.00,1.016,-13.849
2026-04-01T14:54:38.994Z,22.820,pi:0,bottle,0.4583,391.00,359.00,478.00,626.00,1.663,-16.360
2026-04-01T14:54:39.040Z,22.866,pi:0,bottle,0.7921,456.00,194.00,578.00,632.00,1.014,-13.849
2026-04-01T14:54:39.040Z,22.866,pi:0,bottle,0.4310,391.00,359.00,478.00,626.00,1.663,-16.360
2026-04-01T14:54:39.076Z,22.902,pi:0,bottle,0.7776,456.00,193.00,578.00,632.00,1.011,-13.849
2026-04-01T14:54:39.076Z,22.902,pi:0,bottle,0.4515,391.00,359.00,478.00,625.00,1.669,-16.360
2026-04-01T14:54:39.112Z,22.938,pi:0,bottle,0.7885,456.00,192.00,578.00,632.00,1.009,-13.849
2026-04-01T14:54:39.112Z,22.938,pi:0,bottle,0.4241,390.00,359.00,478.00,625.00,1.669,-16.375
2026-04-01T14:54:39.149Z,22.976,pi:0,bottle,0.7812,456.00,192.00,578.00,631.00,1.011,-13.849
2026-04-01T14:54:39.149Z,22.976,pi:0,bottle,0.4515,391.00,360.00,478.00,625.00,1.676,-16.360
2026-04-01T14:54:39.187Z,23.013,pi:0,bottle,0.7703,457.00,197.00,576.00,631.00,1.023,-13.865
2026-04-01T14:54:39.187Z,23.013,pi:0,bottle,0.4788,391.00,359.00,478.00,625.00,1.669,-16.360
2026-04-01T14:54:39.222Z,23.048,pi:0,bottle,0.7703,456.00,192.00,577.00,631.00,1.011,-13.865
2026-04-01T14:54:39.222Z,23.048,pi:0,bottle,0.4002,391.00,359.00,478.00,626.00,1.663,-16.360
2026-04-01T14:54:39.267Z,23.094,pi:0,bottle,0.7776,456.00,193.00,578.00,631.00,1.014,-13.849
2026-04-01T14:54:39.267Z,23.094,pi:0,bottle,0.4142,391.00,359.00,480.00,633.00,1.621,-16.330
2026-04-01T14:54:39.305Z,23.131,pi:0,bottle,0.7776,456.00,193.00,578.00,632.00,1.011,-13.849
2026-04-01T14:54:39.305Z,23.131,pi:0,bottle,0.4652,391.00,359.00,478.00,626.00,1.663,-16.360
2026-04-01T14:54:39.340Z,23.167,pi:0,bottle,0.7885,456.00,193.00,578.00,631.00,1.014,-13.849
2026-04-01T14:54:39.340Z,23.167,pi:0,bottle,0.4446,391.00,359.00,478.00,625.00,1.669,-16.360
2026-04-01T14:54:39.384Z,23.210,pi:0,bottle,0.7885,456.00,192.00,578.00,632.00,1.009,-13.849
2026-04-01T14:54:39.384Z,23.210,pi:0,bottle,0.4178,391.00,360.00,478.00,632.00,1.632,-16.360
2026-04-01T14:54:39.416Z,23.242,pi:0,bottle,0.7848,456.00,198.00,577.00,633.00,1.021,-13.865
2026-04-01T14:54:39.416Z,23.242,pi:0,bottle,0.4515,390.00,358.00,478.00,626.00,1.657,-16.375
2026-04-01T14:54:39.460Z,23.286,pi:0,bottle,0.7885,456.00,192.00,578.00,632.00,1.009,-13.849
2026-04-01T14:54:39.460Z,23.286,pi:0,bottle,0.4515,391.00,360.00,478.00,625.00,1.676,-16.360
2026-04-01T14:54:39.496Z,23.323,pi:0,bottle,0.7848,456.00,192.00,578.00,632.00,1.009,-13.849
2026-04-01T14:54:39.496Z,23.323,pi:0,bottle,0.4720,390.00,358.00,478.00,626.00,1.657,-16.375
2026-04-01T14:54:39.532Z,23.358,pi:0,bottle,0.7885,456.00,192.00,578.00,632.00,1.009,-13.849
2026-04-01T14:54:39.532Z,23.358,pi:0,bottle,0.4412,391.00,358.00,478.00,625.00,1.663,-16.360
2026-04-01T14:54:39.573Z,23.399,pi:0,bottle,0.7885,456.00,192.00,578.00,631.00,1.011,-13.849
2026-04-01T14:54:39.573Z,23.399,pi:0,bottle,0.4412,391.00,359.00,477.00,625.00,1.669,-16.375
2026-04-01T14:54:39.600Z,23.427,pi:0,bottle,0.7885,456.00,192.00,578.00,631.00,1.011,-13.849
2026-04-01T14:54:39.600Z,23.427,pi:0,bottle,0.4515,391.00,359.00,478.00,624.00,1.676,-16.360
2026-04-01T14:54:39.645Z,23.471,pi:0,bottle,0.7739,456.00,194.00,578.00,631.00,1.016,-13.849
2026-04-01T14:54:39.645Z,23.471,pi:0,bottle,0.4310,391.00,359.00,478.00,625.00,1.669,-16.360
2026-04-01T14:54:39.680Z,23.506,pi:0,bottle,0.7812,456.00,194.00,577.00,632.00,1.014,-13.865
2026-04-01T14:54:39.680Z,23.506,pi:0,bottle,0.4549,391.00,360.00,478.00,625.00,1.676,-16.360
2026-04-01T14:54:39.718Z,23.545,pi:0,bottle,0.7921,455.00,195.00,577.00,632.00,1.016,-13.880
2026-04-01T14:54:39.718Z,23.545,pi:0,bottle,0.4515,391.00,358.00,478.00,626.00,1.657,-16.360
2026-04-01T14:54:39.756Z,23.582,pi:0,bottle,0.7921,456.00,193.00,577.00,632.00,1.011,-13.865
2026-04-01T14:54:39.756Z,23.582,pi:0,bottle,0.4412,391.00,359.00,478.00,626.00,1.663,-16.360
2026-04-01T14:54:39.795Z,23.621,pi:0,bottle,0.7848,456.00,193.00,579.00,631.00,1.014,-13.834
2026-04-01T14:54:39.795Z,23.621,pi:0,bottle,0.4549,391.00,358.00,478.00,625.00,1.663,-16.360
2026-04-01T14:54:39.830Z,23.656,pi:0,bottle,0.7848,456.00,194.00,578.00,632.00,1.014,-13.849
2026-04-01T14:54:39.830Z,23.656,pi:0,bottle,0.5130,390.00,360.00,478.00,624.00,1.682,-16.375
2026-04-01T14:54:39.874Z,23.701,pi:0,bottle,0.7921,456.00,193.00,577.00,632.00,1.011,-13.865
2026-04-01T14:54:39.874Z,23.701,pi:0,bottle,0.4754,391.00,359.00,478.00,625.00,1.669,-16.360
2026-04-01T14:54:39.915Z,23.741,pi:0,bottle,0.7885,455.00,194.00,578.00,631.00,1.016,-13.865
2026-04-01T14:54:39.915Z,23.741,pi:0,bottle,0.4617,391.00,359.00,478.00,624.00,1.676,-16.360
2026-04-01T14:54:39.955Z,23.782,pi:0,bottle,0.7848,456.00,193.00,578.00,632.00,1.011,-13.849
2026-04-01T14:54:39.955Z,23.782,pi:0,bottle,0.4481,391.00,358.00,477.00,626.00,1.657,-16.375
2026-04-01T14:54:39.991Z,23.817,pi:0,bottle,0.7848,456.00,194.00,578.00,632.00,1.014,-13.849
2026-04-01T14:54:39.991Z,23.817,pi:0,bottle,0.4515,391.00,358.00,478.00,626.00,1.657,-16.360
2026-04-01T14:54:40.030Z,23.856,pi:0,bottle,0.7776,456.00,194.00,578.00,632.00,1.014,-13.849
2026-04-01T14:54:40.030Z,23.856,pi:0,bottle,0.5062,391.00,358.00,477.00,625.00,1.663,-16.375
2026-04-01T14:54:40.066Z,23.892,pi:0,bottle,0.7703,456.00,193.00,578.00,631.00,1.014,-13.849
2026-04-01T14:54:40.066Z,23.892,pi:0,bottle,0.4207,391.00,358.00,478.00,626.00,1.657,-16.360
2026-04-01T14:54:40.101Z,23.928,pi:0,bottle,0.7739,456.00,194.00,577.00,632.00,1.014,-13.865
2026-04-01T14:54:40.101Z,23.928,pi:0,bottle,0.4549,391.00,359.00,478.00,624.00,1.676,-16.360
2026-04-01T14:54:40.142Z,23.968,pi:0,bottle,0.7776,456.00,201.00,576.00,631.00,1.033,-13.880
2026-04-01T14:54:40.142Z,23.968,pi:0,bottle,0.4515,391.00,359.00,478.00,627.00,1.657,-16.360
2026-04-01T14:54:40.179Z,24.006,pi:0,bottle,0.8066,456.00,192.00,578.00,632.00,1.009,-13.849
2026-04-01T14:54:40.179Z,24.006,pi:0,bottle,0.4788,390.00,358.00,478.00,626.00,1.657,-16.375
2026-04-01T14:54:40.214Z,24.040,pi:0,bottle,0.7776,456.00,200.00,576.00,633.00,1.025,-13.880
2026-04-01T14:54:40.214Z,24.040,pi:0,bottle,0.4549,391.00,359.00,478.00,628.00,1.651,-16.360
2026-04-01T14:54:40.256Z,24.082,pi:0,bottle,0.7703,456.00,196.00,578.00,632.00,1.018,-13.849
2026-04-01T14:54:40.256Z,24.082,pi:0,bottle,0.4310,391.00,359.00,478.00,626.00,1.663,-16.360
2026-04-01T14:54:40.293Z,24.119,pi:0,bottle,0.7776,456.00,193.00,578.00,631.00,1.014,-13.849
2026-04-01T14:54:40.293Z,24.119,pi:0,bottle,0.4549,391.00,359.00,478.00,626.00,1.663,-16.360
2026-04-01T14:54:40.338Z,24.164,pi:0,bottle,0.7848,456.00,194.00,578.00,632.00,1.014,-13.849
2026-04-01T14:54:40.338Z,24.164,pi:0,bottle,0.4515,391.00,358.00,478.00,625.00,1.663,-16.360
2026-04-01T14:54:40.376Z,24.202,pi:0,bottle,0.7885,456.00,194.00,578.00,631.00,1.016,-13.849
2026-04-01T14:54:40.376Z,24.202,pi:0,bottle,0.5096,391.00,359.00,477.00,626.00,1.663,-16.375
2026-04-01T14:54:40.417Z,24.243,pi:0,bottle,0.7921,456.00,194.00,578.00,632.00,1.014,-13.849
2026-04-01T14:54:40.417Z,24.243,pi:0,bottle,0.4446,391.00,359.00,478.00,626.00,1.663,-16.360
2026-04-01T14:54:40.455Z,24.282,pi:0,bottle,0.7957,456.00,193.00,578.00,632.00,1.011,-13.849
2026-04-01T14:54:40.455Z,24.282,pi:0,bottle,0.4412,391.00,360.00,478.00,625.00,1.676,-16.360
2026-04-01T14:54:40.491Z,24.317,pi:0,bottle,0.7848,456.00,193.00,578.00,632.00,1.011,-13.849
2026-04-01T14:54:40.491Z,24.317,pi:0,bottle,0.4959,391.00,359.00,477.00,626.00,1.663,-16.375
2026-04-01T14:54:40.537Z,24.363,pi:0,bottle,0.7921,456.00,193.00,577.00,632.00,1.011,-13.865
2026-04-01T14:54:40.537Z,24.363,pi:0,bottle,0.4549,391.00,358.00,478.00,626.00,1.657,-16.360
2026-04-01T14:54:40.579Z,24.405,pi:0,bottle,0.7885,456.00,194.00,578.00,632.00,1.014,-13.849
2026-04-01T14:54:40.579Z,24.405,pi:0,bottle,0.4446,391.00,359.00,478.00,625.00,1.669,-16.360
2026-04-01T14:54:40.614Z,24.440,pi:0,bottle,0.7848,456.00,195.00,578.00,632.00,1.016,-13.849
2026-04-01T14:54:40.614Z,24.440,pi:0,bottle,0.4446,391.00,359.00,478.00,625.00,1.669,-16.360
2026-04-01T14:54:40.654Z,24.481,pi:0,bottle,0.7957,456.00,194.00,578.00,632.00,1.014,-13.849
2026-04-01T14:54:40.654Z,24.481,pi:0,bottle,0.4788,391.00,360.00,478.00,626.00,1.669,-16.360
2026-04-01T14:54:40.689Z,24.516,pi:0,bottle,0.8066,456.00,194.00,578.00,632.00,1.014,-13.849
2026-04-01T14:54:40.689Z,24.516,pi:0,bottle,0.4549,391.00,359.00,478.00,626.00,1.663,-16.360
2026-04-01T14:54:40.730Z,24.556,pi:0,bottle,0.8139,456.00,193.00,578.00,631.00,1.014,-13.849
2026-04-01T14:54:40.730Z,24.556,pi:0,bottle,0.4412,391.00,360.00,478.00,626.00,1.669,-16.360
2026-04-01T14:54:40.766Z,24.592,pi:0,bottle,0.7885,456.00,194.00,578.00,631.00,1.016,-13.849
2026-04-01T14:54:40.766Z,24.592,pi:0,bottle,0.4788,391.00,360.00,478.00,626.00,1.669,-16.360
2026-04-01T14:54:40.803Z,24.629,pi:0,bottle,0.7994,456.00,194.00,578.00,632.00,1.014,-13.849
2026-04-01T14:54:40.803Z,24.629,pi:0,bottle,0.4857,391.00,359.00,478.00,626.00,1.663,-16.360
2026-04-01T14:54:40.842Z,24.668,pi:0,bottle,0.7812,456.00,194.00,578.00,631.00,1.016,-13.849
2026-04-01T14:54:40.842Z,24.668,pi:0,bottle,0.4686,391.00,360.00,478.00,625.00,1.676,-16.360
2026-04-01T14:54:40.871Z,24.698,pi:0,bottle,0.7994,456.00,195.00,578.00,632.00,1.016,-13.849
2026-04-01T14:54:40.871Z,24.698,pi:0,bottle,0.4549,391.00,360.00,477.00,624.00,1.682,-16.375
2026-04-01T14:54:40.918Z,24.744,pi:0,bottle,0.7921,456.00,192.00,578.00,632.00,1.009,-13.849
2026-04-01T14:54:40.918Z,24.744,pi:0,bottle,0.4241,391.00,359.00,478.00,625.00,1.669,-16.360
2026-04-01T14:54:40.951Z,24.778,pi:0,bottle,0.7921,456.00,195.00,578.00,631.00,1.018,-13.849
2026-04-01T14:54:40.951Z,24.778,pi:0,bottle,0.4344,391.00,359.00,478.00,626.00,1.663,-16.360
2026-04-01T14:54:40.995Z,24.821,pi:0,bottle,0.7885,456.00,195.00,578.00,631.00,1.018,-13.849
2026-04-01T14:54:40.995Z,24.821,pi:0,bottle,0.4139,391.00,359.00,478.00,626.00,1.663,-16.360
2026-04-01T14:54:41.032Z,24.858,pi:0,bottle,0.7957,456.00,194.00,578.00,632.00,1.014,-13.849
2026-04-01T14:54:41.032Z,24.858,pi:0,bottle,0.4515,391.00,360.00,478.00,625.00,1.676,-16.360
2026-04-01T14:54:41.066Z,24.893,pi:0,bottle,0.7994,456.00,195.00,578.00,631.00,1.018,-13.849
2026-04-01T14:54:41.066Z,24.893,pi:0,bottle,0.4241,391.00,360.00,477.00,626.00,1.669,-16.375
2026-04-01T14:54:41.107Z,24.933,pi:0,bottle,0.7812,456.00,192.00,579.00,632.00,1.009,-13.834
2026-04-01T14:54:41.107Z,24.933,pi:0,bottle,0.4549,391.00,360.00,477.00,626.00,1.669,-16.375
2026-04-01T14:54:41.144Z,24.970,pi:0,bottle,0.7957,456.00,193.00,578.00,632.00,1.011,-13.849
2026-04-01T14:54:41.144Z,24.970,pi:0,bottle,0.4549,391.00,360.00,478.00,626.00,1.669,-16.360
2026-04-01T14:54:41.179Z,25.006,pi:0,bottle,0.7812,456.00,193.00,578.00,632.00,1.011,-13.849
2026-04-01T14:54:41.179Z,25.006,pi:0,bottle,0.4344,391.00,361.00,478.00,625.00,1.682,-16.360
2026-04-01T14:54:41.217Z,25.043,pi:0,bottle,0.7994,456.00,197.00,578.00,632.00,1.021,-13.849
2026-04-01T14:54:41.217Z,25.043,pi:0,bottle,0.4652,391.00,359.00,477.00,625.00,1.669,-16.375
2026-04-01T14:54:41.247Z,25.074,pi:0,bottle,0.7994,456.00,193.00,578.00,632.00,1.011,-13.849
2026-04-01T14:54:41.247Z,25.074,pi:0,bottle,0.4583,391.00,361.00,478.00,626.00,1.676,-16.360
2026-04-01T14:54:41.292Z,25.119,pi:0,bottle,0.7776,455.00,195.00,578.00,632.00,1.016,-13.865
2026-04-01T14:54:41.292Z,25.119,pi:0,bottle,0.4583,391.00,359.00,478.00,625.00,1.669,-16.360
2026-04-01T14:54:41.334Z,25.160,pi:0,bottle,0.7848,456.00,195.00,578.00,632.00,1.016,-13.849
2026-04-01T14:54:41.334Z,25.160,pi:0,bottle,0.4754,391.00,358.00,477.00,626.00,1.657,-16.375
2026-04-01T14:54:41.369Z,25.196,pi:0,bottle,0.7885,456.00,195.00,578.00,631.00,1.018,-13.849
2026-04-01T14:54:41.369Z,25.196,pi:0,bottle,0.4823,390.00,359.00,478.00,626.00,1.663,-16.375
2026-04-01T14:54:41.409Z,25.235,pi:0,bottle,0.7812,456.00,195.00,577.00,631.00,1.018,-13.865
2026-04-01T14:54:41.409Z,25.235,pi:0,bottle,0.4310,391.00,359.00,478.00,626.00,1.663,-16.360
2026-04-01T14:54:41.448Z,25.274,pi:0,bottle,0.7921,456.00,194.00,577.00,632.00,1.014,-13.865
2026-04-01T14:54:41.448Z,25.274,pi:0,bottle,0.4925,390.00,359.00,478.00,627.00,1.657,-16.375
2026-04-01T14:54:41.483Z,25.310,pi:0,bottle,0.7994,456.00,195.00,578.00,631.00,1.018,-13.849
2026-04-01T14:54:41.483Z,25.310,pi:0,bottle,0.4686,391.00,359.00,478.00,625.00,1.669,-16.360
2026-04-01T14:54:41.523Z,25.350,pi:0,bottle,0.7848,456.00,193.00,578.00,631.00,1.014,-13.849
2026-04-01T14:54:41.523Z,25.350,pi:0,bottle,0.4241,391.00,359.00,478.00,626.00,1.663,-16.360
2026-04-01T14:54:41.563Z,25.389,pi:0,bottle,0.7957,456.00,195.00,578.00,631.00,1.018,-13.849
2026-04-01T14:54:41.563Z,25.389,pi:0,bottle,0.4515,390.00,359.00,478.00,626.00,1.663,-16.375
2026-04-01T14:54:41.594Z,25.420,pi:0,bottle,0.7885,456.00,193.00,577.00,631.00,1.014,-13.865
2026-04-01T14:54:41.594Z,25.420,pi:0,bottle,0.4788,391.00,360.00,478.00,626.00,1.669,-16.360
2026-04-01T14:54:41.634Z,25.461,pi:0,bottle,0.7848,456.00,192.00,578.00,631.00,1.011,-13.849
2026-04-01T14:54:41.634Z,25.461,pi:0,bottle,0.4344,391.00,358.00,478.00,626.00,1.657,-16.360
2026-04-01T14:54:41.673Z,25.500,pi:0,bottle,0.8030,456.00,193.00,577.00,631.00,1.014,-13.865
2026-04-01T14:54:41.673Z,25.500,pi:0,bottle,0.4173,391.00,358.00,478.00,626.00,1.657,-16.360
2026-04-01T14:54:41.710Z,25.536,pi:0,bottle,0.7921,456.00,195.00,578.00,631.00,1.018,-13.849
2026-04-01T14:54:41.710Z,25.536,pi:0,bottle,0.3899,391.00,359.00,478.00,625.00,1.669,-16.360
2026-04-01T14:54:41.747Z,25.573,pi:0,bottle,0.7885,456.00,192.00,578.00,632.00,1.009,-13.849
2026-04-01T14:54:41.747Z,25.573,pi:0,bottle,0.4412,391.00,357.00,478.00,626.00,1.651,-16.360
2026-04-01T14:54:41.787Z,25.614,pi:0,bottle,0.7957,456.00,194.00,578.00,631.00,1.016,-13.849
2026-04-01T14:54:41.787Z,25.614,pi:0,bottle,0.4139,391.00,360.00,477.00,626.00,1.669,-16.375
2026-04-01T14:54:41.828Z,25.654,pi:0,bottle,0.7921,456.00,195.00,578.00,632.00,1.016,-13.849
2026-04-01T14:54:41.828Z,25.654,pi:0,bottle,0.4446,391.00,358.00,478.00,627.00,1.651,-16.360
2026-04-01T14:54:41.866Z,25.692,pi:0,bottle,0.7921,456.00,194.00,578.00,632.00,1.014,-13.849
2026-04-01T14:54:41.866Z,25.692,pi:0,bottle,0.4446,390.00,359.00,478.00,625.00,1.669,-16.375
2026-04-01T14:54:41.901Z,25.727,pi:0,bottle,0.7848,456.00,194.00,578.00,632.00,1.014,-13.849
2026-04-01T14:54:41.901Z,25.727,pi:0,bottle,0.4241,391.00,359.00,478.00,626.00,1.663,-16.360
2026-04-01T14:54:41.935Z,25.761,pi:0,bottle,0.7739,456.00,193.00,577.00,632.00,1.011,-13.865
2026-04-01T14:54:41.935Z,25.761,pi:0,bottle,0.4378,391.00,362.00,478.00,626.00,1.682,-16.360
2026-04-01T14:54:41.970Z,25.797,pi:0,bottle,0.8139,456.00,192.00,578.00,632.00,1.009,-13.849
2026-04-01T14:54:41.970Z,25.797,pi:0,bottle,0.4412,391.00,359.00,477.00,626.00,1.663,-16.375
2026-04-01T14:54:42.011Z,25.837,pi:0,bottle,0.7957,456.00,192.00,577.00,631.00,1.011,-13.865
2026-04-01T14:54:42.011Z,25.837,pi:0,bottle,0.4515,390.00,361.00,478.00,626.00,1.676,-16.375
2026-04-01T14:54:42.048Z,25.875,pi:0,bottle,0.7921,456.00,195.00,578.00,632.00,1.016,-13.849
2026-04-01T14:54:42.048Z,25.875,pi:0,bottle,0.4378,391.00,360.00,478.00,627.00,1.663,-16.360
2026-04-01T14:54:42.079Z,25.905,pi:0,bottle,0.7994,455.00,196.00,578.00,631.00,1.021,-13.865
2026-04-01T14:54:42.079Z,25.905,pi:0,bottle,0.4378,391.00,358.00,477.00,625.00,1.663,-16.375
2026-04-01T14:54:42.114Z,25.941,pi:0,bottle,0.7921,456.00,195.00,578.00,631.00,1.018,-13.849
2026-04-01T14:54:42.114Z,25.941,pi:0,bottle,0.4583,390.00,360.00,478.00,625.00,1.676,-16.375
2026-04-01T14:54:42.156Z,25.982,pi:0,bottle,0.7812,456.00,196.00,578.00,632.00,1.018,-13.849
2026-04-01T14:54:42.156Z,25.982,pi:0,bottle,0.4583,391.00,358.00,479.00,626.00,1.657,-16.345
2026-04-01T14:54:42.199Z,26.025,pi:0,bottle,0.8066,456.00,196.00,578.00,632.00,1.018,-13.849
2026-04-01T14:54:42.199Z,26.025,pi:0,bottle,0.4310,391.00,358.00,478.00,626.00,1.657,-16.360
2026-04-01T14:54:42.228Z,26.054,pi:0,bottle,0.7994,456.00,192.00,578.00,632.00,1.009,-13.849
2026-04-01T14:54:42.228Z,26.054,pi:0,bottle,0.4310,391.00,358.00,478.00,626.00,1.657,-16.360
2026-04-01T14:54:42.273Z,26.100,pi:0,bottle,0.7885,456.00,194.00,578.00,631.00,1.016,-13.849
2026-04-01T14:54:42.273Z,26.100,pi:0,bottle,0.4241,391.00,359.00,478.00,627.00,1.657,-16.360
2026-04-01T14:54:42.310Z,26.136,pi:0,bottle,0.7994,456.00,194.00,578.00,632.00,1.014,-13.849
2026-04-01T14:54:42.310Z,26.136,pi:0,bottle,0.4857,391.00,359.00,478.00,625.00,1.669,-16.360
2026-04-01T14:54:42.345Z,26.172,pi:0,bottle,0.8030,456.00,195.00,578.00,631.00,1.018,-13.849
2026-04-01T14:54:42.345Z,26.172,pi:0,bottle,0.4446,391.00,359.00,478.00,625.00,1.669,-16.360
2026-04-01T14:54:42.378Z,26.204,pi:0,bottle,0.7994,456.00,194.00,578.00,632.00,1.014,-13.849
2026-04-01T14:54:42.378Z,26.204,pi:0,bottle,0.3968,391.00,359.00,478.00,626.00,1.663,-16.360
2026-04-01T14:54:42.425Z,26.251,pi:0,bottle,0.7885,456.00,194.00,577.00,632.00,1.014,-13.865
2026-04-01T14:54:42.425Z,26.251,pi:0,bottle,0.4549,391.00,360.00,478.00,626.00,1.669,-16.360
2026-04-01T14:54:42.461Z,26.287,pi:0,bottle,0.7885,456.00,195.00,578.00,631.00,1.018,-13.849
2026-04-01T14:54:42.461Z,26.287,pi:0,bottle,0.4686,391.00,360.00,478.00,624.00,1.682,-16.360
2026-04-01T14:54:42.495Z,26.322,pi:0,bottle,0.7957,456.00,195.00,578.00,631.00,1.018,-13.849
2026-04-01T14:54:42.495Z,26.322,pi:0,bottle,0.4378,391.00,359.00,478.00,626.00,1.663,-16.360
2026-04-01T14:54:42.535Z,26.362,pi:0,bottle,0.7848,456.00,192.00,578.00,631.00,1.011,-13.849
2026-04-01T14:54:42.535Z,26.362,pi:0,bottle,0.3865,391.00,358.00,479.00,625.00,1.663,-16.345
2026-04-01T14:54:42.577Z,26.403,pi:0,bottle,0.7994,456.00,193.00,578.00,631.00,1.014,-13.849
2026-04-01T14:54:42.577Z,26.403,pi:0,bottle,0.4652,391.00,358.00,478.00,626.00,1.657,-16.360
2026-04-01T14:54:42.608Z,26.434,pi:0,bottle,0.7776,456.00,201.00,576.00,634.00,1.025,-13.880
2026-04-01T14:54:42.608Z,26.434,pi:0,bottle,0.3831,391.00,360.00,478.00,626.00,1.669,-16.360
2026-04-01T14:54:42.653Z,26.479,pi:0,bottle,0.7812,456.00,192.00,578.00,632.00,1.009,-13.849
2026-04-01T14:54:42.653Z,26.479,pi:0,bottle,0.3762,391.00,359.00,478.00,624.00,1.676,-16.360
2026-04-01T14:54:42.694Z,26.520,pi:0,bottle,0.7921,456.00,196.00,578.00,631.00,1.021,-13.849
2026-04-01T14:54:42.694Z,26.520,pi:0,bottle,0.3728,391.00,359.00,478.00,626.00,1.663,-16.360
2026-04-01T14:54:42.728Z,26.554,pi:0,bottle,0.7957,456.00,192.00,578.00,631.00,1.011,-13.849
2026-04-01T14:54:42.728Z,26.554,pi:0,bottle,0.4104,391.00,359.00,478.00,628.00,1.651,-16.360
2026-04-01T14:54:42.769Z,26.595,pi:0,bottle,0.7921,456.00,192.00,577.00,631.00,1.011,-13.865
2026-04-01T14:54:42.769Z,26.595,pi:0,bottle,0.4344,391.00,359.00,477.00,624.00,1.676,-16.375
2026-04-01T14:54:42.802Z,26.628,pi:0,bottle,0.7921,456.00,193.00,578.00,631.00,1.014,-13.849
2026-04-01T14:54:42.802Z,26.628,pi:0,bottle,0.3899,391.00,359.00,478.00,626.00,1.663,-16.360
2026-04-01T14:54:42.845Z,26.671,pi:0,bottle,0.7848,456.00,195.00,578.00,632.00,1.016,-13.849
2026-04-01T14:54:42.845Z,26.671,pi:0,bottle,0.4617,391.00,359.00,478.00,626.00,1.663,-16.360
2026-04-01T14:54:42.881Z,26.708,pi:0,bottle,0.7957,455.00,195.00,578.00,631.00,1.018,-13.865
2026-04-01T14:54:42.881Z,26.708,pi:0,bottle,0.4617,391.00,360.00,477.00,626.00,1.669,-16.375
2026-04-01T14:54:42.911Z,26.737,pi:0,bottle,0.7994,456.00,196.00,578.00,632.00,1.018,-13.849
2026-04-01T14:54:42.911Z,26.737,pi:0,bottle,0.4412,391.00,358.00,478.00,625.00,1.663,-16.360
2026-04-01T14:54:42.995Z,26.822,pi:0,bottle,0.7921,456.00,194.00,577.00,632.00,1.014,-13.865
2026-04-01T14:54:42.995Z,26.822,pi:0,bottle,0.4515,391.00,360.00,478.00,624.00,1.682,-16.360
2026-04-01T14:54:43.030Z,26.856,pi:0,bottle,0.7921,456.00,194.00,578.00,632.00,1.014,-13.849
2026-04-01T14:54:43.030Z,26.856,pi:0,bottle,0.4378,390.00,360.00,478.00,626.00,1.669,-16.375
2026-04-01T14:54:43.074Z,26.900,pi:0,bottle,0.7885,455.00,192.00,578.00,632.00,1.009,-13.865
2026-04-01T14:54:43.074Z,26.900,pi:0,bottle,0.4241,391.00,358.00,478.00,626.00,1.657,-16.360
2026-04-01T14:54:43.108Z,26.934,pi:0,bottle,0.8066,456.00,196.00,578.00,632.00,1.018,-13.849
2026-04-01T14:54:43.108Z,26.934,pi:0,bottle,0.4002,391.00,358.00,478.00,626.00,1.657,-16.360
2026-04-01T14:54:43.151Z,26.977,pi:0,bottle,0.7776,456.00,191.00,578.00,631.00,1.009,-13.849
2026-04-01T14:54:43.151Z,26.977,pi:0,bottle,0.4481,391.00,358.00,478.00,626.00,1.657,-16.360
2026-04-01T14:54:43.185Z,27.011,pi:0,bottle,0.7994,456.00,196.00,578.00,631.00,1.021,-13.849
2026-04-01T14:54:43.185Z,27.011,pi:0,bottle,0.4310,391.00,360.00,477.00,626.00,1.669,-16.375
2026-04-01T14:54:43.222Z,27.049,pi:0,bottle,0.7885,456.00,193.00,577.00,631.00,1.014,-13.865
2026-04-01T14:54:43.222Z,27.049,pi:0,bottle,0.3557,391.00,360.00,478.00,627.00,1.663,-16.360
2026-04-01T14:54:43.268Z,27.094,pi:0,bottle,0.7848,455.00,195.00,577.00,631.00,1.018,-13.880
2026-04-01T14:54:43.268Z,27.094,pi:0,bottle,0.3899,391.00,361.00,477.00,625.00,1.682,-16.375
2026-04-01T14:54:43.305Z,27.132,pi:0,bottle,0.7957,456.00,193.00,578.00,631.00,1.014,-13.849
2026-04-01T14:54:43.305Z,27.132,pi:0,bottle,0.4002,391.00,360.00,478.00,626.00,1.669,-16.360
2026-04-01T14:54:43.339Z,27.165,pi:0,bottle,0.7957,456.00,194.00,578.00,631.00,1.016,-13.849
2026-04-01T14:54:43.339Z,27.165,pi:0,bottle,0.4139,391.00,360.00,478.00,626.00,1.669,-16.360
2026-04-01T14:54:43.378Z,27.204,pi:0,bottle,0.7885,456.00,195.00,577.00,632.00,1.016,-13.865
2026-04-01T14:54:43.378Z,27.204,pi:0,bottle,0.4378,390.00,359.00,478.00,627.00,1.657,-16.375
2026-04-01T14:54:43.414Z,27.240,pi:0,bottle,0.7848,456.00,194.00,577.00,632.00,1.014,-13.865
2026-04-01T14:54:43.414Z,27.240,pi:0,bottle,0.4344,390.00,358.00,478.00,627.00,1.651,-16.375
2026-04-01T14:54:43.459Z,27.285,pi:0,bottle,0.7957,456.00,192.00,577.00,632.00,1.009,-13.865
2026-04-01T14:54:43.459Z,27.285,pi:0,bottle,0.4720,390.00,358.00,477.00,626.00,1.657,-16.390
2026-04-01T14:54:43.491Z,27.318,pi:0,bottle,0.7921,456.00,193.00,578.00,632.00,1.011,-13.849
2026-04-01T14:54:43.491Z,27.318,pi:0,bottle,0.4378,390.00,359.00,478.00,626.00,1.663,-16.375
2026-04-01T14:54:43.535Z,27.361,pi:0,bottle,0.7921,456.00,193.00,577.00,631.00,1.014,-13.865
2026-04-01T14:54:43.535Z,27.361,pi:0,bottle,0.4481,391.00,359.00,478.00,627.00,1.657,-16.360
2026-04-01T14:54:43.566Z,27.393,pi:0,bottle,0.7957,456.00,194.00,578.00,632.00,1.014,-13.849
2026-04-01T14:54:43.566Z,27.393,pi:0,bottle,0.4344,391.00,361.00,478.00,625.00,1.682,-16.360
2026-04-01T14:54:43.608Z,27.434,pi:0,bottle,0.8030,456.00,195.00,578.00,631.00,1.018,-13.849
2026-04-01T14:54:43.608Z,27.434,pi:0,bottle,0.4378,391.00,360.00,478.00,626.00,1.669,-16.360
2026-04-01T14:54:43.646Z,27.473,pi:0,bottle,0.7957,456.00,192.00,578.00,631.00,1.011,-13.849
2026-04-01T14:54:43.646Z,27.473,pi:0,bottle,0.4481,391.00,360.00,477.00,624.00,1.682,-16.375
2026-04-01T14:54:43.680Z,27.506,pi:0,bottle,0.7921,455.00,196.00,578.00,632.00,1.018,-13.865
2026-04-01T14:54:43.680Z,27.506,pi:0,bottle,0.4287,390.00,359.00,478.00,631.00,1.632,-16.375
2026-04-01T14:54:43.716Z,27.543,pi:0,bottle,0.7994,456.00,195.00,578.00,631.00,1.018,-13.849
2026-04-01T14:54:43.716Z,27.543,pi:0,bottle,0.4070,391.00,359.00,478.00,628.00,1.651,-16.360
2026-04-01T14:54:43.754Z,27.581,pi:0,bottle,0.7776,456.00,201.00,576.00,631.00,1.033,-13.880
2026-04-01T14:54:43.754Z,27.581,pi:0,bottle,0.4310,391.00,359.00,478.00,625.00,1.669,-16.360
2026-04-01T14:54:43.792Z,27.619,pi:0,bottle,0.7921,456.00,192.00,578.00,632.00,1.009,-13.849
2026-04-01T14:54:43.792Z,27.619,pi:0,bottle,0.4378,391.00,360.00,478.00,626.00,1.669,-16.360
2026-04-01T14:54:43.860Z,27.686,pi:0,bottle,0.7921,456.00,196.00,577.00,631.00,1.021,-13.865
2026-04-01T14:54:43.860Z,27.686,pi:0,bottle,0.4378,391.00,358.00,478.00,626.00,1.657,-16.360
2026-04-01T14:54:43.892Z,27.719,pi:0,bottle,0.7703,456.00,195.00,578.00,631.00,1.018,-13.849
2026-04-01T14:54:43.892Z,27.719,pi:0,bottle,0.4139,391.00,360.00,478.00,626.00,1.669,-16.360
2026-04-01T14:54:43.926Z,27.752,pi:0,bottle,0.7921,456.00,195.00,578.00,631.00,1.018,-13.849
2026-04-01T14:54:43.926Z,27.752,pi:0,bottle,0.3933,391.00,359.00,478.00,625.00,1.669,-16.360
2026-04-01T14:54:43.963Z,27.789,pi:0,bottle,0.7994,456.00,194.00,578.00,632.00,1.014,-13.849
2026-04-01T14:54:43.963Z,27.789,pi:0,bottle,0.4378,391.00,359.00,478.00,625.00,1.669,-16.360
2026-04-01T14:54:43.990Z,27.817,pi:0,bottle,0.7957,455.00,192.00,578.00,632.00,1.009,-13.865
2026-04-01T14:54:43.990Z,27.817,pi:0,bottle,0.4139,391.00,358.00,478.00,626.00,1.657,-16.360
2026-04-01T14:54:44.023Z,27.850,pi:0,bottle,0.7848,456.00,195.00,578.00,632.00,1.016,-13.849
2026-04-01T14:54:44.023Z,27.850,pi:0,bottle,0.3997,390.00,358.00,480.00,631.00,1.626,-16.345
2026-04-01T14:54:44.059Z,27.886,pi:0,bottle,0.7848,456.00,194.00,577.00,631.00,1.016,-13.865
2026-04-01T14:54:44.059Z,27.886,pi:0,bottle,0.4412,391.00,359.00,478.00,626.00,1.663,-16.360
2026-04-01T14:54:44.099Z,27.925,pi:0,bottle,0.7739,455.00,195.00,578.00,631.00,1.018,-13.865
2026-04-01T14:54:44.099Z,27.925,pi:0,bottle,0.4207,391.00,358.00,479.00,625.00,1.663,-16.345
2026-04-01T14:54:44.137Z,27.963,pi:0,bottle,0.7812,456.00,192.00,577.00,632.00,1.009,-13.865
2026-04-01T14:54:44.137Z,27.963,pi:0,bottle,0.4788,391.00,360.00,478.00,625.00,1.676,-16.360
2026-04-01T14:54:44.174Z,28.001,pi:0,bottle,0.7921,456.00,194.00,578.00,631.00,1.016,-13.849
2026-04-01T14:54:44.174Z,28.001,pi:0,bottle,0.4173,391.00,358.00,477.00,626.00,1.657,-16.375
2026-04-01T14:54:44.208Z,28.038,pi:0,bottle,0.7885,456.00,193.00,578.00,632.00,1.011,-13.849
2026-04-01T14:54:44.208Z,28.038,pi:0,bottle,0.4617,391.00,359.00,478.00,625.00,1.669,-16.360
2026-04-01T14:54:44.247Z,28.073,pi:0,bottle,0.7921,456.00,194.00,578.00,632.00,1.014,-13.849
2026-04-01T14:54:44.247Z,28.073,pi:0,bottle,0.3796,391.00,359.00,478.00,625.00,1.669,-16.360
2026-04-01T14:54:44.289Z,28.115,pi:0,bottle,0.8066,456.00,193.00,578.00,632.00,1.011,-13.849
2026-04-01T14:54:44.289Z,28.115,pi:0,bottle,0.4378,391.00,358.00,478.00,626.00,1.657,-16.360
2026-04-01T14:54:44.328Z,28.154,pi:0,bottle,0.7957,456.00,192.00,577.00,631.00,1.011,-13.865
2026-04-01T14:54:44.328Z,28.154,pi:0,bottle,0.3933,391.00,359.00,478.00,625.00,1.669,-16.360
2026-04-01T14:54:44.366Z,28.192,pi:0,bottle,0.7921,456.00,194.00,578.00,631.00,1.016,-13.849
2026-04-01T14:54:44.366Z,28.192,pi:0,bottle,0.4344,390.00,358.00,478.00,625.00,1.663,-16.375
2026-04-01T14:54:44.404Z,28.231,pi:0,bottle,0.7994,456.00,194.00,578.00,632.00,1.014,-13.849
2026-04-01T14:54:44.404Z,28.231,pi:0,bottle,0.4481,391.00,359.00,478.00,625.00,1.669,-16.360
2026-04-01T14:54:44.435Z,28.261,pi:0,bottle,0.7776,456.00,192.00,578.00,631.00,1.011,-13.849
2026-04-01T14:54:44.435Z,28.261,pi:0,bottle,0.4652,391.00,359.00,478.00,626.00,1.663,-16.360
2026-04-01T14:54:44.486Z,28.313,pi:0,bottle,0.7957,456.00,192.00,578.00,632.00,1.009,-13.849
2026-04-01T14:54:44.486Z,28.313,pi:0,bottle,0.4275,391.00,359.00,478.00,626.00,1.663,-16.360
2026-04-01T14:54:44.527Z,28.354,pi:0,bottle,0.7994,456.00,194.00,578.00,631.00,1.016,-13.849
2026-04-01T14:54:44.527Z,28.354,pi:0,bottle,0.4481,391.00,359.00,478.00,626.00,1.663,-16.360
2026-04-01T14:54:44.566Z,28.393,pi:0,bottle,0.7848,456.00,194.00,578.00,632.00,1.014,-13.849
2026-04-01T14:54:44.566Z,28.393,pi:0,bottle,0.4275,391.00,359.00,478.00,626.00,1.663,-16.360
2026-04-01T14:54:44.603Z,28.429,pi:0,bottle,0.7776,456.00,195.00,578.00,632.00,1.016,-13.849
2026-04-01T14:54:44.603Z,28.429,pi:0,bottle,0.4754,391.00,359.00,479.00,625.00,1.669,-16.345
2026-04-01T14:54:44.640Z,28.467,pi:0,bottle,0.7885,456.00,192.00,577.00,632.00,1.009,-13.865
2026-04-01T14:54:44.640Z,28.467,pi:0,bottle,0.4857,391.00,358.00,478.00,626.00,1.657,-16.360
2026-04-01T14:54:44.679Z,28.505,pi:0,bottle,0.7848,456.00,192.00,578.00,632.00,1.009,-13.849
2026-04-01T14:54:44.679Z,28.505,pi:0,bottle,0.4378,391.00,359.00,479.00,626.00,1.663,-16.345
2026-04-01T14:54:44.718Z,28.544,pi:0,bottle,0.8030,457.00,195.00,578.00,632.00,1.016,-13.834
2026-04-01T14:54:44.718Z,28.544,pi:0,bottle,0.4446,391.00,358.00,478.00,626.00,1.657,-16.360
2026-04-01T14:54:44.753Z,28.579,pi:0,bottle,0.7848,456.00,193.00,578.00,632.00,1.011,-13.849
2026-04-01T14:54:44.753Z,28.579,pi:0,bottle,0.4788,391.00,359.00,478.00,626.00,1.663,-16.360
2026-04-01T14:54:44.791Z,28.618,pi:0,bottle,0.7885,456.00,194.00,578.00,632.00,1.014,-13.849
2026-04-01T14:54:44.791Z,28.618,pi:0,bottle,0.4823,391.00,359.00,478.00,627.00,1.657,-16.360
2026-04-01T14:54:44.827Z,28.653,pi:0,bottle,0.7776,456.00,192.00,578.00,631.00,1.011,-13.849
2026-04-01T14:54:44.827Z,28.653,pi:0,bottle,0.4959,391.00,361.00,477.00,626.00,1.676,-16.375
2026-04-01T14:54:44.868Z,28.694,pi:0,bottle,0.7885,456.00,191.00,578.00,631.00,1.009,-13.849
2026-04-01T14:54:44.868Z,28.694,pi:0,bottle,0.4002,391.00,360.00,478.00,627.00,1.663,-16.360
2026-04-01T14:54:44.909Z,28.735,pi:0,bottle,0.7776,456.00,193.00,578.00,632.00,1.011,-13.849
2026-04-01T14:54:44.909Z,28.735,pi:0,bottle,0.4549,391.00,360.00,478.00,626.00,1.669,-16.360
2026-04-01T14:54:44.953Z,28.780,pi:0,bottle,0.7776,455.00,194.00,578.00,632.00,1.014,-13.865
2026-04-01T14:54:44.953Z,28.780,pi:0,bottle,0.4481,391.00,359.00,477.00,626.00,1.663,-16.375
2026-04-01T14:54:44.989Z,28.816,pi:0,bottle,0.7812,456.00,192.00,578.00,632.00,1.009,-13.849
2026-04-01T14:54:44.989Z,28.816,pi:0,bottle,0.4070,392.00,360.00,478.00,625.00,1.676,-16.345
2026-04-01T14:54:45.020Z,28.847,pi:0,bottle,0.7776,456.00,192.00,578.00,631.00,1.011,-13.849
2026-04-01T14:54:45.020Z,28.847,pi:0,bottle,0.4378,391.00,359.00,478.00,627.00,1.657,-16.360
2026-04-01T14:54:45.068Z,28.894,pi:0,bottle,0.7921,456.00,194.00,578.00,632.00,1.014,-13.849
2026-04-01T14:54:45.068Z,28.894,pi:0,bottle,0.4686,391.00,359.00,478.00,626.00,1.663,-16.360
2026-04-01T14:54:45.103Z,28.930,pi:0,bottle,0.7776,456.00,193.00,578.00,632.00,1.011,-13.849
2026-04-01T14:54:45.103Z,28.930,pi:0,bottle,0.4070,391.00,359.00,478.00,625.00,1.669,-16.360
2026-04-01T14:54:45.146Z,28.973,pi:0,bottle,0.7848,456.00,194.00,579.00,631.00,1.016,-13.834
2026-04-01T14:54:45.146Z,28.973,pi:0,bottle,0.4344,391.00,358.00,478.00,626.00,1.657,-16.360
2026-04-01T14:54:45.181Z,29.008,pi:0,bottle,0.7739,455.00,192.00,577.00,632.00,1.009,-13.880
2026-04-01T14:54:45.181Z,29.008,pi:0,bottle,0.4583,392.00,359.00,478.00,626.00,1.663,-16.345
2026-04-01T14:54:45.221Z,29.047,pi:0,bottle,0.7885,456.00,194.00,578.00,631.00,1.016,-13.849
2026-04-01T14:54:45.221Z,29.047,pi:0,bottle,0.4173,391.00,357.00,478.00,626.00,1.651,-16.360
2026-04-01T14:54:45.255Z,29.081,pi:0,bottle,0.7921,456.00,192.00,578.00,631.00,1.011,-13.849
2026-04-01T14:54:45.255Z,29.081,pi:0,bottle,0.4823,391.00,359.00,478.00,626.00,1.663,-16.360
2026-04-01T14:54:45.291Z,29.117,pi:0,bottle,0.7994,456.00,193.00,578.00,631.00,1.014,-13.849
2026-04-01T14:54:45.291Z,29.117,pi:0,bottle,0.4378,391.00,360.00,478.00,626.00,1.669,-16.360
2026-04-01T14:54:45.335Z,29.162,pi:0,bottle,0.7812,456.00,192.00,578.00,632.00,1.009,-13.849
2026-04-01T14:54:45.335Z,29.162,pi:0,bottle,0.4446,391.00,358.00,478.00,625.00,1.663,-16.360
2026-04-01T14:54:45.370Z,29.196,pi:0,bottle,0.7812,455.00,200.00,577.00,634.00,1.023,-13.880
2026-04-01T14:54:45.370Z,29.196,pi:0,bottle,0.4139,391.00,358.00,478.00,624.00,1.669,-16.360
2026-04-01T14:54:45.403Z,29.229,pi:0,bottle,0.7848,456.00,192.00,578.00,631.00,1.011,-13.849
2026-04-01T14:54:45.403Z,29.229,pi:0,bottle,0.4481,391.00,358.00,478.00,626.00,1.657,-16.360
2026-04-01T14:54:45.443Z,29.269,pi:0,bottle,0.7667,456.00,194.00,577.00,632.00,1.014,-13.865
2026-04-01T14:54:45.443Z,29.269,pi:0,bottle,0.4823,391.00,358.00,477.00,625.00,1.663,-16.375
2026-04-01T14:54:45.485Z,29.312,pi:0,bottle,0.7885,456.00,192.00,578.00,631.00,1.011,-13.849
2026-04-01T14:54:45.485Z,29.312,pi:0,bottle,0.4583,391.00,360.00,477.00,626.00,1.669,-16.375
2026-04-01T14:54:45.524Z,29.350,pi:0,bottle,0.7812,456.00,193.00,578.00,632.00,1.011,-13.849
2026-04-01T14:54:45.524Z,29.350,pi:0,bottle,0.4720,391.00,358.00,478.00,624.00,1.669,-16.360
2026-04-01T14:54:45.562Z,29.388,pi:0,bottle,0.7812,456.00,191.00,578.00,632.00,1.007,-13.849
2026-04-01T14:54:45.562Z,29.388,pi:0,bottle,0.5096,391.00,358.00,477.00,624.00,1.669,-16.375
2026-04-01T14:54:45.598Z,29.424,pi:0,bottle,0.7885,456.00,193.00,578.00,631.00,1.014,-13.849
2026-04-01T14:54:45.598Z,29.424,pi:0,bottle,0.4617,391.00,360.00,477.00,626.00,1.669,-16.375
2026-04-01T14:54:45.636Z,29.462,pi:0,bottle,0.7848,455.00,192.00,577.00,631.00,1.011,-13.880
2026-04-01T14:54:45.636Z,29.462,pi:0,bottle,0.4857,391.00,358.00,477.00,624.00,1.669,-16.375
2026-04-01T14:54:45.666Z,29.493,pi:0,bottle,0.7921,456.00,191.00,578.00,631.00,1.009,-13.849
2026-04-01T14:54:45.666Z,29.493,pi:0,bottle,0.4720,391.00,359.00,478.00,626.00,1.663,-16.360
2026-04-01T14:54:45.705Z,29.532,pi:0,bottle,0.7848,456.00,193.00,577.00,631.00,1.014,-13.865
2026-04-01T14:54:45.705Z,29.532,pi:0,bottle,0.4173,391.00,358.00,477.00,627.00,1.651,-16.375
2026-04-01T14:54:45.738Z,29.564,pi:0,bottle,0.7812,455.00,192.00,578.00,632.00,1.009,-13.865
2026-04-01T14:54:45.738Z,29.564,pi:0,bottle,0.4515,391.00,359.00,476.00,625.00,1.669,-16.390
2026-04-01T14:54:45.776Z,29.603,pi:0,bottle,0.7812,456.00,193.00,578.00,632.00,1.011,-13.849
2026-04-01T14:54:45.776Z,29.603,pi:0,bottle,0.4396,391.00,360.00,478.00,632.00,1.632,-16.360
2026-04-01T14:54:45.812Z,29.639,pi:0,bottle,0.7848,456.00,196.00,579.00,631.00,1.021,-13.834
2026-04-01T14:54:45.812Z,29.639,pi:0,bottle,0.4652,391.00,360.00,478.00,625.00,1.676,-16.360
2026-04-01T14:54:45.851Z,29.677,pi:0,bottle,0.7885,456.00,192.00,578.00,632.00,1.009,-13.849
2026-04-01T14:54:45.851Z,29.677,pi:0,bottle,0.4583,391.00,359.00,477.00,626.00,1.663,-16.375
2026-04-01T14:54:45.887Z,29.713,pi:0,bottle,0.7667,456.00,193.00,578.00,631.00,1.014,-13.849
2026-04-01T14:54:45.887Z,29.713,pi:0,bottle,0.4583,391.00,360.00,478.00,626.00,1.669,-16.360
2026-04-01T14:54:45.924Z,29.750,pi:0,bottle,0.7812,456.00,196.00,577.00,632.00,1.018,-13.865
2026-04-01T14:54:45.924Z,29.750,pi:0,bottle,0.4583,391.00,358.00,478.00,626.00,1.657,-16.360
2026-04-01T14:54:45.963Z,29.789,pi:0,bottle,0.7739,456.00,193.00,578.00,632.00,1.011,-13.849
2026-04-01T14:54:45.963Z,29.789,pi:0,bottle,0.4583,391.00,360.00,477.00,626.00,1.669,-16.375
2026-04-01T14:54:46.003Z,29.829,pi:0,bottle,0.7776,456.00,193.00,578.00,631.00,1.014,-13.849
2026-04-01T14:54:46.003Z,29.829,pi:0,bottle,0.4515,391.00,359.00,478.00,626.00,1.663,-16.360
2026-04-01T14:54:46.039Z,29.866,pi:0,bottle,0.7776,456.00,192.00,578.00,631.00,1.011,-13.849
2026-04-01T14:54:46.039Z,29.866,pi:0,bottle,0.4324,391.00,360.00,478.00,630.00,1.645,-16.360
2026-04-01T14:54:46.079Z,29.905,pi:0,bottle,0.7812,456.00,193.00,578.00,631.00,1.014,-13.849
2026-04-01T14:54:46.079Z,29.905,pi:0,bottle,0.4433,391.00,360.00,477.00,631.00,1.638,-16.375
2026-04-01T14:54:46.121Z,29.947,pi:0,bottle,0.7848,456.00,193.00,578.00,632.00,1.011,-13.849
2026-04-01T14:54:46.121Z,29.947,pi:0,bottle,0.4275,391.00,359.00,478.00,627.00,1.657,-16.360
2026-04-01T14:54:46.150Z,29.977,pi:0,bottle,0.7630,457.00,203.00,576.00,631.00,1.037,-13.865
2026-04-01T14:54:46.150Z,29.977,pi:0,bottle,0.4578,391.00,361.00,478.00,632.00,1.638,-16.360
2026-04-01T14:54:46.192Z,30.018,pi:0,bottle,0.7739,456.00,193.00,578.00,631.00,1.014,-13.849
2026-04-01T14:54:46.192Z,30.018,pi:0,bottle,0.4433,390.00,360.00,478.00,632.00,1.632,-16.375
2026-04-01T14:54:46.238Z,30.064,pi:0,bottle,0.7957,456.00,194.00,578.00,631.00,1.016,-13.849
2026-04-01T14:54:46.238Z,30.064,pi:0,bottle,0.4446,391.00,360.00,477.00,626.00,1.669,-16.375
2026-04-01T14:54:46.273Z,30.100,pi:0,bottle,0.7848,456.00,191.00,577.00,631.00,1.009,-13.865
2026-04-01T14:54:46.273Z,30.100,pi:0,bottle,0.4275,391.00,360.00,478.00,626.00,1.669,-16.360
2026-04-01T14:54:46.308Z,30.135,pi:0,bottle,0.7739,456.00,194.00,578.00,631.00,1.016,-13.849
2026-04-01T14:54:46.308Z,30.135,pi:0,bottle,0.3960,391.00,362.00,478.00,631.00,1.651,-16.360
2026-04-01T14:54:46.350Z,30.176,pi:0,bottle,0.7812,456.00,194.00,578.00,632.00,1.014,-13.849
2026-04-01T14:54:46.350Z,30.176,pi:0,bottle,0.4652,391.00,359.00,477.00,626.00,1.663,-16.375
2026-04-01T14:54:46.382Z,30.208,pi:0,bottle,0.7703,456.00,194.00,578.00,632.00,1.014,-13.849
2026-04-01T14:54:46.382Z,30.208,pi:0,bottle,0.4542,390.00,361.00,478.00,632.00,1.638,-16.375
2026-04-01T14:54:46.430Z,30.257,pi:0,bottle,0.7921,456.00,194.00,578.00,631.00,1.016,-13.849
2026-04-01T14:54:46.430Z,30.257,pi:0,bottle,0.4687,390.00,359.00,478.00,631.00,1.632,-16.375
2026-04-01T14:54:46.463Z,30.289,pi:0,bottle,0.7667,456.00,193.00,578.00,632.00,1.011,-13.849
2026-04-01T14:54:46.463Z,30.289,pi:0,bottle,0.4310,391.00,360.00,478.00,626.00,1.669,-16.360
2026-04-01T14:54:46.504Z,30.330,pi:0,bottle,0.7703,456.00,195.00,578.00,632.00,1.016,-13.849
2026-04-01T14:54:46.504Z,30.330,pi:0,bottle,0.4241,391.00,360.00,478.00,626.00,1.669,-16.360
2026-04-01T14:54:46.543Z,30.369,pi:0,bottle,0.7848,456.00,194.00,578.00,632.00,1.014,-13.849
2026-04-01T14:54:46.543Z,30.369,pi:0,bottle,0.4412,391.00,357.00,478.00,626.00,1.651,-16.360
2026-04-01T14:54:46.577Z,30.404,pi:0,bottle,0.7812,456.00,194.00,578.00,631.00,1.016,-13.849
2026-04-01T14:54:46.577Z,30.404,pi:0,bottle,0.4433,391.00,359.00,478.00,632.00,1.626,-16.360
2026-04-01T14:54:46.615Z,30.442,pi:0,bottle,0.7885,456.00,194.00,578.00,631.00,1.016,-13.849
2026-04-01T14:54:46.615Z,30.442,pi:0,bottle,0.4215,391.00,359.00,478.00,631.00,1.632,-16.360
2026-04-01T14:54:46.659Z,30.485,pi:0,bottle,0.7885,456.00,193.00,578.00,632.00,1.011,-13.849
2026-04-01T14:54:46.659Z,30.485,pi:0,bottle,0.4207,391.00,360.00,478.00,626.00,1.669,-16.360
2026-04-01T14:54:46.697Z,30.523,pi:0,bottle,0.7776,456.00,192.00,578.00,632.00,1.009,-13.849
2026-04-01T14:54:46.697Z,30.523,pi:0,bottle,0.4215,391.00,361.00,478.00,632.00,1.638,-16.360
2026-04-01T14:54:46.737Z,30.563,pi:0,bottle,0.7921,456.00,193.00,578.00,632.00,1.011,-13.849
2026-04-01T14:54:46.737Z,30.563,pi:0,bottle,0.4360,391.00,359.00,478.00,632.00,1.626,-16.360
2026-04-01T14:54:46.779Z,30.605,pi:0,bottle,0.7885,456.00,192.00,578.00,631.00,1.011,-13.849
2026-04-01T14:54:46.779Z,30.605,pi:0,bottle,0.4104,391.00,359.00,478.00,626.00,1.663,-16.360
2026-04-01T14:54:46.816Z,30.643,pi:0,bottle,0.7812,456.00,192.00,578.00,631.00,1.011,-13.849
2026-04-01T14:54:46.816Z,30.643,pi:0,bottle,0.4139,391.00,358.00,478.00,627.00,1.651,-16.360
2026-04-01T14:54:46.849Z,30.676,pi:0,bottle,0.7848,456.00,192.00,578.00,632.00,1.009,-13.849
2026-04-01T14:54:46.849Z,30.676,pi:0,bottle,0.4652,392.00,359.00,478.00,627.00,1.657,-16.345
2026-04-01T14:54:46.889Z,30.715,pi:0,bottle,0.7703,456.00,195.00,578.00,631.00,1.018,-13.849
2026-04-01T14:54:46.889Z,30.715,pi:0,bottle,0.4542,391.00,354.00,480.00,632.00,1.597,-16.330
2026-04-01T14:54:46.922Z,30.748,pi:0,bottle,0.7739,456.00,195.00,579.00,632.00,1.016,-13.834
2026-04-01T14:54:46.922Z,30.748,pi:0,bottle,0.4106,391.00,359.00,478.00,632.00,1.626,-16.360
2026-04-01T14:54:46.962Z,30.788,pi:0,bottle,0.7630,456.00,200.00,576.00,631.00,1.030,-13.880
2026-04-01T14:54:46.962Z,30.788,pi:0,bottle,0.4139,391.00,358.00,478.00,626.00,1.657,-16.360
2026-04-01T14:54:47.004Z,30.831,pi:0,bottle,0.7848,456.00,191.00,578.00,631.00,1.009,-13.849
2026-04-01T14:54:47.004Z,30.831,pi:0,bottle,0.3831,391.00,358.00,479.00,626.00,1.657,-16.345
2026-04-01T14:54:47.034Z,30.860,pi:0,bottle,0.7739,456.00,192.00,578.00,632.00,1.009,-13.849
2026-04-01T14:54:47.034Z,30.860,pi:0,bottle,0.4142,391.00,360.00,478.00,632.00,1.632,-16.360
2026-04-01T14:54:47.075Z,30.901,pi:0,bottle,0.7703,456.00,205.00,576.00,631.00,1.042,-13.880
2026-04-01T14:54:47.075Z,30.901,pi:0,bottle,0.4505,390.00,354.00,480.00,632.00,1.597,-16.345
2026-04-01T14:54:47.111Z,30.937,pi:0,bottle,0.7812,456.00,192.00,578.00,632.00,1.009,-13.849
2026-04-01T14:54:47.111Z,30.937,pi:0,bottle,0.4324,391.00,361.00,478.00,631.00,1.645,-16.360
2026-04-01T14:54:47.147Z,30.973,pi:0,bottle,0.7776,456.00,192.00,578.00,632.00,1.009,-13.849
2026-04-01T14:54:47.147Z,30.973,pi:0,bottle,0.4207,391.00,358.00,478.00,624.00,1.669,-16.360
2026-04-01T14:54:47.191Z,31.017,pi:0,bottle,0.7739,456.00,192.00,578.00,632.00,1.009,-13.849
2026-04-01T14:54:47.191Z,31.017,pi:0,bottle,0.4446,390.00,360.00,478.00,626.00,1.669,-16.375
2026-04-01T14:54:47.244Z,31.070,pi:0,bottle,0.7812,456.00,193.00,578.00,632.00,1.011,-13.849
2026-04-01T14:54:47.244Z,31.070,pi:0,bottle,0.4215,391.00,360.00,478.00,631.00,1.638,-16.360
2026-04-01T14:54:47.270Z,31.096,pi:0,bottle,0.7776,456.00,192.00,578.00,632.00,1.009,-13.849
2026-04-01T14:54:47.270Z,31.096,pi:0,bottle,0.4542,391.00,359.00,478.00,631.00,1.632,-16.360
2026-04-01T14:54:47.307Z,31.134,pi:0,bottle,0.7776,456.00,194.00,578.00,631.00,1.016,-13.849
2026-04-01T14:54:47.307Z,31.134,pi:0,bottle,0.4378,391.00,361.00,478.00,625.00,1.682,-16.360
2026-04-01T14:54:47.342Z,31.168,pi:0,bottle,0.7885,456.00,191.00,578.00,632.00,1.007,-13.849
2026-04-01T14:54:47.342Z,31.168,pi:0,bottle,0.4515,391.00,360.00,479.00,626.00,1.669,-16.345
2026-04-01T14:54:47.383Z,31.209,pi:0,bottle,0.7812,456.00,192.00,577.00,631.00,1.011,-13.865
2026-04-01T14:54:47.383Z,31.209,pi:0,bottle,0.4360,390.00,361.00,478.00,632.00,1.638,-16.375
2026-04-01T14:54:47.413Z,31.240,pi:0,bottle,0.7812,456.00,193.00,578.00,631.00,1.014,-13.849
2026-04-01T14:54:47.413Z,31.240,pi:0,bottle,0.4446,391.00,360.00,478.00,626.00,1.669,-16.360
2026-04-01T14:54:47.455Z,31.281,pi:0,bottle,0.7812,455.00,190.00,578.00,632.00,1.005,-13.865
2026-04-01T14:54:47.455Z,31.281,pi:0,bottle,0.4505,391.00,354.00,480.00,632.00,1.597,-16.330
2026-04-01T14:54:47.493Z,31.319,pi:0,bottle,0.7739,456.00,192.00,578.00,632.00,1.009,-13.849
2026-04-01T14:54:47.493Z,31.319,pi:0,bottle,0.4505,391.00,358.00,478.00,631.00,1.626,-16.360
2026-04-01T14:54:47.534Z,31.361,pi:0,bottle,0.7703,456.00,195.00,578.00,632.00,1.016,-13.849
2026-04-01T14:54:47.534Z,31.361,pi:0,bottle,0.4412,391.00,358.00,478.00,628.00,1.645,-16.360
2026-04-01T14:54:47.566Z,31.392,pi:0,bottle,0.7994,456.00,192.00,578.00,632.00,1.009,-13.849
2026-04-01T14:54:47.566Z,31.392,pi:0,bottle,0.4481,391.00,360.00,478.00,626.00,1.669,-16.360
2026-04-01T14:54:47.610Z,31.438,pi:0,bottle,0.7921,456.00,192.00,578.00,631.00,1.011,-13.849
2026-04-01T14:54:47.610Z,31.438,pi:0,bottle,0.4433,391.00,359.00,478.00,631.00,1.632,-16.360
2026-04-01T14:54:47.644Z,31.470,pi:0,bottle,0.7739,456.00,192.00,579.00,632.00,1.009,-13.834
2026-04-01T14:54:47.644Z,31.470,pi:0,bottle,0.4505,391.00,360.00,477.00,631.00,1.638,-16.375
2026-04-01T14:54:47.679Z,31.506,pi:0,bottle,0.7776,456.00,192.00,578.00,632.00,1.009,-13.849
2026-04-01T14:54:47.679Z,31.506,pi:0,bottle,0.4378,390.00,359.00,479.00,627.00,1.657,-16.360
2026-04-01T14:54:47.719Z,31.545,pi:0,bottle,0.7848,456.00,192.00,578.00,633.00,1.007,-13.849
2026-04-01T14:54:47.719Z,31.545,pi:0,bottle,0.4446,391.00,360.00,478.00,626.00,1.669,-16.360
2026-04-01T14:54:47.756Z,31.582,pi:0,bottle,0.7885,456.00,191.00,578.00,632.00,1.007,-13.849
2026-04-01T14:54:47.756Z,31.582,pi:0,bottle,0.4549,391.00,359.00,479.00,626.00,1.663,-16.345
2026-04-01T14:54:47.804Z,31.630,pi:0,bottle,0.7739,456.00,192.00,578.00,631.00,1.011,-13.849
2026-04-01T14:54:47.804Z,31.630,pi:0,bottle,0.4542,390.00,357.00,478.00,631.00,1.621,-16.375
2026-04-01T14:54:47.843Z,31.669,pi:0,bottle,0.7921,456.00,195.00,576.00,633.00,1.014,-13.880
2026-04-01T14:54:47.843Z,31.669,pi:0,bottle,0.4241,391.00,360.00,478.00,627.00,1.663,-16.360
2026-04-01T14:54:47.881Z,31.707,pi:0,bottle,0.7776,456.00,192.00,578.00,631.00,1.011,-13.849
2026-04-01T14:54:47.881Z,31.707,pi:0,bottle,0.3968,391.00,359.00,478.00,626.00,1.663,-16.360
2026-04-01T14:54:47.910Z,31.737,pi:0,bottle,0.7739,456.00,192.00,578.00,632.00,1.009,-13.849
2026-04-01T14:54:47.910Z,31.737,pi:0,bottle,0.4207,391.00,360.00,479.00,625.00,1.676,-16.345
2026-04-01T14:54:47.956Z,31.782,pi:0,bottle,0.7776,456.00,191.00,578.00,632.00,1.007,-13.849
2026-04-01T14:54:47.956Z,31.782,pi:0,bottle,0.4720,391.00,359.00,477.00,626.00,1.663,-16.375
2026-04-01T14:54:47.990Z,31.816,pi:0,bottle,0.7739,456.00,191.00,578.00,631.00,1.009,-13.849
2026-04-01T14:54:47.990Z,31.816,pi:0,bottle,0.3706,391.00,359.00,478.00,632.00,1.626,-16.360
2026-04-01T14:54:48.033Z,31.860,pi:0,bottle,0.7885,457.00,193.00,578.00,631.00,1.014,-13.834
2026-04-01T14:54:48.033Z,31.860,pi:0,bottle,0.4310,391.00,360.00,479.00,626.00,1.669,-16.345
2026-04-01T14:54:48.068Z,31.894,pi:0,bottle,0.7776,456.00,192.00,578.00,631.00,1.011,-13.849
2026-04-01T14:54:48.068Z,31.894,pi:0,bottle,0.3706,390.00,361.00,480.00,631.00,1.645,-16.345
2026-04-01T14:54:48.108Z,31.934,pi:0,bottle,0.7848,456.00,192.00,578.00,632.00,1.009,-13.849
2026-04-01T14:54:48.108Z,31.934,pi:0,bottle,0.4469,391.00,361.00,478.00,631.00,1.645,-16.360
2026-04-01T14:54:48.136Z,31.963,pi:0,bottle,0.7703,456.00,190.00,578.00,632.00,1.005,-13.849
2026-04-01T14:54:48.136Z,31.963,pi:0,bottle,0.4178,392.00,358.00,478.00,632.00,1.621,-16.345
2026-04-01T14:54:48.181Z,32.007,pi:0,bottle,0.7703,456.00,192.00,578.00,632.00,1.009,-13.849
2026-04-01T14:54:48.181Z,32.007,pi:0,bottle,0.3968,391.00,359.00,478.00,627.00,1.657,-16.360
2026-04-01T14:54:48.215Z,32.041,pi:0,bottle,0.7812,456.00,191.00,578.00,631.00,1.009,-13.849
2026-04-01T14:54:48.215Z,32.041,pi:0,bottle,0.4583,391.00,359.00,478.00,625.00,1.669,-16.360
2026-04-01T14:54:48.259Z,32.086,pi:0,bottle,0.7812,456.00,191.00,578.00,631.00,1.009,-13.849
2026-04-01T14:54:48.259Z,32.086,pi:0,bottle,0.4215,392.00,361.00,478.00,631.00,1.645,-16.345
2026-04-01T14:54:48.294Z,32.120,pi:0,bottle,0.7848,456.00,193.00,578.00,631.00,1.014,-13.849
2026-04-01T14:54:48.294Z,32.120,pi:0,bottle,0.4433,391.00,360.00,478.00,632.00,1.632,-16.360
2026-04-01T14:54:48.328Z,32.154,pi:0,bottle,0.7594,456.00,193.00,578.00,632.00,1.011,-13.849
2026-04-01T14:54:48.328Z,32.154,pi:0,bottle,0.4446,391.00,360.00,478.00,625.00,1.676,-16.360
2026-04-01T14:54:48.370Z,32.196,pi:0,bottle,0.7739,457.00,194.00,578.00,632.00,1.014,-13.834
2026-04-01T14:54:48.370Z,32.196,pi:0,bottle,0.4241,391.00,359.00,478.00,627.00,1.657,-16.360
2026-04-01T14:54:48.406Z,32.232,pi:0,bottle,0.7812,456.00,192.00,578.00,631.00,1.011,-13.849
2026-04-01T14:54:48.406Z,32.232,pi:0,bottle,0.4515,391.00,359.00,478.00,626.00,1.663,-16.360
2026-04-01T14:54:48.441Z,32.267,pi:0,bottle,0.7776,456.00,197.00,577.00,633.00,1.018,-13.865
2026-04-01T14:54:48.441Z,32.267,pi:0,bottle,0.4207,391.00,358.00,478.00,626.00,1.657,-16.360
2026-04-01T14:54:48.478Z,32.304,pi:0,bottle,0.7921,456.00,193.00,578.00,633.00,1.009,-13.849
2026-04-01T14:54:48.478Z,32.304,pi:0,bottle,0.4720,391.00,359.00,478.00,626.00,1.663,-16.360
2026-04-01T14:54:48.516Z,32.342,pi:0,bottle,0.7848,456.00,192.00,578.00,631.00,1.011,-13.849
2026-04-01T14:54:48.516Z,32.342,pi:0,bottle,0.4310,391.00,359.00,477.00,626.00,1.663,-16.375
2026-04-01T14:54:48.550Z,32.376,pi:0,bottle,0.7812,456.00,199.00,577.00,634.00,1.021,-13.865
2026-04-01T14:54:48.550Z,32.376,pi:0,bottle,0.4036,391.00,359.00,478.00,626.00,1.663,-16.360
2026-04-01T14:54:48.594Z,32.420,pi:0,bottle,0.7812,457.00,198.00,577.00,633.00,1.021,-13.849
2026-04-01T14:54:48.594Z,32.420,pi:0,bottle,0.4142,390.00,361.00,478.00,631.00,1.645,-16.375
2026-04-01T14:54:48.624Z,32.450,pi:0,bottle,0.7703,456.00,193.00,578.00,632.00,1.011,-13.849
2026-04-01T14:54:48.624Z,32.450,pi:0,bottle,0.4446,391.00,358.00,478.00,626.00,1.657,-16.360
2026-04-01T14:54:48.665Z,32.491,pi:0,bottle,0.7812,456.00,193.00,578.00,632.00,1.011,-13.849
2026-04-01T14:54:48.665Z,32.491,pi:0,bottle,0.4207,391.00,359.00,478.00,626.00,1.663,-16.360
2026-04-01T14:54:48.703Z,32.529,pi:0,bottle,0.7994,456.00,192.00,578.00,631.00,1.011,-13.849
2026-04-01T14:54:48.703Z,32.529,pi:0,bottle,0.4241,391.00,360.00,479.00,627.00,1.663,-16.345
2026-04-01T14:54:48.743Z,32.569,pi:0,bottle,0.7957,456.00,194.00,578.00,631.00,1.016,-13.849
2026-04-01T14:54:48.743Z,32.569,pi:0,bottle,0.4378,390.00,359.00,479.00,626.00,1.663,-16.360
2026-04-01T14:54:48.780Z,32.606,pi:0,bottle,0.7885,456.00,196.00,577.00,631.00,1.021,-13.865
2026-04-01T14:54:48.780Z,32.606,pi:0,bottle,0.3899,391.00,359.00,479.00,626.00,1.663,-16.345
2026-04-01T14:54:48.809Z,32.636,pi:0,bottle,0.7776,456.00,192.00,578.00,632.00,1.009,-13.849
2026-04-01T14:54:48.809Z,32.636,pi:0,bottle,0.4241,392.00,359.00,478.00,626.00,1.663,-16.345
2026-04-01T14:54:48.858Z,32.685,pi:0,bottle,0.7630,456.00,193.00,578.00,632.00,1.011,-13.849
2026-04-01T14:54:48.858Z,32.685,pi:0,bottle,0.4481,391.00,360.00,478.00,626.00,1.669,-16.360
2026-04-01T14:54:48.906Z,32.732,pi:0,bottle,0.7848,456.00,199.00,577.00,633.00,1.023,-13.865
2026-04-01T14:54:48.906Z,32.732,pi:0,bottle,0.3968,390.00,360.00,478.00,627.00,1.663,-16.375
2026-04-01T14:54:48.940Z,32.766,pi:0,bottle,0.7739,456.00,200.00,577.00,633.00,1.025,-13.865
2026-04-01T14:54:48.940Z,32.766,pi:0,bottle,0.4241,391.00,360.00,478.00,626.00,1.669,-16.360
2026-04-01T14:54:48.978Z,32.805,pi:0,bottle,0.7848,457.00,197.00,576.00,631.00,1.023,-13.865
2026-04-01T14:54:48.978Z,32.805,pi:0,bottle,0.4036,391.00,360.00,478.00,626.00,1.669,-16.360
2026-04-01T14:54:49.021Z,32.847,pi:0,bottle,0.7957,456.00,194.00,578.00,631.00,1.016,-13.849
2026-04-01T14:54:49.021Z,32.847,pi:0,bottle,0.3831,391.00,359.00,478.00,628.00,1.651,-16.360
2026-04-01T14:54:49.058Z,32.885,pi:0,bottle,0.7848,456.00,192.00,578.00,631.00,1.011,-13.849
2026-04-01T14:54:49.058Z,32.885,pi:0,bottle,0.4106,391.00,358.00,478.00,631.00,1.626,-16.360
2026-04-01T14:54:49.092Z,32.918,pi:0,bottle,0.7703,456.00,194.00,578.00,632.00,1.014,-13.849
2026-04-01T14:54:49.092Z,32.918,pi:0,bottle,0.3524,391.00,361.00,478.00,631.00,1.645,-16.360
2026-04-01T14:54:49.132Z,32.958,pi:0,bottle,0.7667,456.00,195.00,578.00,631.00,1.018,-13.849
2026-04-01T14:54:49.132Z,32.958,pi:0,bottle,0.4036,390.00,359.00,478.00,627.00,1.657,-16.375
2026-04-01T14:54:49.166Z,32.993,pi:0,bottle,0.7776,456.00,193.00,578.00,632.00,1.011,-13.849
2026-04-01T14:54:49.166Z,32.993,pi:0,bottle,0.4207,391.00,358.00,478.00,626.00,1.657,-16.360
2026-04-01T14:54:49.209Z,33.035,pi:0,bottle,0.7776,456.00,194.00,578.00,631.00,1.016,-13.849
2026-04-01T14:54:49.209Z,33.035,pi:0,bottle,0.4515,391.00,358.00,478.00,626.00,1.657,-16.360
2026-04-01T14:54:49.243Z,33.069,pi:0,bottle,0.7776,456.00,189.00,579.00,632.00,1.002,-13.834
2026-04-01T14:54:49.243Z,33.069,pi:0,bottle,0.4617,390.00,358.00,479.00,627.00,1.651,-16.360
2026-04-01T14:54:49.288Z,33.114,pi:0,bottle,0.7776,456.00,191.00,578.00,631.00,1.009,-13.849
2026-04-01T14:54:49.288Z,33.114,pi:0,bottle,0.4139,391.00,360.00,478.00,627.00,1.663,-16.360
2026-04-01T14:54:49.327Z,33.153,pi:0,bottle,0.7739,456.00,190.00,578.00,631.00,1.007,-13.849
2026-04-01T14:54:49.327Z,33.153,pi:0,bottle,0.4617,391.00,358.00,477.00,627.00,1.651,-16.375
2026-04-01T14:54:49.366Z,33.193,pi:0,bottle,0.7776,456.00,191.00,579.00,632.00,1.007,-13.834
2026-04-01T14:54:49.366Z,33.193,pi:0,bottle,0.4378,391.00,358.00,478.00,626.00,1.657,-16.360
2026-04-01T14:54:49.411Z,33.237,pi:0,bottle,0.7739,457.00,197.00,576.00,632.00,1.021,-13.865
2026-04-01T14:54:49.411Z,33.237,pi:0,bottle,0.4788,391.00,357.00,478.00,627.00,1.645,-16.360
2026-04-01T14:54:49.447Z,33.273,pi:0,bottle,0.7703,457.00,199.00,577.00,634.00,1.021,-13.849
2026-04-01T14:54:49.447Z,33.273,pi:0,bottle,0.3933,391.00,358.00,478.00,626.00,1.657,-16.360
2026-04-01T14:54:49.482Z,33.308,pi:0,bottle,0.7703,457.00,193.00,578.00,633.00,1.009,-13.834
2026-04-01T14:54:49.482Z,33.308,pi:0,bottle,0.4396,392.00,358.00,478.00,632.00,1.621,-16.345
2026-04-01T14:54:49.524Z,33.350,pi:0,bottle,0.7848,456.00,198.00,576.00,633.00,1.021,-13.880
2026-04-01T14:54:49.524Z,33.350,pi:0,bottle,0.4446,391.00,359.00,478.00,627.00,1.657,-16.360
2026-04-01T14:54:49.549Z,33.375,pi:0,bottle,0.7703,456.00,192.00,578.00,631.00,1.011,-13.849
2026-04-01T14:54:49.549Z,33.375,pi:0,bottle,0.4241,390.00,357.00,478.00,627.00,1.645,-16.375
2026-04-01T14:54:49.653Z,33.480,pi:0,bottle,0.7739,457.00,202.00,576.00,631.00,1.035,-13.865
2026-04-01T14:54:49.653Z,33.480,pi:0,bottle,0.3997,390.00,354.00,478.00,631.00,1.603,-16.375
2026-04-01T14:54:49.685Z,33.511,pi:0,bottle,0.7848,456.00,191.00,578.00,632.00,1.007,-13.849
2026-04-01T14:54:49.685Z,33.511,pi:0,bottle,0.4344,391.00,358.00,478.00,625.00,1.663,-16.360
2026-04-01T14:54:49.720Z,33.547,pi:0,bottle,0.7739,456.00,190.00,578.00,631.00,1.007,-13.849
2026-04-01T14:54:49.720Z,33.547,pi:0,bottle,0.4378,390.00,359.00,479.00,626.00,1.663,-16.360
2026-04-01T14:54:49.760Z,33.586,pi:0,bottle,0.7776,456.00,191.00,578.00,631.00,1.009,-13.849
2026-04-01T14:54:49.760Z,33.586,pi:0,bottle,0.4378,391.00,358.00,478.00,627.00,1.651,-16.360
2026-04-01T14:54:49.791Z,33.618,pi:0,bottle,0.7776,456.00,194.00,578.00,632.00,1.014,-13.849
2026-04-01T14:54:49.791Z,33.618,pi:0,bottle,0.4652,391.00,357.00,478.00,626.00,1.651,-16.360
2026-04-01T14:54:49.837Z,33.663,pi:0,bottle,0.7812,456.00,193.00,578.00,631.00,1.014,-13.849
2026-04-01T14:54:49.837Z,33.663,pi:0,bottle,0.4723,390.00,360.00,478.00,632.00,1.632,-16.375
2026-04-01T14:54:49.867Z,33.693,pi:0,bottle,0.7812,456.00,191.00,578.00,632.00,1.007,-13.849
2026-04-01T14:54:49.867Z,33.693,pi:0,bottle,0.4433,391.00,358.00,478.00,632.00,1.621,-16.360
2026-04-01T14:54:49.906Z,33.732,pi:0,bottle,0.7994,456.00,198.00,577.00,633.00,1.021,-13.865
2026-04-01T14:54:49.906Z,33.732,pi:0,bottle,0.4433,392.00,354.00,480.00,632.00,1.597,-16.315
2026-04-01T14:54:49.943Z,33.769,pi:0,bottle,0.7848,456.00,191.00,578.00,632.00,1.007,-13.849
2026-04-01T14:54:49.943Z,33.769,pi:0,bottle,0.4412,391.00,357.00,478.00,628.00,1.638,-16.360
2026-04-01T14:54:49.976Z,33.802,pi:0,bottle,0.7848,456.00,190.00,578.00,632.00,1.005,-13.849
2026-04-01T14:54:49.976Z,33.802,pi:0,bottle,0.4310,391.00,358.00,477.00,626.00,1.657,-16.375
2026-04-01T14:54:50.011Z,33.838,pi:0,bottle,0.7739,456.00,192.00,578.00,632.00,1.009,-13.849
2026-04-01T14:54:50.011Z,33.838,pi:0,bottle,0.4505,390.00,357.00,480.00,631.00,1.621,-16.345
2026-04-01T14:54:50.047Z,33.874,pi:0,bottle,0.7921,456.00,192.00,578.00,631.00,1.011,-13.849
2026-04-01T14:54:50.047Z,33.874,pi:0,bottle,0.4446,391.00,360.00,478.00,627.00,1.663,-16.360
2026-04-01T14:54:50.089Z,33.915,pi:0,bottle,0.7776,456.00,191.00,578.00,631.00,1.009,-13.849
2026-04-01T14:54:50.089Z,33.915,pi:0,bottle,0.4754,391.00,360.00,478.00,626.00,1.669,-16.360
2026-04-01T14:54:50.132Z,33.958,pi:0,bottle,0.7776,456.00,192.00,578.00,631.00,1.011,-13.849
2026-04-01T14:54:50.132Z,33.958,pi:0,bottle,0.4925,391.00,360.00,478.00,627.00,1.663,-16.360
2026-04-01T14:54:50.167Z,33.994,pi:0,bottle,0.7667,456.00,190.00,578.00,631.00,1.007,-13.849
2026-04-01T14:54:50.167Z,33.994,pi:0,bottle,0.4857,391.00,360.00,479.00,626.00,1.669,-16.345
2026-04-01T14:54:50.205Z,34.031,pi:0,bottle,0.7812,456.00,192.00,578.00,632.00,1.009,-13.849
2026-04-01T14:54:50.205Z,34.031,pi:0,bottle,0.4686,391.00,360.00,478.00,626.00,1.669,-16.360
2026-04-01T14:54:50.245Z,34.071,pi:0,bottle,0.7848,456.00,191.00,578.00,631.00,1.009,-13.849
2026-04-01T14:54:50.245Z,34.071,pi:0,bottle,0.4549,391.00,360.00,478.00,626.00,1.669,-16.360
2026-04-01T14:54:50.283Z,34.109,pi:0,bottle,0.7703,457.00,197.00,576.00,631.00,1.023,-13.865
2026-04-01T14:54:50.283Z,34.109,pi:0,bottle,0.4396,391.00,359.00,478.00,632.00,1.626,-16.360
2026-04-01T14:54:50.325Z,34.152,pi:0,bottle,0.7812,456.00,190.00,578.00,632.00,1.005,-13.849
2026-04-01T14:54:50.325Z,34.152,pi:0,bottle,0.4396,392.00,356.00,478.00,632.00,1.609,-16.345
2026-04-01T14:54:50.365Z,34.191,pi:0,bottle,0.7812,456.00,192.00,578.00,632.00,1.009,-13.849
2026-04-01T14:54:50.365Z,34.191,pi:0,bottle,0.4578,391.00,359.00,478.00,631.00,1.632,-16.360
2026-04-01T14:54:50.402Z,34.228,pi:0,bottle,0.7812,456.00,193.00,578.00,632.00,1.011,-13.849
2026-04-01T14:54:50.402Z,34.228,pi:0,bottle,0.4869,390.00,359.00,478.00,631.00,1.632,-16.375
2026-04-01T14:54:50.440Z,34.266,pi:0,bottle,0.7739,456.00,191.00,578.00,631.00,1.009,-13.849
2026-04-01T14:54:50.440Z,34.266,pi:0,bottle,0.4583,391.00,360.00,478.00,626.00,1.669,-16.360
2026-04-01T14:54:50.475Z,34.302,pi:0,bottle,0.7776,456.00,194.00,579.00,632.00,1.014,-13.834
2026-04-01T14:54:50.475Z,34.302,pi:0,bottle,0.4583,390.00,359.00,478.00,626.00,1.663,-16.375
2026-04-01T14:54:50.515Z,34.341,pi:0,bottle,0.7848,456.00,193.00,578.00,632.00,1.011,-13.849
2026-04-01T14:54:50.515Z,34.341,pi:0,bottle,0.4723,391.00,359.00,480.00,631.00,1.632,-16.330
2026-04-01T14:54:50.551Z,34.378,pi:0,bottle,0.7630,457.00,202.00,576.00,631.00,1.035,-13.865
2026-04-01T14:54:50.551Z,34.378,pi:0,bottle,0.4412,390.00,358.00,478.00,627.00,1.651,-16.375
2026-04-01T14:54:50.590Z,34.417,pi:0,bottle,0.7776,456.00,193.00,578.00,632.00,1.011,-13.849
2026-04-01T14:54:50.590Z,34.417,pi:0,bottle,0.4178,391.00,359.00,478.00,631.00,1.632,-16.360
2026-04-01T14:54:50.632Z,34.458,pi:0,bottle,0.7739,456.00,198.00,577.00,633.00,1.021,-13.865
2026-04-01T14:54:50.632Z,34.458,pi:0,bottle,0.4378,391.00,358.00,478.00,627.00,1.651,-16.360
2026-04-01T14:54:50.666Z,34.494,pi:0,bottle,0.7776,456.00,200.00,576.00,631.00,1.030,-13.880
2026-04-01T14:54:50.666Z,34.494,pi:0,bottle,0.4754,391.00,359.00,478.00,625.00,1.669,-16.360
2026-04-01T14:54:50.703Z,34.529,pi:0,bottle,0.7885,456.00,200.00,576.00,634.00,1.023,-13.880
2026-04-01T14:54:50.703Z,34.529,pi:0,bottle,0.4310,391.00,359.00,478.00,626.00,1.663,-16.360
2026-04-01T14:54:50.746Z,34.572,pi:0,bottle,0.7812,456.00,193.00,578.00,632.00,1.011,-13.849
2026-04-01T14:54:50.746Z,34.572,pi:0,bottle,0.4412,391.00,359.00,478.00,627.00,1.657,-16.360
2026-04-01T14:54:50.783Z,34.609,pi:0,bottle,0.7921,457.00,193.00,578.00,631.00,1.014,-13.834
2026-04-01T14:54:50.783Z,34.609,pi:0,bottle,0.4287,391.00,358.00,478.00,631.00,1.626,-16.360
2026-04-01T14:54:50.821Z,34.648,pi:0,bottle,0.7812,456.00,193.00,578.00,631.00,1.014,-13.849
2026-04-01T14:54:50.821Z,34.648,pi:0,bottle,0.4069,391.00,360.00,478.00,632.00,1.632,-16.360
2026-04-01T14:54:50.861Z,34.688,pi:0,bottle,0.7776,456.00,193.00,579.00,631.00,1.014,-13.834
2026-04-01T14:54:50.861Z,34.688,pi:0,bottle,0.5028,391.00,361.00,478.00,627.00,1.669,-16.360
2026-04-01T14:54:50.898Z,34.725,pi:0,bottle,0.7776,456.00,194.00,578.00,631.00,1.016,-13.849
2026-04-01T14:54:50.898Z,34.725,pi:0,bottle,0.4412,391.00,358.00,478.00,627.00,1.651,-16.360
2026-04-01T14:54:50.937Z,34.763,pi:0,bottle,0.7594,456.00,194.00,578.00,633.00,1.011,-13.849
2026-04-01T14:54:50.937Z,34.763,pi:0,bottle,0.4583,391.00,358.00,478.00,625.00,1.663,-16.360
2026-04-01T14:54:50.968Z,34.794,pi:0,bottle,0.7776,456.00,194.00,579.00,632.00,1.014,-13.834
2026-04-01T14:54:50.968Z,34.794,pi:0,bottle,0.4215,391.00,359.00,478.00,631.00,1.632,-16.360
2026-04-01T14:54:51.026Z,34.853,pi:0,bottle,0.7594,456.00,191.00,578.00,632.00,1.007,-13.849
2026-04-01T14:54:51.026Z,34.853,pi:0,bottle,0.4978,391.00,357.00,478.00,631.00,1.621,-16.360
2026-04-01T14:54:51.053Z,34.879,pi:0,bottle,0.7667,456.00,194.00,578.00,632.00,1.014,-13.849
2026-04-01T14:54:51.053Z,34.879,pi:0,bottle,0.4215,391.00,359.00,478.00,632.00,1.626,-16.360
2026-04-01T14:54:51.100Z,34.926,pi:0,bottle,0.7739,456.00,193.00,578.00,632.00,1.011,-13.849
2026-04-01T14:54:51.100Z,34.926,pi:0,bottle,0.4687,390.00,357.00,480.00,632.00,1.615,-16.345
2026-04-01T14:54:51.148Z,34.975,pi:0,bottle,0.7703,456.00,194.00,578.00,632.00,1.014,-13.849
2026-04-01T14:54:51.148Z,34.975,pi:0,bottle,0.4324,391.00,358.00,478.00,631.00,1.626,-16.360
2026-04-01T14:54:51.174Z,35.001,pi:0,bottle,0.7703,456.00,194.00,578.00,631.00,1.016,-13.849
2026-04-01T14:54:51.174Z,35.001,pi:0,bottle,0.4760,391.00,358.00,478.00,631.00,1.626,-16.360
2026-04-01T14:54:51.217Z,35.043,pi:0,bottle,0.7921,456.00,191.00,578.00,631.00,1.009,-13.849
2026-04-01T14:54:51.217Z,35.043,pi:0,bottle,0.4583,391.00,360.00,478.00,627.00,1.663,-16.360
2026-04-01T14:54:51.251Z,35.078,pi:0,bottle,0.7848,456.00,194.00,578.00,632.00,1.014,-13.849
2026-04-01T14:54:51.251Z,35.078,pi:0,bottle,0.4378,391.00,360.00,478.00,627.00,1.663,-16.360
2026-04-01T14:54:51.282Z,35.109,pi:0,bottle,0.7739,457.00,199.00,576.00,631.00,1.028,-13.865
2026-04-01T14:54:51.282Z,35.109,pi:0,bottle,0.4251,391.00,360.00,478.00,631.00,1.638,-16.360
2026-04-01T14:54:51.312Z,35.138,pi:0,bottle,0.7812,456.00,193.00,578.00,632.00,1.011,-13.849
2026-04-01T14:54:51.312Z,35.138,pi:0,bottle,0.4651,391.00,359.00,478.00,631.00,1.632,-16.360
2026-04-01T14:54:51.350Z,35.176,pi:0,bottle,0.7776,456.00,193.00,578.00,632.00,1.011,-13.849
2026-04-01T14:54:51.350Z,35.176,pi:0,bottle,0.4251,391.00,360.00,478.00,632.00,1.632,-16.360
2026-04-01T14:54:51.383Z,35.209,pi:0,bottle,0.7812,456.00,192.00,578.00,631.00,1.011,-13.849
2026-04-01T14:54:51.383Z,35.209,pi:0,bottle,0.4578,390.00,358.00,478.00,631.00,1.626,-16.375
2026-04-01T14:54:51.429Z,35.256,pi:0,bottle,0.7921,456.00,191.00,578.00,632.00,1.007,-13.849
2026-04-01T14:54:51.429Z,35.256,pi:0,bottle,0.4652,390.00,360.00,478.00,626.00,1.669,-16.375
2026-04-01T14:54:51.459Z,35.286,pi:0,bottle,0.7848,457.00,193.00,578.00,631.00,1.014,-13.834
2026-04-01T14:54:51.459Z,35.286,pi:0,bottle,0.4360,390.00,358.00,478.00,631.00,1.626,-16.375
2026-04-01T14:54:51.501Z,35.327,pi:0,bottle,0.7921,456.00,192.00,578.00,632.00,1.009,-13.849
2026-04-01T14:54:51.501Z,35.327,pi:0,bottle,0.4542,391.00,359.00,478.00,632.00,1.626,-16.360
2026-04-01T14:54:51.538Z,35.364,pi:0,bottle,0.7921,456.00,191.00,578.00,632.00,1.007,-13.849
2026-04-01T14:54:51.538Z,35.364,pi:0,bottle,0.4069,391.00,360.00,480.00,632.00,1.632,-16.330
2026-04-01T14:54:51.572Z,35.398,pi:0,bottle,0.7812,457.00,191.00,578.00,632.00,1.007,-13.834
2026-04-01T14:54:51.572Z,35.398,pi:0,bottle,0.4515,391.00,359.00,478.00,625.00,1.669,-16.360
2026-04-01T14:54:51.608Z,35.434,pi:0,bottle,0.7848,456.00,192.00,578.00,632.00,1.009,-13.849
2026-04-01T14:54:51.608Z,35.434,pi:0,bottle,0.4002,391.00,360.00,479.00,626.00,1.669,-16.345
2026-04-01T14:54:51.654Z,35.480,pi:0,bottle,0.7812,456.00,193.00,578.00,632.00,1.011,-13.849
2026-04-01T14:54:51.654Z,35.480,pi:0,bottle,0.4310,390.00,359.00,478.00,626.00,1.663,-16.375
2026-04-01T14:54:51.690Z,35.516,pi:0,bottle,0.7703,456.00,193.00,578.00,631.00,1.014,-13.849
2026-04-01T14:54:51.690Z,35.516,pi:0,bottle,0.4310,391.00,359.00,478.00,626.00,1.663,-16.360
2026-04-01T14:54:51.729Z,35.555,pi:0,bottle,0.7848,456.00,192.00,578.00,632.00,1.009,-13.849
2026-04-01T14:54:51.729Z,35.555,pi:0,bottle,0.4360,391.00,360.00,478.00,632.00,1.632,-16.360
2026-04-01T14:54:51.775Z,35.602,pi:0,bottle,0.7812,456.00,192.00,578.00,631.00,1.011,-13.849
2026-04-01T14:54:51.775Z,35.602,pi:0,bottle,0.4344,391.00,357.00,479.00,625.00,1.657,-16.345
2026-04-01T14:54:51.810Z,35.637,pi:0,bottle,0.7885,456.00,191.00,578.00,632.00,1.007,-13.849
2026-04-01T14:54:51.810Z,35.637,pi:0,bottle,0.4378,391.00,358.00,478.00,626.00,1.657,-16.360
2026-04-01T14:54:51.847Z,35.673,pi:0,bottle,0.7848,456.00,193.00,578.00,633.00,1.009,-13.849
2026-04-01T14:54:51.847Z,35.673,pi:0,bottle,0.4505,390.00,357.00,478.00,631.00,1.621,-16.375
2026-04-01T14:54:51.888Z,35.714,pi:0,bottle,0.7848,456.00,193.00,578.00,632.00,1.011,-13.849
2026-04-01T14:54:51.888Z,35.714,pi:0,bottle,0.4036,391.00,359.00,479.00,628.00,1.651,-16.345
2026-04-01T14:54:51.923Z,35.750,pi:0,bottle,0.7739,456.00,191.00,578.00,632.00,1.007,-13.849
2026-04-01T14:54:51.923Z,35.750,pi:0,bottle,0.4652,391.00,358.00,478.00,627.00,1.651,-16.360
2026-04-01T14:54:51.963Z,35.789,pi:0,bottle,0.7812,456.00,195.00,578.00,631.00,1.018,-13.849
2026-04-01T14:54:51.963Z,35.789,pi:0,bottle,0.4723,391.00,354.00,480.00,631.00,1.603,-16.330
2026-04-01T14:54:51.994Z,35.821,pi:0,bottle,0.7739,456.00,192.00,578.00,632.00,1.009,-13.849
2026-04-01T14:54:51.994Z,35.821,pi:0,bottle,0.4760,391.00,355.00,480.00,632.00,1.603,-16.330
2026-04-01T14:54:52.035Z,35.861,pi:0,bottle,0.7812,456.00,192.00,578.00,631.00,1.011,-13.849
2026-04-01T14:54:52.035Z,35.861,pi:0,bottle,0.5028,391.00,359.00,478.00,626.00,1.663,-16.360
2026-04-01T14:54:52.075Z,35.902,pi:0,bottle,0.7921,456.00,193.00,578.00,631.00,1.014,-13.849
2026-04-01T14:54:52.075Z,35.902,pi:0,bottle,0.4178,391.00,361.00,478.00,632.00,1.638,-16.360
2026-04-01T14:54:52.110Z,35.936,pi:0,bottle,0.7848,456.00,192.00,578.00,632.00,1.009,-13.849
2026-04-01T14:54:52.110Z,35.936,pi:0,bottle,0.4754,391.00,359.00,478.00,625.00,1.669,-16.360
2026-04-01T14:54:52.144Z,35.970,pi:0,bottle,0.7812,456.00,193.00,578.00,632.00,1.011,-13.849
2026-04-01T14:54:52.144Z,35.970,pi:0,bottle,0.4287,391.00,360.00,478.00,632.00,1.632,-16.360
2026-04-01T14:54:52.189Z,36.015,pi:0,bottle,0.7885,457.00,194.00,578.00,632.00,1.014,-13.834
2026-04-01T14:54:52.189Z,36.015,pi:0,bottle,0.4578,391.00,357.00,478.00,632.00,1.615,-16.360
2026-04-01T14:54:52.228Z,36.054,pi:0,bottle,0.7776,456.00,192.00,578.00,632.00,1.009,-13.849
2026-04-01T14:54:52.228Z,36.054,pi:0,bottle,0.4652,391.00,359.00,478.00,625.00,1.669,-16.360
2026-04-01T14:54:52.269Z,36.095,pi:0,bottle,0.7739,456.00,192.00,578.00,632.00,1.009,-13.849
2026-04-01T14:54:52.269Z,36.095,pi:0,bottle,0.5014,390.00,359.00,478.00,631.00,1.632,-16.375
2026-04-01T14:54:52.304Z,36.131,pi:0,bottle,0.7776,456.00,192.00,577.00,631.00,1.011,-13.865
2026-04-01T14:54:52.304Z,36.131,pi:0,bottle,0.4515,391.00,359.00,478.00,625.00,1.669,-16.360
2026-04-01T14:54:52.334Z,36.161,pi:0,bottle,0.7667,456.00,193.00,578.00,632.00,1.011,-13.849
2026-04-01T14:54:52.334Z,36.161,pi:0,bottle,0.4469,390.00,358.00,478.00,631.00,1.626,-16.375
2026-04-01T14:54:52.378Z,36.204,pi:0,bottle,0.7630,457.00,194.00,577.00,631.00,1.016,-13.849
2026-04-01T14:54:52.378Z,36.204,pi:0,bottle,0.4542,391.00,358.00,478.00,632.00,1.621,-16.360
2026-04-01T14:54:52.416Z,36.242,pi:0,bottle,0.7739,456.00,189.00,578.00,632.00,1.002,-13.849
2026-04-01T14:54:52.416Z,36.242,pi:0,bottle,0.5305,390.00,355.00,480.00,631.00,1.609,-16.345
2026-04-01T14:54:52.455Z,36.281,pi:0,bottle,0.7812,456.00,192.00,578.00,632.00,1.009,-13.849
2026-04-01T14:54:52.455Z,36.281,pi:0,bottle,0.4446,391.00,359.00,478.00,625.00,1.669,-16.360
2026-04-01T14:54:52.487Z,36.313,pi:0,bottle,0.7776,456.00,194.00,578.00,631.00,1.016,-13.849
2026-04-01T14:54:52.487Z,36.313,pi:0,bottle,0.4832,390.00,353.00,480.00,632.00,1.591,-16.345
2026-04-01T14:54:52.527Z,36.353,pi:0,bottle,0.7848,456.00,192.00,578.00,632.00,1.009,-13.849
2026-04-01T14:54:52.527Z,36.353,pi:0,bottle,0.4396,391.00,358.00,478.00,632.00,1.621,-16.360
2026-04-01T14:54:52.565Z,36.391,pi:0,bottle,0.7776,456.00,192.00,578.00,632.00,1.009,-13.849
2026-04-01T14:54:52.565Z,36.391,pi:0,bottle,0.4505,390.00,352.00,480.00,632.00,1.586,-16.345
2026-04-01T14:54:52.603Z,36.430,pi:0,bottle,0.7703,456.00,192.00,578.00,632.00,1.009,-13.849
2026-04-01T14:54:52.603Z,36.430,pi:0,bottle,0.4754,391.00,359.00,478.00,625.00,1.669,-16.360
2026-04-01T14:54:52.646Z,36.473,pi:0,bottle,0.7667,456.00,193.00,578.00,632.00,1.011,-13.849
2026-04-01T14:54:52.646Z,36.473,pi:0,bottle,0.4505,390.00,357.00,478.00,631.00,1.621,-16.375
2026-04-01T14:54:52.682Z,36.508,pi:0,bottle,0.7739,456.00,193.00,578.00,631.00,1.014,-13.849
2026-04-01T14:54:52.682Z,36.508,pi:0,bottle,0.4275,391.00,359.00,479.00,625.00,1.669,-16.345
2026-04-01T14:54:52.732Z,36.558,pi:0,bottle,0.7812,456.00,192.00,578.00,632.00,1.009,-13.849
2026-04-01T14:54:52.732Z,36.558,pi:0,bottle,0.4344,391.00,359.00,478.00,626.00,1.663,-16.360
2026-04-01T14:54:52.765Z,36.591,pi:0,bottle,0.7957,456.00,191.00,577.00,632.00,1.007,-13.865
2026-04-01T14:54:52.765Z,36.591,pi:0,bottle,0.4583,391.00,358.00,478.00,627.00,1.651,-16.360
2026-04-01T14:54:52.802Z,36.628,pi:0,bottle,0.7776,456.00,191.00,578.00,632.00,1.007,-13.849
2026-04-01T14:54:52.802Z,36.628,pi:0,bottle,0.4481,391.00,359.00,478.00,626.00,1.663,-16.360
2026-04-01T14:54:52.838Z,36.665,pi:0,bottle,0.7812,456.00,192.00,578.00,631.00,1.011,-13.849
2026-04-01T14:54:52.838Z,36.665,pi:0,bottle,0.4396,390.00,360.00,478.00,631.00,1.638,-16.375
2026-04-01T14:54:52.880Z,36.706,pi:0,bottle,0.7812,457.00,192.00,578.00,632.00,1.009,-13.834
2026-04-01T14:54:52.880Z,36.706,pi:0,bottle,0.4433,391.00,359.00,478.00,632.00,1.626,-16.360
2026-04-01T14:54:52.916Z,36.743,pi:0,bottle,0.7848,456.00,192.00,578.00,632.00,1.009,-13.849
2026-04-01T14:54:52.916Z,36.743,pi:0,bottle,0.4433,391.00,360.00,480.00,632.00,1.632,-16.330
2026-04-01T14:54:52.954Z,36.781,pi:0,bottle,0.7703,456.00,192.00,578.00,632.00,1.009,-13.849
2026-04-01T14:54:52.954Z,36.781,pi:0,bottle,0.4106,390.00,359.00,478.00,631.00,1.632,-16.375
2026-04-01T14:54:52.990Z,36.816,pi:0,bottle,0.7921,456.00,192.00,577.00,631.00,1.011,-13.865
2026-04-01T14:54:52.990Z,36.816,pi:0,bottle,0.4142,390.00,357.00,480.00,631.00,1.621,-16.345
2026-04-01T14:54:53.031Z,36.857,pi:0,bottle,0.7776,456.00,193.00,578.00,632.00,1.011,-13.849
2026-04-01T14:54:53.031Z,36.857,pi:0,bottle,0.3960,391.00,361.00,480.00,632.00,1.638,-16.330
2026-04-01T14:54:53.064Z,36.890,pi:0,bottle,0.7776,456.00,191.00,578.00,632.00,1.007,-13.849
2026-04-01T14:54:53.064Z,36.890,pi:0,bottle,0.4469,391.00,353.00,480.00,632.00,1.591,-16.330
2026-04-01T14:54:53.100Z,36.926,pi:0,bottle,0.7812,456.00,193.00,578.00,632.00,1.011,-13.849
2026-04-01T14:54:53.100Z,36.926,pi:0,bottle,0.3997,391.00,361.00,480.00,631.00,1.645,-16.330
2026-04-01T14:54:53.140Z,36.966,pi:0,bottle,0.7776,456.00,194.00,578.00,632.00,1.014,-13.849
2026-04-01T14:54:53.140Z,36.966,pi:0,bottle,0.4178,390.00,360.00,480.00,632.00,1.632,-16.345
2026-04-01T14:54:53.182Z,37.009,pi:0,bottle,0.7885,456.00,192.00,578.00,632.00,1.009,-13.849
2026-04-01T14:54:53.182Z,37.009,pi:0,bottle,0.4215,392.00,362.00,477.00,632.00,1.645,-16.360
2026-04-01T14:54:53.219Z,37.046,pi:0,bottle,0.7848,456.00,192.00,578.00,632.00,1.009,-13.849
2026-04-01T14:54:53.219Z,37.046,pi:0,bottle,0.4412,391.00,361.00,479.00,625.00,1.682,-16.345
2026-04-01T14:54:53.254Z,37.080,pi:0,bottle,0.7739,455.00,192.00,578.00,632.00,1.009,-13.865
2026-04-01T14:54:53.254Z,37.080,pi:0,bottle,0.4583,391.00,361.00,478.00,625.00,1.682,-16.360
2026-04-01T14:54:53.296Z,37.123,pi:0,bottle,0.7776,456.00,193.00,578.00,631.00,1.014,-13.849
2026-04-01T14:54:53.296Z,37.123,pi:0,bottle,0.4652,392.00,361.00,478.00,625.00,1.682,-16.345
2026-04-01T14:54:53.335Z,37.162,pi:0,bottle,0.7630,456.00,192.00,578.00,631.00,1.011,-13.849
2026-04-01T14:54:53.335Z,37.162,pi:0,bottle,0.4542,390.00,361.00,480.00,631.00,1.645,-16.345
2026-04-01T14:54:53.376Z,37.203,pi:0,bottle,0.7812,456.00,199.00,576.00,634.00,1.021,-13.880
2026-04-01T14:54:53.376Z,37.203,pi:0,bottle,0.4310,392.00,360.00,479.00,626.00,1.669,-16.330
2026-04-01T14:54:53.411Z,37.237,pi:0,bottle,0.7848,456.00,193.00,578.00,632.00,1.011,-13.849
2026-04-01T14:54:53.411Z,37.237,pi:0,bottle,0.4104,391.00,361.00,478.00,625.00,1.682,-16.360
2026-04-01T14:54:53.452Z,37.279,pi:0,bottle,0.7776,456.00,193.00,578.00,632.00,1.011,-13.849
2026-04-01T14:54:53.452Z,37.279,pi:0,bottle,0.4142,391.00,361.00,478.00,632.00,1.638,-16.360
2026-04-01T14:54:53.491Z,37.317,pi:0,bottle,0.7776,456.00,192.00,578.00,631.00,1.011,-13.849
2026-04-01T14:54:53.491Z,37.317,pi:0,bottle,0.4104,391.00,363.00,479.00,627.00,1.682,-16.345
2026-04-01T14:54:53.528Z,37.354,pi:0,bottle,0.7776,456.00,192.00,578.00,631.00,1.011,-13.849
2026-04-01T14:54:53.528Z,37.354,pi:0,bottle,0.4378,391.00,359.00,478.00,626.00,1.663,-16.360
2026-04-01T14:54:53.564Z,37.390,pi:0,bottle,0.7812,456.00,190.00,578.00,631.00,1.007,-13.849
2026-04-01T14:54:53.564Z,37.390,pi:0,bottle,0.4396,391.00,359.00,478.00,632.00,1.626,-16.360
2026-04-01T14:54:53.607Z,37.434,pi:0,bottle,0.7776,456.00,190.00,578.00,632.00,1.005,-13.849
2026-04-01T14:54:53.607Z,37.434,pi:0,bottle,0.4287,391.00,360.00,478.00,632.00,1.632,-16.360
2026-04-01T14:54:53.643Z,37.469,pi:0,bottle,0.7812,456.00,191.00,578.00,631.00,1.009,-13.849
2026-04-01T14:54:53.643Z,37.469,pi:0,bottle,0.3968,391.00,360.00,479.00,627.00,1.663,-16.345
2026-04-01T14:54:53.683Z,37.509,pi:0,bottle,0.7848,456.00,193.00,578.00,631.00,1.014,-13.849
2026-04-01T14:54:53.683Z,37.509,pi:0,bottle,0.4396,391.00,357.00,478.00,632.00,1.615,-16.360
2026-04-01T14:54:53.721Z,37.547,pi:0,bottle,0.7812,456.00,191.00,578.00,632.00,1.007,-13.849
2026-04-01T14:54:53.721Z,37.547,pi:0,bottle,0.4412,391.00,358.00,478.00,627.00,1.651,-16.360
2026-04-01T14:54:53.760Z,37.586,pi:0,bottle,0.7739,456.00,198.00,577.00,633.00,1.021,-13.865
2026-04-01T14:54:53.760Z,37.586,pi:0,bottle,0.4378,391.00,360.00,478.00,626.00,1.669,-16.360
2026-04-01T14:54:53.795Z,37.621,pi:0,bottle,0.7885,456.00,191.00,577.00,631.00,1.009,-13.865
2026-04-01T14:54:53.795Z,37.621,pi:0,bottle,0.4142,391.00,359.00,478.00,631.00,1.632,-16.360
2026-04-01T14:54:53.838Z,37.664,pi:0,bottle,0.7703,456.00,190.00,578.00,632.00,1.005,-13.849
2026-04-01T14:54:53.838Z,37.664,pi:0,bottle,0.4515,391.00,359.00,478.00,627.00,1.657,-16.360
2026-04-01T14:54:53.874Z,37.700,pi:0,bottle,0.7776,456.00,191.00,578.00,631.00,1.009,-13.849
2026-04-01T14:54:53.874Z,37.700,pi:0,bottle,0.4002,391.00,361.00,479.00,626.00,1.676,-16.345
2026-04-01T14:54:53.907Z,37.733,pi:0,bottle,0.7885,456.00,192.00,578.00,631.00,1.011,-13.849
2026-04-01T14:54:53.907Z,37.733,pi:0,bottle,0.4760,390.00,359.00,478.00,632.00,1.626,-16.375
2026-04-01T14:54:53.945Z,37.771,pi:0,bottle,0.7812,456.00,192.00,578.00,631.00,1.011,-13.849
2026-04-01T14:54:53.945Z,37.771,pi:0,bottle,0.4433,391.00,359.00,478.00,632.00,1.626,-16.360
2026-04-01T14:54:53.982Z,37.808,pi:0,bottle,0.7921,456.00,192.00,578.00,632.00,1.009,-13.849
2026-04-01T14:54:53.982Z,37.808,pi:0,bottle,0.4542,391.00,359.00,478.00,631.00,1.632,-16.360
2026-04-01T14:54:54.017Z,37.844,pi:0,bottle,0.7776,456.00,193.00,578.00,632.00,1.011,-13.849
2026-04-01T14:54:54.017Z,37.844,pi:0,bottle,0.4139,391.00,360.00,478.00,628.00,1.657,-16.360
2026-04-01T14:54:54.064Z,37.890,pi:0,bottle,0.7812,457.00,196.00,576.00,632.00,1.018,-13.865
2026-04-01T14:54:54.064Z,37.890,pi:0,bottle,0.4396,391.00,359.00,480.00,632.00,1.626,-16.330
2026-04-01T14:54:54.093Z,37.919,pi:0,bottle,0.7812,457.00,192.00,578.00,631.00,1.011,-13.834
2026-04-01T14:54:54.093Z,37.919,pi:0,bottle,0.4651,391.00,359.00,477.00,631.00,1.632,-16.375
2026-04-01T14:54:54.145Z,37.971,pi:0,bottle,0.7848,456.00,193.00,578.00,631.00,1.014,-13.849
2026-04-01T14:54:54.145Z,37.971,pi:0,bottle,0.4396,389.00,360.00,478.00,631.00,1.638,-16.390
2026-04-01T14:54:54.180Z,38.006,pi:0,bottle,0.7776,456.00,192.00,578.00,631.00,1.011,-13.849
2026-04-01T14:54:54.180Z,38.006,pi:0,bottle,0.4360,390.00,359.00,478.00,631.00,1.632,-16.375
2026-04-01T14:54:54.217Z,38.044,pi:0,bottle,0.7994,456.00,194.00,578.00,631.00,1.016,-13.849
2026-04-01T14:54:54.217Z,38.044,pi:0,bottle,0.4251,390.00,357.00,478.00,631.00,1.621,-16.375
2026-04-01T14:54:54.255Z,38.081,pi:0,bottle,0.7921,456.00,191.00,578.00,631.00,1.009,-13.849
2026-04-01T14:54:54.255Z,38.081,pi:0,bottle,0.4036,391.00,360.00,479.00,627.00,1.663,-16.345
2026-04-01T14:54:54.296Z,38.123,pi:0,bottle,0.7848,456.00,192.00,578.00,631.00,1.011,-13.849
2026-04-01T14:54:54.296Z,38.123,pi:0,bottle,0.4542,390.00,359.00,480.00,632.00,1.626,-16.345
2026-04-01T14:54:54.330Z,38.157,pi:0,bottle,0.7885,456.00,192.00,578.00,632.00,1.009,-13.849
2026-04-01T14:54:54.330Z,38.157,pi:0,bottle,0.4412,391.00,359.00,478.00,627.00,1.657,-16.360
2026-04-01T14:54:54.367Z,38.193,pi:0,bottle,0.7703,457.00,194.00,578.00,631.00,1.016,-13.834
2026-04-01T14:54:54.367Z,38.193,pi:0,bottle,0.3888,391.00,359.00,478.00,631.00,1.632,-16.360
2026-04-01T14:54:54.407Z,38.233,pi:0,bottle,0.7812,456.00,190.00,578.00,632.00,1.005,-13.849
2026-04-01T14:54:54.407Z,38.233,pi:0,bottle,0.4104,391.00,359.00,478.00,627.00,1.657,-16.360
2026-04-01T14:54:54.444Z,38.270,pi:0,bottle,0.7885,456.00,192.00,578.00,631.00,1.011,-13.849
2026-04-01T14:54:54.444Z,38.270,pi:0,bottle,0.4178,392.00,360.00,480.00,632.00,1.632,-16.315
2026-04-01T14:54:54.484Z,38.310,pi:0,bottle,0.7812,456.00,194.00,579.00,632.00,1.014,-13.834
2026-04-01T14:54:54.484Z,38.310,pi:0,bottle,0.4142,391.00,359.00,478.00,631.00,1.632,-16.360
2026-04-01T14:54:54.522Z,38.348,pi:0,bottle,0.7630,456.00,192.00,578.00,632.00,1.009,-13.849
2026-04-01T14:54:54.522Z,38.348,pi:0,bottle,0.4515,391.00,359.00,478.00,627.00,1.657,-16.360
2026-04-01T14:54:54.563Z,38.389,pi:0,bottle,0.7885,456.00,191.00,578.00,631.00,1.009,-13.849
2026-04-01T14:54:54.563Z,38.389,pi:0,bottle,0.4036,391.00,359.00,478.00,627.00,1.657,-16.360
2026-04-01T14:54:54.598Z,38.424,pi:0,bottle,0.7812,456.00,192.00,578.00,632.00,1.009,-13.849
2026-04-01T14:54:54.598Z,38.424,pi:0,bottle,0.4207,391.00,358.00,478.00,626.00,1.657,-16.360
2026-04-01T14:54:54.640Z,38.466,pi:0,bottle,0.7739,456.00,193.00,578.00,631.00,1.014,-13.849
2026-04-01T14:54:54.640Z,38.466,pi:0,bottle,0.4310,391.00,360.00,478.00,626.00,1.669,-16.360
2026-04-01T14:54:54.672Z,38.498,pi:0,bottle,0.7848,456.00,193.00,578.00,631.00,1.014,-13.849
2026-04-01T14:54:54.672Z,38.498,pi:0,bottle,0.4207,391.00,360.00,479.00,626.00,1.669,-16.345
2026-04-01T14:54:54.710Z,38.537,pi:0,bottle,0.7921,456.00,190.00,577.00,632.00,1.005,-13.865
2026-04-01T14:54:54.710Z,38.537,pi:0,bottle,0.4360,391.00,360.00,480.00,631.00,1.638,-16.330
2026-04-01T14:54:54.761Z,38.587,pi:0,bottle,0.7848,456.00,191.00,577.00,631.00,1.009,-13.865
2026-04-01T14:54:54.761Z,38.587,pi:0,bottle,0.4142,391.00,360.00,480.00,632.00,1.632,-16.330
2026-04-01T14:54:54.792Z,38.618,pi:0,bottle,0.7848,456.00,191.00,578.00,632.00,1.007,-13.849
2026-04-01T14:54:54.792Z,38.618,pi:0,bottle,0.4542,390.00,360.00,478.00,631.00,1.638,-16.375
2026-04-01T14:54:54.836Z,38.662,pi:0,bottle,0.7885,456.00,190.00,578.00,631.00,1.007,-13.849
2026-04-01T14:54:54.836Z,38.662,pi:0,bottle,0.3865,390.00,359.00,478.00,628.00,1.651,-16.375
2026-04-01T14:54:54.870Z,38.697,pi:0,bottle,0.7885,456.00,192.00,578.00,631.00,1.011,-13.849
2026-04-01T14:54:54.870Z,38.697,pi:0,bottle,0.4251,391.00,358.00,478.00,631.00,1.626,-16.360
2026-04-01T14:54:54.906Z,38.733,pi:0,bottle,0.7848,456.00,193.00,578.00,632.00,1.011,-13.849
2026-04-01T14:54:54.906Z,38.733,pi:0,bottle,0.4360,391.00,360.00,478.00,632.00,1.632,-16.360
2026-04-01T14:54:54.939Z,38.766,pi:0,bottle,0.7776,456.00,192.00,578.00,632.00,1.009,-13.849
2026-04-01T14:54:54.939Z,38.766,pi:0,bottle,0.3851,392.00,360.00,478.00,632.00,1.632,-16.345
2026-04-01T14:54:54.987Z,38.813,pi:0,bottle,0.7739,456.00,192.00,578.00,631.00,1.011,-13.849
2026-04-01T14:54:54.987Z,38.813,pi:0,bottle,0.4173,390.00,360.00,478.00,626.00,1.669,-16.375
2026-04-01T14:54:55.018Z,38.844,pi:0,bottle,0.7703,456.00,197.00,577.00,633.00,1.018,-13.865
2026-04-01T14:54:55.018Z,38.844,pi:0,bottle,0.4139,391.00,360.00,478.00,626.00,1.669,-16.360
2026-04-01T14:54:55.065Z,38.891,pi:0,bottle,0.8030,456.00,192.00,578.00,632.00,1.009,-13.849
2026-04-01T14:54:55.065Z,38.891,pi:0,bottle,0.4310,391.00,361.00,478.00,626.00,1.676,-16.360
2026-04-01T14:54:55.105Z,38.931,pi:0,bottle,0.7630,456.00,194.00,578.00,631.00,1.016,-13.849
2026-04-01T14:54:55.105Z,38.931,pi:0,bottle,0.4396,391.00,361.00,478.00,632.00,1.638,-16.360
2026-04-01T14:54:55.140Z,38.966,pi:0,bottle,0.7776,456.00,192.00,577.00,632.00,1.009,-13.865
2026-04-01T14:54:55.140Z,38.966,pi:0,bottle,0.4207,391.00,359.00,479.00,626.00,1.663,-16.345
2026-04-01T14:54:55.181Z,39.008,pi:0,bottle,0.7739,456.00,190.00,578.00,632.00,1.005,-13.849
2026-04-01T14:54:55.181Z,39.008,pi:0,bottle,0.4310,391.00,359.00,478.00,626.00,1.663,-16.360
2026-04-01T14:54:55.220Z,39.046,pi:0,bottle,0.7739,456.00,193.00,578.00,632.00,1.011,-13.849
2026-04-01T14:54:55.220Z,39.046,pi:0,bottle,0.4251,390.00,360.00,478.00,631.00,1.638,-16.375
2026-04-01T14:54:55.255Z,39.081,pi:0,bottle,0.7848,456.00,194.00,578.00,631.00,1.016,-13.849
2026-04-01T14:54:55.255Z,39.081,pi:0,bottle,0.4106,391.00,361.00,477.00,631.00,1.645,-16.375
2026-04-01T14:54:55.296Z,39.122,pi:0,bottle,0.7703,455.00,193.00,578.00,632.00,1.011,-13.865
2026-04-01T14:54:55.296Z,39.122,pi:0,bottle,0.4036,391.00,359.00,478.00,626.00,1.663,-16.360
2026-04-01T14:54:55.336Z,39.163,pi:0,bottle,0.7885,456.00,191.00,578.00,632.00,1.007,-13.849
2026-04-01T14:54:55.336Z,39.163,pi:0,bottle,0.4583,391.00,360.00,478.00,627.00,1.663,-16.360
2026-04-01T14:54:55.372Z,39.200,pi:0,bottle,0.7667,456.00,192.00,578.00,631.00,1.011,-13.849
2026-04-01T14:54:55.372Z,39.200,pi:0,bottle,0.3933,391.00,360.00,478.00,626.00,1.669,-16.360
2026-04-01T14:54:55.407Z,39.233,pi:0,bottle,0.7739,456.00,192.00,579.00,632.00,1.009,-13.834
2026-04-01T14:54:55.407Z,39.233,pi:0,bottle,0.4275,391.00,359.00,479.00,626.00,1.663,-16.345
2026-04-01T14:54:55.450Z,39.277,pi:0,bottle,0.7703,456.00,192.00,578.00,631.00,1.011,-13.849
2026-04-01T14:54:55.450Z,39.277,pi:0,bottle,0.3454,391.00,359.00,479.00,627.00,1.657,-16.345
2026-04-01T14:54:55.493Z,39.319,pi:0,bottle,0.7812,455.00,193.00,578.00,632.00,1.011,-13.865
2026-04-01T14:54:55.493Z,39.319,pi:0,bottle,0.4033,390.00,359.00,480.00,631.00,1.632,-16.345
2026-04-01T14:54:55.524Z,39.351,pi:0,bottle,0.7776,456.00,191.00,578.00,632.00,1.007,-13.849
2026-04-01T14:54:55.524Z,39.351,pi:0,bottle,0.4142,391.00,359.00,480.00,632.00,1.626,-16.330
2026-04-01T14:54:55.568Z,39.394,pi:0,bottle,0.7739,456.00,191.00,578.00,631.00,1.009,-13.849
2026-04-01T14:54:55.568Z,39.394,pi:0,bottle,0.3488,391.00,361.00,478.00,632.00,1.638,-16.360
2026-04-01T14:54:55.603Z,39.430,pi:0,bottle,0.7739,458.00,195.00,576.00,631.00,1.018,-13.849
2026-04-01T14:54:55.603Z,39.430,pi:0,bottle,0.4344,391.00,358.00,478.00,627.00,1.651,-16.360
2026-04-01T14:54:55.644Z,39.470,pi:0,bottle,0.7703,457.00,197.00,574.00,630.00,1.025,-13.895
2026-04-01T14:54:55.644Z,39.470,pi:0,bottle,0.4173,391.00,358.00,478.00,627.00,1.651,-16.360
2026-04-01T14:54:55.687Z,39.513,pi:0,bottle,0.7848,457.00,192.00,578.00,631.00,1.011,-13.834
2026-04-01T14:54:55.687Z,39.513,pi:0,bottle,0.4412,391.00,360.00,478.00,626.00,1.669,-16.360
2026-04-01T14:54:55.723Z,39.549,pi:0,bottle,0.7776,456.00,192.00,578.00,632.00,1.009,-13.849
2026-04-01T14:54:55.723Z,39.549,pi:0,bottle,0.4446,391.00,359.00,478.00,628.00,1.651,-16.360
2026-04-01T14:54:55.760Z,39.587,pi:0,bottle,0.7776,456.00,192.00,578.00,631.00,1.011,-13.849
2026-04-01T14:54:55.760Z,39.587,pi:0,bottle,0.4069,391.00,361.00,480.00,632.00,1.638,-16.330
2026-04-01T14:54:55.800Z,39.626,pi:0,bottle,0.7848,456.00,196.00,577.00,633.00,1.016,-13.865
2026-04-01T14:54:55.800Z,39.626,pi:0,bottle,0.4178,390.00,360.00,478.00,631.00,1.638,-16.375
2026-04-01T14:54:55.837Z,39.663,pi:0,bottle,0.7703,457.00,195.00,576.00,631.00,1.018,-13.865
2026-04-01T14:54:55.837Z,39.663,pi:0,bottle,0.4104,391.00,359.00,478.00,625.00,1.669,-16.360
2026-04-01T14:54:55.870Z,39.696,pi:0,bottle,0.7957,457.00,192.00,577.00,631.00,1.011,-13.849
2026-04-01T14:54:55.870Z,39.696,pi:0,bottle,0.4036,391.00,360.00,478.00,626.00,1.669,-16.360
2026-04-01T14:54:55.911Z,39.737,pi:0,bottle,0.7921,456.00,191.00,578.00,632.00,1.007,-13.849
2026-04-01T14:54:55.911Z,39.737,pi:0,bottle,0.4652,391.00,360.00,478.00,626.00,1.669,-16.360
2026-04-01T14:54:55.955Z,39.782,pi:0,bottle,0.7812,456.00,190.00,578.00,631.00,1.007,-13.849
2026-04-01T14:54:55.955Z,39.782,pi:0,bottle,0.4396,390.00,357.00,478.00,631.00,1.621,-16.375
2026-04-01T14:54:55.994Z,39.820,pi:0,bottle,0.7703,456.00,191.00,578.00,632.00,1.007,-13.849
2026-04-01T14:54:55.994Z,39.820,pi:0,bottle,0.4251,390.00,358.00,478.00,631.00,1.626,-16.375
2026-04-01T14:54:56.031Z,39.857,pi:0,bottle,0.7885,456.00,193.00,577.00,631.00,1.014,-13.865
2026-04-01T14:54:56.031Z,39.857,pi:0,bottle,0.3779,391.00,359.00,478.00,632.00,1.626,-16.360
2026-04-01T14:54:56.067Z,39.893,pi:0,bottle,0.7921,456.00,192.00,578.00,631.00,1.011,-13.849
2026-04-01T14:54:56.067Z,39.893,pi:0,bottle,0.4002,391.00,360.00,479.00,627.00,1.663,-16.345
2026-04-01T14:54:56.108Z,39.934,pi:0,bottle,0.7630,456.00,190.00,578.00,632.00,1.005,-13.849
2026-04-01T14:54:56.108Z,39.934,pi:0,bottle,0.4106,391.00,358.00,477.00,632.00,1.621,-16.375
2026-04-01T14:54:56.146Z,39.973,pi:0,bottle,0.7703,457.00,197.00,577.00,631.00,1.023,-13.849
2026-04-01T14:54:56.146Z,39.973,pi:0,bottle,0.3815,392.00,359.00,478.00,632.00,1.626,-16.345
2026-04-01T14:54:56.181Z,40.007,pi:0,bottle,0.7739,456.00,193.00,578.00,632.00,1.011,-13.849
2026-04-01T14:54:56.181Z,40.007,pi:0,bottle,0.4396,392.00,359.00,478.00,631.00,1.632,-16.345
2026-04-01T14:54:56.215Z,40.042,pi:0,bottle,0.7812,456.00,192.00,578.00,632.00,1.009,-13.849
2026-04-01T14:54:56.215Z,40.042,pi:0,bottle,0.4396,390.00,360.00,480.00,631.00,1.638,-16.345
2026-04-01T14:54:56.254Z,40.080,pi:0,bottle,0.7776,456.00,191.00,578.00,632.00,1.007,-13.849
2026-04-01T14:54:56.254Z,40.080,pi:0,bottle,0.4515,391.00,360.00,478.00,626.00,1.669,-16.360
2026-04-01T14:54:56.288Z,40.114,pi:0,bottle,0.7848,456.00,192.00,578.00,632.00,1.009,-13.849
2026-04-01T14:54:56.288Z,40.114,pi:0,bottle,0.4002,391.00,360.00,478.00,626.00,1.669,-16.360
2026-04-01T14:54:56.326Z,40.153,pi:0,bottle,0.7812,456.00,193.00,578.00,631.00,1.014,-13.849
2026-04-01T14:54:56.326Z,40.153,pi:0,bottle,0.4251,390.00,358.00,478.00,631.00,1.626,-16.375
2026-04-01T14:54:56.367Z,40.194,pi:0,bottle,0.7776,456.00,192.00,578.00,631.00,1.011,-13.849
2026-04-01T14:54:56.367Z,40.194,pi:0,bottle,0.4241,391.00,358.00,478.00,628.00,1.645,-16.360
2026-04-01T14:54:56.412Z,40.239,pi:0,bottle,0.7885,456.00,192.00,578.00,631.00,1.011,-13.849
2026-04-01T14:54:56.412Z,40.239,pi:0,bottle,0.4433,391.00,359.00,478.00,631.00,1.632,-16.360
2026-04-01T14:54:56.446Z,40.273,pi:0,bottle,0.7812,456.00,191.00,578.00,632.00,1.007,-13.849
2026-04-01T14:54:56.446Z,40.273,pi:0,bottle,0.4412,391.00,360.00,478.00,626.00,1.669,-16.360
2026-04-01T14:54:56.484Z,40.310,pi:0,bottle,0.7739,456.00,193.00,579.00,631.00,1.014,-13.834
2026-04-01T14:54:56.484Z,40.310,pi:0,bottle,0.4251,390.00,359.00,478.00,632.00,1.626,-16.375
2026-04-01T14:54:56.522Z,40.348,pi:0,bottle,0.7921,456.00,192.00,578.00,631.00,1.011,-13.849
2026-04-01T14:54:56.522Z,40.348,pi:0,bottle,0.4178,391.00,360.00,478.00,631.00,1.638,-16.360
2026-04-01T14:54:56.560Z,40.386,pi:0,bottle,0.7885,456.00,197.00,576.00,633.00,1.018,-13.880
2026-04-01T14:54:56.560Z,40.386,pi:0,bottle,0.3933,391.00,359.00,479.00,627.00,1.657,-16.345
2026-04-01T14:54:56.603Z,40.429,pi:0,bottle,0.7776,456.00,192.00,578.00,631.00,1.011,-13.849
2026-04-01T14:54:56.603Z,40.429,pi:0,bottle,0.4287,391.00,361.00,480.00,632.00,1.638,-16.330
2026-04-01T14:54:56.639Z,40.465,pi:0,bottle,0.7921,456.00,193.00,578.00,632.00,1.011,-13.849
2026-04-01T14:54:56.639Z,40.465,pi:0,bottle,0.4723,390.00,358.00,478.00,632.00,1.621,-16.375
2026-04-01T14:54:56.681Z,40.507,pi:0,bottle,0.7848,456.00,195.00,578.00,632.00,1.016,-13.849
2026-04-01T14:54:56.681Z,40.507,pi:0,bottle,0.4104,391.00,359.00,479.00,627.00,1.657,-16.345
2026-04-01T14:54:56.711Z,40.538,pi:0,bottle,0.7667,455.00,193.00,578.00,631.00,1.014,-13.865
2026-04-01T14:54:56.711Z,40.538,pi:0,bottle,0.4446,390.00,359.00,478.00,626.00,1.663,-16.375
2026-04-01T14:54:56.755Z,40.581,pi:0,bottle,0.7703,456.00,193.00,578.00,631.00,1.014,-13.849
2026-04-01T14:54:56.755Z,40.581,pi:0,bottle,0.4651,391.00,354.00,481.00,632.00,1.597,-16.315
2026-04-01T14:54:56.788Z,40.614,pi:0,bottle,0.7812,456.00,193.00,578.00,632.00,1.011,-13.849
2026-04-01T14:54:56.788Z,40.614,pi:0,bottle,0.4360,391.00,358.00,480.00,631.00,1.626,-16.330
2026-04-01T14:54:56.823Z,40.650,pi:0,bottle,0.7812,456.00,193.00,578.00,632.00,1.011,-13.849
2026-04-01T14:54:56.823Z,40.650,pi:0,bottle,0.4433,391.00,361.00,478.00,631.00,1.645,-16.360
2026-04-01T14:54:56.866Z,40.692,pi:0,bottle,0.7921,456.00,192.00,578.00,632.00,1.009,-13.849
2026-04-01T14:54:56.866Z,40.692,pi:0,bottle,0.4760,390.00,359.00,478.00,631.00,1.632,-16.375
2026-04-01T14:54:56.901Z,40.727,pi:0,bottle,0.7885,456.00,192.00,578.00,631.00,1.011,-13.849
2026-04-01T14:54:56.901Z,40.727,pi:0,bottle,0.4446,391.00,359.00,478.00,625.00,1.669,-16.360
2026-04-01T14:54:56.942Z,40.769,pi:0,bottle,0.7739,456.00,193.00,578.00,632.00,1.011,-13.849
2026-04-01T14:54:56.942Z,40.769,pi:0,bottle,0.4446,391.00,360.00,478.00,626.00,1.669,-16.360
2026-04-01T14:54:56.979Z,40.805,pi:0,bottle,0.7703,456.00,192.00,578.00,632.00,1.009,-13.849
2026-04-01T14:54:56.979Z,40.805,pi:0,bottle,0.4823,391.00,360.00,478.00,625.00,1.676,-16.360
2026-04-01T14:54:57.014Z,40.840,pi:0,bottle,0.8030,456.00,193.00,578.00,633.00,1.009,-13.849
2026-04-01T14:54:57.014Z,40.840,pi:0,bottle,0.4251,390.00,360.00,478.00,632.00,1.632,-16.375
2026-04-01T14:54:57.056Z,40.883,pi:0,bottle,0.7739,456.00,195.00,578.00,632.00,1.016,-13.849
2026-04-01T14:54:57.056Z,40.883,pi:0,bottle,0.4446,391.00,360.00,478.00,626.00,1.669,-16.360
2026-04-01T14:54:57.092Z,40.918,pi:0,bottle,0.7703,456.00,193.00,578.00,632.00,1.011,-13.849
2026-04-01T14:54:57.092Z,40.918,pi:0,bottle,0.4481,391.00,359.00,479.00,625.00,1.669,-16.345
2026-04-01T14:54:57.131Z,40.958,pi:0,bottle,0.7812,456.00,194.00,578.00,633.00,1.011,-13.849
2026-04-01T14:54:57.131Z,40.958,pi:0,bottle,0.4412,390.00,360.00,478.00,626.00,1.669,-16.375
2026-04-01T14:54:57.173Z,40.999,pi:0,bottle,0.7812,456.00,193.00,578.00,632.00,1.011,-13.849
2026-04-01T14:54:57.173Z,40.999,pi:0,bottle,0.4796,390.00,359.00,478.00,632.00,1.626,-16.375
2026-04-01T14:54:57.202Z,41.028,pi:0,bottle,0.7812,456.00,193.00,578.00,632.00,1.011,-13.849
2026-04-01T14:54:57.202Z,41.028,pi:0,bottle,0.4823,391.00,358.00,478.00,627.00,1.651,-16.360
2026-04-01T14:54:57.243Z,41.069,pi:0,bottle,0.7703,457.00,195.00,578.00,631.00,1.018,-13.834
2026-04-01T14:54:57.243Z,41.069,pi:0,bottle,0.4106,390.00,361.00,478.00,632.00,1.638,-16.375
2026-04-01T14:54:57.281Z,41.107,pi:0,bottle,0.7739,457.00,193.00,578.00,632.00,1.011,-13.834
2026-04-01T14:54:57.281Z,41.107,pi:0,bottle,0.4324,392.00,358.00,478.00,631.00,1.626,-16.345
2026-04-01T14:54:57.318Z,41.145,pi:0,bottle,0.7812,456.00,193.00,578.00,631.00,1.014,-13.849
2026-04-01T14:54:57.318Z,41.145,pi:0,bottle,0.4433,390.00,360.00,480.00,631.00,1.638,-16.345
2026-04-01T14:54:57.359Z,41.185,pi:0,bottle,0.7812,456.00,194.00,578.00,632.00,1.014,-13.849
2026-04-01T14:54:57.359Z,41.185,pi:0,bottle,0.4215,391.00,360.00,480.00,631.00,1.638,-16.330
2026-04-01T14:54:57.393Z,41.219,pi:0,bottle,0.7776,456.00,193.00,578.00,632.00,1.011,-13.849
2026-04-01T14:54:57.393Z,41.219,pi:0,bottle,0.4396,391.00,358.00,478.00,631.00,1.626,-16.360
2026-04-01T14:54:57.432Z,41.259,pi:0,bottle,0.7812,456.00,192.00,578.00,632.00,1.009,-13.849
2026-04-01T14:54:57.432Z,41.259,pi:0,bottle,0.4469,391.00,356.00,478.00,632.00,1.609,-16.360
2026-04-01T14:54:57.470Z,41.297,pi:0,bottle,0.7848,456.00,192.00,578.00,632.00,1.009,-13.849
2026-04-01T14:54:57.470Z,41.297,pi:0,bottle,0.4959,391.00,360.00,478.00,626.00,1.669,-16.360
2026-04-01T14:54:57.503Z,41.329,pi:0,bottle,0.7848,456.00,194.00,578.00,632.00,1.014,-13.849
2026-04-01T14:54:57.503Z,41.329,pi:0,bottle,0.4360,392.00,357.00,480.00,631.00,1.621,-16.315
2026-04-01T14:54:57.543Z,41.369,pi:0,bottle,0.7667,456.00,194.00,578.00,632.00,1.014,-13.849
2026-04-01T14:54:57.543Z,41.369,pi:0,bottle,0.4723,391.00,358.00,480.00,631.00,1.626,-16.330
2026-04-01T14:54:57.581Z,41.407,pi:0,bottle,0.7812,456.00,192.00,578.00,631.00,1.011,-13.849
2026-04-01T14:54:57.581Z,41.407,pi:0,bottle,0.4139,391.00,359.00,479.00,626.00,1.663,-16.345
2026-04-01T14:54:57.621Z,41.447,pi:0,bottle,0.7703,456.00,193.00,578.00,632.00,1.011,-13.849
2026-04-01T14:54:57.621Z,41.447,pi:0,bottle,0.4542,390.00,359.00,478.00,632.00,1.626,-16.375
2026-04-01T14:54:57.656Z,41.483,pi:0,bottle,0.7776,456.00,194.00,578.00,631.00,1.016,-13.849
2026-04-01T14:54:57.656Z,41.483,pi:0,bottle,0.4378,391.00,360.00,478.00,625.00,1.676,-16.360
2026-04-01T14:54:57.690Z,41.517,pi:0,bottle,0.7812,456.00,194.00,578.00,631.00,1.016,-13.849
2026-04-01T14:54:57.690Z,41.517,pi:0,bottle,0.4446,391.00,360.00,478.00,627.00,1.663,-16.360
2026-04-01T14:54:57.727Z,41.553,pi:0,bottle,0.7776,456.00,194.00,578.00,632.00,1.014,-13.849
2026-04-01T14:54:57.727Z,41.553,pi:0,bottle,0.4310,391.00,359.00,478.00,627.00,1.657,-16.360
2026-04-01T14:54:57.765Z,41.591,pi:0,bottle,0.7921,456.00,193.00,578.00,632.00,1.011,-13.849
2026-04-01T14:54:57.765Z,41.591,pi:0,bottle,0.3960,391.00,358.00,478.00,632.00,1.621,-16.360
2026-04-01T14:54:57.803Z,41.630,pi:0,bottle,0.7703,456.00,194.00,578.00,631.00,1.016,-13.849
2026-04-01T14:54:57.803Z,41.630,pi:0,bottle,0.4207,391.00,360.00,478.00,626.00,1.669,-16.360
2026-04-01T14:54:57.839Z,41.665,pi:0,bottle,0.7703,456.00,192.00,578.00,632.00,1.009,-13.849
2026-04-01T14:54:57.839Z,41.665,pi:0,bottle,0.3865,391.00,358.00,479.00,626.00,1.657,-16.345
2026-04-01T14:54:57.877Z,41.703,pi:0,bottle,0.7848,456.00,198.00,576.00,631.00,1.025,-13.880
2026-04-01T14:54:57.877Z,41.703,pi:0,bottle,0.4142,391.00,361.00,480.00,631.00,1.645,-16.330
2026-04-01T14:54:57.907Z,41.733,pi:0,bottle,0.7812,456.00,192.00,578.00,631.00,1.011,-13.849
2026-04-01T14:54:57.907Z,41.733,pi:0,bottle,0.4070,391.00,360.00,478.00,625.00,1.676,-16.360
2026-04-01T14:54:57.945Z,41.771,pi:0,bottle,0.7739,456.00,193.00,578.00,632.00,1.011,-13.849
2026-04-01T14:54:57.945Z,41.771,pi:0,bottle,0.3960,391.00,361.00,480.00,632.00,1.638,-16.330
2026-04-01T14:54:57.985Z,41.812,pi:0,bottle,0.7812,457.00,196.00,576.00,631.00,1.021,-13.865
2026-04-01T14:54:57.985Z,41.812,pi:0,bottle,0.4178,392.00,360.00,478.00,632.00,1.632,-16.345
2026-04-01T14:54:58.022Z,41.849,pi:0,bottle,0.7703,456.00,190.00,578.00,631.00,1.007,-13.849
2026-04-01T14:54:58.022Z,41.849,pi:0,bottle,0.3888,392.00,360.00,478.00,631.00,1.638,-16.345
2026-04-01T14:54:58.065Z,41.891,pi:0,bottle,0.7667,456.00,193.00,578.00,632.00,1.011,-13.849
2026-04-01T14:54:58.065Z,41.891,pi:0,bottle,0.4614,392.00,358.00,478.00,631.00,1.626,-16.345
2026-04-01T14:54:58.102Z,41.928,pi:0,bottle,0.7848,455.00,194.00,578.00,632.00,1.014,-13.865
2026-04-01T14:54:58.102Z,41.928,pi:0,bottle,0.4542,390.00,360.00,480.00,632.00,1.632,-16.345
2026-04-01T14:54:58.139Z,41.965,pi:0,bottle,0.7703,456.00,193.00,578.00,632.00,1.011,-13.849
2026-04-01T14:54:58.139Z,41.965,pi:0,bottle,0.4788,391.00,361.00,478.00,627.00,1.669,-16.360
2026-04-01T14:54:58.171Z,41.997,pi:0,bottle,0.7848,456.00,193.00,578.00,632.00,1.011,-13.849
2026-04-01T14:54:58.171Z,41.997,pi:0,bottle,0.3888,391.00,359.00,478.00,632.00,1.626,-16.360
2026-04-01T14:54:58.209Z,42.036,pi:0,bottle,0.7921,456.00,194.00,578.00,632.00,1.014,-13.849
2026-04-01T14:54:58.209Z,42.036,pi:0,bottle,0.4173,391.00,360.00,478.00,627.00,1.663,-16.360
2026-04-01T14:54:58.244Z,42.070,pi:0,bottle,0.7776,456.00,193.00,578.00,631.00,1.014,-13.849
2026-04-01T14:54:58.244Z,42.070,pi:0,bottle,0.4578,390.00,358.00,478.00,631.00,1.626,-16.375
2026-04-01T14:54:58.282Z,42.108,pi:0,bottle,0.7812,456.00,191.00,578.00,631.00,1.009,-13.849
2026-04-01T14:54:58.282Z,42.108,pi:0,bottle,0.4396,391.00,358.00,478.00,631.00,1.626,-16.360
2026-04-01T14:54:58.323Z,42.150,pi:0,bottle,0.7739,456.00,194.00,578.00,631.00,1.016,-13.849
2026-04-01T14:54:58.323Z,42.150,pi:0,bottle,0.4324,391.00,357.00,480.00,631.00,1.621,-16.330
2026-04-01T14:54:58.360Z,42.186,pi:0,bottle,0.7703,456.00,194.00,578.00,632.00,1.014,-13.849
2026-04-01T14:54:58.360Z,42.186,pi:0,bottle,0.4275,391.00,360.00,478.00,627.00,1.663,-16.360
2026-04-01T14:54:58.393Z,42.219,pi:0,bottle,0.7776,456.00,192.00,578.00,632.00,1.009,-13.849
2026-04-01T14:54:58.393Z,42.219,pi:0,bottle,0.4760,389.00,358.00,478.00,631.00,1.626,-16.390
2026-04-01T14:54:58.435Z,42.261,pi:0,bottle,0.7776,456.00,192.00,578.00,631.00,1.011,-13.849
2026-04-01T14:54:58.435Z,42.261,pi:0,bottle,0.4275,391.00,360.00,478.00,627.00,1.663,-16.360
2026-04-01T14:54:58.473Z,42.300,pi:0,bottle,0.8030,456.00,192.00,578.00,632.00,1.009,-13.849
2026-04-01T14:54:58.473Z,42.300,pi:0,bottle,0.3997,392.00,359.00,478.00,632.00,1.626,-16.345
2026-04-01T14:54:58.512Z,42.339,pi:0,bottle,0.7812,456.00,192.00,578.00,632.00,1.009,-13.849
2026-04-01T14:54:58.512Z,42.339,pi:0,bottle,0.4578,391.00,357.00,478.00,631.00,1.621,-16.360
2026-04-01T14:54:58.552Z,42.378,pi:0,bottle,0.7703,456.00,193.00,577.00,632.00,1.011,-13.865
2026-04-01T14:54:58.552Z,42.378,pi:0,bottle,0.4412,391.00,360.00,478.00,626.00,1.669,-16.360
2026-04-01T14:54:58.596Z,42.422,pi:0,bottle,0.7921,456.00,192.00,578.00,631.00,1.011,-13.849
2026-04-01T14:54:58.596Z,42.422,pi:0,bottle,0.4241,390.00,360.00,478.00,627.00,1.663,-16.375
2026-04-01T14:54:58.631Z,42.457,pi:0,bottle,0.7739,456.00,192.00,578.00,631.00,1.011,-13.849
2026-04-01T14:54:58.631Z,42.457,pi:0,bottle,0.4481,390.00,360.00,477.00,626.00,1.669,-16.390
2026-04-01T14:54:58.667Z,42.493,pi:0,bottle,0.7921,456.00,194.00,578.00,632.00,1.014,-13.849
2026-04-01T14:54:58.667Z,42.493,pi:0,bottle,0.4614,390.00,360.00,478.00,632.00,1.632,-16.375
2026-04-01T14:54:58.700Z,42.527,pi:0,bottle,0.7776,456.00,195.00,578.00,632.00,1.016,-13.849
2026-04-01T14:54:58.700Z,42.527,pi:0,bottle,0.4344,391.00,359.00,478.00,625.00,1.669,-16.360
2026-04-01T14:54:58.743Z,42.569,pi:0,bottle,0.7776,456.00,193.00,577.00,632.00,1.011,-13.865
2026-04-01T14:54:58.743Z,42.569,pi:0,bottle,0.4652,391.00,360.00,478.00,626.00,1.669,-16.360
2026-04-01T14:54:58.774Z,42.600,pi:0,bottle,0.7994,456.00,191.00,578.00,631.00,1.009,-13.849
2026-04-01T14:54:58.774Z,42.600,pi:0,bottle,0.4549,391.00,358.00,478.00,627.00,1.651,-16.360
2026-04-01T14:54:58.815Z,42.641,pi:0,bottle,0.7885,455.00,195.00,577.00,632.00,1.016,-13.880
2026-04-01T14:54:58.815Z,42.641,pi:0,bottle,0.4994,391.00,360.00,477.00,626.00,1.669,-16.375
2026-04-01T14:54:58.854Z,42.680,pi:0,bottle,0.7776,456.00,194.00,578.00,632.00,1.014,-13.849
2026-04-01T14:54:58.854Z,42.680,pi:0,bottle,0.4275,391.00,359.00,477.00,626.00,1.663,-16.375
2026-04-01T14:54:58.897Z,42.723,pi:0,bottle,0.7776,456.00,192.00,578.00,632.00,1.009,-13.849
2026-04-01T14:54:58.897Z,42.723,pi:0,bottle,0.4446,391.00,359.00,477.00,625.00,1.669,-16.375
2026-04-01T14:54:58.934Z,42.760,pi:0,bottle,0.7703,455.00,194.00,578.00,631.00,1.016,-13.865
2026-04-01T14:54:58.934Z,42.760,pi:0,bottle,0.4344,391.00,360.00,477.00,627.00,1.663,-16.375
2026-04-01T14:54:58.972Z,42.798,pi:0,bottle,0.7812,455.00,191.00,577.00,631.00,1.009,-13.880
2026-04-01T14:54:58.972Z,42.798,pi:0,bottle,0.4241,391.00,359.00,478.00,627.00,1.657,-16.360
2026-04-01T14:54:59.010Z,42.836,pi:0,bottle,0.7848,456.00,194.00,577.00,631.00,1.016,-13.865
2026-04-01T14:54:59.010Z,42.836,pi:0,bottle,0.4104,391.00,358.00,478.00,626.00,1.657,-16.360
2026-04-01T14:54:59.049Z,42.875,pi:0,bottle,0.7885,456.00,201.00,576.00,633.00,1.028,-13.880
2026-04-01T14:54:59.049Z,42.875,pi:0,bottle,0.4652,391.00,360.00,477.00,626.00,1.669,-16.375
2026-04-01T14:54:59.089Z,42.915,pi:0,bottle,0.7703,455.00,200.00,576.00,634.00,1.023,-13.895
2026-04-01T14:54:59.089Z,42.915,pi:0,bottle,0.4617,391.00,359.00,477.00,626.00,1.663,-16.375
2026-04-01T14:54:59.122Z,42.949,pi:0,bottle,0.7812,456.00,201.00,577.00,633.00,1.028,-13.865
2026-04-01T14:54:59.122Z,42.949,pi:0,bottle,0.4378,391.00,359.00,477.00,625.00,1.669,-16.375
2026-04-01T14:54:59.161Z,42.988,pi:0,bottle,0.7776,456.00,193.00,577.00,631.00,1.014,-13.865
2026-04-01T14:54:59.161Z,42.988,pi:0,bottle,0.4275,391.00,360.00,478.00,626.00,1.669,-16.360
2026-04-01T14:54:59.199Z,43.025,pi:0,bottle,0.7885,456.00,192.00,578.00,631.00,1.011,-13.849
2026-04-01T14:54:59.199Z,43.025,pi:0,bottle,0.4207,391.00,359.00,477.00,627.00,1.657,-16.375
2026-04-01T14:54:59.234Z,43.060,pi:0,bottle,0.7848,456.00,192.00,577.00,632.00,1.009,-13.865
2026-04-01T14:54:59.234Z,43.060,pi:0,bottle,0.4412,391.00,358.00,478.00,627.00,1.651,-16.360
2026-04-01T14:54:59.271Z,43.098,pi:0,bottle,0.7776,456.00,192.00,578.00,632.00,1.009,-13.849
2026-04-01T14:54:59.271Z,43.098,pi:0,bottle,0.3997,391.00,359.00,477.00,631.00,1.632,-16.375
2026-04-01T14:54:59.307Z,43.134,pi:0,bottle,0.7812,456.00,194.00,578.00,632.00,1.014,-13.849
2026-04-01T14:54:59.307Z,43.134,pi:0,bottle,0.4207,391.00,359.00,477.00,625.00,1.669,-16.375
2026-04-01T14:54:59.342Z,43.169,pi:0,bottle,0.7667,456.00,193.00,578.00,632.00,1.011,-13.849
2026-04-01T14:54:59.342Z,43.169,pi:0,bottle,0.3933,391.00,359.00,478.00,626.00,1.663,-16.360
2026-04-01T14:54:59.383Z,43.209,pi:0,bottle,0.7739,456.00,192.00,578.00,632.00,1.009,-13.849
2026-04-01T14:54:59.383Z,43.209,pi:0,bottle,0.4583,390.00,358.00,478.00,627.00,1.651,-16.375
2026-04-01T14:54:59.420Z,43.247,pi:0,bottle,0.7885,455.00,197.00,576.00,634.00,1.016,-13.895
2026-04-01T14:54:59.420Z,43.247,pi:0,bottle,0.4412,391.00,359.00,477.00,626.00,1.663,-16.375
2026-04-01T14:54:59.462Z,43.288,pi:0,bottle,0.7776,456.00,193.00,577.00,631.00,1.014,-13.865
2026-04-01T14:54:59.462Z,43.288,pi:0,bottle,0.3968,391.00,359.00,477.00,626.00,1.663,-16.375
2026-04-01T14:54:59.499Z,43.326,pi:0,bottle,0.7739,455.00,199.00,577.00,633.00,1.023,-13.880
2026-04-01T14:54:59.499Z,43.326,pi:0,bottle,0.4104,391.00,360.00,478.00,625.00,1.676,-16.360
2026-04-01T14:54:59.542Z,43.369,pi:0,bottle,0.7667,456.00,194.00,578.00,632.00,1.014,-13.849
2026-04-01T14:54:59.542Z,43.369,pi:0,bottle,0.4378,390.00,360.00,477.00,625.00,1.676,-16.390
2026-04-01T14:54:59.572Z,43.398,pi:0,bottle,0.7776,456.00,198.00,577.00,633.00,1.021,-13.865
2026-04-01T14:54:59.572Z,43.398,pi:0,bottle,0.4173,391.00,359.00,478.00,627.00,1.657,-16.360
2026-04-01T14:54:59.619Z,43.445,pi:0,bottle,0.7776,455.00,193.00,577.00,632.00,1.011,-13.880
2026-04-01T14:54:59.619Z,43.445,pi:0,bottle,0.4481,391.00,358.00,478.00,627.00,1.651,-16.360
2026-04-01T14:54:59.660Z,43.486,pi:0,bottle,0.7630,456.00,194.00,578.00,632.00,1.014,-13.849
2026-04-01T14:54:59.660Z,43.486,pi:0,bottle,0.4002,391.00,359.00,477.00,626.00,1.663,-16.375
2026-04-01T14:54:59.687Z,43.514,pi:0,bottle,0.7812,456.00,193.00,578.00,632.00,1.011,-13.849
2026-04-01T14:54:59.687Z,43.514,pi:0,bottle,0.4104,391.00,358.00,477.00,625.00,1.663,-16.375
2026-04-01T14:54:59.731Z,43.557,pi:0,bottle,0.7739,455.00,196.00,576.00,633.00,1.016,-13.895
2026-04-01T14:54:59.731Z,43.557,pi:0,bottle,0.3831,391.00,359.00,478.00,626.00,1.663,-16.360
2026-04-01T14:54:59.772Z,43.598,pi:0,bottle,0.7848,456.00,192.00,578.00,632.00,1.009,-13.849
2026-04-01T14:54:59.772Z,43.598,pi:0,bottle,0.4002,391.00,358.00,478.00,625.00,1.663,-16.360
2026-04-01T14:54:59.802Z,43.628,pi:0,bottle,0.7812,456.00,193.00,577.00,631.00,1.014,-13.865
2026-04-01T14:54:59.802Z,43.628,pi:0,bottle,0.3899,391.00,359.00,478.00,625.00,1.669,-16.360
2026-04-01T14:54:59.838Z,43.664,pi:0,bottle,0.7739,456.00,192.00,577.00,631.00,1.011,-13.865
2026-04-01T14:54:59.838Z,43.664,pi:0,bottle,0.3997,390.00,360.00,478.00,631.00,1.638,-16.375
2026-04-01T14:54:59.871Z,43.698,pi:0,bottle,0.7667,456.00,192.00,578.00,632.00,1.009,-13.849
2026-04-01T14:54:59.871Z,43.698,pi:0,bottle,0.3420,391.00,359.00,478.00,626.00,1.663,-16.360
2026-04-01T14:54:59.916Z,43.742,pi:0,bottle,0.7776,456.00,194.00,578.00,631.00,1.016,-13.849
2026-04-01T14:54:59.916Z,43.742,pi:0,bottle,0.4583,391.00,358.00,478.00,626.00,1.657,-16.360
2026-04-01T14:54:59.954Z,43.781,pi:0,bottle,0.7848,456.00,192.00,578.00,632.00,1.009,-13.849
2026-04-01T14:54:59.954Z,43.781,pi:0,bottle,0.4515,391.00,359.00,478.00,626.00,1.663,-16.360
2026-04-01T14:54:59.992Z,43.818,pi:0,bottle,0.7776,455.00,198.00,576.00,633.00,1.021,-13.895
2026-04-01T14:54:59.992Z,43.818,pi:0,bottle,0.4412,391.00,359.00,478.00,626.00,1.663,-16.360
2026-04-01T14:55:00.030Z,43.857,pi:0,bottle,0.7885,456.00,192.00,578.00,631.00,1.011,-13.849
2026-04-01T14:55:00.030Z,43.857,pi:0,bottle,0.4139,392.00,359.00,478.00,626.00,1.663,-16.345
2026-04-01T14:55:00.074Z,43.900,pi:0,bottle,0.7667,456.00,197.00,576.00,634.00,1.016,-13.880
2026-04-01T14:55:00.074Z,43.900,pi:0,bottle,0.3933,391.00,359.00,478.00,627.00,1.657,-16.360
2026-04-01T14:55:00.108Z,43.934,pi:0,bottle,0.7776,456.00,198.00,577.00,633.00,1.021,-13.865
2026-04-01T14:55:00.108Z,43.934,pi:0,bottle,0.3851,391.00,362.00,478.00,631.00,1.651,-16.360
2026-04-01T14:55:00.146Z,43.973,pi:0,bottle,0.7776,456.00,193.00,578.00,631.00,1.014,-13.849
2026-04-01T14:55:00.146Z,43.973,pi:0,bottle,0.4310,391.00,359.00,479.00,627.00,1.657,-16.345
2026-04-01T14:55:00.182Z,44.008,pi:0,bottle,0.7885,456.00,192.00,578.00,632.00,1.009,-13.849
2026-04-01T14:55:00.182Z,44.008,pi:0,bottle,0.4378,391.00,358.00,478.00,627.00,1.651,-16.360
2026-04-01T14:55:00.224Z,44.050,pi:0,bottle,0.7776,456.00,193.00,578.00,631.00,1.014,-13.849
2026-04-01T14:55:00.224Z,44.050,pi:0,bottle,0.3899,391.00,358.00,478.00,626.00,1.657,-16.360
2026-04-01T14:55:00.265Z,44.092,pi:0,bottle,0.7812,457.00,191.00,578.00,632.00,1.007,-13.834
2026-04-01T14:55:00.265Z,44.092,pi:0,bottle,0.3968,391.00,358.00,478.00,627.00,1.651,-16.360
2026-04-01T14:55:00.303Z,44.129,pi:0,bottle,0.7885,456.00,194.00,576.00,631.00,1.016,-13.880
2026-04-01T14:55:00.303Z,44.129,pi:0,bottle,0.3924,391.00,360.00,478.00,631.00,1.638,-16.360
2026-04-01T14:55:00.340Z,44.168,pi:0,bottle,0.7739,457.00,197.00,577.00,631.00,1.023,-13.849
2026-04-01T14:55:00.340Z,44.168,pi:0,bottle,0.3779,391.00,361.00,478.00,631.00,1.645,-16.360
2026-04-01T14:55:00.382Z,44.208,pi:0,bottle,0.7848,456.00,196.00,576.00,631.00,1.021,-13.880
2026-04-01T14:55:00.382Z,44.208,pi:0,bottle,0.3968,391.00,359.00,479.00,626.00,1.663,-16.345
2026-04-01T14:55:00.417Z,44.243,pi:0,bottle,0.7885,456.00,197.00,577.00,632.00,1.021,-13.865
2026-04-01T14:55:00.417Z,44.243,pi:0,bottle,0.4104,391.00,359.00,478.00,627.00,1.657,-16.360
2026-04-01T14:55:00.460Z,44.286,pi:0,bottle,0.7703,456.00,197.00,577.00,631.00,1.023,-13.865
2026-04-01T14:55:00.460Z,44.286,pi:0,bottle,0.3796,391.00,358.00,479.00,627.00,1.651,-16.345
2026-04-01T14:55:00.492Z,44.319,pi:0,bottle,0.7885,456.00,197.00,577.00,633.00,1.018,-13.865
2026-04-01T14:55:00.492Z,44.319,pi:0,bottle,0.3591,391.00,360.00,478.00,628.00,1.657,-16.360
2026-04-01T14:55:00.532Z,44.358,pi:0,bottle,0.7739,456.00,196.00,577.00,633.00,1.016,-13.865
2026-04-01T14:55:00.532Z,44.358,pi:0,bottle,0.4207,391.00,358.00,478.00,628.00,1.645,-16.360
2026-04-01T14:55:00.574Z,44.400,pi:0,bottle,0.7739,455.00,197.00,576.00,634.00,1.016,-13.895
2026-04-01T14:55:00.574Z,44.400,pi:0,bottle,0.3796,391.00,358.00,478.00,627.00,1.651,-16.360
2026-04-01T14:55:00.624Z,44.451,pi:0,bottle,0.7739,456.00,197.00,577.00,633.00,1.018,-13.865
2026-04-01T14:55:00.624Z,44.451,pi:0,bottle,0.3865,391.00,358.00,479.00,627.00,1.651,-16.345
2026-04-01T14:55:00.650Z,44.476,pi:0,bottle,0.7739,456.00,195.00,578.00,632.00,1.016,-13.849
2026-04-01T14:55:00.650Z,44.476,pi:0,bottle,0.3960,391.00,358.00,478.00,631.00,1.626,-16.360
2026-04-01T14:55:00.742Z,44.568,pi:0,bottle,0.7848,456.00,194.00,578.00,632.00,1.014,-13.849
2026-04-01T14:55:00.742Z,44.568,pi:0,bottle,0.4173,391.00,358.00,478.00,626.00,1.657,-16.360
2026-04-01T14:55:00.775Z,44.601,pi:0,bottle,0.7739,456.00,192.00,577.00,632.00,1.009,-13.865
2026-04-01T14:55:00.775Z,44.601,pi:0,bottle,0.4344,391.00,358.00,478.00,626.00,1.657,-16.360
2026-04-01T14:55:00.813Z,44.639,pi:0,bottle,0.7703,456.00,194.00,578.00,632.00,1.014,-13.849
2026-04-01T14:55:00.813Z,44.639,pi:0,bottle,0.3899,391.00,358.00,478.00,626.00,1.657,-16.360
2026-04-01T14:55:00.852Z,44.679,pi:0,bottle,0.7776,456.00,199.00,577.00,634.00,1.021,-13.865
2026-04-01T14:55:00.852Z,44.679,pi:0,bottle,0.4583,391.00,358.00,478.00,625.00,1.663,-16.360
2026-04-01T14:55:00.886Z,44.712,pi:0,bottle,0.7630,456.00,192.00,578.00,632.00,1.009,-13.849
2026-04-01T14:55:00.886Z,44.712,pi:0,bottle,0.4652,391.00,358.00,478.00,625.00,1.663,-16.360
2026-04-01T14:55:00.922Z,44.749,pi:0,bottle,0.7667,456.00,192.00,578.00,632.00,1.009,-13.849
2026-04-01T14:55:00.922Z,44.749,pi:0,bottle,0.4994,391.00,357.00,477.00,627.00,1.645,-16.375
2026-04-01T14:55:00.961Z,44.787,pi:0,bottle,0.7703,456.00,193.00,578.00,632.00,1.011,-13.849
2026-04-01T14:55:00.961Z,44.787,pi:0,bottle,0.4241,391.00,356.00,477.00,626.00,1.645,-16.375
2026-04-01T14:55:00.998Z,44.824,pi:0,bottle,0.7703,456.00,192.00,578.00,632.00,1.009,-13.849
2026-04-01T14:55:00.998Z,44.824,pi:0,bottle,0.4070,391.00,358.00,478.00,626.00,1.657,-16.360
2026-04-01T14:55:01.033Z,44.860,pi:0,bottle,0.7848,456.00,191.00,578.00,632.00,1.007,-13.849
2026-04-01T14:55:01.033Z,44.860,pi:0,bottle,0.4275,391.00,358.00,478.00,627.00,1.651,-16.360
2026-04-01T14:55:01.072Z,44.898,pi:0,bottle,0.7921,456.00,194.00,578.00,631.00,1.016,-13.849
2026-04-01T14:55:01.072Z,44.898,pi:0,bottle,0.4823,390.00,357.00,478.00,626.00,1.651,-16.375
2026-04-01T14:55:01.108Z,44.934,pi:0,bottle,0.7703,456.00,191.00,578.00,632.00,1.007,-13.849
2026-04-01T14:55:01.108Z,44.934,pi:0,bottle,0.4310,391.00,358.00,478.00,626.00,1.657,-16.360
2026-04-01T14:55:01.146Z,44.972,pi:0,bottle,0.7703,456.00,192.00,578.00,632.00,1.009,-13.849
2026-04-01T14:55:01.146Z,44.972,pi:0,bottle,0.4720,391.00,358.00,478.00,627.00,1.651,-16.360
2026-04-01T14:55:01.191Z,45.017,pi:0,bottle,0.7739,456.00,190.00,578.00,632.00,1.005,-13.849
2026-04-01T14:55:01.191Z,45.017,pi:0,bottle,0.4207,391.00,359.00,478.00,626.00,1.663,-16.360
2026-04-01T14:55:01.215Z,45.042,pi:0,bottle,0.7776,456.00,192.00,578.00,631.00,1.011,-13.849
2026-04-01T14:55:01.215Z,45.042,pi:0,bottle,0.4515,391.00,359.00,478.00,627.00,1.657,-16.360
2026-04-01T14:55:01.304Z,45.130,pi:0,bottle,0.7703,456.00,197.00,576.00,631.00,1.023,-13.880
2026-04-01T14:55:01.304Z,45.130,pi:0,bottle,0.4378,390.00,358.00,478.00,627.00,1.651,-16.375
2026-04-01T14:55:01.343Z,45.170,pi:0,bottle,0.7776,456.00,200.00,577.00,633.00,1.025,-13.865
2026-04-01T14:55:01.343Z,45.170,pi:0,bottle,0.3762,390.00,360.00,478.00,627.00,1.663,-16.375
2026-04-01T14:55:01.375Z,45.201,pi:0,bottle,0.7812,456.00,192.00,578.00,631.00,1.011,-13.849
2026-04-01T14:55:01.375Z,45.201,pi:0,bottle,0.4241,390.00,358.00,478.00,627.00,1.651,-16.375
2026-04-01T14:55:01.413Z,45.239,pi:0,bottle,0.7703,456.00,191.00,578.00,631.00,1.009,-13.849
2026-04-01T14:55:01.413Z,45.239,pi:0,bottle,0.4142,390.00,360.00,478.00,631.00,1.638,-16.375
2026-04-01T14:55:01.452Z,45.278,pi:0,bottle,0.7703,456.00,194.00,578.00,632.00,1.014,-13.849
2026-04-01T14:55:01.452Z,45.278,pi:0,bottle,0.3865,391.00,359.00,478.00,627.00,1.657,-16.360
2026-04-01T14:55:01.492Z,45.318,pi:0,bottle,0.7812,456.00,192.00,578.00,632.00,1.009,-13.849
2026-04-01T14:55:01.492Z,45.318,pi:0,bottle,0.3924,391.00,359.00,478.00,632.00,1.626,-16.360
2026-04-01T14:55:01.533Z,45.359,pi:0,bottle,0.7848,456.00,194.00,578.00,631.00,1.016,-13.849
2026-04-01T14:55:01.533Z,45.359,pi:0,bottle,0.4310,391.00,359.00,478.00,628.00,1.651,-16.360
2026-04-01T14:55:01.571Z,45.398,pi:0,bottle,0.7812,456.00,192.00,578.00,632.00,1.009,-13.849
2026-04-01T14:55:01.571Z,45.398,pi:0,bottle,0.4446,391.00,361.00,478.00,626.00,1.676,-16.360
2026-04-01T14:55:01.603Z,45.430,pi:0,bottle,0.7848,456.00,191.00,578.00,632.00,1.007,-13.849
2026-04-01T14:55:01.603Z,45.430,pi:0,bottle,0.4139,391.00,359.00,478.00,626.00,1.663,-16.360
2026-04-01T14:55:01.647Z,45.473,pi:0,bottle,0.7848,456.00,191.00,578.00,632.00,1.007,-13.849
2026-04-01T14:55:01.647Z,45.473,pi:0,bottle,0.3899,391.00,361.00,479.00,628.00,1.663,-16.345
2026-04-01T14:55:01.685Z,45.512,pi:0,bottle,0.7921,456.00,194.00,578.00,632.00,1.014,-13.849
2026-04-01T14:55:01.685Z,45.512,pi:0,bottle,0.4275,391.00,359.00,478.00,626.00,1.663,-16.360
2026-04-01T14:55:01.722Z,45.549,pi:0,bottle,0.7848,456.00,192.00,577.00,631.00,1.011,-13.865
2026-04-01T14:55:01.722Z,45.549,pi:0,bottle,0.4788,391.00,359.00,478.00,626.00,1.663,-16.360
2026-04-01T14:55:01.758Z,45.585,pi:0,bottle,0.7921,456.00,190.00,579.00,632.00,1.005,-13.834
2026-04-01T14:55:01.758Z,45.585,pi:0,bottle,0.4686,392.00,360.00,478.00,626.00,1.669,-16.345
2026-04-01T14:55:01.801Z,45.627,pi:0,bottle,0.7885,456.00,192.00,578.00,633.00,1.007,-13.849
2026-04-01T14:55:01.801Z,45.627,pi:0,bottle,0.4515,391.00,360.00,478.00,627.00,1.663,-16.360
2026-04-01T14:55:01.835Z,45.661,pi:0,bottle,0.7921,456.00,202.00,576.00,632.00,1.033,-13.880
2026-04-01T14:55:01.835Z,45.661,pi:0,bottle,0.3960,391.00,359.00,478.00,632.00,1.626,-16.360
2026-04-01T14:55:01.879Z,45.705,pi:0,bottle,0.7812,456.00,191.00,578.00,632.00,1.007,-13.849
2026-04-01T14:55:01.879Z,45.705,pi:0,bottle,0.4515,391.00,359.00,478.00,625.00,1.669,-16.360
2026-04-01T14:55:01.916Z,45.743,pi:0,bottle,0.7848,457.00,190.00,577.00,632.00,1.005,-13.849
2026-04-01T14:55:01.916Z,45.743,pi:0,bottle,0.4344,391.00,359.00,478.00,627.00,1.657,-16.360
2026-04-01T14:55:01.953Z,45.779,pi:0,bottle,0.7885,456.00,192.00,578.00,632.00,1.009,-13.849
2026-04-01T14:55:01.953Z,45.779,pi:0,bottle,0.4481,390.00,358.00,478.00,626.00,1.657,-16.375
2026-04-01T14:55:01.991Z,45.817,pi:0,bottle,0.7776,456.00,192.00,578.00,632.00,1.009,-13.849
2026-04-01T14:55:01.991Z,45.817,pi:0,bottle,0.4446,391.00,358.00,478.00,626.00,1.657,-16.360
2026-04-01T14:55:02.030Z,45.857,pi:0,bottle,0.7703,456.00,200.00,576.00,633.00,1.025,-13.880
2026-04-01T14:55:02.030Z,45.857,pi:0,bottle,0.4241,390.00,359.00,478.00,627.00,1.657,-16.375
2026-04-01T14:55:02.063Z,45.890,pi:0,bottle,0.7630,456.00,192.00,578.00,633.00,1.007,-13.849
2026-04-01T14:55:02.063Z,45.890,pi:0,bottle,0.4446,391.00,359.00,478.00,626.00,1.663,-16.360
2026-04-01T14:55:02.099Z,45.925,pi:0,bottle,0.7739,456.00,192.00,578.00,632.00,1.009,-13.849
2026-04-01T14:55:02.099Z,45.925,pi:0,bottle,0.4412,391.00,358.00,478.00,626.00,1.657,-16.360
2026-04-01T14:55:02.137Z,45.964,pi:0,bottle,0.7703,456.00,193.00,578.00,632.00,1.011,-13.849
2026-04-01T14:55:02.137Z,45.964,pi:0,bottle,0.4412,391.00,359.00,478.00,626.00,1.663,-16.360
2026-04-01T14:55:02.171Z,45.997,pi:0,bottle,0.7812,456.00,192.00,578.00,631.00,1.011,-13.849
2026-04-01T14:55:02.171Z,45.997,pi:0,bottle,0.4207,391.00,359.00,478.00,627.00,1.657,-16.360
2026-04-01T14:55:02.212Z,46.038,pi:0,bottle,0.7812,456.00,191.00,577.00,632.00,1.007,-13.865
2026-04-01T14:55:02.212Z,46.038,pi:0,bottle,0.4652,391.00,360.00,478.00,624.00,1.682,-16.360
2026-04-01T14:55:02.246Z,46.073,pi:0,bottle,0.7885,456.00,190.00,578.00,632.00,1.005,-13.849
2026-04-01T14:55:02.246Z,46.073,pi:0,bottle,0.4515,391.00,359.00,477.00,626.00,1.663,-16.375
2026-04-01T14:55:02.298Z,46.124,pi:0,bottle,0.7848,456.00,197.00,576.00,633.00,1.018,-13.880
2026-04-01T14:55:02.298Z,46.124,pi:0,bottle,0.4515,392.00,360.00,478.00,626.00,1.669,-16.345
2026-04-01T14:55:02.331Z,46.157,pi:0,bottle,0.7703,456.00,190.00,578.00,632.00,1.005,-13.849
2026-04-01T14:55:02.331Z,46.157,pi:0,bottle,0.3968,391.00,359.00,477.00,627.00,1.657,-16.375
2026-04-01T14:55:02.370Z,46.197,pi:0,bottle,0.7703,457.00,200.00,576.00,633.00,1.025,-13.865
2026-04-01T14:55:02.370Z,46.197,pi:0,bottle,0.3933,392.00,360.00,477.00,627.00,1.663,-16.360
2026-04-01T14:55:02.408Z,46.234,pi:0,bottle,0.7558,457.00,193.00,576.00,632.00,1.011,-13.865
2026-04-01T14:55:02.408Z,46.234,pi:0,bottle,0.4139,391.00,360.00,478.00,628.00,1.657,-16.360
2026-04-01T14:55:02.450Z,46.276,pi:0,bottle,0.7558,457.00,193.00,576.00,633.00,1.009,-13.865
2026-04-01T14:55:02.450Z,46.276,pi:0,bottle,0.3865,391.00,360.00,478.00,628.00,1.657,-16.360
2026-04-01T14:55:02.487Z,46.314,pi:0,bottle,0.7776,456.00,191.00,576.00,632.00,1.007,-13.880
2026-04-01T14:55:02.487Z,46.314,pi:0,bottle,0.4446,392.00,359.00,478.00,628.00,1.651,-16.345
2026-04-01T14:55:02.532Z,46.359,pi:0,bottle,0.7558,457.00,199.00,576.00,634.00,1.021,-13.865
2026-04-01T14:55:02.532Z,46.359,pi:0,bottle,0.4275,392.00,360.00,478.00,628.00,1.657,-16.345
2026-04-01T14:55:02.567Z,46.393,pi:0,bottle,0.7739,456.00,194.00,576.00,631.00,1.016,-13.880
2026-04-01T14:55:02.567Z,46.393,pi:0,bottle,0.4412,391.00,359.00,478.00,628.00,1.651,-16.360
2026-04-01T14:55:02.607Z,46.433,pi:0,bottle,0.7703,456.00,191.00,576.00,631.00,1.009,-13.880
2026-04-01T14:55:02.607Z,46.433,pi:0,bottle,0.4686,392.00,359.00,478.00,629.00,1.645,-16.345
2026-04-01T14:55:02.642Z,46.469,pi:0,bottle,0.7667,456.00,192.00,576.00,631.00,1.011,-13.880
2026-04-01T14:55:02.642Z,46.469,pi:0,bottle,0.3706,391.00,362.00,478.00,631.00,1.651,-16.360
2026-04-01T14:55:02.675Z,46.501,pi:0,bottle,0.7703,456.00,190.00,576.00,630.00,1.009,-13.880
2026-04-01T14:55:02.675Z,46.501,pi:0,bottle,0.4344,391.00,360.00,478.00,625.00,1.676,-16.360
2026-04-01T14:55:02.715Z,46.542,pi:0,bottle,0.7667,456.00,191.00,576.00,631.00,1.009,-13.880
2026-04-01T14:55:02.715Z,46.542,pi:0,bottle,0.3489,391.00,359.00,478.00,627.00,1.657,-16.360
2026-04-01T14:55:02.748Z,46.574,pi:0,bottle,0.7776,456.00,193.00,577.00,632.00,1.011,-13.865
2026-04-01T14:55:02.748Z,46.574,pi:0,bottle,0.4241,391.00,360.00,478.00,628.00,1.657,-16.360
2026-04-01T14:55:02.790Z,46.617,pi:0,bottle,0.7776,456.00,192.00,577.00,631.00,1.011,-13.865
2026-04-01T14:55:02.790Z,46.617,pi:0,bottle,0.4036,392.00,359.00,478.00,627.00,1.657,-16.345
2026-04-01T14:55:02.824Z,46.650,pi:0,bottle,0.7630,456.00,193.00,578.00,631.00,1.014,-13.849
2026-04-01T14:55:02.824Z,46.650,pi:0,bottle,0.4549,391.00,359.00,478.00,627.00,1.657,-16.360
2026-04-01T14:55:02.863Z,46.690,pi:0,bottle,0.7885,456.00,191.00,577.00,631.00,1.009,-13.865
2026-04-01T14:55:02.863Z,46.690,pi:0,bottle,0.4549,391.00,360.00,478.00,626.00,1.669,-16.360
2026-04-01T14:55:02.907Z,46.734,pi:0,bottle,0.7776,456.00,193.00,576.00,632.00,1.011,-13.880
2026-04-01T14:55:02.907Z,46.734,pi:0,bottle,0.4104,391.00,359.00,478.00,627.00,1.657,-16.360
2026-04-01T14:55:02.941Z,46.767,pi:0,bottle,0.7848,456.00,194.00,577.00,632.00,1.014,-13.865
2026-04-01T14:55:02.941Z,46.767,pi:0,bottle,0.3625,391.00,359.00,478.00,628.00,1.651,-16.360
2026-04-01T14:55:02.980Z,46.806,pi:0,bottle,0.7667,456.00,200.00,576.00,633.00,1.025,-13.880
2026-04-01T14:55:02.980Z,46.806,pi:0,bottle,0.4324,391.00,359.00,478.00,631.00,1.632,-16.360
2026-04-01T14:55:03.012Z,46.839,pi:0,bottle,0.7667,456.00,197.00,576.00,633.00,1.018,-13.880
2026-04-01T14:55:03.012Z,46.839,pi:0,bottle,0.4207,391.00,359.00,477.00,629.00,1.645,-16.375
2026-04-01T14:55:03.055Z,46.881,pi:0,bottle,0.7812,457.00,192.00,577.00,632.00,1.009,-13.849
2026-04-01T14:55:03.055Z,46.881,pi:0,bottle,0.3796,392.00,359.00,477.00,627.00,1.657,-16.360
2026-04-01T14:55:03.090Z,46.916,pi:0,bottle,0.7703,456.00,191.00,577.00,631.00,1.009,-13.865
2026-04-01T14:55:03.090Z,46.916,pi:0,bottle,0.4481,392.00,360.00,478.00,627.00,1.663,-16.345
2026-04-01T14:55:03.127Z,46.953,pi:0,bottle,0.7776,456.00,199.00,574.00,633.00,1.023,-13.911
2026-04-01T14:55:03.127Z,46.953,pi:0,bottle,0.4173,391.00,360.00,478.00,628.00,1.657,-16.360
2026-04-01T14:55:03.167Z,46.993,pi:0,bottle,0.7703,456.00,193.00,577.00,632.00,1.011,-13.865
2026-04-01T14:55:03.167Z,46.993,pi:0,bottle,0.4891,391.00,358.00,478.00,626.00,1.657,-16.360
2026-04-01T14:55:03.206Z,47.032,pi:0,bottle,0.7885,456.00,192.00,577.00,632.00,1.009,-13.865
2026-04-01T14:55:03.206Z,47.032,pi:0,bottle,0.4207,391.00,358.00,478.00,629.00,1.638,-16.360
2026-04-01T14:55:03.248Z,47.074,pi:0,bottle,0.7739,456.00,192.00,577.00,632.00,1.009,-13.865
2026-04-01T14:55:03.248Z,47.074,pi:0,bottle,0.3762,391.00,359.00,478.00,627.00,1.657,-16.360
2026-04-01T14:55:03.285Z,47.111,pi:0,bottle,0.7739,456.00,192.00,577.00,632.00,1.009,-13.865
2026-04-01T14:55:03.285Z,47.111,pi:0,bottle,0.4310,391.00,359.00,478.00,627.00,1.657,-16.360
2026-04-01T14:55:03.321Z,47.148,pi:0,bottle,0.7703,456.00,191.00,578.00,632.00,1.007,-13.849
2026-04-01T14:55:03.321Z,47.148,pi:0,bottle,0.4446,391.00,359.00,478.00,627.00,1.657,-16.360
2026-04-01T14:55:03.359Z,47.185,pi:0,bottle,0.7812,456.00,190.00,577.00,631.00,1.007,-13.865
2026-04-01T14:55:03.359Z,47.185,pi:0,bottle,0.3865,392.00,360.00,478.00,628.00,1.657,-16.345
2026-04-01T14:55:03.399Z,47.225,pi:0,bottle,0.7630,456.00,191.00,576.00,632.00,1.007,-13.880
2026-04-01T14:55:03.399Z,47.225,pi:0,bottle,0.4378,391.00,359.00,478.00,626.00,1.663,-16.360
2026-04-01T14:55:03.438Z,47.264,pi:0,bottle,0.7630,456.00,193.00,577.00,631.00,1.014,-13.865
2026-04-01T14:55:03.438Z,47.264,pi:0,bottle,0.4207,391.00,358.00,478.00,628.00,1.645,-16.360
2026-04-01T14:55:03.472Z,47.298,pi:0,bottle,0.7776,456.00,190.00,576.00,632.00,1.005,-13.880
2026-04-01T14:55:03.472Z,47.298,pi:0,bottle,0.4583,391.00,358.00,478.00,627.00,1.651,-16.360
2026-04-01T14:55:03.508Z,47.334,pi:0,bottle,0.7848,456.00,196.00,574.00,633.00,1.016,-13.911
2026-04-01T14:55:03.508Z,47.334,pi:0,bottle,0.4446,391.00,359.00,478.00,627.00,1.657,-16.360
2026-04-01T14:55:03.551Z,47.378,pi:0,bottle,0.7739,457.00,198.00,576.00,633.00,1.021,-13.865
2026-04-01T14:55:03.551Z,47.378,pi:0,bottle,0.4412,391.00,358.00,478.00,627.00,1.651,-16.360
2026-04-01T14:55:03.596Z,47.422,pi:0,bottle,0.7630,457.00,197.00,574.00,633.00,1.018,-13.895
2026-04-01T14:55:03.596Z,47.422,pi:0,bottle,0.4173,392.00,359.00,478.00,627.00,1.657,-16.345
2026-04-01T14:55:03.634Z,47.460,pi:0,bottle,0.7667,457.00,199.00,576.00,634.00,1.021,-13.865
2026-04-01T14:55:03.634Z,47.460,pi:0,bottle,0.3796,391.00,359.00,479.00,626.00,1.663,-16.345
2026-04-01T14:55:03.666Z,47.493,pi:0,bottle,0.7630,456.00,201.00,576.00,633.00,1.028,-13.880
2026-04-01T14:55:03.666Z,47.493,pi:0,bottle,0.4446,391.00,360.00,478.00,628.00,1.657,-16.360
2026-04-01T14:55:03.699Z,47.525,pi:0,bottle,0.7630,456.00,193.00,577.00,632.00,1.011,-13.865
2026-04-01T14:55:03.699Z,47.525,pi:0,bottle,0.4207,391.00,359.00,478.00,628.00,1.651,-16.360
2026-04-01T14:55:03.739Z,47.566,pi:0,bottle,0.7594,456.00,190.00,577.00,632.00,1.005,-13.865
2026-04-01T14:55:03.739Z,47.566,pi:0,bottle,0.4070,391.00,359.00,478.00,628.00,1.651,-16.360
2026-04-01T14:55:03.774Z,47.601,pi:0,bottle,0.7703,456.00,192.00,577.00,631.00,1.011,-13.865
2026-04-01T14:55:03.774Z,47.601,pi:0,bottle,0.4070,391.00,360.00,478.00,627.00,1.663,-16.360
2026-04-01T14:55:03.815Z,47.641,pi:0,bottle,0.7630,456.00,196.00,576.00,633.00,1.016,-13.880
2026-04-01T14:55:03.815Z,47.641,pi:0,bottle,0.3706,391.00,359.00,478.00,632.00,1.626,-16.360
2026-04-01T14:55:03.860Z,47.687,pi:0,bottle,0.7594,456.00,191.00,576.00,632.00,1.007,-13.880
2026-04-01T14:55:03.860Z,47.687,pi:0,bottle,0.4104,392.00,359.00,478.00,629.00,1.645,-16.345
2026-04-01T14:55:03.893Z,47.720,pi:0,bottle,0.7630,456.00,191.00,576.00,632.00,1.007,-13.880
2026-04-01T14:55:03.893Z,47.720,pi:0,bottle,0.3933,391.00,359.00,478.00,628.00,1.651,-16.360
2026-04-01T14:55:03.927Z,47.753,pi:0,bottle,0.7703,456.00,191.00,577.00,632.00,1.007,-13.865
2026-04-01T14:55:03.927Z,47.753,pi:0,bottle,0.3633,390.00,360.00,478.00,632.00,1.632,-16.375
2026-04-01T14:55:03.968Z,47.794,pi:0,bottle,0.7885,456.00,195.00,576.00,632.00,1.016,-13.880
2026-04-01T14:55:03.968Z,47.794,pi:0,bottle,0.4412,392.00,357.00,478.00,627.00,1.645,-16.345
2026-04-01T14:55:04.002Z,47.829,pi:0,bottle,0.7594,457.00,198.00,576.00,633.00,1.021,-13.865
2026-04-01T14:55:04.002Z,47.829,pi:0,bottle,0.4241,392.00,360.00,477.00,628.00,1.657,-16.360
2026-04-01T14:55:04.035Z,47.861,pi:0,bottle,0.7485,456.00,190.00,577.00,632.00,1.005,-13.865
2026-04-01T14:55:04.035Z,47.861,pi:0,bottle,0.4173,391.00,359.00,478.00,628.00,1.651,-16.360
2026-04-01T14:55:04.076Z,47.902,pi:0,bottle,0.7703,456.00,190.00,577.00,632.00,1.005,-13.865
2026-04-01T14:55:04.076Z,47.902,pi:0,bottle,0.4310,391.00,360.00,477.00,628.00,1.657,-16.375
2026-04-01T14:55:04.116Z,47.942,pi:0,bottle,0.7667,456.00,191.00,577.00,632.00,1.007,-13.865
2026-04-01T14:55:04.116Z,47.942,pi:0,bottle,0.4106,391.00,361.00,478.00,631.00,1.645,-16.360
2026-04-01T14:55:04.156Z,47.983,pi:0,bottle,0.7703,457.00,191.00,576.00,631.00,1.009,-13.865
2026-04-01T14:55:04.156Z,47.983,pi:0,bottle,0.3779,392.00,361.00,478.00,631.00,1.645,-16.345
2026-04-01T14:55:04.193Z,48.019,pi:0,bottle,0.7848,456.00,199.00,574.00,633.00,1.023,-13.911
2026-04-01T14:55:04.193Z,48.019,pi:0,bottle,0.3899,392.00,361.00,478.00,629.00,1.657,-16.345
2026-04-01T14:55:04.233Z,48.059,pi:0,bottle,0.7739,456.00,198.00,576.00,633.00,1.021,-13.880
2026-04-01T14:55:04.233Z,48.059,pi:0,bottle,0.4686,391.00,358.00,478.00,628.00,1.645,-16.360
2026-04-01T14:55:04.269Z,48.095,pi:0,bottle,0.7885,456.00,190.00,577.00,632.00,1.005,-13.865
2026-04-01T14:55:04.269Z,48.095,pi:0,bottle,0.4617,391.00,359.00,478.00,628.00,1.651,-16.360
2026-04-01T14:55:04.303Z,48.129,pi:0,bottle,0.7558,456.00,197.00,574.00,633.00,1.018,-13.911
2026-04-01T14:55:04.303Z,48.129,pi:0,bottle,0.4481,391.00,360.00,478.00,628.00,1.657,-16.360
2026-04-01T14:55:04.342Z,48.169,pi:0,bottle,0.7812,456.00,192.00,577.00,632.00,1.009,-13.865
2026-04-01T14:55:04.342Z,48.169,pi:0,bottle,0.4173,392.00,359.00,478.00,628.00,1.651,-16.345
2026-04-01T14:55:04.381Z,48.208,pi:0,bottle,0.7848,456.00,196.00,576.00,634.00,1.014,-13.880
2026-04-01T14:55:04.381Z,48.208,pi:0,bottle,0.4070,392.00,360.00,478.00,628.00,1.657,-16.345
2026-04-01T14:55:04.417Z,48.243,pi:0,bottle,0.7921,456.00,196.00,576.00,634.00,1.014,-13.880
2026-04-01T14:55:04.417Z,48.243,pi:0,bottle,0.4310,391.00,359.00,478.00,628.00,1.651,-16.360
2026-04-01T14:55:04.458Z,48.284,pi:0,bottle,0.7630,456.00,191.00,576.00,632.00,1.007,-13.880
2026-04-01T14:55:04.458Z,48.284,pi:0,bottle,0.4720,391.00,359.00,478.00,628.00,1.651,-16.360
2026-04-01T14:55:04.494Z,48.321,pi:0,bottle,0.7667,456.00,190.00,577.00,632.00,1.005,-13.865
2026-04-01T14:55:04.494Z,48.321,pi:0,bottle,0.4036,391.00,359.00,477.00,627.00,1.657,-16.375
2026-04-01T14:55:04.531Z,48.357,pi:0,bottle,0.7667,456.00,189.00,576.00,632.00,1.002,-13.880
2026-04-01T14:55:04.531Z,48.357,pi:0,bottle,0.3968,391.00,359.00,478.00,628.00,1.651,-16.360
2026-04-01T14:55:04.569Z,48.395,pi:0,bottle,0.7703,456.00,191.00,578.00,631.00,1.009,-13.849
2026-04-01T14:55:04.569Z,48.395,pi:0,bottle,0.4583,391.00,358.00,478.00,627.00,1.651,-16.360
2026-04-01T14:55:04.606Z,48.433,pi:0,bottle,0.7812,456.00,191.00,577.00,632.00,1.007,-13.865
2026-04-01T14:55:04.606Z,48.433,pi:0,bottle,0.4652,391.00,359.00,478.00,627.00,1.657,-16.360
2026-04-01T14:55:04.647Z,48.473,pi:0,bottle,0.7594,456.00,189.00,578.00,632.00,1.002,-13.849
2026-04-01T14:55:04.647Z,48.473,pi:0,bottle,0.4070,391.00,360.00,478.00,627.00,1.663,-16.360
2026-04-01T14:55:04.686Z,48.512,pi:0,bottle,0.7630,456.00,189.00,577.00,631.00,1.005,-13.865
2026-04-01T14:55:04.686Z,48.512,pi:0,bottle,0.4070,391.00,358.00,478.00,628.00,1.645,-16.360
2026-04-01T14:55:04.722Z,48.549,pi:0,bottle,0.7739,456.00,191.00,577.00,631.00,1.009,-13.865
2026-04-01T14:55:04.722Z,48.549,pi:0,bottle,0.3865,392.00,358.00,478.00,629.00,1.638,-16.345
2026-04-01T14:55:04.760Z,48.586,pi:0,bottle,0.7848,456.00,192.00,577.00,632.00,1.009,-13.865
2026-04-01T14:55:04.760Z,48.586,pi:0,bottle,0.4036,391.00,359.00,478.00,628.00,1.651,-16.360
2026-04-01T14:55:04.802Z,48.629,pi:0,bottle,0.7630,456.00,193.00,577.00,632.00,1.011,-13.865
2026-04-01T14:55:04.802Z,48.629,pi:0,bottle,0.4446,391.00,359.00,478.00,628.00,1.651,-16.360
2026-04-01T14:55:04.836Z,48.662,pi:0,bottle,0.7776,456.00,192.00,577.00,631.00,1.011,-13.865
2026-04-01T14:55:04.836Z,48.662,pi:0,bottle,0.3815,391.00,360.00,478.00,632.00,1.632,-16.360
2026-04-01T14:55:04.870Z,48.696,pi:0,bottle,0.7703,456.00,193.00,576.00,632.00,1.011,-13.880
2026-04-01T14:55:04.870Z,48.696,pi:0,bottle,0.3899,391.00,358.00,478.00,627.00,1.651,-16.360
2026-04-01T14:55:04.911Z,48.737,pi:0,bottle,0.7776,456.00,199.00,576.00,634.00,1.021,-13.880
2026-04-01T14:55:04.911Z,48.737,pi:0,bottle,0.4481,391.00,358.00,478.00,628.00,1.645,-16.360
2026-04-01T14:55:04.956Z,48.782,pi:0,bottle,0.7776,456.00,193.00,578.00,631.00,1.014,-13.849
2026-04-01T14:55:04.956Z,48.782,pi:0,bottle,0.4173,391.00,359.00,478.00,628.00,1.651,-16.360
2026-04-01T14:55:04.977Z,48.803,pi:0,bottle,0.7848,455.00,198.00,576.00,633.00,1.021,-13.895
2026-04-01T14:55:04.977Z,48.803,pi:0,bottle,0.4549,391.00,358.00,478.00,628.00,1.645,-16.360
2026-04-01T14:55:05.069Z,48.896,pi:0,bottle,0.8030,456.00,192.00,578.00,631.00,1.011,-13.849
2026-04-01T14:55:05.069Z,48.896,pi:0,bottle,0.4310,391.00,359.00,478.00,626.00,1.663,-16.360
2026-04-01T14:55:05.098Z,48.924,pi:0,bottle,0.7812,456.00,189.00,577.00,632.00,1.002,-13.865
2026-04-01T14:55:05.098Z,48.924,pi:0,bottle,0.4173,391.00,358.00,478.00,626.00,1.657,-16.360
2026-04-01T14:55:05.144Z,48.970,pi:0,bottle,0.7703,456.00,190.00,578.00,632.00,1.005,-13.849
2026-04-01T14:55:05.144Z,48.970,pi:0,bottle,0.4241,391.00,360.00,478.00,626.00,1.669,-16.360
2026-04-01T14:55:05.180Z,49.007,pi:0,bottle,0.7921,456.00,192.00,578.00,631.00,1.011,-13.849
2026-04-01T14:55:05.180Z,49.007,pi:0,bottle,0.4178,391.00,359.00,478.00,631.00,1.632,-16.360
2026-04-01T14:55:05.220Z,49.046,pi:0,bottle,0.7957,456.00,192.00,578.00,632.00,1.009,-13.849
2026-04-01T14:55:05.220Z,49.046,pi:0,bottle,0.4515,391.00,359.00,478.00,626.00,1.663,-16.360
2026-04-01T14:55:05.261Z,49.087,pi:0,bottle,0.7921,456.00,193.00,578.00,632.00,1.011,-13.849
2026-04-01T14:55:05.261Z,49.087,pi:0,bottle,0.4173,391.00,360.00,478.00,626.00,1.669,-16.360
2026-04-01T14:55:05.310Z,49.137,pi:0,bottle,0.7848,456.00,192.00,577.00,632.00,1.009,-13.865
2026-04-01T14:55:05.310Z,49.137,pi:0,bottle,0.4344,391.00,359.00,478.00,625.00,1.669,-16.360
2026-04-01T14:55:05.350Z,49.176,pi:0,bottle,0.7848,457.00,193.00,578.00,632.00,1.011,-13.834
2026-04-01T14:55:05.350Z,49.176,pi:0,bottle,0.4275,391.00,359.00,477.00,626.00,1.663,-16.375
2026-04-01T14:55:05.384Z,49.210,pi:0,bottle,0.7848,456.00,192.00,578.00,631.00,1.011,-13.849
2026-04-01T14:55:05.384Z,49.210,pi:0,bottle,0.4310,391.00,360.00,478.00,625.00,1.676,-16.360
2026-04-01T14:55:05.415Z,49.241,pi:0,bottle,0.7994,456.00,192.00,577.00,632.00,1.009,-13.865
2026-04-01T14:55:05.415Z,49.241,pi:0,bottle,0.4287,391.00,360.00,478.00,631.00,1.638,-16.360
2026-04-01T14:55:05.450Z,49.276,pi:0,bottle,0.7957,456.00,192.00,578.00,632.00,1.009,-13.849
2026-04-01T14:55:05.450Z,49.276,pi:0,bottle,0.4036,391.00,359.00,478.00,627.00,1.657,-16.360
2026-04-01T14:55:05.482Z,49.309,pi:0,bottle,0.7921,456.00,192.00,578.00,632.00,1.009,-13.849
2026-04-01T14:55:05.482Z,49.309,pi:0,bottle,0.4378,391.00,360.00,478.00,625.00,1.676,-16.360
2026-04-01T14:55:05.525Z,49.351,pi:0,bottle,0.7848,456.00,193.00,578.00,631.00,1.014,-13.849
2026-04-01T14:55:05.525Z,49.351,pi:0,bottle,0.4651,391.00,359.00,478.00,632.00,1.626,-16.360
2026-04-01T14:55:05.557Z,49.384,pi:0,bottle,0.7885,456.00,192.00,578.00,632.00,1.009,-13.849
2026-04-01T14:55:05.557Z,49.384,pi:0,bottle,0.4241,391.00,360.00,478.00,626.00,1.669,-16.360
2026-04-01T14:55:05.606Z,49.432,pi:0,bottle,0.7921,456.00,192.00,578.00,632.00,1.009,-13.849
2026-04-01T14:55:05.606Z,49.432,pi:0,bottle,0.4215,390.00,358.00,477.00,631.00,1.626,-16.390
2026-04-01T14:55:05.642Z,49.468,pi:0,bottle,0.7812,456.00,193.00,578.00,632.00,1.011,-13.849
2026-04-01T14:55:05.642Z,49.468,pi:0,bottle,0.4287,391.00,359.00,478.00,631.00,1.632,-16.360
2026-04-01T14:55:05.681Z,49.507,pi:0,bottle,0.7812,456.00,192.00,578.00,631.00,1.011,-13.849
2026-04-01T14:55:05.681Z,49.507,pi:0,bottle,0.4515,391.00,360.00,478.00,624.00,1.682,-16.360
2026-04-01T14:55:05.712Z,49.538,pi:0,bottle,0.7776,456.00,194.00,578.00,632.00,1.014,-13.849
2026-04-01T14:55:05.712Z,49.538,pi:0,bottle,0.4275,391.00,360.00,478.00,626.00,1.669,-16.360
2026-04-01T14:55:05.755Z,49.582,pi:0,bottle,0.7812,456.00,194.00,579.00,632.00,1.014,-13.834
2026-04-01T14:55:05.755Z,49.582,pi:0,bottle,0.4139,391.00,361.00,478.00,626.00,1.676,-16.360
2026-04-01T14:55:05.791Z,49.617,pi:0,bottle,0.7812,456.00,193.00,578.00,632.00,1.011,-13.849
2026-04-01T14:55:05.791Z,49.617,pi:0,bottle,0.4446,391.00,360.00,478.00,625.00,1.676,-16.360
2026-04-01T14:55:05.830Z,49.656,pi:0,bottle,0.7739,456.00,193.00,577.00,632.00,1.011,-13.865
2026-04-01T14:55:05.830Z,49.656,pi:0,bottle,0.4241,391.00,360.00,479.00,626.00,1.669,-16.345
2026-04-01T14:55:05.866Z,49.692,pi:0,bottle,0.7776,456.00,194.00,578.00,631.00,1.016,-13.849
2026-04-01T14:55:05.866Z,49.692,pi:0,bottle,0.4433,390.00,358.00,478.00,632.00,1.621,-16.375
2026-04-01T14:55:05.903Z,49.730,pi:0,bottle,0.7776,456.00,192.00,578.00,631.00,1.011,-13.849
2026-04-01T14:55:05.903Z,49.730,pi:0,bottle,0.4344,390.00,362.00,478.00,626.00,1.682,-16.375
2026-04-01T14:55:05.947Z,49.773,pi:0,bottle,0.7667,456.00,191.00,578.00,631.00,1.009,-13.849
2026-04-01T14:55:05.947Z,49.773,pi:0,bottle,0.4215,391.00,361.00,480.00,632.00,1.638,-16.330
2026-04-01T14:55:05.996Z,49.822,pi:0,bottle,0.7848,456.00,191.00,578.00,632.00,1.007,-13.849
2026-04-01T14:55:05.996Z,49.822,pi:0,bottle,0.4287,390.00,360.00,478.00,631.00,1.638,-16.375
2026-04-01T14:55:06.037Z,49.863,pi:0,bottle,0.7957,456.00,192.00,578.00,632.00,1.009,-13.849
2026-04-01T14:55:06.037Z,49.863,pi:0,bottle,0.4857,391.00,358.00,477.00,626.00,1.657,-16.375
2026-04-01T14:55:06.077Z,49.903,pi:0,bottle,0.7921,456.00,192.00,578.00,632.00,1.009,-13.849
2026-04-01T14:55:06.077Z,49.903,pi:0,bottle,0.3997,391.00,361.00,478.00,631.00,1.645,-16.360
2026-04-01T14:55:06.110Z,49.937,pi:0,bottle,0.7885,456.00,194.00,578.00,631.00,1.016,-13.849
2026-04-01T14:55:06.110Z,49.937,pi:0,bottle,0.3997,391.00,358.00,477.00,632.00,1.621,-16.375
2026-04-01T14:55:06.135Z,49.961,pi:0,bottle,0.7921,456.00,194.00,578.00,631.00,1.016,-13.849
2026-04-01T14:55:06.135Z,49.961,pi:0,bottle,0.4104,391.00,359.00,478.00,626.00,1.663,-16.360
2026-04-01T14:55:06.178Z,50.004,pi:0,bottle,0.7848,456.00,192.00,578.00,631.00,1.011,-13.849
2026-04-01T14:55:06.178Z,50.004,pi:0,bottle,0.3997,391.00,359.00,478.00,632.00,1.626,-16.360
2026-04-01T14:55:06.217Z,50.043,pi:0,bottle,0.7957,456.00,194.00,578.00,632.00,1.014,-13.849
2026-04-01T14:55:06.217Z,50.043,pi:0,bottle,0.4412,390.00,358.00,478.00,626.00,1.657,-16.375
2026-04-01T14:55:06.264Z,50.090,pi:0,bottle,0.7739,456.00,193.00,578.00,631.00,1.014,-13.849
2026-04-01T14:55:06.264Z,50.090,pi:0,bottle,0.4310,391.00,360.00,478.00,625.00,1.676,-16.360
2026-04-01T14:55:06.304Z,50.130,pi:0,bottle,0.7848,456.00,192.00,578.00,632.00,1.009,-13.849
2026-04-01T14:55:06.304Z,50.130,pi:0,bottle,0.4360,390.00,360.00,480.00,631.00,1.638,-16.345
2026-04-01T14:55:06.345Z,50.171,pi:0,bottle,0.7812,456.00,192.00,578.00,631.00,1.011,-13.849
2026-04-01T14:55:06.345Z,50.171,pi:0,bottle,0.4396,391.00,360.00,477.00,631.00,1.638,-16.375
2026-04-01T14:55:06.377Z,50.204,pi:0,bottle,0.7812,455.00,195.00,577.00,632.00,1.016,-13.880
2026-04-01T14:55:06.377Z,50.204,pi:0,bottle,0.4686,391.00,359.00,478.00,626.00,1.663,-16.360
2026-04-01T14:55:06.414Z,50.240,pi:0,bottle,0.7776,456.00,194.00,577.00,631.00,1.016,-13.865
2026-04-01T14:55:06.414Z,50.240,pi:0,bottle,0.4652,391.00,360.00,478.00,626.00,1.669,-16.360
2026-04-01T14:55:06.457Z,50.283,pi:0,bottle,0.7812,456.00,192.00,578.00,632.00,1.009,-13.849
2026-04-01T14:55:06.457Z,50.283,pi:0,bottle,0.4617,391.00,359.00,477.00,626.00,1.663,-16.375
2026-04-01T14:55:06.490Z,50.316,pi:0,bottle,0.7703,455.00,192.00,578.00,632.00,1.009,-13.865
2026-04-01T14:55:06.490Z,50.316,pi:0,bottle,0.4481,391.00,358.00,477.00,626.00,1.657,-16.375
2026-04-01T14:55:06.527Z,50.354,pi:0,bottle,0.7739,456.00,192.00,577.00,632.00,1.009,-13.865
2026-04-01T14:55:06.527Z,50.354,pi:0,bottle,0.4215,391.00,360.00,477.00,631.00,1.638,-16.375
2026-04-01T14:55:06.563Z,50.389,pi:0,bottle,0.7921,456.00,192.00,578.00,632.00,1.009,-13.849
2026-04-01T14:55:06.563Z,50.389,pi:0,bottle,0.4446,390.00,359.00,478.00,625.00,1.669,-16.375
2026-04-01T14:55:06.607Z,50.434,pi:0,bottle,0.7848,456.00,192.00,578.00,632.00,1.009,-13.849
2026-04-01T14:55:06.607Z,50.434,pi:0,bottle,0.4104,391.00,361.00,478.00,625.00,1.682,-16.360
2026-04-01T14:55:06.643Z,50.470,pi:0,bottle,0.7848,456.00,190.00,578.00,631.00,1.007,-13.849
2026-04-01T14:55:06.643Z,50.470,pi:0,bottle,0.4344,391.00,358.00,478.00,626.00,1.657,-16.360
2026-04-01T14:55:06.683Z,50.509,pi:0,bottle,0.7812,456.00,192.00,578.00,632.00,1.009,-13.849
2026-04-01T14:55:06.683Z,50.509,pi:0,bottle,0.4173,390.00,360.00,478.00,625.00,1.676,-16.375
2026-04-01T14:55:06.720Z,50.546,pi:0,bottle,0.7885,456.00,190.00,577.00,632.00,1.005,-13.865
2026-04-01T14:55:06.720Z,50.546,pi:0,bottle,0.4412,391.00,360.00,478.00,626.00,1.669,-16.360
2026-04-01T14:55:06.755Z,50.581,pi:0,bottle,0.7848,456.00,192.00,578.00,632.00,1.009,-13.849
2026-04-01T14:55:06.755Z,50.581,pi:0,bottle,0.4481,391.00,359.00,477.00,626.00,1.663,-16.375
2026-04-01T14:55:06.794Z,50.621,pi:0,bottle,0.7812,455.00,192.00,577.00,632.00,1.009,-13.880
2026-04-01T14:55:06.794Z,50.621,pi:0,bottle,0.4433,391.00,359.00,478.00,632.00,1.626,-16.360
2026-04-01T14:55:06.833Z,50.659,pi:0,bottle,0.7776,456.00,193.00,577.00,632.00,1.011,-13.865
2026-04-01T14:55:06.833Z,50.659,pi:0,bottle,0.4515,391.00,360.00,478.00,626.00,1.669,-16.360
2026-04-01T14:55:06.876Z,50.702,pi:0,bottle,0.7739,455.00,193.00,578.00,632.00,1.011,-13.865
2026-04-01T14:55:06.876Z,50.702,pi:0,bottle,0.4686,391.00,356.00,477.00,625.00,1.651,-16.375
2026-04-01T14:55:06.913Z,50.740,pi:0,bottle,0.7848,456.00,191.00,578.00,632.00,1.007,-13.849
2026-04-01T14:55:06.913Z,50.740,pi:0,bottle,0.4310,391.00,359.00,477.00,625.00,1.669,-16.375
2026-04-01T14:55:06.947Z,50.774,pi:0,bottle,0.7994,456.00,196.00,579.00,631.00,1.021,-13.834
2026-04-01T14:55:06.947Z,50.774,pi:0,bottle,0.4344,391.00,359.00,478.00,626.00,1.663,-16.360
2026-04-01T14:55:06.984Z,50.810,pi:0,bottle,0.7776,455.00,192.00,578.00,632.00,1.009,-13.865
2026-04-01T14:55:06.984Z,50.810,pi:0,bottle,0.4446,391.00,358.00,478.00,624.00,1.669,-16.360
2026-04-01T14:55:07.020Z,50.846,pi:0,bottle,0.7812,456.00,192.00,578.00,631.00,1.011,-13.849
2026-04-01T14:55:07.020Z,50.846,pi:0,bottle,0.4378,391.00,357.00,478.00,625.00,1.657,-16.360
2026-04-01T14:55:07.065Z,50.891,pi:0,bottle,0.7848,456.00,191.00,578.00,631.00,1.009,-13.849
2026-04-01T14:55:07.065Z,50.891,pi:0,bottle,0.4549,391.00,360.00,477.00,625.00,1.676,-16.375
2026-04-01T14:55:07.099Z,50.925,pi:0,bottle,0.7885,456.00,193.00,578.00,631.00,1.014,-13.849
2026-04-01T14:55:07.099Z,50.925,pi:0,bottle,0.4070,390.00,359.00,477.00,625.00,1.669,-16.390
2026-04-01T14:55:07.139Z,50.966,pi:0,bottle,0.7812,456.00,193.00,577.00,632.00,1.011,-13.865
2026-04-01T14:55:07.139Z,50.966,pi:0,bottle,0.4617,391.00,359.00,477.00,625.00,1.669,-16.375
2026-04-01T14:55:07.172Z,50.998,pi:0,bottle,0.7885,456.00,193.00,578.00,632.00,1.011,-13.849
2026-04-01T14:55:07.172Z,50.998,pi:0,bottle,0.4207,391.00,358.00,478.00,625.00,1.663,-16.360
2026-04-01T14:55:07.217Z,51.043,pi:0,bottle,0.7885,456.00,191.00,578.00,632.00,1.007,-13.849
2026-04-01T14:55:07.217Z,51.043,pi:0,bottle,0.4104,391.00,358.00,477.00,625.00,1.663,-16.375
2026-04-01T14:55:07.248Z,51.074,pi:0,bottle,0.7848,456.00,193.00,578.00,631.00,1.014,-13.849
2026-04-01T14:55:07.248Z,51.074,pi:0,bottle,0.3694,391.00,358.00,477.00,626.00,1.657,-16.375
2026-04-01T14:55:07.289Z,51.115,pi:0,bottle,0.7812,456.00,192.00,578.00,631.00,1.011,-13.849
2026-04-01T14:55:07.289Z,51.115,pi:0,bottle,0.4310,391.00,360.00,478.00,627.00,1.663,-16.360
2026-04-01T14:55:07.325Z,51.152,pi:0,bottle,0.7921,456.00,192.00,578.00,632.00,1.009,-13.849
2026-04-01T14:55:07.325Z,51.152,pi:0,bottle,0.4173,391.00,359.00,477.00,626.00,1.663,-16.375
2026-04-01T14:55:07.363Z,51.189,pi:0,bottle,0.7921,456.00,193.00,578.00,632.00,1.011,-13.849
2026-04-01T14:55:07.363Z,51.189,pi:0,bottle,0.4515,391.00,359.00,478.00,625.00,1.669,-16.360
2026-04-01T14:55:07.403Z,51.230,pi:0,bottle,0.7957,456.00,192.00,578.00,632.00,1.009,-13.849
2026-04-01T14:55:07.403Z,51.230,pi:0,bottle,0.3924,392.00,362.00,477.00,631.00,1.651,-16.360
2026-04-01T14:55:07.436Z,51.262,pi:0,bottle,0.7812,456.00,194.00,577.00,631.00,1.016,-13.865
2026-04-01T14:55:07.436Z,51.262,pi:0,bottle,0.4686,391.00,359.00,478.00,625.00,1.669,-16.360
2026-04-01T14:55:07.483Z,51.309,pi:0,bottle,0.7739,456.00,193.00,578.00,632.00,1.011,-13.849
2026-04-01T14:55:07.483Z,51.309,pi:0,bottle,0.4925,390.00,358.00,477.00,625.00,1.663,-16.390
2026-04-01T14:55:07.521Z,51.347,pi:0,bottle,0.7848,456.00,194.00,578.00,631.00,1.016,-13.849
2026-04-01T14:55:07.521Z,51.347,pi:0,bottle,0.4583,391.00,358.00,477.00,626.00,1.657,-16.375
2026-04-01T14:55:07.554Z,51.380,pi:0,bottle,0.7885,455.00,193.00,578.00,632.00,1.011,-13.865
2026-04-01T14:55:07.554Z,51.380,pi:0,bottle,0.4925,391.00,358.00,477.00,625.00,1.663,-16.375
2026-04-01T14:55:07.599Z,51.426,pi:0,bottle,0.7812,456.00,193.00,578.00,632.00,1.011,-13.849
2026-04-01T14:55:07.599Z,51.426,pi:0,bottle,0.4994,390.00,359.00,477.00,625.00,1.669,-16.390
2026-04-01T14:55:07.631Z,51.457,pi:0,bottle,0.7848,456.00,193.00,578.00,632.00,1.011,-13.849
2026-04-01T14:55:07.631Z,51.457,pi:0,bottle,0.4378,391.00,360.00,477.00,626.00,1.669,-16.375
2026-04-01T14:55:07.675Z,51.502,pi:0,bottle,0.7848,456.00,192.00,578.00,632.00,1.009,-13.849
2026-04-01T14:55:07.675Z,51.502,pi:0,bottle,0.4241,391.00,357.00,477.00,626.00,1.651,-16.375
2026-04-01T14:55:07.709Z,51.535,pi:0,bottle,0.7812,456.00,194.00,578.00,632.00,1.014,-13.849
2026-04-01T14:55:07.709Z,51.535,pi:0,bottle,0.3968,390.00,358.00,477.00,627.00,1.651,-16.390
2026-04-01T14:55:07.743Z,51.569,pi:0,bottle,0.7921,456.00,193.00,577.00,632.00,1.011,-13.865
2026-04-01T14:55:07.743Z,51.569,pi:0,bottle,0.4036,391.00,360.00,478.00,627.00,1.663,-16.360
2026-04-01T14:55:07.782Z,51.609,pi:0,bottle,0.7776,455.00,191.00,578.00,632.00,1.007,-13.865
2026-04-01T14:55:07.782Z,51.609,pi:0,bottle,0.4344,391.00,359.00,477.00,627.00,1.657,-16.375
2026-04-01T14:55:07.819Z,51.646,pi:0,bottle,0.7921,456.00,193.00,577.00,631.00,1.014,-13.865
2026-04-01T14:55:07.819Z,51.646,pi:0,bottle,0.4241,391.00,359.00,478.00,627.00,1.657,-16.360
2026-04-01T14:55:07.855Z,51.682,pi:0,bottle,0.7848,456.00,192.00,577.00,633.00,1.007,-13.865
2026-04-01T14:55:07.855Z,51.682,pi:0,bottle,0.4378,391.00,359.00,478.00,625.00,1.669,-16.360
2026-04-01T14:55:07.892Z,51.718,pi:0,bottle,0.7776,456.00,192.00,578.00,632.00,1.009,-13.849
2026-04-01T14:55:07.892Z,51.718,pi:0,bottle,0.4549,391.00,359.00,477.00,627.00,1.657,-16.375
2026-04-01T14:55:07.929Z,51.755,pi:0,bottle,0.7776,456.00,191.00,578.00,632.00,1.007,-13.849
2026-04-01T14:55:07.929Z,51.755,pi:0,bottle,0.4549,391.00,359.00,478.00,626.00,1.663,-16.360
2026-04-01T14:55:07.964Z,51.793,pi:0,bottle,0.7848,455.00,193.00,578.00,632.00,1.011,-13.865
2026-04-01T14:55:07.964Z,51.793,pi:0,bottle,0.4207,391.00,360.00,477.00,626.00,1.669,-16.375
2026-04-01T14:55:07.999Z,51.825,pi:0,bottle,0.7812,455.00,193.00,578.00,631.00,1.014,-13.865
2026-04-01T14:55:07.999Z,51.825,pi:0,bottle,0.4481,391.00,361.00,477.00,626.00,1.676,-16.375
2026-04-01T14:55:08.046Z,51.872,pi:0,bottle,0.7776,455.00,193.00,578.00,632.00,1.011,-13.865
2026-04-01T14:55:08.046Z,51.872,pi:0,bottle,0.4139,391.00,359.00,478.00,627.00,1.657,-16.360
2026-04-01T14:55:08.089Z,51.915,pi:0,bottle,0.7848,455.00,193.00,578.00,631.00,1.014,-13.865
2026-04-01T14:55:08.089Z,51.915,pi:0,bottle,0.4310,390.00,359.00,478.00,626.00,1.663,-16.375
2026-04-01T14:55:08.120Z,51.947,pi:0,bottle,0.7848,456.00,192.00,578.00,631.00,1.011,-13.849
2026-04-01T14:55:08.120Z,51.947,pi:0,bottle,0.4069,391.00,361.00,478.00,631.00,1.645,-16.360
2026-04-01T14:55:08.160Z,51.986,pi:0,bottle,0.7885,456.00,192.00,577.00,631.00,1.011,-13.865
2026-04-01T14:55:08.160Z,51.986,pi:0,bottle,0.4686,391.00,358.00,477.00,625.00,1.663,-16.375
2026-04-01T14:55:08.194Z,52.021,pi:0,bottle,0.7848,455.00,192.00,578.00,632.00,1.009,-13.865
2026-04-01T14:55:08.194Z,52.021,pi:0,bottle,0.4241,391.00,359.00,478.00,626.00,1.663,-16.360
2026-04-01T14:55:08.258Z,52.084,pi:0,bottle,0.7776,456.00,191.00,578.00,632.00,1.007,-13.849
2026-04-01T14:55:08.258Z,52.084,pi:0,bottle,0.4344,391.00,359.00,478.00,628.00,1.651,-16.360
2026-04-01T14:55:08.327Z,52.153,pi:0,bottle,0.7885,456.00,192.00,578.00,631.00,1.011,-13.849
2026-04-01T14:55:08.327Z,52.153,pi:0,bottle,0.4344,391.00,360.00,478.00,627.00,1.663,-16.360
2026-04-01T14:55:08.402Z,52.228,pi:0,bottle,0.7776,456.00,193.00,577.00,632.00,1.011,-13.865
2026-04-01T14:55:08.402Z,52.228,pi:0,bottle,0.4070,391.00,360.00,477.00,626.00,1.669,-16.375
2026-04-01T14:55:08.443Z,52.269,pi:0,bottle,0.7848,456.00,193.00,578.00,631.00,1.014,-13.849
2026-04-01T14:55:08.443Z,52.269,pi:0,bottle,0.4173,391.00,359.00,478.00,626.00,1.663,-16.360
2026-04-01T14:55:08.485Z,52.311,pi:0,bottle,0.7703,456.00,191.00,578.00,632.00,1.007,-13.849
2026-04-01T14:55:08.485Z,52.311,pi:0,bottle,0.4275,391.00,359.00,478.00,627.00,1.657,-16.360
2026-04-01T14:55:08.521Z,52.348,pi:0,bottle,0.7885,456.00,197.00,577.00,634.00,1.016,-13.865
2026-04-01T14:55:08.521Z,52.348,pi:0,bottle,0.3796,391.00,359.00,478.00,625.00,1.669,-16.360
2026-04-01T14:55:08.559Z,52.386,pi:0,bottle,0.7994,456.00,194.00,578.00,631.00,1.016,-13.849
2026-04-01T14:55:08.559Z,52.386,pi:0,bottle,0.4207,391.00,359.00,478.00,625.00,1.669,-16.360
2026-04-01T14:55:08.594Z,52.420,pi:0,bottle,0.7921,456.00,193.00,578.00,631.00,1.014,-13.849
2026-04-01T14:55:08.594Z,52.420,pi:0,bottle,0.4446,391.00,361.00,477.00,626.00,1.676,-16.375
2026-04-01T14:55:08.624Z,52.451,pi:0,bottle,0.7921,456.00,191.00,578.00,632.00,1.007,-13.849
2026-04-01T14:55:08.624Z,52.451,pi:0,bottle,0.4310,391.00,358.00,478.00,626.00,1.657,-16.360
2026-04-01T14:55:08.657Z,52.483,pi:0,bottle,0.7885,456.00,192.00,578.00,631.00,1.011,-13.849
2026-04-01T14:55:08.657Z,52.483,pi:0,bottle,0.4583,391.00,360.00,478.00,626.00,1.669,-16.360
2026-04-01T14:55:08.694Z,52.520,pi:0,bottle,0.7921,456.00,193.00,578.00,631.00,1.014,-13.849
2026-04-01T14:55:08.694Z,52.520,pi:0,bottle,0.4378,391.00,358.00,478.00,626.00,1.657,-16.360
2026-04-01T14:55:08.736Z,52.562,pi:0,bottle,0.7885,456.00,194.00,578.00,631.00,1.016,-13.849
2026-04-01T14:55:08.736Z,52.562,pi:0,bottle,0.4720,391.00,359.00,477.00,626.00,1.663,-16.375
2026-04-01T14:55:08.766Z,52.593,pi:0,bottle,0.7848,456.00,191.00,578.00,632.00,1.007,-13.849
2026-04-01T14:55:08.766Z,52.593,pi:0,bottle,0.4069,391.00,362.00,478.00,631.00,1.651,-16.360
2026-04-01T14:55:08.803Z,52.629,pi:0,bottle,0.7812,456.00,192.00,578.00,632.00,1.009,-13.849
2026-04-01T14:55:08.803Z,52.629,pi:0,bottle,0.4446,391.00,359.00,478.00,626.00,1.663,-16.360
2026-04-01T14:55:08.843Z,52.669,pi:0,bottle,0.7848,456.00,192.00,578.00,631.00,1.011,-13.849
2026-04-01T14:55:08.843Z,52.669,pi:0,bottle,0.4139,391.00,359.00,477.00,626.00,1.663,-16.375
2026-04-01T14:55:08.882Z,52.709,pi:0,bottle,0.8030,456.00,192.00,578.00,632.00,1.009,-13.849
2026-04-01T14:55:08.882Z,52.709,pi:0,bottle,0.4446,391.00,360.00,477.00,626.00,1.669,-16.375
2026-04-01T14:55:08.916Z,52.742,pi:0,bottle,0.7776,456.00,193.00,578.00,631.00,1.014,-13.849
2026-04-01T14:55:08.916Z,52.742,pi:0,bottle,0.3831,391.00,361.00,478.00,625.00,1.682,-16.360
2026-04-01T14:55:08.960Z,52.786,pi:0,bottle,0.7994,455.00,194.00,578.00,632.00,1.014,-13.865
2026-04-01T14:55:08.960Z,52.786,pi:0,bottle,0.4515,390.00,360.00,478.00,627.00,1.663,-16.375
2026-04-01T14:55:08.989Z,52.815,pi:0,bottle,0.7776,456.00,192.00,578.00,631.00,1.011,-13.849
2026-04-01T14:55:08.989Z,52.815,pi:0,bottle,0.4002,391.00,360.00,477.00,627.00,1.663,-16.375
2026-04-01T14:55:09.040Z,52.867,pi:0,bottle,0.7739,456.00,192.00,578.00,632.00,1.009,-13.849
2026-04-01T14:55:09.040Z,52.867,pi:0,bottle,0.3796,391.00,359.00,478.00,627.00,1.657,-16.360
2026-04-01T14:55:09.074Z,52.901,pi:0,bottle,0.7848,455.00,192.00,578.00,632.00,1.009,-13.865
2026-04-01T14:55:09.074Z,52.901,pi:0,bottle,0.4207,391.00,359.00,478.00,626.00,1.663,-16.360
2026-04-01T14:55:09.110Z,52.936,pi:0,bottle,0.7848,456.00,194.00,578.00,631.00,1.016,-13.849
2026-04-01T14:55:09.110Z,52.936,pi:0,bottle,0.4104,391.00,360.00,477.00,627.00,1.663,-16.375
2026-04-01T14:55:09.156Z,52.983,pi:0,bottle,0.7667,456.00,193.00,577.00,632.00,1.011,-13.865
2026-04-01T14:55:09.156Z,52.983,pi:0,bottle,0.4241,391.00,359.00,478.00,626.00,1.663,-16.360
2026-04-01T14:55:09.195Z,53.021,pi:0,bottle,0.7812,456.00,191.00,578.00,632.00,1.007,-13.849
2026-04-01T14:55:09.195Z,53.021,pi:0,bottle,0.4139,391.00,360.00,477.00,626.00,1.669,-16.375
2026-04-01T14:55:09.235Z,53.061,pi:0,bottle,0.7885,456.00,193.00,578.00,632.00,1.011,-13.849
2026-04-01T14:55:09.235Z,53.061,pi:0,bottle,0.4652,391.00,359.00,478.00,626.00,1.663,-16.360
2026-04-01T14:55:09.270Z,53.096,pi:0,bottle,0.7848,456.00,193.00,578.00,632.00,1.011,-13.849
2026-04-01T14:55:09.270Z,53.096,pi:0,bottle,0.3762,391.00,358.00,477.00,626.00,1.657,-16.375
2026-04-01T14:55:09.308Z,53.134,pi:0,bottle,0.7739,456.00,194.00,577.00,632.00,1.014,-13.865
2026-04-01T14:55:09.308Z,53.134,pi:0,bottle,0.4275,391.00,358.00,477.00,627.00,1.651,-16.375
2026-04-01T14:55:09.344Z,53.171,pi:0,bottle,0.7776,456.00,193.00,578.00,632.00,1.011,-13.849
2026-04-01T14:55:09.344Z,53.171,pi:0,bottle,0.4139,390.00,361.00,477.00,627.00,1.669,-16.390
2026-04-01T14:55:09.386Z,53.213,pi:0,bottle,0.7885,456.00,191.00,578.00,632.00,1.007,-13.849
2026-04-01T14:55:09.386Z,53.213,pi:0,bottle,0.4433,390.00,360.00,478.00,631.00,1.638,-16.375
2026-04-01T14:55:09.425Z,53.251,pi:0,bottle,0.7739,456.00,193.00,578.00,631.00,1.014,-13.849
2026-04-01T14:55:09.425Z,53.251,pi:0,bottle,0.4515,390.00,359.00,478.00,626.00,1.663,-16.375
2026-04-01T14:55:09.466Z,53.293,pi:0,bottle,0.7885,455.00,192.00,578.00,632.00,1.009,-13.865
2026-04-01T14:55:09.466Z,53.293,pi:0,bottle,0.4173,391.00,358.00,477.00,627.00,1.651,-16.375
2026-04-01T14:55:09.505Z,53.332,pi:0,bottle,0.7848,455.00,193.00,578.00,632.00,1.011,-13.865
2026-04-01T14:55:09.505Z,53.332,pi:0,bottle,0.4446,391.00,359.00,477.00,626.00,1.663,-16.375
2026-04-01T14:55:09.540Z,53.366,pi:0,bottle,0.7885,456.00,192.00,578.00,632.00,1.009,-13.849
2026-04-01T14:55:09.540Z,53.366,pi:0,bottle,0.4139,391.00,358.00,477.00,625.00,1.663,-16.375
2026-04-01T14:55:09.583Z,53.409,pi:0,bottle,0.7739,456.00,194.00,578.00,632.00,1.014,-13.849
2026-04-01T14:55:09.583Z,53.409,pi:0,bottle,0.4515,391.00,359.00,478.00,624.00,1.676,-16.360
2026-04-01T14:55:09.619Z,53.446,pi:0,bottle,0.7921,456.00,193.00,578.00,631.00,1.014,-13.849
2026-04-01T14:55:09.619Z,53.446,pi:0,bottle,0.4652,390.00,360.00,477.00,626.00,1.669,-16.390
2026-04-01T14:55:09.654Z,53.480,pi:0,bottle,0.7994,456.00,191.00,577.00,632.00,1.007,-13.865
2026-04-01T14:55:09.654Z,53.480,pi:0,bottle,0.4754,391.00,359.00,478.00,625.00,1.669,-16.360
2026-04-01T14:55:09.699Z,53.526,pi:0,bottle,0.7812,456.00,191.00,578.00,632.00,1.007,-13.849
2026-04-01T14:55:09.699Z,53.526,pi:0,bottle,0.4241,391.00,360.00,478.00,626.00,1.669,-16.360
2026-04-01T14:55:09.737Z,53.563,pi:0,bottle,0.7921,456.00,191.00,578.00,631.00,1.009,-13.849
2026-04-01T14:55:09.737Z,53.563,pi:0,bottle,0.4652,391.00,360.00,477.00,625.00,1.676,-16.375
2026-04-01T14:55:09.770Z,53.597,pi:0,bottle,0.7812,456.00,191.00,578.00,632.00,1.007,-13.849
2026-04-01T14:55:09.770Z,53.597,pi:0,bottle,0.3865,391.00,359.00,478.00,625.00,1.669,-16.360
2026-04-01T14:55:09.810Z,53.636,pi:0,bottle,0.7667,456.00,195.00,578.00,632.00,1.016,-13.849
2026-04-01T14:55:09.810Z,53.636,pi:0,bottle,0.4344,391.00,360.00,477.00,625.00,1.676,-16.375
2026-04-01T14:55:09.843Z,53.669,pi:0,bottle,0.7921,456.00,192.00,577.00,631.00,1.011,-13.865
2026-04-01T14:55:09.843Z,53.669,pi:0,bottle,0.4241,391.00,359.00,478.00,624.00,1.676,-16.360
2026-04-01T14:55:09.891Z,53.718,pi:0,bottle,0.7739,456.00,192.00,578.00,632.00,1.009,-13.849
2026-04-01T14:55:09.891Z,53.718,pi:0,bottle,0.4104,391.00,360.00,477.00,627.00,1.663,-16.375
2026-04-01T14:55:09.929Z,53.755,pi:0,bottle,0.7848,456.00,192.00,578.00,631.00,1.011,-13.849
2026-04-01T14:55:09.929Z,53.755,pi:0,bottle,0.4344,391.00,361.00,477.00,625.00,1.682,-16.375
2026-04-01T14:55:09.962Z,53.788,pi:0,bottle,0.7921,456.00,192.00,578.00,632.00,1.009,-13.849
2026-04-01T14:55:09.962Z,53.788,pi:0,bottle,0.4241,391.00,358.00,477.00,625.00,1.663,-16.375
2026-04-01T14:55:09.998Z,53.825,pi:0,bottle,0.7739,455.00,198.00,576.00,633.00,1.021,-13.895
2026-04-01T14:55:09.998Z,53.825,pi:0,bottle,0.4173,391.00,358.00,478.00,626.00,1.657,-16.360
2026-04-01T14:55:10.036Z,53.862,pi:0,bottle,0.7848,456.00,191.00,578.00,631.00,1.009,-13.849
2026-04-01T14:55:10.036Z,53.862,pi:0,bottle,0.4720,391.00,359.00,478.00,625.00,1.669,-16.360
2026-04-01T14:55:10.067Z,53.893,pi:0,bottle,0.7994,455.00,192.00,577.00,632.00,1.009,-13.880
2026-04-01T14:55:10.067Z,53.893,pi:0,bottle,0.4139,391.00,359.00,477.00,625.00,1.669,-16.375
2026-04-01T14:55:10.108Z,53.934,pi:0,bottle,0.7739,455.00,191.00,577.00,631.00,1.009,-13.880
2026-04-01T14:55:10.108Z,53.934,pi:0,bottle,0.4583,391.00,359.00,477.00,626.00,1.663,-16.375
2026-04-01T14:55:10.148Z,53.975,pi:0,bottle,0.7812,456.00,192.00,578.00,631.00,1.011,-13.849
2026-04-01T14:55:10.148Z,53.975,pi:0,bottle,0.4310,391.00,358.00,477.00,626.00,1.657,-16.375
2026-04-01T14:55:10.190Z,54.016,pi:0,bottle,0.7885,456.00,191.00,578.00,632.00,1.007,-13.849
2026-04-01T14:55:10.190Z,54.016,pi:0,bottle,0.4241,391.00,358.00,477.00,625.00,1.663,-16.375
2026-04-01T14:55:10.226Z,54.053,pi:0,bottle,0.7703,456.00,192.00,578.00,633.00,1.007,-13.849
2026-04-01T14:55:10.226Z,54.053,pi:0,bottle,0.4344,391.00,361.00,478.00,626.00,1.676,-16.360
2026-04-01T14:55:10.263Z,54.090,pi:0,bottle,0.7776,456.00,192.00,578.00,631.00,1.011,-13.849
2026-04-01T14:55:10.263Z,54.090,pi:0,bottle,0.4481,391.00,358.00,477.00,626.00,1.657,-16.375
2026-04-01T14:55:10.295Z,54.121,pi:0,bottle,0.7667,456.00,191.00,578.00,631.00,1.009,-13.849
2026-04-01T14:55:10.295Z,54.121,pi:0,bottle,0.4583,391.00,359.00,478.00,626.00,1.663,-16.360
2026-04-01T14:55:10.334Z,54.160,pi:0,bottle,0.7921,456.00,191.00,578.00,632.00,1.007,-13.849
2026-04-01T14:55:10.334Z,54.160,pi:0,bottle,0.4583,391.00,360.00,478.00,625.00,1.676,-16.360
2026-04-01T14:55:10.370Z,54.197,pi:0,bottle,0.7812,456.00,191.00,578.00,631.00,1.009,-13.849
2026-04-01T14:55:10.370Z,54.197,pi:0,bottle,0.4310,391.00,360.00,477.00,626.00,1.669,-16.375
2026-04-01T14:55:10.411Z,54.238,pi:0,bottle,0.7739,456.00,191.00,578.00,632.00,1.007,-13.849
2026-04-01T14:55:10.411Z,54.238,pi:0,bottle,0.4139,391.00,361.00,478.00,627.00,1.669,-16.360
2026-04-01T14:55:10.452Z,54.278,pi:0,bottle,0.7848,456.00,190.00,578.00,632.00,1.005,-13.849
2026-04-01T14:55:10.452Z,54.278,pi:0,bottle,0.4139,391.00,359.00,477.00,625.00,1.669,-16.375
2026-04-01T14:55:10.492Z,54.319,pi:0,bottle,0.7812,456.00,192.00,578.00,632.00,1.009,-13.849
2026-04-01T14:55:10.492Z,54.319,pi:0,bottle,0.4173,391.00,360.00,477.00,626.00,1.669,-16.375
2026-04-01T14:55:10.526Z,54.353,pi:0,bottle,0.7885,456.00,192.00,578.00,631.00,1.011,-13.849
2026-04-01T14:55:10.526Z,54.353,pi:0,bottle,0.4378,391.00,360.00,478.00,627.00,1.663,-16.360
2026-04-01T14:55:10.565Z,54.392,pi:0,bottle,0.7994,456.00,191.00,578.00,632.00,1.007,-13.849
2026-04-01T14:55:10.565Z,54.392,pi:0,bottle,0.3933,391.00,360.00,477.00,625.00,1.676,-16.375
2026-04-01T14:55:10.609Z,54.436,pi:0,bottle,0.7776,456.00,191.00,577.00,631.00,1.009,-13.865
2026-04-01T14:55:10.609Z,54.436,pi:0,bottle,0.4412,390.00,360.00,477.00,627.00,1.663,-16.390
2026-04-01T14:55:10.641Z,54.467,pi:0,bottle,0.7921,456.00,190.00,578.00,631.00,1.007,-13.849
2026-04-01T14:55:10.641Z,54.467,pi:0,bottle,0.3899,391.00,359.00,477.00,626.00,1.663,-16.375
2026-04-01T14:55:10.676Z,54.502,pi:0,bottle,0.7885,456.00,191.00,577.00,631.00,1.009,-13.865
2026-04-01T14:55:10.676Z,54.502,pi:0,bottle,0.4515,390.00,359.00,477.00,626.00,1.663,-16.390
2026-04-01T14:55:10.718Z,54.545,pi:0,bottle,0.7776,456.00,191.00,578.00,631.00,1.009,-13.849
2026-04-01T14:55:10.718Z,54.545,pi:0,bottle,0.4515,391.00,359.00,478.00,626.00,1.663,-16.360
2026-04-01T14:55:10.760Z,54.586,pi:0,bottle,0.7776,456.00,191.00,577.00,631.00,1.009,-13.865
2026-04-01T14:55:10.760Z,54.586,pi:0,bottle,0.4378,391.00,359.00,478.00,626.00,1.663,-16.360
2026-04-01T14:55:10.793Z,54.619,pi:0,bottle,0.7776,456.00,192.00,578.00,631.00,1.011,-13.849
2026-04-01T14:55:10.793Z,54.619,pi:0,bottle,0.4104,391.00,361.00,478.00,626.00,1.676,-16.360
2026-04-01T14:55:10.827Z,54.653,pi:0,bottle,0.7885,456.00,190.00,578.00,632.00,1.005,-13.849
2026-04-01T14:55:10.827Z,54.653,pi:0,bottle,0.4310,391.00,360.00,477.00,627.00,1.663,-16.375
2026-04-01T14:55:10.875Z,54.701,pi:0,bottle,0.7921,456.00,190.00,578.00,632.00,1.005,-13.849
2026-04-01T14:55:10.875Z,54.701,pi:0,bottle,0.4070,391.00,358.00,478.00,627.00,1.651,-16.360
2026-04-01T14:55:10.906Z,54.733,pi:0,bottle,0.7812,456.00,192.00,578.00,632.00,1.009,-13.849
2026-04-01T14:55:10.906Z,54.733,pi:0,bottle,0.4139,391.00,358.00,478.00,626.00,1.657,-16.360
2026-04-01T14:55:10.944Z,54.770,pi:0,bottle,0.7885,456.00,190.00,578.00,632.00,1.005,-13.849
2026-04-01T14:55:10.944Z,54.770,pi:0,bottle,0.3899,391.00,358.00,478.00,627.00,1.651,-16.360
2026-04-01T14:55:10.981Z,54.807,pi:0,bottle,0.7776,456.00,192.00,578.00,632.00,1.009,-13.849
2026-04-01T14:55:10.981Z,54.807,pi:0,bottle,0.4275,391.00,359.00,478.00,625.00,1.669,-16.360
2026-04-01T14:55:11.020Z,54.846,pi:0,bottle,0.7812,456.00,193.00,577.00,631.00,1.014,-13.865
2026-04-01T14:55:11.020Z,54.846,pi:0,bottle,0.4241,391.00,359.00,478.00,626.00,1.663,-16.360
2026-04-01T14:55:11.061Z,54.887,pi:0,bottle,0.7848,455.00,192.00,578.00,632.00,1.009,-13.865
2026-04-01T14:55:11.061Z,54.887,pi:0,bottle,0.4173,390.00,359.00,477.00,626.00,1.663,-16.390
2026-04-01T14:55:11.099Z,54.925,pi:0,bottle,0.7848,455.00,192.00,578.00,632.00,1.009,-13.865
2026-04-01T14:55:11.099Z,54.925,pi:0,bottle,0.3968,391.00,360.00,477.00,625.00,1.676,-16.375
2026-04-01T14:55:11.133Z,54.959,pi:0,bottle,0.7667,456.00,191.00,578.00,632.00,1.007,-13.849
2026-04-01T14:55:11.133Z,54.959,pi:0,bottle,0.4994,391.00,358.00,477.00,626.00,1.657,-16.375
2026-04-01T14:55:11.172Z,54.999,pi:0,bottle,0.7739,456.00,192.00,578.00,632.00,1.009,-13.849
2026-04-01T14:55:11.172Z,54.999,pi:0,bottle,0.4002,391.00,358.00,478.00,626.00,1.657,-16.360
2026-04-01T14:55:11.213Z,55.039,pi:0,bottle,0.7776,456.00,192.00,577.00,631.00,1.011,-13.865
2026-04-01T14:55:11.213Z,55.039,pi:0,bottle,0.4652,391.00,359.00,477.00,625.00,1.669,-16.375
2026-04-01T14:55:11.260Z,55.086,pi:0,bottle,0.7703,456.00,193.00,578.00,632.00,1.011,-13.849
2026-04-01T14:55:11.260Z,55.086,pi:0,bottle,0.4515,391.00,358.00,477.00,626.00,1.657,-16.375
2026-04-01T14:55:11.291Z,55.117,pi:0,bottle,0.7776,456.00,193.00,578.00,632.00,1.011,-13.849
2026-04-01T14:55:11.291Z,55.117,pi:0,bottle,0.5130,391.00,357.00,478.00,626.00,1.651,-16.360
2026-04-01T14:55:11.336Z,55.162,pi:0,bottle,0.7703,456.00,195.00,577.00,631.00,1.018,-13.865
2026-04-01T14:55:11.336Z,55.162,pi:0,bottle,0.4412,391.00,357.00,478.00,626.00,1.651,-16.360
2026-04-01T14:55:11.371Z,55.197,pi:0,bottle,0.7739,455.00,196.00,577.00,632.00,1.018,-13.880
2026-04-01T14:55:11.371Z,55.197,pi:0,bottle,0.4515,391.00,359.00,478.00,626.00,1.663,-16.360
2026-04-01T14:55:11.411Z,55.237,pi:0,bottle,0.7776,456.00,194.00,577.00,632.00,1.014,-13.865
2026-04-01T14:55:11.411Z,55.237,pi:0,bottle,0.4378,391.00,360.00,478.00,626.00,1.669,-16.360
2026-04-01T14:55:11.447Z,55.273,pi:0,bottle,0.7739,456.00,194.00,578.00,632.00,1.014,-13.849
2026-04-01T14:55:11.447Z,55.273,pi:0,bottle,0.4310,391.00,360.00,478.00,626.00,1.669,-16.360
2026-04-01T14:55:11.485Z,55.311,pi:0,bottle,0.7812,456.00,193.00,578.00,631.00,1.014,-13.849
2026-04-01T14:55:11.485Z,55.311,pi:0,bottle,0.4070,391.00,359.00,478.00,626.00,1.663,-16.360
2026-04-01T14:55:11.524Z,55.350,pi:0,bottle,0.7776,456.00,194.00,578.00,631.00,1.016,-13.849
2026-04-01T14:55:11.524Z,55.350,pi:0,bottle,0.4446,390.00,360.00,478.00,626.00,1.669,-16.375
2026-04-01T14:55:11.562Z,55.389,pi:0,bottle,0.7957,456.00,193.00,578.00,631.00,1.014,-13.849
2026-04-01T14:55:11.562Z,55.389,pi:0,bottle,0.4481,391.00,359.00,477.00,626.00,1.663,-16.375
2026-04-01T14:55:11.598Z,55.425,pi:0,bottle,0.7776,456.00,196.00,578.00,632.00,1.018,-13.849
2026-04-01T14:55:11.598Z,55.425,pi:0,bottle,0.4173,391.00,358.00,477.00,626.00,1.657,-16.375
2026-04-01T14:55:11.635Z,55.461,pi:0,bottle,0.7885,456.00,194.00,578.00,631.00,1.016,-13.849
2026-04-01T14:55:11.635Z,55.461,pi:0,bottle,0.4994,391.00,359.00,477.00,625.00,1.669,-16.375
2026-04-01T14:55:11.677Z,55.503,pi:0,bottle,0.7776,455.00,193.00,578.00,631.00,1.014,-13.865
2026-04-01T14:55:11.677Z,55.503,pi:0,bottle,0.4754,391.00,359.00,477.00,626.00,1.663,-16.375
2026-04-01T14:55:11.721Z,55.547,pi:0,bottle,0.7848,456.00,195.00,578.00,631.00,1.018,-13.849
2026-04-01T14:55:11.721Z,55.547,pi:0,bottle,0.4446,391.00,360.00,478.00,626.00,1.669,-16.360
2026-04-01T14:55:11.765Z,55.591,pi:0,bottle,0.7957,456.00,192.00,578.00,631.00,1.011,-13.849
2026-04-01T14:55:11.765Z,55.591,pi:0,bottle,0.4686,391.00,360.00,477.00,624.00,1.682,-16.375
2026-04-01T14:55:11.802Z,55.629,pi:0,bottle,0.7885,456.00,193.00,578.00,631.00,1.014,-13.849
2026-04-01T14:55:11.802Z,55.629,pi:0,bottle,0.4446,391.00,359.00,477.00,625.00,1.669,-16.375
2026-04-01T14:55:11.840Z,55.667,pi:0,bottle,0.7921,456.00,193.00,579.00,631.00,1.014,-13.834
2026-04-01T14:55:11.840Z,55.667,pi:0,bottle,0.4720,391.00,358.00,478.00,626.00,1.657,-16.360
2026-04-01T14:55:11.878Z,55.705,pi:0,bottle,0.7885,455.00,192.00,578.00,632.00,1.009,-13.865
2026-04-01T14:55:11.878Z,55.705,pi:0,bottle,0.4515,391.00,359.00,478.00,627.00,1.657,-16.360
2026-04-01T14:55:11.916Z,55.742,pi:0,bottle,0.7848,455.00,192.00,577.00,631.00,1.011,-13.880
2026-04-01T14:55:11.916Z,55.742,pi:0,bottle,0.4652,391.00,360.00,478.00,627.00,1.663,-16.360
2026-04-01T14:55:11.954Z,55.780,pi:0,bottle,0.7776,455.00,193.00,577.00,632.00,1.011,-13.880
2026-04-01T14:55:11.954Z,55.780,pi:0,bottle,0.4823,391.00,359.00,477.00,625.00,1.669,-16.375
2026-04-01T14:55:11.993Z,55.819,pi:0,bottle,0.7776,456.00,193.00,578.00,632.00,1.011,-13.849
2026-04-01T14:55:11.993Z,55.819,pi:0,bottle,0.4583,391.00,359.00,477.00,625.00,1.669,-16.375
2026-04-01T14:55:12.021Z,55.848,pi:0,bottle,0.7812,455.00,194.00,578.00,631.00,1.016,-13.865
2026-04-01T14:55:12.021Z,55.848,pi:0,bottle,0.4652,391.00,357.00,477.00,626.00,1.651,-16.375
2026-04-01T14:55:12.064Z,55.890,pi:0,bottle,0.7921,456.00,193.00,578.00,632.00,1.011,-13.849
2026-04-01T14:55:12.064Z,55.890,pi:0,bottle,0.4857,391.00,358.00,477.00,626.00,1.657,-16.375
2026-04-01T14:55:12.104Z,55.931,pi:0,bottle,0.7885,456.00,194.00,578.00,632.00,1.014,-13.849
2026-04-01T14:55:12.104Z,55.931,pi:0,bottle,0.4275,390.00,361.00,477.00,627.00,1.669,-16.390
2026-04-01T14:55:12.138Z,55.965,pi:0,bottle,0.7667,455.00,198.00,576.00,633.00,1.021,-13.895
2026-04-01T14:55:12.138Z,55.965,pi:0,bottle,0.4412,391.00,359.00,477.00,627.00,1.657,-16.375
2026-04-01T14:55:12.172Z,55.999,pi:0,bottle,0.7812,456.00,192.00,578.00,632.00,1.009,-13.849
2026-04-01T14:55:12.172Z,55.999,pi:0,bottle,0.4583,390.00,359.00,478.00,627.00,1.657,-16.375
2026-04-01T14:55:12.212Z,56.038,pi:0,bottle,0.7921,456.00,195.00,577.00,632.00,1.016,-13.865
2026-04-01T14:55:12.212Z,56.038,pi:0,bottle,0.4310,391.00,359.00,477.00,626.00,1.663,-16.375
2026-04-01T14:55:12.247Z,56.074,pi:0,bottle,0.7921,456.00,193.00,578.00,632.00,1.011,-13.849
2026-04-01T14:55:12.247Z,56.074,pi:0,bottle,0.4344,391.00,361.00,478.00,626.00,1.676,-16.360
2026-04-01T14:55:12.289Z,56.116,pi:0,bottle,0.7957,456.00,192.00,577.00,631.00,1.011,-13.865
2026-04-01T14:55:12.289Z,56.116,pi:0,bottle,0.4378,391.00,362.00,478.00,625.00,1.688,-16.360
2026-04-01T14:55:12.323Z,56.149,pi:0,bottle,0.7812,456.00,192.00,578.00,632.00,1.009,-13.849
2026-04-01T14:55:12.323Z,56.149,pi:0,bottle,0.4446,391.00,360.00,477.00,626.00,1.669,-16.375
2026-04-01T14:55:12.365Z,56.191,pi:0,bottle,0.7921,455.00,192.00,578.00,632.00,1.009,-13.865
2026-04-01T14:55:12.365Z,56.191,pi:0,bottle,0.4481,391.00,359.00,477.00,625.00,1.669,-16.375
2026-04-01T14:55:12.400Z,56.226,pi:0,bottle,0.7994,456.00,195.00,578.00,632.00,1.016,-13.849
2026-04-01T14:55:12.400Z,56.226,pi:0,bottle,0.4139,391.00,359.00,478.00,626.00,1.663,-16.360
2026-04-01T14:55:12.434Z,56.261,pi:0,bottle,0.7921,456.00,192.00,578.00,632.00,1.009,-13.849
2026-04-01T14:55:12.434Z,56.261,pi:0,bottle,0.4481,391.00,359.00,477.00,626.00,1.663,-16.375
2026-04-01T14:55:12.479Z,56.305,pi:0,bottle,0.7848,456.00,196.00,578.00,632.00,1.018,-13.849
2026-04-01T14:55:12.479Z,56.305,pi:0,bottle,0.4823,391.00,359.00,477.00,625.00,1.669,-16.375
2026-04-01T14:55:12.517Z,56.343,pi:0,bottle,0.7812,457.00,203.00,576.00,631.00,1.037,-13.865
2026-04-01T14:55:12.517Z,56.343,pi:0,bottle,0.4378,391.00,359.00,478.00,627.00,1.657,-16.360
2026-04-01T14:55:12.556Z,56.383,pi:0,bottle,0.7848,456.00,192.00,578.00,632.00,1.009,-13.849
2026-04-01T14:55:12.556Z,56.383,pi:0,bottle,0.4652,390.00,359.00,477.00,624.00,1.676,-16.390
2026-04-01T14:55:12.594Z,56.421,pi:0,bottle,0.7921,456.00,192.00,577.00,631.00,1.011,-13.865
2026-04-01T14:55:12.594Z,56.421,pi:0,bottle,0.3968,391.00,357.00,477.00,626.00,1.651,-16.375
2026-04-01T14:55:12.630Z,56.457,pi:0,bottle,0.7957,455.00,194.00,578.00,632.00,1.014,-13.865
2026-04-01T14:55:12.630Z,56.457,pi:0,bottle,0.4549,391.00,358.00,478.00,627.00,1.651,-16.360
2026-04-01T14:55:12.668Z,56.494,pi:0,bottle,0.7921,456.00,193.00,578.00,631.00,1.014,-13.849
2026-04-01T14:55:12.668Z,56.494,pi:0,bottle,0.5233,391.00,358.00,478.00,626.00,1.657,-16.360
2026-04-01T14:55:12.703Z,56.529,pi:0,bottle,0.7885,456.00,195.00,578.00,631.00,1.018,-13.849
2026-04-01T14:55:12.703Z,56.529,pi:0,bottle,0.4481,391.00,360.00,477.00,625.00,1.676,-16.375
2026-04-01T14:55:12.746Z,56.572,pi:0,bottle,0.7776,455.00,194.00,578.00,632.00,1.014,-13.865
2026-04-01T14:55:12.746Z,56.572,pi:0,bottle,0.4686,392.00,358.00,477.00,627.00,1.651,-16.360
2026-04-01T14:55:12.783Z,56.609,pi:0,bottle,0.7812,455.00,202.00,577.00,633.00,1.030,-13.880
2026-04-01T14:55:12.783Z,56.609,pi:0,bottle,0.4617,391.00,360.00,477.00,627.00,1.663,-16.375
2026-04-01T14:55:12.825Z,56.651,pi:0,bottle,0.7812,456.00,192.00,578.00,632.00,1.009,-13.849
2026-04-01T14:55:12.825Z,56.651,pi:0,bottle,0.4378,391.00,360.00,478.00,626.00,1.669,-16.360
2026-04-01T14:55:12.863Z,56.689,pi:0,bottle,0.7776,455.00,200.00,577.00,634.00,1.023,-13.880
2026-04-01T14:55:12.863Z,56.689,pi:0,bottle,0.5130,390.00,358.00,478.00,627.00,1.651,-16.375
2026-04-01T14:55:12.905Z,56.732,pi:0,bottle,0.7739,456.00,191.00,578.00,631.00,1.009,-13.849
2026-04-01T14:55:12.905Z,56.732,pi:0,bottle,0.4549,391.00,358.00,478.00,626.00,1.657,-16.360
2026-04-01T14:55:12.936Z,56.762,pi:0,bottle,0.7812,456.00,192.00,578.00,631.00,1.011,-13.849
2026-04-01T14:55:12.936Z,56.762,pi:0,bottle,0.4549,390.00,358.00,478.00,628.00,1.645,-16.375
2026-04-01T14:55:12.972Z,56.798,pi:0,bottle,0.7667,456.00,198.00,577.00,633.00,1.021,-13.865
2026-04-01T14:55:12.972Z,56.798,pi:0,bottle,0.4583,390.00,358.00,478.00,627.00,1.651,-16.375
2026-04-01T14:55:13.016Z,56.842,pi:0,bottle,0.7812,456.00,191.00,577.00,631.00,1.009,-13.865
2026-04-01T14:55:13.016Z,56.842,pi:0,bottle,0.3591,391.00,360.00,477.00,627.00,1.663,-16.375
2026-04-01T14:55:13.063Z,56.889,pi:0,bottle,0.7812,456.00,191.00,577.00,631.00,1.009,-13.865
2026-04-01T14:55:13.063Z,56.889,pi:0,bottle,0.4549,391.00,358.00,477.00,626.00,1.657,-16.375
2026-04-01T14:55:13.098Z,56.924,pi:0,bottle,0.7812,456.00,192.00,578.00,631.00,1.011,-13.849
2026-04-01T14:55:13.098Z,56.924,pi:0,bottle,0.4925,390.00,359.00,478.00,626.00,1.663,-16.375
2026-04-01T14:55:13.127Z,56.953,pi:0,bottle,0.7703,456.00,192.00,578.00,631.00,1.011,-13.849
2026-04-01T14:55:13.127Z,56.953,pi:0,bottle,0.4583,391.00,358.00,477.00,626.00,1.657,-16.375
2026-04-01T14:55:13.167Z,56.993,pi:0,bottle,0.7812,456.00,194.00,578.00,632.00,1.014,-13.849
2026-04-01T14:55:13.167Z,56.993,pi:0,bottle,0.4617,391.00,360.00,478.00,627.00,1.663,-16.360
2026-04-01T14:55:13.202Z,57.028,pi:0,bottle,0.7848,456.00,201.00,576.00,633.00,1.028,-13.880
2026-04-01T14:55:13.202Z,57.028,pi:0,bottle,0.4207,392.00,359.00,478.00,627.00,1.657,-16.345
2026-04-01T14:55:13.237Z,57.064,pi:0,bottle,0.7848,456.00,193.00,578.00,632.00,1.011,-13.849
2026-04-01T14:55:13.237Z,57.064,pi:0,bottle,0.4446,391.00,358.00,478.00,625.00,1.663,-16.360
2026-04-01T14:55:13.280Z,57.106,pi:0,bottle,0.7994,455.00,192.00,577.00,631.00,1.011,-13.880
2026-04-01T14:55:13.280Z,57.106,pi:0,bottle,0.3899,391.00,359.00,478.00,626.00,1.663,-16.360
2026-04-01T14:55:13.326Z,57.152,pi:0,bottle,0.7921,456.00,191.00,577.00,632.00,1.007,-13.865
2026-04-01T14:55:13.326Z,57.152,pi:0,bottle,0.4104,391.00,359.00,478.00,626.00,1.663,-16.360
2026-04-01T14:55:13.366Z,57.192,pi:0,bottle,0.7776,456.00,197.00,577.00,633.00,1.018,-13.865
2026-04-01T14:55:13.366Z,57.192,pi:0,bottle,0.4104,391.00,359.00,478.00,626.00,1.663,-16.360
2026-04-01T14:55:13.395Z,57.222,pi:0,bottle,0.7957,456.00,197.00,576.00,634.00,1.016,-13.880
2026-04-01T14:55:13.395Z,57.222,pi:0,bottle,0.4104,391.00,359.00,478.00,627.00,1.657,-16.360
2026-04-01T14:55:13.433Z,57.260,pi:0,bottle,0.7776,456.00,197.00,576.00,633.00,1.018,-13.880
2026-04-01T14:55:13.433Z,57.260,pi:0,bottle,0.4446,391.00,359.00,477.00,626.00,1.663,-16.375
2026-04-01T14:55:13.476Z,57.302,pi:0,bottle,0.7921,456.00,199.00,576.00,633.00,1.023,-13.880
2026-04-01T14:55:13.476Z,57.302,pi:0,bottle,0.3796,391.00,358.00,478.00,626.00,1.657,-16.360
2026-04-01T14:55:13.507Z,57.334,pi:0,bottle,0.7812,456.00,192.00,578.00,631.00,1.011,-13.849
2026-04-01T14:55:13.507Z,57.334,pi:0,bottle,0.4925,391.00,359.00,478.00,626.00,1.663,-16.360
2026-04-01T14:55:13.554Z,57.380,pi:0,bottle,0.7957,455.00,191.00,578.00,631.00,1.009,-13.865
2026-04-01T14:55:13.554Z,57.380,pi:0,bottle,0.4720,391.00,359.00,478.00,627.00,1.657,-16.360
2026-04-01T14:55:13.587Z,57.414,pi:0,bottle,0.7630,456.00,190.00,578.00,632.00,1.005,-13.849
2026-04-01T14:55:13.587Z,57.414,pi:0,bottle,0.4446,391.00,358.00,478.00,626.00,1.657,-16.360
2026-04-01T14:55:13.624Z,57.451,pi:0,bottle,0.7703,456.00,197.00,577.00,633.00,1.018,-13.865
2026-04-01T14:55:13.624Z,57.451,pi:0,bottle,0.4652,391.00,357.00,478.00,627.00,1.645,-16.360
2026-04-01T14:55:13.659Z,57.485,pi:0,bottle,0.7848,456.00,193.00,578.00,632.00,1.011,-13.849
2026-04-01T14:55:13.659Z,57.485,pi:0,bottle,0.4207,391.00,357.00,478.00,625.00,1.657,-16.360
2026-04-01T14:55:13.700Z,57.526,pi:0,bottle,0.7594,456.00,196.00,578.00,632.00,1.018,-13.849
2026-04-01T14:55:13.700Z,57.526,pi:0,bottle,0.4515,390.00,357.00,478.00,625.00,1.657,-16.375
2026-04-01T14:55:13.735Z,57.561,pi:0,bottle,0.7739,456.00,193.00,578.00,632.00,1.011,-13.849
2026-04-01T14:55:13.735Z,57.561,pi:0,bottle,0.4788,391.00,359.00,477.00,625.00,1.669,-16.375
2026-04-01T14:55:13.768Z,57.595,pi:0,bottle,0.7703,456.00,190.00,578.00,631.00,1.007,-13.849
2026-04-01T14:55:13.768Z,57.595,pi:0,bottle,0.4241,391.00,360.00,478.00,627.00,1.663,-16.360
2026-04-01T14:55:13.810Z,57.637,pi:0,bottle,0.7776,455.00,198.00,576.00,634.00,1.018,-13.895
2026-04-01T14:55:13.810Z,57.637,pi:0,bottle,0.4207,391.00,359.00,477.00,626.00,1.663,-16.375
2026-04-01T14:55:13.847Z,57.673,pi:0,bottle,0.7739,456.00,198.00,577.00,633.00,1.021,-13.865
2026-04-01T14:55:13.847Z,57.673,pi:0,bottle,0.4036,391.00,360.00,477.00,628.00,1.657,-16.375
2026-04-01T14:55:13.888Z,57.715,pi:0,bottle,0.7776,456.00,192.00,578.00,632.00,1.009,-13.849
2026-04-01T14:55:13.888Z,57.715,pi:0,bottle,0.4251,390.00,360.00,477.00,631.00,1.638,-16.390
2026-04-01T14:55:13.928Z,57.754,pi:0,bottle,0.7848,456.00,193.00,578.00,631.00,1.014,-13.849
2026-04-01T14:55:13.928Z,57.754,pi:0,bottle,0.4723,391.00,358.00,477.00,631.00,1.626,-16.375
2026-04-01T14:55:13.962Z,57.789,pi:0,bottle,0.7594,456.00,194.00,577.00,631.00,1.016,-13.865
2026-04-01T14:55:13.962Z,57.789,pi:0,bottle,0.4036,391.00,358.00,478.00,628.00,1.645,-16.360
2026-04-01T14:55:14.007Z,57.833,pi:0,bottle,0.7667,456.00,192.00,579.00,632.00,1.009,-13.834
2026-04-01T14:55:14.007Z,57.833,pi:0,bottle,0.4241,391.00,358.00,477.00,626.00,1.657,-16.375
2026-04-01T14:55:14.040Z,57.866,pi:0,bottle,0.7739,456.00,194.00,578.00,632.00,1.014,-13.849
2026-04-01T14:55:14.040Z,57.866,pi:0,bottle,0.4241,391.00,358.00,478.00,629.00,1.638,-16.360
2026-04-01T14:55:14.084Z,57.910,pi:0,bottle,0.7812,456.00,192.00,578.00,632.00,1.009,-13.849
2026-04-01T14:55:14.084Z,57.910,pi:0,bottle,0.4396,390.00,359.00,478.00,631.00,1.632,-16.375
2026-04-01T14:55:14.116Z,57.942,pi:0,bottle,0.7812,456.00,199.00,576.00,633.00,1.023,-13.880
2026-04-01T14:55:14.116Z,57.942,pi:0,bottle,0.4310,391.00,358.00,477.00,628.00,1.645,-16.375
2026-04-01T14:55:14.158Z,57.985,pi:0,bottle,0.7776,456.00,192.00,577.00,631.00,1.011,-13.865
2026-04-01T14:55:14.158Z,57.985,pi:0,bottle,0.4344,391.00,359.00,478.00,627.00,1.657,-16.360
2026-04-01T14:55:14.194Z,58.021,pi:0,bottle,0.7957,456.00,193.00,578.00,632.00,1.011,-13.849
2026-04-01T14:55:14.194Z,58.021,pi:0,bottle,0.4036,391.00,359.00,477.00,627.00,1.657,-16.375
2026-04-01T14:55:14.234Z,58.060,pi:0,bottle,0.7812,456.00,192.00,578.00,632.00,1.009,-13.849
2026-04-01T14:55:14.234Z,58.060,pi:0,bottle,0.3899,391.00,360.00,478.00,629.00,1.651,-16.360
2026-04-01T14:55:14.269Z,58.095,pi:0,bottle,0.7957,456.00,192.00,577.00,632.00,1.009,-13.865
2026-04-01T14:55:14.269Z,58.095,pi:0,bottle,0.4275,391.00,359.00,479.00,628.00,1.651,-16.345
2026-04-01T14:55:14.311Z,58.138,pi:0,bottle,0.7885,456.00,191.00,578.00,631.00,1.009,-13.849
2026-04-01T14:55:14.311Z,58.138,pi:0,bottle,0.4324,391.00,360.00,478.00,631.00,1.638,-16.360
2026-04-01T14:55:14.348Z,58.174,pi:0,bottle,0.7776,456.00,192.00,578.00,631.00,1.011,-13.849
2026-04-01T14:55:14.348Z,58.174,pi:0,bottle,0.4036,391.00,360.00,478.00,627.00,1.663,-16.360
2026-04-01T14:55:14.384Z,58.210,pi:0,bottle,0.7957,456.00,192.00,578.00,632.00,1.009,-13.849
2026-04-01T14:55:14.384Z,58.210,pi:0,bottle,0.4104,391.00,359.00,478.00,627.00,1.657,-16.360
2026-04-01T14:55:14.422Z,58.249,pi:0,bottle,0.7957,456.00,192.00,578.00,632.00,1.009,-13.849
2026-04-01T14:55:14.422Z,58.249,pi:0,bottle,0.4583,390.00,360.00,477.00,626.00,1.669,-16.390
2026-04-01T14:55:14.458Z,58.284,pi:0,bottle,0.7812,457.00,196.00,577.00,631.00,1.021,-13.849
2026-04-01T14:55:14.458Z,58.284,pi:0,bottle,0.3831,391.00,360.00,478.00,627.00,1.663,-16.360
2026-04-01T14:55:14.495Z,58.321,pi:0,bottle,0.7776,456.00,190.00,578.00,631.00,1.007,-13.849
2026-04-01T14:55:14.495Z,58.321,pi:0,bottle,0.4139,391.00,359.00,478.00,625.00,1.669,-16.360
2026-04-01T14:55:14.536Z,58.362,pi:0,bottle,0.7848,456.00,198.00,576.00,633.00,1.021,-13.880
2026-04-01T14:55:14.536Z,58.362,pi:0,bottle,0.4310,391.00,359.00,478.00,626.00,1.663,-16.360
2026-04-01T14:55:14.570Z,58.396,pi:0,bottle,0.7957,456.00,190.00,578.00,632.00,1.005,-13.849
2026-04-01T14:55:14.570Z,58.396,pi:0,bottle,0.4583,391.00,359.00,478.00,626.00,1.663,-16.360
2026-04-01T14:55:14.602Z,58.429,pi:0,bottle,0.7776,456.00,190.00,578.00,631.00,1.007,-13.849
2026-04-01T14:55:14.602Z,58.429,pi:0,bottle,0.3899,391.00,358.00,478.00,626.00,1.657,-16.360
2026-04-01T14:55:14.642Z,58.468,pi:0,bottle,0.7885,456.00,191.00,578.00,632.00,1.007,-13.849
2026-04-01T14:55:14.642Z,58.468,pi:0,bottle,0.3831,391.00,358.00,478.00,625.00,1.663,-16.360
2026-04-01T14:55:14.680Z,58.506,pi:0,bottle,0.7848,456.00,195.00,577.00,631.00,1.018,-13.865
2026-04-01T14:55:14.680Z,58.506,pi:0,bottle,0.3960,392.00,360.00,478.00,631.00,1.638,-16.345
2026-04-01T14:55:14.719Z,58.545,pi:0,bottle,0.7885,456.00,193.00,578.00,631.00,1.014,-13.849
2026-04-01T14:55:14.719Z,58.545,pi:0,bottle,0.4652,391.00,359.00,478.00,626.00,1.663,-16.360
2026-04-01T14:55:14.759Z,58.585,pi:0,bottle,0.7885,456.00,192.00,578.00,631.00,1.011,-13.849
2026-04-01T14:55:14.759Z,58.585,pi:0,bottle,0.4378,391.00,358.00,478.00,627.00,1.651,-16.360
2026-04-01T14:55:14.791Z,58.617,pi:0,bottle,0.7885,456.00,194.00,578.00,631.00,1.016,-13.849
2026-04-01T14:55:14.791Z,58.617,pi:0,bottle,0.4310,391.00,358.00,477.00,626.00,1.657,-16.375
2026-04-01T14:55:14.829Z,58.655,pi:0,bottle,0.7957,456.00,193.00,577.00,632.00,1.011,-13.865
2026-04-01T14:55:14.829Z,58.655,pi:0,bottle,0.4104,390.00,361.00,478.00,627.00,1.669,-16.375
2026-04-01T14:55:14.863Z,58.689,pi:0,bottle,0.7994,456.00,192.00,578.00,632.00,1.009,-13.849
2026-04-01T14:55:14.863Z,58.689,pi:0,bottle,0.4173,391.00,358.00,478.00,626.00,1.657,-16.360
2026-04-01T14:55:14.907Z,58.734,pi:0,bottle,0.7812,456.00,191.00,578.00,632.00,1.007,-13.849
2026-04-01T14:55:14.907Z,58.734,pi:0,bottle,0.4310,391.00,358.00,478.00,626.00,1.657,-16.360
2026-04-01T14:55:14.948Z,58.774,pi:0,bottle,0.7812,456.00,192.00,578.00,631.00,1.011,-13.849
2026-04-01T14:55:14.948Z,58.774,pi:0,bottle,0.4378,391.00,360.00,478.00,625.00,1.676,-16.360
2026-04-01T14:55:14.987Z,58.813,pi:0,bottle,0.7848,456.00,193.00,577.00,632.00,1.011,-13.865
2026-04-01T14:55:14.987Z,58.813,pi:0,bottle,0.4173,391.00,360.00,478.00,627.00,1.663,-16.360
2026-04-01T14:55:15.026Z,58.853,pi:0,bottle,0.7776,456.00,192.00,578.00,631.00,1.011,-13.849
2026-04-01T14:55:15.026Z,58.853,pi:0,bottle,0.4446,391.00,359.00,478.00,626.00,1.663,-16.360
2026-04-01T14:55:15.059Z,58.885,pi:0,bottle,0.7848,455.00,198.00,576.00,634.00,1.018,-13.895
2026-04-01T14:55:15.059Z,58.885,pi:0,bottle,0.4036,391.00,359.00,478.00,626.00,1.663,-16.360
2026-04-01T14:55:15.096Z,58.922,pi:0,bottle,0.7812,456.00,193.00,578.00,631.00,1.014,-13.849
2026-04-01T14:55:15.096Z,58.922,pi:0,bottle,0.3625,391.00,357.00,478.00,627.00,1.645,-16.360
2026-04-01T14:55:15.136Z,58.962,pi:0,bottle,0.7921,456.00,192.00,577.00,631.00,1.011,-13.865
2026-04-01T14:55:15.136Z,58.962,pi:0,bottle,0.4036,391.00,359.00,478.00,626.00,1.663,-16.360
2026-04-01T14:55:15.173Z,59.000,pi:0,bottle,0.7812,456.00,199.00,576.00,633.00,1.023,-13.880
2026-04-01T14:55:15.173Z,59.000,pi:0,bottle,0.3660,391.00,360.00,479.00,628.00,1.657,-16.345
2026-04-01T14:55:15.203Z,59.029,pi:0,bottle,0.7812,456.00,198.00,577.00,633.00,1.021,-13.865
2026-04-01T14:55:15.203Z,59.029,pi:0,bottle,0.4241,391.00,358.00,478.00,627.00,1.651,-16.360
2026-04-01T14:55:15.249Z,59.075,pi:0,bottle,0.7812,456.00,191.00,577.00,632.00,1.007,-13.865
2026-04-01T14:55:15.249Z,59.075,pi:0,bottle,0.4241,391.00,358.00,478.00,627.00,1.651,-16.360
2026-04-01T14:55:15.279Z,59.106,pi:0,bottle,0.7812,456.00,200.00,576.00,634.00,1.023,-13.880
2026-04-01T14:55:15.279Z,59.106,pi:0,bottle,0.4344,391.00,359.00,478.00,626.00,1.663,-16.360
2026-04-01T14:55:15.320Z,59.146,pi:0,bottle,0.7703,456.00,190.00,577.00,631.00,1.007,-13.865
2026-04-01T14:55:15.320Z,59.146,pi:0,bottle,0.4344,391.00,357.00,478.00,627.00,1.645,-16.360
2026-04-01T14:55:15.359Z,59.185,pi:0,bottle,0.7848,457.00,199.00,576.00,631.00,1.028,-13.865
2026-04-01T14:55:15.359Z,59.185,pi:0,bottle,0.3815,391.00,360.00,478.00,632.00,1.632,-16.360
2026-04-01T14:55:15.392Z,59.218,pi:0,bottle,0.7739,456.00,192.00,577.00,632.00,1.009,-13.865
2026-04-01T14:55:15.392Z,59.218,pi:0,bottle,0.4241,391.00,359.00,478.00,627.00,1.657,-16.360
2026-04-01T14:55:15.436Z,59.262,pi:0,bottle,0.7812,456.00,192.00,578.00,631.00,1.011,-13.849
2026-04-01T14:55:15.436Z,59.262,pi:0,bottle,0.4287,391.00,359.00,478.00,631.00,1.632,-16.360
2026-04-01T14:55:15.480Z,59.306,pi:0,bottle,0.7885,457.00,196.00,576.00,631.00,1.021,-13.865
2026-04-01T14:55:15.480Z,59.306,pi:0,bottle,0.4207,391.00,358.00,478.00,627.00,1.651,-16.360
2026-04-01T14:55:15.520Z,59.347,pi:0,bottle,0.7812,456.00,191.00,577.00,632.00,1.007,-13.865
2026-04-01T14:55:15.520Z,59.347,pi:0,bottle,0.4614,392.00,356.00,477.00,631.00,1.615,-16.360
2026-04-01T14:55:15.554Z,59.380,pi:0,bottle,0.7630,456.00,196.00,577.00,634.00,1.014,-13.865
2026-04-01T14:55:15.554Z,59.380,pi:0,bottle,0.4002,391.00,359.00,477.00,627.00,1.657,-16.375
2026-04-01T14:55:15.590Z,59.416,pi:0,bottle,0.7812,456.00,190.00,578.00,631.00,1.007,-13.849
2026-04-01T14:55:15.590Z,59.416,pi:0,bottle,0.4583,391.00,359.00,478.00,626.00,1.663,-16.360
2026-04-01T14:55:15.632Z,59.458,pi:0,bottle,0.7703,456.00,198.00,576.00,631.00,1.025,-13.880
2026-04-01T14:55:15.632Z,59.458,pi:0,bottle,0.4614,391.00,356.00,478.00,631.00,1.615,-16.360
2026-04-01T14:55:15.666Z,59.492,pi:0,bottle,0.7703,456.00,192.00,577.00,632.00,1.009,-13.865
2026-04-01T14:55:15.666Z,59.492,pi:0,bottle,0.4378,391.00,361.00,478.00,628.00,1.663,-16.360
2026-04-01T14:55:15.701Z,59.527,pi:0,bottle,0.7630,456.00,199.00,576.00,631.00,1.028,-13.880
2026-04-01T14:55:15.701Z,59.527,pi:0,bottle,0.4542,390.00,359.00,478.00,632.00,1.626,-16.375
2026-04-01T14:55:15.735Z,59.562,pi:0,bottle,0.7739,456.00,198.00,577.00,633.00,1.021,-13.865
2026-04-01T14:55:15.735Z,59.562,pi:0,bottle,0.4251,392.00,360.00,478.00,631.00,1.638,-16.345
2026-04-01T14:55:15.779Z,59.606,pi:0,bottle,0.7667,456.00,193.00,577.00,633.00,1.009,-13.865
2026-04-01T14:55:15.779Z,59.606,pi:0,bottle,0.4275,391.00,360.00,478.00,626.00,1.669,-16.360
2026-04-01T14:55:15.820Z,59.646,pi:0,bottle,0.7921,456.00,192.00,577.00,631.00,1.011,-13.865
2026-04-01T14:55:15.820Z,59.646,pi:0,bottle,0.4002,391.00,360.00,478.00,626.00,1.669,-16.360
2026-04-01T14:55:15.858Z,59.685,pi:0,bottle,0.7776,456.00,190.00,577.00,632.00,1.005,-13.865
2026-04-01T14:55:15.858Z,59.685,pi:0,bottle,0.4360,391.00,359.00,478.00,632.00,1.626,-16.360
2026-04-01T14:55:15.894Z,59.720,pi:0,bottle,0.7739,456.00,191.00,578.00,631.00,1.009,-13.849
2026-04-01T14:55:15.894Z,59.720,pi:0,bottle,0.4070,391.00,360.00,478.00,628.00,1.657,-16.360
2026-04-01T14:55:15.938Z,59.764,pi:0,bottle,0.7812,456.00,189.00,578.00,632.00,1.002,-13.849
2026-04-01T14:55:15.938Z,59.764,pi:0,bottle,0.4139,391.00,359.00,478.00,627.00,1.657,-16.360
2026-04-01T14:55:15.972Z,59.799,pi:0,bottle,0.7630,456.00,189.00,577.00,632.00,1.002,-13.865
2026-04-01T14:55:15.972Z,59.799,pi:0,bottle,0.4142,391.00,360.00,478.00,632.00,1.632,-16.360
2026-04-01T14:55:16.011Z,59.837,pi:0,bottle,0.7812,456.00,190.00,578.00,631.00,1.007,-13.849
2026-04-01T14:55:16.011Z,59.837,pi:0,bottle,0.3924,392.00,359.00,477.00,631.00,1.632,-16.360
2026-04-01T14:55:16.046Z,59.873,pi:0,bottle,0.7885,456.00,189.00,578.00,631.00,1.005,-13.849
2026-04-01T14:55:16.046Z,59.873,pi:0,bottle,0.4069,391.00,361.00,478.00,631.00,1.645,-16.360
2026-04-01T14:55:16.090Z,59.916,pi:0,bottle,0.7739,456.00,191.00,578.00,631.00,1.009,-13.849
2026-04-01T14:55:16.090Z,59.916,pi:0,bottle,0.4241,390.00,361.00,478.00,627.00,1.669,-16.375
2026-04-01T14:55:16.124Z,59.950,pi:0,bottle,0.7776,456.00,191.00,577.00,632.00,1.007,-13.865
2026-04-01T14:55:16.124Z,59.950,pi:0,bottle,0.4036,391.00,360.00,478.00,626.00,1.669,-16.360
2026-04-01T14:55:16.164Z,59.990,pi:0,bottle,0.7848,456.00,192.00,578.00,631.00,1.011,-13.849
2026-04-01T14:55:16.164Z,59.990,pi:0,bottle,0.4433,392.00,360.00,477.00,631.00,1.638,-16.360
2026-04-01T14:55:16.207Z,60.034,pi:0,bottle,0.7776,456.00,192.00,578.00,632.00,1.009,-13.849
2026-04-01T14:55:16.207Z,60.034,pi:0,bottle,0.4614,390.00,359.00,478.00,631.00,1.632,-16.375
2026-04-01T14:55:16.246Z,60.073,pi:0,bottle,0.7667,456.00,192.00,578.00,632.00,1.009,-13.849
2026-04-01T14:55:16.246Z,60.073,pi:0,bottle,0.3997,391.00,361.00,478.00,631.00,1.645,-16.360
2026-04-01T14:55:16.288Z,60.114,pi:0,bottle,0.7812,456.00,190.00,577.00,631.00,1.007,-13.865
2026-04-01T14:55:16.288Z,60.114,pi:0,bottle,0.3968,391.00,360.00,478.00,626.00,1.669,-16.360
2026-04-01T14:55:16.318Z,60.144,pi:0,bottle,0.7776,456.00,191.00,579.00,631.00,1.009,-13.834
2026-04-01T14:55:16.318Z,60.144,pi:0,bottle,0.4036,391.00,361.00,478.00,626.00,1.676,-16.360
2026-04-01T14:55:16.357Z,60.184,pi:0,bottle,0.7776,456.00,191.00,578.00,632.00,1.007,-13.849
2026-04-01T14:55:16.357Z,60.184,pi:0,bottle,0.3888,392.00,360.00,478.00,631.00,1.638,-16.345
2026-04-01T14:55:16.394Z,60.220,pi:0,bottle,0.7739,456.00,199.00,576.00,630.00,1.030,-13.880
2026-04-01T14:55:16.394Z,60.220,pi:0,bottle,0.3968,391.00,360.00,478.00,625.00,1.676,-16.360
2026-04-01T14:55:16.433Z,60.259,pi:0,bottle,0.7703,456.00,196.00,576.00,631.00,1.021,-13.880
2026-04-01T14:55:16.433Z,60.259,pi:0,bottle,0.4142,390.00,359.00,478.00,631.00,1.632,-16.375
2026-04-01T14:55:16.471Z,60.298,pi:0,bottle,0.7594,456.00,192.00,578.00,632.00,1.009,-13.849
2026-04-01T14:55:16.471Z,60.298,pi:0,bottle,0.4142,392.00,361.00,480.00,632.00,1.638,-16.315
2026-04-01T14:55:16.514Z,60.340,pi:0,bottle,0.7703,456.00,190.00,578.00,631.00,1.007,-13.849
2026-04-01T14:55:16.514Z,60.340,pi:0,bottle,0.4446,391.00,359.00,478.00,625.00,1.669,-16.360
2026-04-01T14:55:16.552Z,60.378,pi:0,bottle,0.7776,456.00,190.00,578.00,631.00,1.007,-13.849
2026-04-01T14:55:16.552Z,60.378,pi:0,bottle,0.4324,391.00,361.00,478.00,631.00,1.645,-16.360
2026-04-01T14:55:16.591Z,60.417,pi:0,bottle,0.7630,456.00,200.00,576.00,634.00,1.023,-13.880
2026-04-01T14:55:16.591Z,60.417,pi:0,bottle,0.3968,392.00,359.00,478.00,627.00,1.657,-16.345
2026-04-01T14:55:16.638Z,60.464,pi:0,bottle,0.7739,456.00,189.00,578.00,632.00,1.002,-13.849
2026-04-01T14:55:16.638Z,60.464,pi:0,bottle,0.4002,391.00,359.00,477.00,628.00,1.651,-16.375
2026-04-01T14:55:16.672Z,60.498,pi:0,bottle,0.7667,456.00,191.00,578.00,632.00,1.007,-13.849
2026-04-01T14:55:16.672Z,60.498,pi:0,bottle,0.4310,391.00,358.00,478.00,627.00,1.651,-16.360
2026-04-01T14:55:16.703Z,60.530,pi:0,bottle,0.7667,456.00,191.00,578.00,632.00,1.007,-13.849
2026-04-01T14:55:16.703Z,60.530,pi:0,bottle,0.4173,391.00,359.00,478.00,627.00,1.657,-16.360
2026-04-01T14:55:16.743Z,60.569,pi:0,bottle,0.7776,456.00,190.00,578.00,633.00,1.002,-13.849
2026-04-01T14:55:16.743Z,60.569,pi:0,bottle,0.4324,390.00,360.00,478.00,632.00,1.632,-16.375
2026-04-01T14:55:16.770Z,60.597,pi:0,bottle,0.7776,456.00,190.00,577.00,632.00,1.005,-13.865
2026-04-01T14:55:16.770Z,60.597,pi:0,bottle,0.4241,391.00,359.00,478.00,627.00,1.657,-16.360
2026-04-01T14:55:16.825Z,60.651,pi:0,bottle,0.7739,456.00,199.00,576.00,631.00,1.028,-13.880
2026-04-01T14:55:16.825Z,60.651,pi:0,bottle,0.4033,390.00,359.00,478.00,631.00,1.632,-16.375
2026-04-01T14:55:16.849Z,60.675,pi:0,bottle,0.7630,456.00,191.00,578.00,632.00,1.007,-13.849
2026-04-01T14:55:16.849Z,60.675,pi:0,bottle,0.4344,391.00,358.00,478.00,627.00,1.651,-16.360
2026-04-01T14:55:16.936Z,60.762,pi:0,bottle,0.7812,456.00,190.00,578.00,632.00,1.005,-13.849
2026-04-01T14:55:16.936Z,60.762,pi:0,bottle,0.4925,390.00,358.00,478.00,625.00,1.663,-16.375
2026-04-01T14:55:16.978Z,60.805,pi:0,bottle,0.7703,456.00,191.00,577.00,632.00,1.007,-13.865
2026-04-01T14:55:16.978Z,60.805,pi:0,bottle,0.4396,391.00,357.00,478.00,632.00,1.615,-16.360
2026-04-01T14:55:17.010Z,60.837,pi:0,bottle,0.7776,456.00,189.00,577.00,631.00,1.005,-13.865
2026-04-01T14:55:17.010Z,60.837,pi:0,bottle,0.4412,390.00,357.00,478.00,627.00,1.645,-16.375
2026-04-01T14:55:17.050Z,60.877,pi:0,bottle,0.7594,456.00,192.00,578.00,631.00,1.011,-13.849
2026-04-01T14:55:17.050Z,60.877,pi:0,bottle,0.4215,390.00,359.00,478.00,632.00,1.626,-16.375
2026-04-01T14:55:17.086Z,60.912,pi:0,bottle,0.7630,456.00,192.00,578.00,632.00,1.009,-13.849
2026-04-01T14:55:17.086Z,60.912,pi:0,bottle,0.4287,392.00,360.00,478.00,632.00,1.632,-16.345
2026-04-01T14:55:17.123Z,60.949,pi:0,bottle,0.7739,457.00,199.00,577.00,631.00,1.028,-13.849
2026-04-01T14:55:17.123Z,60.949,pi:0,bottle,0.3960,392.00,361.00,477.00,631.00,1.645,-16.360
2026-04-01T14:55:17.160Z,60.986,pi:0,bottle,0.7703,456.00,192.00,578.00,631.00,1.011,-13.849
2026-04-01T14:55:17.160Z,60.986,pi:0,bottle,0.4036,391.00,359.00,478.00,627.00,1.657,-16.360
2026-04-01T14:55:17.200Z,61.028,pi:0,bottle,0.7667,456.00,196.00,576.00,631.00,1.021,-13.880
2026-04-01T14:55:17.200Z,61.028,pi:0,bottle,0.4324,390.00,358.00,478.00,632.00,1.621,-16.375
2026-04-01T14:55:17.244Z,61.070,pi:0,bottle,0.7667,456.00,192.00,578.00,632.00,1.009,-13.849
2026-04-01T14:55:17.244Z,61.070,pi:0,bottle,0.4617,391.00,359.00,478.00,626.00,1.663,-16.360
2026-04-01T14:55:17.283Z,61.110,pi:0,bottle,0.7703,456.00,193.00,577.00,632.00,1.011,-13.865
2026-04-01T14:55:17.283Z,61.110,pi:0,bottle,0.4275,391.00,359.00,478.00,627.00,1.657,-16.360
2026-04-01T14:55:17.326Z,61.152,pi:0,bottle,0.7703,456.00,194.00,576.00,632.00,1.014,-13.880
2026-04-01T14:55:17.326Z,61.152,pi:0,bottle,0.4446,391.00,359.00,478.00,627.00,1.657,-16.360
2026-04-01T14:55:17.358Z,61.184,pi:0,bottle,0.7776,457.00,195.00,577.00,633.00,1.014,-13.849
2026-04-01T14:55:17.358Z,61.184,pi:0,bottle,0.4139,391.00,359.00,478.00,628.00,1.651,-16.360
2026-04-01T14:55:17.398Z,61.225,pi:0,bottle,0.7703,456.00,196.00,577.00,632.00,1.018,-13.865
2026-04-01T14:55:17.398Z,61.225,pi:0,bottle,0.4104,391.00,359.00,478.00,625.00,1.669,-16.360
2026-04-01T14:55:17.431Z,61.258,pi:0,bottle,0.7703,456.00,196.00,576.00,632.00,1.018,-13.880
2026-04-01T14:55:17.431Z,61.258,pi:0,bottle,0.4036,391.00,358.00,477.00,625.00,1.663,-16.375
2026-04-01T14:55:17.465Z,61.292,pi:0,bottle,0.7667,456.00,198.00,577.00,633.00,1.021,-13.865
2026-04-01T14:55:17.465Z,61.292,pi:0,bottle,0.4275,391.00,360.00,478.00,627.00,1.663,-16.360
2026-04-01T14:55:17.508Z,61.334,pi:0,bottle,0.7703,456.00,191.00,577.00,632.00,1.007,-13.865
2026-04-01T14:55:17.508Z,61.334,pi:0,bottle,0.4412,391.00,357.00,478.00,626.00,1.651,-16.360
2026-04-01T14:55:17.546Z,61.372,pi:0,bottle,0.7776,456.00,198.00,577.00,633.00,1.021,-13.865
2026-04-01T14:55:17.546Z,61.372,pi:0,bottle,0.4139,391.00,360.00,478.00,626.00,1.669,-16.360
2026-04-01T14:55:17.580Z,61.407,pi:0,bottle,0.7594,456.00,192.00,578.00,631.00,1.011,-13.849
2026-04-01T14:55:17.580Z,61.407,pi:0,bottle,0.3694,391.00,360.00,478.00,627.00,1.663,-16.360
2026-04-01T14:55:17.618Z,61.444,pi:0,bottle,0.7739,456.00,191.00,578.00,631.00,1.009,-13.849
2026-04-01T14:55:17.618Z,61.444,pi:0,bottle,0.3779,391.00,358.00,478.00,631.00,1.626,-16.360
2026-04-01T14:55:17.651Z,61.477,pi:0,bottle,0.7703,456.00,191.00,577.00,632.00,1.007,-13.865
2026-04-01T14:55:17.651Z,61.477,pi:0,bottle,0.4515,391.00,358.00,478.00,628.00,1.645,-16.360
2026-04-01T14:55:17.696Z,61.522,pi:0,bottle,0.7812,456.00,192.00,578.00,632.00,1.009,-13.849
2026-04-01T14:55:17.696Z,61.522,pi:0,bottle,0.4433,391.00,359.00,478.00,631.00,1.632,-16.360
2026-04-01T14:55:17.736Z,61.562,pi:0,bottle,0.7739,455.00,190.00,578.00,631.00,1.007,-13.865
2026-04-01T14:55:17.736Z,61.562,pi:0,bottle,0.4869,391.00,358.00,478.00,632.00,1.621,-16.360
2026-04-01T14:55:17.776Z,61.602,pi:0,bottle,0.7667,456.00,190.00,578.00,631.00,1.007,-13.849
2026-04-01T14:55:17.776Z,61.602,pi:0,bottle,0.4139,391.00,358.00,478.00,627.00,1.651,-16.360
2026-04-01T14:55:17.818Z,61.644,pi:0,bottle,0.7776,456.00,192.00,578.00,632.00,1.009,-13.849
2026-04-01T14:55:17.818Z,61.644,pi:0,bottle,0.4481,391.00,360.00,477.00,627.00,1.663,-16.375
2026-04-01T14:55:17.854Z,61.680,pi:0,bottle,0.7739,456.00,190.00,577.00,632.00,1.005,-13.865
2026-04-01T14:55:17.854Z,61.680,pi:0,bottle,0.4310,392.00,358.00,478.00,627.00,1.651,-16.345
2026-04-01T14:55:17.893Z,61.719,pi:0,bottle,0.7703,456.00,198.00,576.00,632.00,1.023,-13.880
2026-04-01T14:55:17.893Z,61.719,pi:0,bottle,0.4481,391.00,359.00,478.00,628.00,1.651,-16.360
2026-04-01T14:55:17.925Z,61.751,pi:0,bottle,0.7776,456.00,192.00,578.00,631.00,1.011,-13.849
2026-04-01T14:55:17.925Z,61.751,pi:0,bottle,0.3728,391.00,358.00,478.00,626.00,1.657,-16.360
2026-04-01T14:55:17.967Z,61.794,pi:0,bottle,0.7812,456.00,192.00,577.00,631.00,1.011,-13.865
2026-04-01T14:55:17.967Z,61.794,pi:0,bottle,0.4344,391.00,359.00,478.00,627.00,1.657,-16.360
2026-04-01T14:55:17.998Z,61.824,pi:0,bottle,0.7703,456.00,198.00,576.00,631.00,1.025,-13.880
2026-04-01T14:55:17.998Z,61.824,pi:0,bottle,0.4344,391.00,359.00,478.00,627.00,1.657,-16.360
2026-04-01T14:55:18.041Z,61.867,pi:0,bottle,0.7739,456.00,197.00,576.00,631.00,1.023,-13.880
2026-04-01T14:55:18.041Z,61.867,pi:0,bottle,0.4173,391.00,357.00,477.00,626.00,1.651,-16.375
2026-04-01T14:55:18.079Z,61.906,pi:0,bottle,0.7667,456.00,192.00,578.00,631.00,1.011,-13.849
2026-04-01T14:55:18.079Z,61.906,pi:0,bottle,0.4652,391.00,359.00,477.00,627.00,1.657,-16.375
2026-04-01T14:55:18.115Z,61.941,pi:0,bottle,0.7776,456.00,190.00,578.00,632.00,1.005,-13.849
2026-04-01T14:55:18.115Z,61.941,pi:0,bottle,0.4310,391.00,358.00,478.00,626.00,1.657,-16.360
2026-04-01T14:55:18.153Z,61.980,pi:0,bottle,0.7739,456.00,195.00,576.00,633.00,1.014,-13.880
2026-04-01T14:55:18.153Z,61.980,pi:0,bottle,0.4215,391.00,359.00,478.00,631.00,1.632,-16.360
2026-04-01T14:55:18.188Z,62.015,pi:0,bottle,0.7739,456.00,190.00,577.00,631.00,1.007,-13.865
2026-04-01T14:55:18.188Z,62.015,pi:0,bottle,0.4142,391.00,360.00,477.00,631.00,1.638,-16.375
2026-04-01T14:55:18.228Z,62.055,pi:0,bottle,0.7776,456.00,190.00,578.00,632.00,1.005,-13.849
2026-04-01T14:55:18.228Z,62.055,pi:0,bottle,0.4324,391.00,360.00,478.00,631.00,1.638,-16.360
2026-04-01T14:55:18.259Z,62.086,pi:0,bottle,0.7630,456.00,191.00,578.00,631.00,1.009,-13.849
2026-04-01T14:55:18.259Z,62.086,pi:0,bottle,0.4142,390.00,359.00,480.00,631.00,1.632,-16.345
2026-04-01T14:55:18.300Z,62.126,pi:0,bottle,0.7739,456.00,192.00,578.00,632.00,1.009,-13.849
2026-04-01T14:55:18.300Z,62.126,pi:0,bottle,0.4651,392.00,359.00,478.00,631.00,1.632,-16.345
2026-04-01T14:55:18.338Z,62.164,pi:0,bottle,0.7739,456.00,196.00,576.00,631.00,1.021,-13.880
2026-04-01T14:55:18.338Z,62.164,pi:0,bottle,0.4378,391.00,359.00,478.00,627.00,1.657,-16.360
2026-04-01T14:55:18.379Z,62.206,pi:0,bottle,0.7630,457.00,198.00,576.00,631.00,1.025,-13.865
2026-04-01T14:55:18.379Z,62.206,pi:0,bottle,0.4505,391.00,359.00,478.00,631.00,1.632,-16.360
2026-04-01T14:55:18.420Z,62.246,pi:0,bottle,0.7703,456.00,192.00,578.00,631.00,1.011,-13.849
2026-04-01T14:55:18.420Z,62.246,pi:0,bottle,0.4469,391.00,358.00,478.00,631.00,1.626,-16.360
2026-04-01T14:55:18.455Z,62.281,pi:0,bottle,0.7630,456.00,199.00,576.00,631.00,1.028,-13.880
2026-04-01T14:55:18.455Z,62.281,pi:0,bottle,0.4139,391.00,357.00,478.00,626.00,1.651,-16.360
2026-04-01T14:55:18.496Z,62.322,pi:0,bottle,0.7848,456.00,190.00,578.00,631.00,1.007,-13.849
2026-04-01T14:55:18.496Z,62.322,pi:0,bottle,0.4378,390.00,360.00,478.00,626.00,1.669,-16.375
2026-04-01T14:55:18.526Z,62.352,pi:0,bottle,0.7667,456.00,200.00,576.00,631.00,1.030,-13.880
2026-04-01T14:55:18.526Z,62.352,pi:0,bottle,0.4481,391.00,360.00,478.00,626.00,1.669,-16.360
2026-04-01T14:55:18.567Z,62.394,pi:0,bottle,0.7594,456.00,192.00,578.00,631.00,1.011,-13.849
2026-04-01T14:55:18.567Z,62.394,pi:0,bottle,0.4396,391.00,360.00,477.00,632.00,1.632,-16.375
2026-04-01T14:55:18.606Z,62.433,pi:0,bottle,0.7630,455.00,190.00,578.00,632.00,1.005,-13.865
2026-04-01T14:55:18.606Z,62.433,pi:0,bottle,0.4310,391.00,360.00,478.00,627.00,1.663,-16.360
2026-04-01T14:55:18.644Z,62.470,pi:0,bottle,0.7594,457.00,204.00,577.00,631.00,1.040,-13.849
2026-04-01T14:55:18.644Z,62.470,pi:0,bottle,0.4251,391.00,359.00,477.00,631.00,1.632,-16.375
2026-04-01T14:55:18.682Z,62.508,pi:0,bottle,0.7630,456.00,190.00,578.00,631.00,1.007,-13.849
2026-04-01T14:55:18.682Z,62.508,pi:0,bottle,0.3762,391.00,362.00,478.00,626.00,1.682,-16.360
2026-04-01T14:55:18.722Z,62.548,pi:0,bottle,0.7739,456.00,197.00,576.00,631.00,1.023,-13.880
2026-04-01T14:55:18.722Z,62.548,pi:0,bottle,0.3796,391.00,359.00,477.00,628.00,1.651,-16.375
2026-04-01T14:55:18.759Z,62.586,pi:0,bottle,0.7703,456.00,190.00,577.00,632.00,1.005,-13.865
2026-04-01T14:55:18.759Z,62.586,pi:0,bottle,0.4515,391.00,362.00,477.00,626.00,1.682,-16.375
2026-04-01T14:55:18.792Z,62.618,pi:0,bottle,0.7703,455.00,192.00,578.00,631.00,1.011,-13.865
2026-04-01T14:55:18.792Z,62.618,pi:0,bottle,0.4542,391.00,359.00,477.00,631.00,1.632,-16.375
2026-04-01T14:55:18.829Z,62.655,pi:0,bottle,0.7703,456.00,191.00,578.00,631.00,1.009,-13.849
2026-04-01T14:55:18.829Z,62.655,pi:0,bottle,0.4469,391.00,358.00,477.00,632.00,1.621,-16.375
2026-04-01T14:55:18.868Z,62.694,pi:0,bottle,0.7776,456.00,190.00,577.00,631.00,1.007,-13.865
2026-04-01T14:55:18.868Z,62.694,pi:0,bottle,0.4033,392.00,361.00,478.00,631.00,1.645,-16.345
2026-04-01T14:55:18.907Z,62.733,pi:0,bottle,0.7630,455.00,190.00,578.00,632.00,1.005,-13.865
2026-04-01T14:55:18.907Z,62.733,pi:0,bottle,0.4469,390.00,358.00,477.00,631.00,1.626,-16.390
2026-04-01T14:55:18.948Z,62.774,pi:0,bottle,0.7739,456.00,191.00,578.00,632.00,1.007,-13.849
2026-04-01T14:55:18.948Z,62.774,pi:0,bottle,0.4104,391.00,359.00,478.00,626.00,1.663,-16.360
2026-04-01T14:55:18.984Z,62.811,pi:0,bottle,0.7848,456.00,193.00,578.00,630.00,1.016,-13.849
2026-04-01T14:55:18.984Z,62.811,pi:0,bottle,0.4215,391.00,361.00,478.00,631.00,1.645,-16.360
2026-04-01T14:55:19.016Z,62.842,pi:0,bottle,0.7703,456.00,191.00,578.00,631.00,1.009,-13.849
2026-04-01T14:55:19.016Z,62.842,pi:0,bottle,0.4378,391.00,360.00,477.00,627.00,1.663,-16.375
2026-04-01T14:55:19.057Z,62.884,pi:0,bottle,0.7703,455.00,191.00,577.00,631.00,1.009,-13.880
2026-04-01T14:55:19.057Z,62.884,pi:0,bottle,0.3779,390.00,362.00,477.00,631.00,1.651,-16.390
2026-04-01T14:55:19.099Z,62.925,pi:0,bottle,0.7848,456.00,193.00,578.00,632.00,1.011,-13.849
2026-04-01T14:55:19.099Z,62.925,pi:0,bottle,0.4173,391.00,360.00,478.00,626.00,1.669,-16.360
2026-04-01T14:55:19.130Z,62.957,pi:0,bottle,0.7703,456.00,192.00,578.00,632.00,1.009,-13.849
2026-04-01T14:55:19.130Z,62.957,pi:0,bottle,0.4723,390.00,360.00,478.00,632.00,1.632,-16.375
2026-04-01T14:55:19.170Z,62.996,pi:0,bottle,0.7521,456.00,193.00,578.00,631.00,1.014,-13.849
2026-04-01T14:55:19.170Z,62.996,pi:0,bottle,0.4275,391.00,358.00,478.00,627.00,1.651,-16.360
2026-04-01T14:55:19.208Z,63.034,pi:0,bottle,0.7703,456.00,193.00,578.00,632.00,1.011,-13.849
2026-04-01T14:55:19.208Z,63.034,pi:0,bottle,0.4686,391.00,358.00,478.00,626.00,1.657,-16.360
2026-04-01T14:55:19.248Z,63.074,pi:0,bottle,0.7848,456.00,190.00,579.00,631.00,1.007,-13.834
2026-04-01T14:55:19.248Z,63.074,pi:0,bottle,0.4178,391.00,360.00,478.00,631.00,1.638,-16.360
2026-04-01T14:55:19.289Z,63.115,pi:0,bottle,0.7703,456.00,191.00,577.00,632.00,1.007,-13.865
2026-04-01T14:55:19.289Z,63.115,pi:0,bottle,0.4241,391.00,357.00,478.00,626.00,1.651,-16.360
2026-04-01T14:55:19.320Z,63.146,pi:0,bottle,0.7739,456.00,197.00,576.00,631.00,1.023,-13.880
2026-04-01T14:55:19.320Z,63.146,pi:0,bottle,0.4324,390.00,360.00,477.00,631.00,1.638,-16.390
2026-04-01T14:55:19.356Z,63.183,pi:0,bottle,0.7703,457.00,200.00,577.00,630.00,1.033,-13.849
2026-04-01T14:55:19.356Z,63.183,pi:0,bottle,0.4002,391.00,358.00,477.00,627.00,1.651,-16.375
2026-04-01T14:55:19.394Z,63.220,pi:0,bottle,0.7739,456.00,193.00,578.00,631.00,1.014,-13.849
2026-04-01T14:55:19.394Z,63.220,pi:0,bottle,0.4549,391.00,358.00,478.00,627.00,1.651,-16.360
2026-04-01T14:55:19.431Z,63.257,pi:0,bottle,0.7667,457.00,201.00,576.00,631.00,1.033,-13.865
2026-04-01T14:55:19.431Z,63.257,pi:0,bottle,0.4173,391.00,360.00,478.00,627.00,1.663,-16.360
2026-04-01T14:55:19.472Z,63.298,pi:0,bottle,0.7776,456.00,192.00,578.00,632.00,1.009,-13.849
2026-04-01T14:55:19.472Z,63.298,pi:0,bottle,0.4481,391.00,360.00,478.00,626.00,1.669,-16.360
2026-04-01T14:55:19.508Z,63.335,pi:0,bottle,0.7812,456.00,191.00,578.00,631.00,1.009,-13.849
2026-04-01T14:55:19.508Z,63.335,pi:0,bottle,0.4412,391.00,359.00,477.00,625.00,1.669,-16.375
2026-04-01T14:55:19.545Z,63.371,pi:0,bottle,0.7812,456.00,195.00,576.00,634.00,1.011,-13.880
2026-04-01T14:55:19.545Z,63.371,pi:0,bottle,0.4241,391.00,359.00,478.00,626.00,1.663,-16.360
2026-04-01T14:55:19.584Z,63.410,pi:0,bottle,0.7921,456.00,199.00,576.00,631.00,1.028,-13.880
2026-04-01T14:55:19.584Z,63.410,pi:0,bottle,0.4036,391.00,358.00,478.00,628.00,1.645,-16.360
2026-04-01T14:55:19.625Z,63.452,pi:0,bottle,0.7703,456.00,191.00,578.00,632.00,1.007,-13.849
2026-04-01T14:55:19.625Z,63.452,pi:0,bottle,0.4754,391.00,359.00,478.00,627.00,1.657,-16.360
2026-04-01T14:55:19.664Z,63.490,pi:0,bottle,0.7739,456.00,192.00,578.00,632.00,1.009,-13.849
2026-04-01T14:55:19.664Z,63.490,pi:0,bottle,0.4412,391.00,358.00,478.00,627.00,1.651,-16.360
2026-04-01T14:55:19.703Z,63.529,pi:0,bottle,0.7739,456.00,196.00,576.00,631.00,1.021,-13.880
2026-04-01T14:55:19.703Z,63.529,pi:0,bottle,0.4433,390.00,357.00,478.00,631.00,1.621,-16.375
2026-04-01T14:55:19.740Z,63.566,pi:0,bottle,0.7739,456.00,191.00,578.00,631.00,1.009,-13.849
2026-04-01T14:55:19.740Z,63.566,pi:0,bottle,0.4433,391.00,362.00,477.00,631.00,1.651,-16.375
2026-04-01T14:55:19.772Z,63.598,pi:0,bottle,0.7848,456.00,192.00,578.00,631.00,1.011,-13.849
2026-04-01T14:55:19.772Z,63.598,pi:0,bottle,0.4542,390.00,359.00,478.00,631.00,1.632,-16.375
2026-04-01T14:55:19.815Z,63.642,pi:0,bottle,0.7776,456.00,191.00,578.00,632.00,1.007,-13.849
2026-04-01T14:55:19.815Z,63.642,pi:0,bottle,0.4651,391.00,361.00,478.00,631.00,1.645,-16.360
2026-04-01T14:55:19.854Z,63.680,pi:0,bottle,0.7848,456.00,192.00,578.00,631.00,1.011,-13.849
2026-04-01T14:55:19.854Z,63.680,pi:0,bottle,0.4287,391.00,359.00,478.00,631.00,1.632,-16.360
2026-04-01T14:55:19.891Z,63.717,pi:0,bottle,0.7812,456.00,191.00,578.00,632.00,1.007,-13.849
2026-04-01T14:55:19.891Z,63.717,pi:0,bottle,0.4396,391.00,359.00,478.00,631.00,1.632,-16.360
2026-04-01T14:55:19.928Z,63.754,pi:0,bottle,0.7812,456.00,189.00,578.00,631.00,1.005,-13.849
2026-04-01T14:55:19.928Z,63.754,pi:0,bottle,0.4142,391.00,360.00,478.00,631.00,1.638,-16.360
2026-04-01T14:55:19.966Z,63.792,pi:0,bottle,0.7594,456.00,191.00,578.00,631.00,1.009,-13.849
2026-04-01T14:55:19.966Z,63.792,pi:0,bottle,0.4215,391.00,362.00,480.00,632.00,1.645,-16.330
2026-04-01T14:55:19.998Z,63.825,pi:0,bottle,0.7703,455.00,195.00,579.00,632.00,1.016,-13.849
2026-04-01T14:55:19.998Z,63.825,pi:0,bottle,0.4360,390.00,359.00,478.00,631.00,1.632,-16.375
2026-04-01T14:55:20.038Z,63.864,pi:0,bottle,0.7776,456.00,192.00,578.00,631.00,1.011,-13.849
2026-04-01T14:55:20.038Z,63.864,pi:0,bottle,0.4505,390.00,360.00,478.00,631.00,1.638,-16.375
2026-04-01T14:55:20.079Z,63.905,pi:0,bottle,0.7776,456.00,198.00,576.00,633.00,1.021,-13.880
2026-04-01T14:55:20.079Z,63.905,pi:0,bottle,0.4360,392.00,360.00,478.00,631.00,1.638,-16.345
2026-04-01T14:55:20.120Z,63.946,pi:0,bottle,0.7921,456.00,191.00,577.00,632.00,1.007,-13.865
2026-04-01T14:55:20.120Z,63.946,pi:0,bottle,0.4173,391.00,359.00,478.00,626.00,1.663,-16.360
2026-04-01T14:55:20.157Z,63.983,pi:0,bottle,0.7667,456.00,190.00,578.00,632.00,1.005,-13.849
2026-04-01T14:55:20.157Z,63.983,pi:0,bottle,0.4070,391.00,359.00,478.00,627.00,1.657,-16.360
2026-04-01T14:55:20.193Z,64.020,pi:0,bottle,0.7630,456.00,191.00,578.00,631.00,1.009,-13.849
2026-04-01T14:55:20.193Z,64.020,pi:0,bottle,0.4275,391.00,358.00,478.00,627.00,1.651,-16.360
2026-04-01T14:55:20.229Z,64.055,pi:0,bottle,0.7703,456.00,191.00,577.00,631.00,1.009,-13.865
2026-04-01T14:55:20.229Z,64.055,pi:0,bottle,0.4796,391.00,359.00,478.00,632.00,1.626,-16.360
2026-04-01T14:55:20.266Z,64.092,pi:0,bottle,0.7703,456.00,192.00,578.00,632.00,1.009,-13.849
2026-04-01T14:55:20.266Z,64.092,pi:0,bottle,0.4360,391.00,360.00,478.00,632.00,1.632,-16.360
2026-04-01T14:55:20.300Z,64.127,pi:0,bottle,0.7776,456.00,194.00,578.00,631.00,1.016,-13.849
2026-04-01T14:55:20.300Z,64.127,pi:0,bottle,0.3831,391.00,358.00,478.00,626.00,1.657,-16.360
2026-04-01T14:55:20.342Z,64.169,pi:0,bottle,0.7630,456.00,190.00,578.00,632.00,1.005,-13.849
2026-04-01T14:55:20.342Z,64.169,pi:0,bottle,0.4036,391.00,361.00,478.00,626.00,1.676,-16.360
2026-04-01T14:55:20.378Z,64.204,pi:0,bottle,0.7776,456.00,193.00,576.00,630.00,1.016,-13.880
2026-04-01T14:55:20.378Z,64.204,pi:0,bottle,0.3779,391.00,360.00,478.00,631.00,1.638,-16.360
2026-04-01T14:55:20.421Z,64.247,pi:0,bottle,0.7776,456.00,193.00,577.00,632.00,1.011,-13.865
2026-04-01T14:55:20.421Z,64.247,pi:0,bottle,0.4215,391.00,361.00,478.00,631.00,1.645,-16.360
2026-04-01T14:55:20.462Z,64.288,pi:0,bottle,0.7703,456.00,193.00,577.00,632.00,1.011,-13.865
2026-04-01T14:55:20.462Z,64.288,pi:0,bottle,0.4720,390.00,360.00,477.00,628.00,1.657,-16.390
2026-04-01T14:55:20.496Z,64.323,pi:0,bottle,0.7776,456.00,191.00,577.00,631.00,1.009,-13.865
2026-04-01T14:55:20.496Z,64.323,pi:0,bottle,0.3933,391.00,358.00,478.00,627.00,1.651,-16.360
