timestamp_utc,elapsed_s,camera,label,confidence,bbox_x1,bbox_y1,bbox_x2,bbox_y2,distance_m,angle_deg
2026-04-03T15:07:16.764Z,1.553,pi:0,sports ball,0.2570,1146.05,364.28,1272.39,552.06,2.193,8.422
2026-04-03T15:07:16.999Z,1.788,pi:0,sports ball,0.2719,1144.95,364.93,1273.86,552.23,2.198,8.428
2026-04-03T15:07:17.083Z,1.872,pi:0,sports ball,0.3948,1143.79,364.92,1272.89,550.37,2.220,8.394
2026-04-03T15:07:17.116Z,1.905,pi:0,sports ball,0.5625,1145.05,366.07,1273.06,551.30,2.223,8.417
2026-04-03T15:07:17.116Z,1.905,pi:0,sports ball,0.4209,841.25,387.18,1003.71,565.61,2.307,-0.882
2026-04-03T15:07:18.687Z,3.476,pi:0,sports ball,0.3867,842.33,387.96,1003.46,563.98,2.339,-0.868
2026-04-03T15:07:18.741Z,3.530,pi:0,sports ball,0.5103,841.49,387.22,1004.62,564.06,2.328,-0.863
2026-04-03T15:07:18.780Z,3.569,pi:0,sports ball,0.5587,842.27,389.27,1007.12,564.85,2.345,-0.810
2026-04-03T15:07:18.816Z,3.605,pi:0,sports ball,0.6370,843.20,387.21,1008.22,564.33,2.324,-0.776
2026-04-03T15:07:18.853Z,3.642,pi:0,sports ball,0.5811,841.83,388.27,1008.08,564.17,2.341,-0.801
2026-04-03T15:07:18.890Z,3.679,pi:0,sports ball,0.5103,842.46,388.25,1008.12,564.32,2.338,-0.790
2026-04-03T15:07:18.931Z,3.720,pi:0,sports ball,0.2943,842.17,388.20,1006.93,564.65,2.333,-0.814
2026-04-03T15:07:18.970Z,3.759,pi:0,sports ball,0.4172,842.02,388.19,1009.23,565.20,2.326,-0.779
2026-04-03T15:07:19.012Z,3.801,pi:0,sports ball,0.4097,842.50,386.17,1006.97,565.20,2.300,-0.808
2026-04-03T15:07:19.053Z,3.842,pi:0,sports ball,0.3650,842.39,388.17,1009.25,564.82,2.331,-0.773
2026-04-03T15:07:19.091Z,3.880,pi:0,sports ball,0.4023,842.80,389.27,1007.20,564.11,2.355,-0.800
2026-04-03T15:07:19.131Z,3.920,pi:0,sports ball,0.3539,841.91,388.21,1006.07,565.03,2.328,-0.833
2026-04-03T15:07:19.172Z,3.961,pi:0,sports ball,0.3352,842.00,387.16,1008.12,565.29,2.311,-0.798
2026-04-03T15:07:19.212Z,4.001,pi:0,sports ball,0.3901,841.56,387.28,1005.02,563.93,2.331,-0.855
2026-04-03T15:07:19.247Z,4.037,pi:0,sports ball,0.4433,842.26,388.23,1008.39,564.11,2.341,-0.789
2026-04-03T15:07:19.284Z,4.073,pi:0,sports ball,0.4321,841.74,388.23,1008.39,564.11,2.341,-0.797
2026-04-03T15:07:19.329Z,4.118,pi:0,sports ball,0.3658,843.14,386.15,1004.97,563.90,2.316,-0.831
2026-04-03T15:07:19.363Z,4.152,pi:0,sports ball,0.3129,842.60,387.19,1006.07,564.27,2.325,-0.821
2026-04-03T15:07:19.505Z,4.295,pi:0,sports ball,0.4395,842.48,388.24,1008.28,564.46,2.336,-0.787
2026-04-03T15:07:19.545Z,4.334,pi:0,sports ball,0.4246,842.49,388.23,1007.22,564.11,2.341,-0.804
2026-04-03T15:07:19.589Z,4.378,pi:0,sports ball,0.4321,842.46,390.35,1004.99,564.50,2.364,-0.841
2026-04-03T15:07:19.626Z,4.415,pi:0,sports ball,0.3799,841.72,389.29,1005.82,564.34,2.352,-0.840
2026-04-03T15:07:19.673Z,4.462,pi:0,sports ball,0.3092,842.10,388.22,1007.15,564.11,2.341,-0.812
2026-04-03T15:07:19.704Z,4.493,pi:0,sports ball,0.3692,842.37,386.63,1004.98,563.97,2.322,-0.843
2026-04-03T15:07:19.744Z,4.533,pi:0,sports ball,0.4060,842.29,388.22,1007.14,564.14,2.340,-0.809
2026-04-03T15:07:19.785Z,4.574,pi:0,sports ball,0.4135,842.64,388.18,1004.83,563.95,2.342,-0.841
2026-04-03T15:07:19.825Z,4.614,pi:0,sports ball,0.4097,842.78,388.19,1007.20,564.14,2.340,-0.800
2026-04-03T15:07:19.861Z,4.650,pi:0,sports ball,0.3315,841.60,387.22,1006.22,563.96,2.330,-0.835
2026-04-03T15:07:19.901Z,4.690,pi:0,sports ball,0.3762,841.57,388.21,1006.11,563.82,2.344,-0.837
2026-04-03T15:07:19.937Z,4.726,pi:0,sports ball,0.2645,841.54,388.17,1006.15,563.98,2.342,-0.837
2026-04-03T15:07:19.978Z,4.767,pi:0,sports ball,0.3799,841.61,388.21,1006.22,564.37,2.337,-0.835
2026-04-03T15:07:20.018Z,4.807,pi:0,sports ball,0.3414,842.38,386.79,1005.74,563.12,2.335,-0.830
2026-04-03T15:07:20.055Z,4.844,pi:0,sports ball,0.4172,841.55,387.11,1006.31,563.98,2.328,-0.835
2026-04-03T15:07:20.094Z,4.883,pi:0,sports ball,0.3613,841.39,388.20,1008.65,564.02,2.342,-0.799
2026-04-03T15:07:20.134Z,4.923,pi:0,sports ball,0.4246,841.70,388.19,1009.40,564.00,2.342,-0.782
2026-04-03T15:07:20.172Z,4.961,pi:0,sports ball,0.4284,840.72,387.15,1009.15,564.61,2.320,-0.802
2026-04-03T15:07:20.210Z,4.999,pi:0,sports ball,0.4172,840.73,387.17,1010.33,564.38,2.323,-0.782
2026-04-03T15:07:20.257Z,5.046,pi:0,sports ball,0.3762,840.82,388.18,1010.39,564.61,2.334,-0.780
2026-04-03T15:07:20.311Z,5.100,pi:0,sports ball,0.4842,841.36,386.17,1011.53,564.76,2.305,-0.752
2026-04-03T15:07:20.327Z,5.116,pi:0,sports ball,0.4544,841.12,387.18,1009.15,564.60,2.321,-0.795
2026-04-03T15:07:20.362Z,5.151,pi:0,sports ball,0.4544,840.73,388.21,1011.41,564.57,2.334,-0.765
2026-04-03T15:07:20.411Z,5.200,pi:0,sports ball,0.3948,841.80,387.16,1010.20,564.77,2.318,-0.767
2026-04-03T15:07:20.455Z,5.244,pi:0,sports ball,0.3874,841.29,388.19,1011.67,564.20,2.339,-0.751
2026-04-03T15:07:20.492Z,5.281,pi:0,sports ball,0.4842,840.93,388.18,1011.52,564.71,2.332,-0.760
2026-04-03T15:07:20.534Z,5.323,pi:0,sports ball,0.4880,841.53,388.21,1012.59,564.35,2.337,-0.732
2026-04-03T15:07:20.573Z,5.362,pi:0,sports ball,0.4619,841.01,387.19,1011.58,564.56,2.321,-0.757
2026-04-03T15:07:20.610Z,5.400,pi:0,sports ball,0.4321,841.02,387.18,1011.34,564.92,2.316,-0.761
2026-04-03T15:07:20.650Z,5.439,pi:0,sports ball,0.4135,840.72,387.19,1011.39,563.85,2.331,-0.765
2026-04-03T15:07:20.697Z,5.486,pi:0,sports ball,0.3166,840.90,387.18,1012.64,564.16,2.326,-0.742
2026-04-03T15:07:20.732Z,5.521,pi:0,sports ball,0.3203,841.06,386.15,1009.81,565.01,2.302,-0.785
2026-04-03T15:07:20.774Z,5.563,pi:0,sports ball,0.4135,842.86,384.99,1009.55,564.71,2.291,-0.760
2026-04-03T15:07:20.813Z,5.602,pi:0,sports ball,0.3874,842.60,387.07,1009.88,565.65,2.306,-0.759
2026-04-03T15:07:20.852Z,5.641,pi:0,sports ball,0.4768,844.10,385.99,1008.26,564.77,2.303,-0.761
2026-04-03T15:07:20.893Z,5.682,pi:0,sports ball,0.4693,841.86,387.15,1009.54,565.53,2.308,-0.777
2026-04-03T15:07:20.932Z,5.721,pi:0,sports ball,0.4135,841.55,386.19,1010.81,564.71,2.306,-0.761
2026-04-03T15:07:20.970Z,5.759,pi:0,sports ball,0.4917,1143.86,364.84,1312.43,553.10,2.187,9.026
2026-04-03T15:07:20.970Z,5.759,pi:0,sports ball,0.4544,841.37,387.19,1010.93,564.74,2.319,-0.762
2026-04-03T15:07:21.010Z,5.799,pi:0,sports ball,0.5327,840.98,387.18,1012.49,564.31,2.324,-0.743
2026-04-03T15:07:21.010Z,5.799,pi:0,sports ball,0.4954,1144.99,366.01,1323.53,553.94,2.191,9.221
2026-04-03T15:07:21.062Z,5.851,pi:0,sports ball,0.4842,841.25,387.16,1010.66,564.59,2.320,-0.768
2026-04-03T15:07:21.062Z,5.851,pi:0,sports ball,0.4358,1145.04,364.90,1318.87,553.84,2.179,9.147
2026-04-03T15:07:21.091Z,5.880,pi:0,sports ball,0.4917,840.64,387.17,1012.58,564.14,2.326,-0.747
2026-04-03T15:07:21.091Z,5.880,pi:0,sports ball,0.4284,1146.03,365.52,1320.49,553.81,2.187,9.189
2026-04-03T15:07:21.129Z,5.918,pi:0,sports ball,0.5140,842.43,387.11,1009.51,565.11,2.313,-0.768
2026-04-03T15:07:21.129Z,5.918,pi:0,sports ball,0.4619,1144.99,366.54,1320.20,553.80,2.199,9.168
2026-04-03T15:07:21.170Z,5.959,pi:0,sports ball,0.4507,1146.07,367.02,1321.40,553.69,2.206,9.204
2026-04-03T15:07:21.170Z,5.959,pi:0,sports ball,0.4395,840.64,388.20,1014.12,563.87,2.344,-0.722
2026-04-03T15:07:21.207Z,5.996,pi:0,sports ball,0.5252,1147.36,367.06,1317.51,552.88,2.216,9.163
2026-04-03T15:07:21.207Z,5.996,pi:0,sports ball,0.5029,842.06,386.20,1011.75,564.45,2.310,-0.737
2026-04-03T15:07:21.247Z,6.036,pi:0,sports ball,0.4880,840.22,387.18,1016.66,564.02,2.328,-0.687
2026-04-03T15:07:21.247Z,6.036,pi:0,sports ball,0.4805,1147.22,366.59,1317.81,553.77,2.200,9.165
2026-04-03T15:07:21.292Z,6.081,pi:0,sports ball,0.5401,1143.90,366.65,1320.89,554.54,2.191,9.161
2026-04-03T15:07:21.292Z,6.081,pi:0,sports ball,0.4693,840.50,387.17,1014.90,564.39,2.323,-0.711
2026-04-03T15:07:21.330Z,6.119,pi:0,sports ball,0.5438,1143.99,365.54,1316.74,553.76,2.187,9.097
2026-04-03T15:07:21.330Z,6.119,pi:0,sports ball,0.5066,842.94,387.06,1009.53,564.96,2.314,-0.759
2026-04-03T15:07:21.370Z,6.159,pi:0,sports ball,0.6072,1145.13,366.22,1317.43,552.85,2.206,9.126
2026-04-03T15:07:21.370Z,6.159,pi:0,sports ball,0.4656,841.71,386.18,1013.11,564.32,2.311,-0.721
2026-04-03T15:07:21.411Z,6.200,pi:0,sports ball,0.5923,1146.25,366.61,1317.84,553.74,2.200,9.150
2026-04-03T15:07:21.411Z,6.200,pi:0,sports ball,0.4842,842.24,387.11,1009.42,564.54,2.320,-0.772
2026-04-03T15:07:21.442Z,6.231,pi:0,sports ball,0.7189,1145.16,367.04,1317.53,552.81,2.216,9.128
2026-04-03T15:07:21.442Z,6.231,pi:0,sports ball,0.5848,841.81,387.09,1009.37,564.69,2.318,-0.780
2026-04-03T15:07:21.534Z,6.323,pi:0,sports ball,0.5625,1147.33,366.59,1317.42,552.84,2.211,9.161
2026-04-03T15:07:21.534Z,6.323,pi:0,sports ball,0.4656,841.77,386.20,1012.85,564.65,2.307,-0.724
2026-04-03T15:07:21.565Z,6.354,pi:0,sports ball,0.4917,1146.21,366.13,1316.99,552.84,2.205,9.136
2026-04-03T15:07:21.565Z,6.354,pi:0,sports ball,0.4433,840.46,388.17,1015.78,564.68,2.332,-0.698
2026-04-03T15:07:21.596Z,6.385,pi:0,sports ball,0.6705,1146.25,367.50,1317.77,552.81,2.222,9.149
2026-04-03T15:07:21.596Z,6.385,pi:0,sports ball,0.5103,840.48,387.15,1014.76,564.17,2.326,-0.714
2026-04-03T15:07:21.635Z,6.425,pi:0,sports ball,0.6444,1144.00,366.54,1318.18,552.93,2.209,9.120
2026-04-03T15:07:21.635Z,6.425,pi:0,sports ball,0.5140,840.46,387.16,1017.06,564.16,2.326,-0.677
2026-04-03T15:07:21.673Z,6.462,pi:0,sports ball,0.5848,1146.19,366.62,1317.37,552.89,2.210,9.142
2026-04-03T15:07:21.673Z,6.462,pi:0,sports ball,0.4768,841.65,386.11,1010.69,565.07,2.301,-0.761
2026-04-03T15:07:21.716Z,6.505,pi:0,sports ball,0.7040,1147.32,367.49,1317.58,553.61,2.212,9.163
2026-04-03T15:07:21.716Z,6.505,pi:0,sports ball,0.5215,842.29,387.11,1009.45,565.02,2.314,-0.771
2026-04-03T15:07:21.754Z,6.543,pi:0,sports ball,0.5476,1146.24,367.42,1317.94,554.46,2.201,9.152
2026-04-03T15:07:21.754Z,6.543,pi:0,sports ball,0.4619,841.56,387.18,1011.82,564.57,2.321,-0.744
2026-04-03T15:07:21.790Z,6.579,pi:0,sports ball,0.6817,1146.24,366.06,1317.20,551.99,2.214,9.140
2026-04-03T15:07:21.790Z,6.579,pi:0,sports ball,0.4582,841.96,387.11,1011.81,564.25,2.324,-0.738
2026-04-03T15:07:21.835Z,6.624,pi:0,sports ball,0.7450,1148.47,367.48,1317.57,553.64,2.212,9.181
2026-04-03T15:07:21.835Z,6.624,pi:0,sports ball,0.5103,840.99,387.16,1014.71,564.16,2.326,-0.707
2026-04-03T15:07:21.873Z,6.662,pi:0,sports ball,0.7450,1146.25,367.02,1317.77,553.64,2.206,9.149
2026-04-03T15:07:21.873Z,6.662,pi:0,sports ball,0.5215,841.93,386.11,1010.62,564.41,2.309,-0.758
2026-04-03T15:07:21.913Z,6.702,pi:0,sports ball,0.6593,1146.22,367.46,1317.58,552.83,2.221,9.146
2026-04-03T15:07:21.913Z,6.702,pi:0,sports ball,0.4544,840.68,386.21,1013.08,564.25,2.313,-0.738
2026-04-03T15:07:21.953Z,6.742,pi:0,sports ball,0.6109,1145.20,367.00,1317.91,553.68,2.206,9.135
2026-04-03T15:07:21.953Z,6.742,pi:0,sports ball,0.5178,842.57,386.15,1009.52,565.25,2.299,-0.765
2026-04-03T15:07:21.992Z,6.781,pi:0,sports ball,0.5960,1146.26,366.56,1317.75,553.75,2.199,9.149
2026-04-03T15:07:21.992Z,6.781,pi:0,sports ball,0.4619,840.53,387.18,1015.78,564.15,2.327,-0.697
2026-04-03T15:07:22.034Z,6.823,pi:0,sports ball,0.6854,1146.25,366.10,1316.83,552.79,2.205,9.134
2026-04-03T15:07:22.034Z,6.823,pi:0,sports ball,0.4470,841.96,387.08,1010.65,564.96,2.315,-0.757
2026-04-03T15:07:22.070Z,6.859,pi:0,sports ball,0.7040,1146.26,366.58,1317.43,552.82,2.211,9.144
2026-04-03T15:07:22.070Z,6.859,pi:0,sports ball,0.5252,842.11,386.13,1009.41,564.99,2.302,-0.775
2026-04-03T15:07:22.119Z,6.908,pi:0,sports ball,0.5736,1146.28,367.03,1317.42,552.89,2.215,9.144
2026-04-03T15:07:22.119Z,6.908,pi:0,sports ball,0.4246,843.85,385.96,1011.82,564.75,2.303,-0.707
2026-04-03T15:07:22.155Z,6.944,pi:0,sports ball,0.6742,1145.19,366.04,1317.08,553.63,2.195,9.121
2026-04-03T15:07:22.155Z,6.944,pi:0,sports ball,0.4842,841.30,387.18,1014.70,564.19,2.326,-0.702
2026-04-03T15:07:22.193Z,6.982,pi:0,sports ball,0.5774,1146.29,366.54,1317.08,553.64,2.201,9.139
2026-04-03T15:07:22.193Z,6.982,pi:0,sports ball,0.4693,840.27,388.18,1012.09,563.72,2.345,-0.761
2026-04-03T15:07:22.227Z,7.016,pi:0,sports ball,0.6891,1146.28,367.03,1317.76,552.82,2.216,9.149
2026-04-03T15:07:22.227Z,7.016,pi:0,sports ball,0.4842,840.92,389.23,1012.36,564.17,2.353,-0.746
2026-04-03T15:07:22.266Z,7.055,pi:0,sports ball,0.6593,1146.35,366.57,1317.22,552.78,2.211,9.142
2026-04-03T15:07:22.266Z,7.055,pi:0,sports ball,0.4544,841.03,387.16,1013.38,564.17,2.326,-0.728
2026-04-03T15:07:22.302Z,7.091,pi:0,sports ball,0.6183,1146.25,367.04,1316.97,552.81,2.216,9.136
2026-04-03T15:07:22.302Z,7.091,pi:0,sports ball,0.4917,841.74,387.16,1010.72,565.23,2.312,-0.759
2026-04-03T15:07:22.348Z,7.137,pi:0,sports ball,0.5811,1145.12,367.01,1317.91,552.82,2.216,9.133
2026-04-03T15:07:22.348Z,7.137,pi:0,sports ball,0.4917,842.09,387.12,1012.94,565.58,2.307,-0.717
2026-04-03T15:07:22.395Z,7.184,pi:0,sports ball,0.7040,1146.28,366.63,1317.42,553.64,2.202,9.144
2026-04-03T15:07:22.395Z,7.184,pi:0,sports ball,0.4358,841.68,386.19,1014.16,564.90,2.304,-0.704
2026-04-03T15:07:22.446Z,7.235,pi:0,sports ball,0.5736,1146.17,367.52,1318.07,552.89,2.221,9.153
2026-04-03T15:07:22.446Z,7.235,pi:0,sports ball,0.4470,841.89,387.17,1012.03,565.12,2.314,-0.736
2026-04-03T15:07:22.482Z,7.271,pi:0,sports ball,0.6593,1146.29,367.03,1317.64,552.82,2.216,9.148
2026-04-03T15:07:22.482Z,7.271,pi:0,sports ball,0.5029,843.15,385.95,1010.52,564.48,2.306,-0.740
2026-04-03T15:07:22.515Z,7.304,pi:0,sports ball,0.6332,1146.31,367.15,1317.18,553.63,2.208,9.141
2026-04-03T15:07:22.515Z,7.304,pi:0,sports ball,0.4395,840.26,388.19,1016.58,564.18,2.339,-0.688
2026-04-03T15:07:22.548Z,7.337,pi:0,sports ball,0.6183,1144.94,366.92,1319.03,552.89,2.214,9.148
2026-04-03T15:07:22.548Z,7.337,pi:0,sports ball,0.5029,840.26,388.16,1015.63,564.17,2.339,-0.703
2026-04-03T15:07:22.580Z,7.369,pi:0,sports ball,0.6444,1146.29,367.54,1317.19,553.63,2.212,9.141
2026-04-03T15:07:22.580Z,7.369,pi:0,sports ball,0.4954,840.23,387.15,1015.58,564.17,2.326,-0.705
2026-04-03T15:07:22.634Z,7.423,pi:0,sports ball,0.7115,1146.31,367.08,1317.94,553.63,2.207,9.153
2026-04-03T15:07:22.634Z,7.423,pi:0,sports ball,0.5289,841.97,388.10,1010.62,564.90,2.329,-0.757
2026-04-03T15:07:22.674Z,7.463,pi:0,sports ball,0.5513,1147.33,367.09,1316.70,553.68,2.207,9.149
2026-04-03T15:07:22.674Z,7.463,pi:0,sports ball,0.4209,840.79,387.17,1014.64,564.19,2.326,-0.711
2026-04-03T15:07:22.700Z,7.489,pi:0,sports ball,0.6854,1146.25,366.61,1317.32,553.63,2.201,9.142
2026-04-03T15:07:22.700Z,7.489,pi:0,sports ball,0.4619,840.22,387.16,1013.62,564.32,2.324,-0.737
2026-04-03T15:07:22.738Z,7.527,pi:0,sports ball,0.7375,1146.25,366.59,1317.43,552.81,2.211,9.144
2026-04-03T15:07:22.738Z,7.527,pi:0,sports ball,0.3762,840.90,387.05,1015.56,565.90,2.302,-0.694
2026-04-03T15:07:22.777Z,7.566,pi:0,sports ball,0.6109,1145.19,367.09,1317.78,552.88,2.216,9.132
2026-04-03T15:07:22.777Z,7.566,pi:0,sports ball,0.3650,842.90,385.91,1010.67,564.90,2.300,-0.741
2026-04-03T15:07:22.818Z,7.607,pi:0,sports ball,0.7338,1146.25,367.07,1317.73,553.63,2.207,9.148
2026-04-03T15:07:22.818Z,7.607,pi:0,sports ball,0.4768,841.96,387.12,1009.38,565.26,2.311,-0.778
2026-04-03T15:07:22.855Z,7.644,pi:0,sports ball,0.6854,1146.33,367.03,1318.36,552.81,2.216,9.160
2026-04-03T15:07:22.855Z,7.644,pi:0,sports ball,0.5140,840.96,388.20,1015.39,564.29,2.338,-0.696
2026-04-03T15:07:22.894Z,7.683,pi:0,sports ball,0.6630,1146.25,367.87,1317.57,552.89,2.225,9.146
2026-04-03T15:07:22.894Z,7.683,pi:0,sports ball,0.4880,840.42,387.18,1015.83,564.16,2.326,-0.698
2026-04-03T15:07:22.931Z,7.720,pi:0,sports ball,0.5476,1146.18,367.01,1318.09,552.83,2.216,9.153
2026-04-03T15:07:22.931Z,7.720,pi:0,sports ball,0.4321,840.50,388.17,1014.88,564.17,2.339,-0.712
2026-04-03T15:07:22.982Z,7.771,pi:0,sports ball,0.5252,1145.12,367.55,1316.70,554.53,2.202,9.114
2026-04-03T15:07:22.982Z,7.771,pi:0,sports ball,0.4172,840.96,386.20,1013.02,564.99,2.303,-0.735
2026-04-03T15:07:23.011Z,7.800,pi:0,sports ball,0.6556,1145.17,367.07,1317.75,552.81,2.217,9.132
2026-04-03T15:07:23.011Z,7.800,pi:0,sports ball,0.3911,840.26,388.20,1013.45,564.20,2.339,-0.739
2026-04-03T15:07:23.055Z,7.844,pi:0,sports ball,0.6258,1144.93,366.49,1319.40,553.73,2.199,9.154
2026-04-03T15:07:23.055Z,7.844,pi:0,sports ball,0.5103,840.93,388.19,1010.97,563.99,2.342,-0.769
2026-04-03T15:07:23.085Z,7.874,pi:0,sports ball,0.6705,1147.34,367.47,1317.63,553.63,2.212,9.164
2026-04-03T15:07:23.085Z,7.874,pi:0,sports ball,0.4060,842.59,388.17,1010.64,564.71,2.332,-0.747
2026-04-03T15:07:23.119Z,7.908,pi:0,sports ball,0.6854,1146.23,367.06,1317.30,553.63,2.207,9.141
2026-04-03T15:07:23.119Z,7.908,pi:0,sports ball,0.4097,839.76,387.18,1012.35,564.19,2.326,-0.765
2026-04-03T15:07:23.159Z,7.948,pi:0,sports ball,0.7524,1146.30,366.07,1317.82,552.75,2.205,9.151
2026-04-03T15:07:23.159Z,7.948,pi:0,sports ball,0.4433,841.04,389.23,1013.21,564.17,2.354,-0.730
2026-04-03T15:07:23.197Z,7.986,pi:0,sports ball,0.7189,1146.30,367.02,1317.89,553.63,2.206,9.152
2026-04-03T15:07:23.197Z,7.986,pi:0,sports ball,0.5289,840.47,388.19,1015.60,563.73,2.345,-0.701
2026-04-03T15:07:23.238Z,8.027,pi:0,sports ball,0.7413,1146.20,366.04,1318.05,552.78,2.205,9.153
2026-04-03T15:07:23.238Z,8.027,pi:0,sports ball,0.5289,840.93,389.24,1012.00,564.15,2.354,-0.752
2026-04-03T15:07:23.277Z,8.066,pi:0,sports ball,0.6519,1146.23,366.07,1317.94,554.41,2.186,9.152
2026-04-03T15:07:23.277Z,8.066,pi:0,sports ball,0.5029,840.26,386.18,1014.43,564.16,2.313,-0.723
2026-04-03T15:07:23.310Z,8.099,pi:0,sports ball,0.6072,1144.97,366.93,1318.99,552.03,2.224,9.148
2026-04-03T15:07:23.310Z,8.099,pi:0,sports ball,0.4768,840.99,387.16,1013.42,563.85,2.330,-0.728
2026-04-03T15:07:23.347Z,8.136,pi:0,sports ball,0.5438,1146.23,367.03,1317.97,552.80,2.216,9.152
2026-04-03T15:07:23.347Z,8.136,pi:0,sports ball,0.5289,842.24,386.13,1008.22,564.89,2.303,-0.792
2026-04-03T15:07:23.407Z,8.196,pi:0,sports ball,0.5997,1146.27,366.62,1317.55,552.84,2.211,9.146
2026-04-03T15:07:23.407Z,8.196,pi:0,sports ball,0.5215,843.66,385.96,1010.54,564.46,2.307,-0.731
2026-04-03T15:07:23.470Z,8.260,pi:0,sports ball,0.5103,840.99,388.18,1016.67,564.17,2.339,-0.674
2026-04-03T15:07:23.470Z,8.260,pi:0,sports ball,0.4544,1144.00,366.11,1316.97,553.87,2.193,9.101
2026-04-03T15:07:23.519Z,8.308,pi:0,sports ball,0.5103,840.72,388.20,1014.54,563.89,2.343,-0.714
2026-04-03T15:07:23.519Z,8.308,pi:0,sports ball,0.4731,1143.95,366.64,1321.40,553.84,2.199,9.170
2026-04-03T15:07:23.557Z,8.346,pi:0,sports ball,0.5029,1145.07,366.09,1319.39,552.98,2.203,9.156
2026-04-03T15:07:23.557Z,8.346,pi:0,sports ball,0.4842,841.28,387.17,1013.36,564.19,2.326,-0.724
2026-04-03T15:07:23.595Z,8.384,pi:0,sports ball,0.4842,839.99,387.17,1012.57,564.19,2.326,-0.758
2026-04-03T15:07:23.595Z,8.384,pi:0,sports ball,0.4470,1144.99,366.08,1319.07,552.99,2.203,9.150
2026-04-03T15:07:23.633Z,8.422,pi:0,sports ball,0.5997,842.07,388.10,1014.23,565.64,2.319,-0.697
2026-04-03T15:07:23.633Z,8.422,pi:0,sports ball,0.5848,1143.91,366.03,1326.61,553.62,2.195,9.253
2026-04-03T15:07:23.670Z,8.459,pi:0,sports ball,0.4321,842.47,386.15,1009.39,565.18,2.300,-0.769
2026-04-03T15:07:23.670Z,8.459,pi:0,sports ball,0.4172,1144.98,365.96,1320.18,553.73,2.193,9.167
2026-04-03T15:07:23.725Z,8.514,pi:0,sports ball,0.4246,840.73,387.16,1012.49,563.99,2.328,-0.747
2026-04-03T15:07:23.725Z,8.514,pi:0,sports ball,0.3613,1145.06,365.99,1323.67,553.51,2.196,9.224
2026-04-03T15:07:23.798Z,8.587,pi:0,sports ball,0.4991,842.11,386.12,1009.42,564.21,2.312,-0.775
2026-04-03T15:07:23.798Z,8.587,pi:0,sports ball,0.4544,1144.99,366.03,1319.03,551.99,2.214,9.149
2026-04-03T15:07:23.841Z,8.630,pi:0,sports ball,0.6705,1145.00,365.40,1310.42,553.86,2.185,9.012
2026-04-03T15:07:23.841Z,8.630,pi:0,sports ball,0.5587,841.93,386.13,1009.47,564.92,2.303,-0.777
2026-04-03T15:07:23.881Z,8.670,pi:0,sports ball,0.4395,840.47,388.22,1012.46,563.44,2.350,-0.752
2026-04-03T15:07:23.881Z,8.670,pi:0,sports ball,0.2831,1145.97,367.12,1302.43,551.14,2.237,8.900
2026-04-03T15:07:23.922Z,8.711,pi:0,sports ball,0.4135,841.43,386.19,1012.14,564.68,2.307,-0.741
2026-04-03T15:07:23.959Z,8.748,pi:0,sports ball,0.5327,841.22,388.15,1010.83,565.13,2.326,-0.766
2026-04-03T15:07:23.959Z,8.748,pi:0,sports ball,0.2905,1144.93,366.99,1289.41,550.19,2.247,8.676
2026-04-03T15:07:24.000Z,8.789,pi:0,sports ball,0.4619,841.37,387.15,1011.94,564.99,2.315,-0.746
2026-04-03T15:07:24.040Z,8.829,pi:0,sports ball,0.4880,840.72,388.21,1013.16,564.32,2.338,-0.736
2026-04-03T15:07:24.085Z,8.874,pi:0,sports ball,0.5178,842.06,388.22,1009.70,563.95,2.343,-0.771
2026-04-03T15:07:24.085Z,8.874,pi:0,sports ball,0.4209,1146.11,364.22,1269.78,552.51,2.187,8.381
2026-04-03T15:07:24.131Z,8.920,pi:0,sports ball,0.5364,1144.58,364.96,1264.16,550.43,2.220,8.267
2026-04-03T15:07:24.131Z,8.920,pi:0,sports ball,0.4693,843.16,385.94,1009.46,564.84,2.301,-0.757
2026-04-03T15:07:24.174Z,8.963,pi:0,sports ball,0.5252,841.02,387.19,1012.23,564.32,2.324,-0.747
2026-04-03T15:07:24.228Z,9.017,pi:0,sports ball,0.3837,841.42,387.16,1009.53,565.53,2.308,-0.784
2026-04-03T15:07:24.284Z,9.073,pi:0,sports ball,0.4598,842.37,386.88,1005.73,563.97,2.325,-0.831
2026-04-03T15:07:24.325Z,9.114,pi:0,sports ball,0.5662,841.45,388.24,1007.40,563.97,2.343,-0.818
2026-04-03T15:07:29.065Z,13.855,pi:0,sports ball,0.2856,842.37,387.28,1004.99,563.97,2.330,-0.843
2026-04-03T15:07:29.101Z,13.890,pi:0,sports ball,0.5513,841.72,389.26,1011.26,563.52,2.363,-0.751
2026-04-03T15:07:29.134Z,13.923,pi:0,sports ball,0.4917,841.71,389.24,1012.43,564.15,2.354,-0.732
2026-04-03T15:07:29.179Z,13.968,pi:0,sports ball,0.5364,840.68,388.22,1013.94,564.01,2.342,-0.724
2026-04-03T15:07:29.219Z,14.009,pi:0,sports ball,0.6258,842.25,389.26,1013.59,563.82,2.359,-0.704
2026-04-03T15:07:29.260Z,14.049,pi:0,sports ball,0.5736,841.55,388.20,1010.58,564.96,2.329,-0.765
2026-04-03T15:07:29.298Z,14.087,pi:0,sports ball,0.5923,841.50,387.16,1007.21,564.30,2.324,-0.821
2026-04-03T15:07:29.338Z,14.127,pi:0,sports ball,0.5215,841.20,388.22,1013.88,564.00,2.342,-0.717
2026-04-03T15:07:29.380Z,14.169,pi:0,sports ball,0.4135,841.36,387.19,1011.63,564.28,2.325,-0.751
2026-04-03T15:07:29.420Z,14.210,pi:0,sports ball,0.4544,841.14,386.18,1008.38,564.32,2.311,-0.807
2026-04-03T15:07:29.458Z,14.247,pi:0,sports ball,0.4619,842.13,387.15,1009.57,565.14,2.313,-0.772
2026-04-03T15:07:29.498Z,14.287,pi:0,sports ball,0.4284,840.60,387.18,1014.89,564.60,2.321,-0.710
2026-04-03T15:07:29.545Z,14.334,pi:0,sports ball,0.3762,841.32,388.22,1014.94,564.46,2.336,-0.697
2026-04-03T15:07:29.583Z,14.373,pi:0,sports ball,0.5550,840.67,388.21,1013.45,564.55,2.335,-0.732
2026-04-03T15:07:29.609Z,14.398,pi:0,sports ball,0.4842,841.51,388.12,1011.03,564.87,2.329,-0.758
2026-04-03T15:07:29.649Z,14.438,pi:0,sports ball,0.4954,840.91,387.19,1012.38,563.96,2.329,-0.746
2026-04-03T15:07:29.704Z,14.493,pi:0,sports ball,0.4433,840.99,387.19,1011.12,563.96,2.329,-0.765
2026-04-03T15:07:29.748Z,14.537,pi:0,sports ball,0.4470,840.88,388.20,1011.14,564.63,2.334,-0.767
2026-04-03T15:07:29.809Z,14.598,pi:0,sports ball,0.4582,840.45,387.19,1014.54,564.10,2.327,-0.718
2026-04-03T15:07:29.809Z,14.598,pi:0,sports ball,0.3613,1146.29,366.76,1273.82,530.04,2.521,8.449
2026-04-03T15:07:29.846Z,14.635,pi:0,sports ball,0.3874,841.49,386.18,1012.22,564.57,2.308,-0.739
2026-04-03T15:07:29.846Z,14.635,pi:0,sports ball,0.3166,1145.14,366.77,1273.62,544.60,2.315,8.427
2026-04-03T15:07:29.893Z,14.682,pi:0,sports ball,0.4954,840.26,388.21,1013.12,564.12,2.341,-0.744
2026-04-03T15:07:29.893Z,14.682,pi:0,sports ball,0.4097,1147.39,366.09,1273.52,547.17,2.274,8.462
2026-04-03T15:07:29.937Z,14.726,pi:0,sports ball,0.5103,840.03,387.17,1014.54,564.32,2.324,-0.725
2026-04-03T15:07:29.937Z,14.726,pi:0,sports ball,0.4619,1146.15,367.15,1274.11,551.90,2.229,8.451
2026-04-03T15:07:29.973Z,14.762,pi:0,sports ball,0.4209,1146.16,365.22,1273.77,552.68,2.196,8.446
2026-04-03T15:07:29.973Z,14.762,pi:0,sports ball,0.4172,843.14,385.93,1010.71,564.24,2.309,-0.737
2026-04-03T15:07:30.019Z,14.808,pi:0,sports ball,0.4954,840.24,387.19,1011.30,563.96,2.329,-0.774
2026-04-03T15:07:30.019Z,14.808,pi:0,sports ball,0.3874,1145.02,366.11,1274.50,550.10,2.238,8.439
2026-04-03T15:07:30.054Z,14.843,pi:0,sports ball,0.5066,840.25,387.20,1013.36,564.31,2.325,-0.741
2026-04-03T15:07:30.054Z,14.843,pi:0,sports ball,0.3948,1145.10,366.06,1274.60,550.94,2.227,8.442
2026-04-03T15:07:30.095Z,14.884,pi:0,sports ball,0.4842,1146.24,366.91,1276.37,550.07,2.248,8.489
2026-04-03T15:07:30.095Z,14.884,pi:0,sports ball,0.4693,840.70,387.20,1014.65,564.15,2.327,-0.712
2026-04-03T15:07:30.132Z,14.921,pi:0,sports ball,0.4246,841.53,387.04,1014.56,565.29,2.310,-0.700
2026-04-03T15:07:30.132Z,14.921,pi:0,sports ball,0.3464,1147.37,367.38,1276.71,551.06,2.241,8.512
2026-04-03T15:07:30.175Z,14.965,pi:0,sports ball,0.4470,840.23,387.19,1012.57,564.48,2.322,-0.754
2026-04-03T15:07:30.175Z,14.965,pi:0,sports ball,0.3762,1146.22,366.51,1276.45,552.84,2.210,8.490
2026-04-03T15:07:30.209Z,14.998,pi:0,sports ball,0.5066,1145.03,366.57,1277.68,550.04,2.244,8.490
2026-04-03T15:07:30.209Z,14.998,pi:0,sports ball,0.4619,840.03,388.20,1013.38,564.45,2.336,-0.744
2026-04-03T15:07:30.249Z,15.038,pi:0,sports ball,0.4544,840.19,388.19,1016.37,564.43,2.336,-0.692
2026-04-03T15:07:30.249Z,15.038,pi:0,sports ball,0.4507,1147.40,366.93,1277.32,551.92,2.226,8.522
2026-04-03T15:07:30.343Z,15.132,pi:0,sports ball,0.4433,1145.06,366.11,1278.19,550.98,2.227,8.499
2026-04-03T15:07:30.343Z,15.132,pi:0,sports ball,0.4358,841.07,386.20,1011.96,564.45,2.310,-0.750
2026-04-03T15:07:30.370Z,15.159,pi:0,sports ball,0.4842,839.55,388.21,1013.49,564.27,2.338,-0.750
2026-04-03T15:07:30.370Z,15.159,pi:0,sports ball,0.4507,1147.40,367.39,1275.87,552.02,2.230,8.499
2026-04-03T15:07:30.420Z,15.209,pi:0,sports ball,0.5736,1147.39,366.95,1275.89,551.16,2.235,8.499
2026-04-03T15:07:30.420Z,15.209,pi:0,sports ball,0.5178,840.91,387.18,1011.17,564.28,2.325,-0.766
2026-04-03T15:07:30.455Z,15.244,pi:0,sports ball,0.4209,841.02,387.13,1011.96,565.11,2.313,-0.751
2026-04-03T15:07:30.455Z,15.244,pi:0,sports ball,0.3948,1147.39,367.37,1275.85,552.10,2.229,8.499
2026-04-03T15:07:30.492Z,15.281,pi:0,sports ball,0.4507,840.17,387.18,1012.50,563.99,2.329,-0.756
2026-04-03T15:07:30.492Z,15.281,pi:0,sports ball,0.4321,1146.08,366.59,1277.68,552.05,2.220,8.507
2026-04-03T15:07:30.533Z,15.322,pi:0,sports ball,0.5289,1147.37,366.96,1276.93,551.28,2.234,8.516
2026-04-03T15:07:30.533Z,15.322,pi:0,sports ball,0.4544,840.24,389.23,1013.35,564.28,2.352,-0.741
2026-04-03T15:07:30.573Z,15.362,pi:0,sports ball,0.3315,840.20,388.22,1012.32,563.97,2.343,-0.758
2026-04-03T15:07:30.573Z,15.362,pi:0,sports ball,0.3278,1146.20,367.16,1278.53,551.44,2.234,8.523
2026-04-03T15:07:30.615Z,15.404,pi:0,sports ball,0.5178,1147.32,366.50,1276.97,551.15,2.230,8.516
2026-04-03T15:07:30.615Z,15.404,pi:0,sports ball,0.4991,840.45,387.19,1013.42,564.29,2.325,-0.736
2026-04-03T15:07:30.654Z,15.443,pi:0,sports ball,0.5401,1145.11,365.46,1278.53,552.69,2.199,8.505
2026-04-03T15:07:30.654Z,15.443,pi:0,sports ball,0.5140,841.13,387.08,1013.18,565.73,2.305,-0.729
2026-04-03T15:07:30.694Z,15.483,pi:0,sports ball,0.5029,840.47,387.20,1013.35,564.29,2.325,-0.737
2026-04-03T15:07:30.694Z,15.483,pi:0,sports ball,0.4693,1147.32,366.47,1277.53,550.11,2.242,8.525
2026-04-03T15:07:30.732Z,15.522,pi:0,sports ball,0.5140,1147.34,366.95,1278.02,550.03,2.249,8.533
2026-04-03T15:07:30.732Z,15.522,pi:0,sports ball,0.4731,841.16,386.19,1013.17,564.79,2.305,-0.729
2026-04-03T15:07:30.773Z,15.562,pi:0,sports ball,0.4582,842.10,387.11,1009.45,564.49,2.321,-0.774
2026-04-03T15:07:30.773Z,15.562,pi:0,sports ball,0.4544,1148.48,366.93,1278.08,551.04,2.236,8.552
2026-04-03T15:07:30.815Z,15.604,pi:0,sports ball,0.5476,1145.08,366.08,1279.08,549.98,2.239,8.514
2026-04-03T15:07:30.815Z,15.604,pi:0,sports ball,0.4619,841.51,386.09,1013.38,565.20,2.299,-0.720
2026-04-03T15:07:30.853Z,15.643,pi:0,sports ball,0.5178,840.44,388.20,1012.33,563.85,2.344,-0.754
2026-04-03T15:07:30.853Z,15.643,pi:0,sports ball,0.4917,1144.05,366.09,1278.47,550.00,2.239,8.487
2026-04-03T15:07:30.894Z,15.683,pi:0,sports ball,0.4433,841.17,387.18,1010.77,564.28,2.325,-0.768
2026-04-03T15:07:30.894Z,15.683,pi:0,sports ball,0.4209,1144.01,366.69,1280.71,551.01,2.234,8.523
2026-04-03T15:07:30.931Z,15.720,pi:0,sports ball,0.5848,841.21,387.18,1009.92,564.28,2.325,-0.781
2026-04-03T15:07:30.931Z,15.720,pi:0,sports ball,0.5438,1145.13,365.39,1278.55,551.81,2.208,8.506
2026-04-03T15:07:30.981Z,15.770,pi:0,sports ball,0.4880,840.91,387.20,1011.13,564.27,2.325,-0.766
2026-04-03T15:07:30.981Z,15.770,pi:0,sports ball,0.4097,1145.11,367.12,1280.10,551.92,2.228,8.530
2026-04-03T15:07:31.057Z,15.846,pi:0,sports ball,0.4395,841.56,387.18,1010.76,564.53,2.321,-0.762
2026-04-03T15:07:31.057Z,15.846,pi:0,sports ball,0.3688,1143.97,366.07,1278.48,551.89,2.216,8.486
2026-04-03T15:07:31.103Z,15.892,pi:0,sports ball,0.5401,840.66,387.20,1011.12,564.48,2.323,-0.770
2026-04-03T15:07:31.103Z,15.892,pi:0,sports ball,0.4805,1145.05,366.62,1278.45,551.01,2.233,8.503
2026-04-03T15:07:31.143Z,15.932,pi:0,sports ball,0.4768,841.72,387.04,1012.19,564.86,2.315,-0.736
2026-04-03T15:07:31.143Z,15.932,pi:0,sports ball,0.3315,1146.13,365.73,1278.59,551.73,2.214,8.522
2026-04-03T15:07:31.184Z,15.973,pi:0,sports ball,0.4917,841.73,388.06,1013.30,565.25,2.324,-0.717
2026-04-03T15:07:31.184Z,15.973,pi:0,sports ball,0.3390,1146.06,366.24,1279.12,552.59,2.209,8.530
2026-04-03T15:07:31.221Z,16.010,pi:0,sports ball,0.3688,839.76,387.18,1015.58,564.15,2.326,-0.712
2026-04-03T15:07:31.221Z,16.010,pi:0,sports ball,0.3315,1146.14,366.25,1279.18,552.62,2.209,8.532
2026-04-03T15:07:31.256Z,16.045,pi:0,sports ball,0.4991,840.21,388.20,1011.28,564.33,2.338,-0.775
2026-04-03T15:07:31.256Z,16.045,pi:0,sports ball,0.3799,1146.12,366.25,1279.11,552.68,2.208,8.531
2026-04-03T15:07:31.300Z,16.089,pi:0,sports ball,0.4395,839.76,388.20,1013.54,564.01,2.342,-0.746
2026-04-03T15:07:31.300Z,16.089,pi:0,sports ball,0.3166,1147.25,365.72,1278.47,552.73,2.202,8.538
2026-04-03T15:07:31.336Z,16.125,pi:0,sports ball,0.4880,840.41,388.17,1012.47,564.33,2.337,-0.753
2026-04-03T15:07:31.336Z,16.125,pi:0,sports ball,0.4246,1145.04,366.21,1280.25,551.22,2.225,8.532
2026-04-03T15:07:31.387Z,16.177,pi:0,sports ball,0.5215,840.25,387.21,1013.49,564.32,2.325,-0.738
2026-04-03T15:07:31.387Z,16.177,pi:0,sports ball,0.4842,1146.13,366.24,1279.13,555.57,2.175,8.531
2026-04-03T15:07:31.427Z,16.216,pi:0,sports ball,0.5252,840.22,387.18,1015.87,564.46,2.322,-0.700
2026-04-03T15:07:31.427Z,16.216,pi:0,sports ball,0.4507,1145.10,367.61,1278.44,554.05,2.208,8.504
2026-04-03T15:07:31.460Z,16.250,pi:0,sports ball,0.5923,841.40,386.21,1010.83,564.47,2.310,-0.763
2026-04-03T15:07:31.460Z,16.250,pi:0,sports ball,0.5029,1145.09,366.64,1277.28,552.25,2.218,8.485
2026-04-03T15:07:31.490Z,16.279,pi:0,sports ball,0.4805,841.22,388.05,1013.15,565.74,2.317,-0.728
2026-04-03T15:07:31.490Z,16.279,pi:0,sports ball,0.4060,1145.03,366.50,1276.79,551.99,2.220,8.476
2026-04-03T15:07:31.533Z,16.322,pi:0,sports ball,0.4693,841.60,386.21,1013.10,564.45,2.310,-0.723
2026-04-03T15:07:31.533Z,16.322,pi:0,sports ball,0.4023,1144.99,366.99,1276.80,550.98,2.238,8.476
2026-04-03T15:07:31.570Z,16.359,pi:0,sports ball,0.4842,840.26,388.19,1015.90,564.15,2.340,-0.699
2026-04-03T15:07:31.570Z,16.359,pi:0,sports ball,0.4731,1143.96,365.67,1277.69,551.06,2.221,8.473
2026-04-03T15:07:31.610Z,16.399,pi:0,sports ball,0.4507,1146.07,366.23,1277.25,551.09,2.227,8.500
2026-04-03T15:07:31.610Z,16.399,pi:0,sports ball,0.4060,839.99,388.16,1016.01,563.85,2.343,-0.702
2026-04-03T15:07:31.653Z,16.443,pi:0,sports ball,0.4321,840.45,388.19,1013.96,564.33,2.338,-0.728
2026-04-03T15:07:31.653Z,16.443,pi:0,sports ball,0.3725,1143.89,366.30,1278.38,551.25,2.226,8.483
2026-04-03T15:07:31.703Z,16.492,pi:0,sports ball,0.4954,841.96,386.13,1009.56,565.70,2.293,-0.775
2026-04-03T15:07:31.703Z,16.492,pi:0,sports ball,0.3762,1146.05,366.60,1278.46,551.93,2.221,8.519
2026-04-03T15:07:31.735Z,16.524,pi:0,sports ball,0.4135,1144.98,366.55,1278.50,551.11,2.231,8.503
2026-04-03T15:07:31.735Z,16.524,pi:0,sports ball,0.4060,839.98,387.19,1015.19,564.01,2.328,-0.715
2026-04-03T15:07:31.775Z,16.564,pi:0,sports ball,0.4246,842.28,387.04,1009.65,564.67,2.318,-0.768
2026-04-03T15:07:31.775Z,16.564,pi:0,sports ball,0.3427,1145.06,365.48,1279.54,551.32,2.215,8.521
2026-04-03T15:07:31.815Z,16.604,pi:0,sports ball,0.4507,844.33,386.88,1009.52,563.64,2.329,-0.737
2026-04-03T15:07:31.815Z,16.604,pi:0,sports ball,0.4395,1144.99,366.20,1279.06,550.96,2.228,8.512
2026-04-03T15:07:31.853Z,16.642,pi:0,sports ball,0.5140,841.79,386.12,1009.64,564.85,2.304,-0.776
2026-04-03T15:07:31.853Z,16.642,pi:0,sports ball,0.4321,1144.10,365.45,1280.72,552.88,2.197,8.524
2026-04-03T15:07:31.902Z,16.691,pi:0,sports ball,0.3539,843.71,385.91,1011.85,564.20,2.309,-0.709
2026-04-03T15:07:31.902Z,16.691,pi:0,sports ball,0.2980,1147.26,365.41,1277.73,551.20,2.216,8.527
2026-04-03T15:07:31.933Z,16.724,pi:0,sports ball,0.3948,841.23,386.19,1012.14,565.02,2.302,-0.744
2026-04-03T15:07:31.933Z,16.724,pi:0,sports ball,0.3017,1145.06,364.15,1275.78,553.02,2.180,8.461
2026-04-03T15:07:31.966Z,16.755,pi:0,sports ball,0.4842,840.25,388.19,1013.60,564.49,2.335,-0.737
2026-04-03T15:07:31.966Z,16.755,pi:0,sports ball,0.3837,1146.12,365.62,1275.44,552.90,2.198,8.472
2026-04-03T15:07:32.001Z,16.790,pi:0,sports ball,0.3278,842.63,386.10,1009.60,565.47,2.295,-0.763
2026-04-03T15:07:32.057Z,16.846,pi:0,sports ball,0.4917,843.43,385.94,1008.31,565.20,2.297,-0.771
2026-04-03T15:07:32.057Z,16.846,pi:0,sports ball,0.3911,1145.93,364.73,1280.75,553.85,2.177,8.554
2026-04-03T15:07:32.090Z,16.879,pi:0,sports ball,0.3539,844.06,385.90,1009.55,564.64,2.303,-0.741
2026-04-03T15:07:32.090Z,16.879,pi:0,sports ball,0.2645,1146.95,365.34,1282.51,554.85,2.172,8.598
2026-04-03T15:07:32.129Z,16.918,pi:0,sports ball,0.4395,1144.96,366.63,1287.13,552.78,2.212,8.640
2026-04-03T15:07:32.129Z,16.918,pi:0,sports ball,0.4358,840.25,388.21,1012.30,564.31,2.338,-0.758
2026-04-03T15:07:32.171Z,16.960,pi:0,sports ball,0.4321,841.73,387.07,1013.43,565.25,2.311,-0.715
2026-04-03T15:07:32.171Z,16.960,pi:0,sports ball,0.3650,1144.94,366.67,1292.45,551.17,2.231,8.725
2026-04-03T15:07:32.208Z,16.997,pi:0,sports ball,0.4917,1144.04,365.94,1299.63,551.04,2.224,8.825
2026-04-03T15:07:32.208Z,16.997,pi:0,sports ball,0.4842,840.21,387.19,1011.22,564.29,2.325,-0.776
2026-04-03T15:07:32.264Z,17.053,pi:0,sports ball,0.3948,1144.92,365.41,1302.03,552.19,2.204,8.877
2026-04-03T15:07:32.264Z,17.053,pi:0,sports ball,0.3725,841.21,387.17,1010.72,564.69,2.319,-0.768
2026-04-03T15:07:32.298Z,17.087,pi:0,sports ball,0.4544,1144.95,364.82,1309.78,553.15,2.186,9.001
2026-04-03T15:07:32.298Z,17.087,pi:0,sports ball,0.4358,840.48,388.18,1013.19,564.33,2.337,-0.740
2026-04-03T15:07:32.328Z,17.117,pi:0,sports ball,0.5476,1143.92,366.88,1321.51,553.72,2.204,9.172
2026-04-03T15:07:32.328Z,17.117,pi:0,sports ball,0.5029,841.18,386.19,1013.07,564.70,2.306,-0.730
2026-04-03T15:07:32.369Z,17.158,pi:0,sports ball,0.4842,839.99,387.18,1015.76,564.50,2.322,-0.706
2026-04-03T15:07:32.369Z,17.158,pi:0,sports ball,0.4544,1143.99,365.93,1320.56,553.81,2.191,9.158
2026-04-03T15:07:32.405Z,17.194,pi:0,sports ball,0.5215,1144.90,366.61,1320.81,552.79,2.211,9.176
2026-04-03T15:07:32.405Z,17.194,pi:0,sports ball,0.4731,840.79,387.18,1012.40,564.32,2.324,-0.748
2026-04-03T15:07:32.446Z,17.235,pi:0,sports ball,0.4395,1144.00,366.00,1321.93,553.01,2.202,9.180
2026-04-03T15:07:32.446Z,17.235,pi:0,sports ball,0.4246,841.44,386.19,1010.72,564.17,2.313,-0.764
2026-04-03T15:07:32.495Z,17.284,pi:0,sports ball,0.4731,1144.01,366.52,1328.78,552.09,2.219,9.289
2026-04-03T15:07:32.495Z,17.284,pi:0,sports ball,0.4172,841.48,387.17,1012.00,564.94,2.316,-0.743
2026-04-03T15:07:32.532Z,17.321,pi:0,sports ball,0.5438,1143.99,366.05,1315.70,553.08,2.201,9.080
2026-04-03T15:07:32.532Z,17.321,pi:0,sports ball,0.5215,840.24,388.20,1013.80,563.84,2.344,-0.734
2026-04-03T15:07:32.581Z,17.370,pi:0,sports ball,0.6034,1146.13,366.10,1317.41,551.92,2.216,9.142
2026-04-03T15:07:32.581Z,17.370,pi:0,sports ball,0.5438,840.93,388.20,1013.80,564.18,2.340,-0.722
2026-04-03T15:07:32.648Z,17.437,pi:0,sports ball,0.6817,1145.04,366.09,1318.16,552.76,2.206,9.136
2026-04-03T15:07:32.648Z,17.437,pi:0,sports ball,0.5327,840.26,388.20,1012.27,564.16,2.340,-0.758
2026-04-03T15:07:32.701Z,17.490,pi:0,sports ball,0.6481,1146.18,366.60,1318.50,552.79,2.211,9.160
2026-04-03T15:07:32.701Z,17.490,pi:0,sports ball,0.5587,840.22,387.18,1013.46,563.71,2.332,-0.740
2026-04-03T15:07:32.742Z,17.531,pi:0,sports ball,0.6146,1144.92,367.05,1319.29,552.68,2.218,9.152
2026-04-03T15:07:32.742Z,17.531,pi:0,sports ball,0.5401,840.21,387.20,1014.05,564.01,2.329,-0.730
2026-04-03T15:07:32.776Z,17.566,pi:0,sports ball,0.6779,1145.15,367.03,1317.50,553.57,2.207,9.127
2026-04-03T15:07:32.776Z,17.566,pi:0,sports ball,0.5960,841.20,388.19,1013.36,564.14,2.340,-0.725
2026-04-03T15:07:32.807Z,17.596,pi:0,sports ball,0.7152,1145.13,366.55,1317.86,553.58,2.201,9.133
2026-04-03T15:07:32.807Z,17.596,pi:0,sports ball,0.5364,840.72,387.16,1015.89,564.03,2.328,-0.692
2026-04-03T15:07:32.893Z,17.682,pi:0,sports ball,0.7673,1144.98,366.97,1320.63,551.83,2.227,9.174
2026-04-03T15:07:32.893Z,17.682,pi:0,sports ball,0.6221,841.49,386.19,1010.57,564.45,2.310,-0.766
2026-04-03T15:07:32.925Z,17.714,pi:0,sports ball,0.7301,1146.17,366.58,1318.05,552.85,2.210,9.152
2026-04-03T15:07:32.925Z,17.714,pi:0,sports ball,0.6072,842.12,387.09,1010.55,564.90,2.315,-0.756
2026-04-03T15:07:32.964Z,17.753,pi:0,sports ball,0.6332,1145.74,367.19,1320.27,552.86,2.217,9.181
2026-04-03T15:07:32.964Z,17.753,pi:0,sports ball,0.5476,842.10,387.08,1010.58,565.28,2.310,-0.756
2026-04-03T15:07:33.007Z,17.796,pi:0,sports ball,0.6146,1144.01,366.07,1317.69,553.05,2.202,9.112
2026-04-03T15:07:33.007Z,17.796,pi:0,sports ball,0.5289,841.96,387.06,1012.90,565.85,2.303,-0.720
2026-04-03T15:07:33.048Z,17.838,pi:0,sports ball,0.6556,1144.01,366.10,1317.67,552.95,2.203,9.112
2026-04-03T15:07:33.048Z,17.838,pi:0,sports ball,0.5140,840.04,387.16,1015.46,564.02,2.328,-0.710
2026-04-03T15:07:33.088Z,17.877,pi:0,sports ball,0.5848,1143.81,366.55,1319.19,554.58,2.190,9.133
2026-04-03T15:07:33.088Z,17.877,pi:0,sports ball,0.5327,842.29,387.11,1011.76,564.73,2.318,-0.734
2026-04-03T15:07:33.124Z,17.913,pi:0,sports ball,0.5997,1145.84,367.15,1319.32,553.70,2.207,9.167
2026-04-03T15:07:33.124Z,17.913,pi:0,sports ball,0.5066,840.50,388.18,1016.68,563.87,2.343,-0.682
2026-04-03T15:07:33.163Z,17.953,pi:0,sports ball,0.6481,1146.27,366.63,1317.17,553.64,2.202,9.140
2026-04-03T15:07:33.163Z,17.953,pi:0,sports ball,0.4507,843.98,385.94,1009.38,564.53,2.305,-0.745
2026-04-03T15:07:33.203Z,17.993,pi:0,sports ball,0.6034,1143.90,367.44,1319.60,552.72,2.222,9.141
2026-04-03T15:07:33.203Z,17.993,pi:0,sports ball,0.4246,840.49,388.15,1016.98,563.88,2.343,-0.678
2026-04-03T15:07:33.244Z,18.033,pi:0,sports ball,0.6519,1145.09,366.07,1317.91,552.99,2.203,9.133
2026-04-03T15:07:33.244Z,18.033,pi:0,sports ball,0.4507,840.25,388.17,1015.82,564.20,2.339,-0.701
2026-04-03T15:07:33.282Z,18.071,pi:0,sports ball,0.6705,1146.22,367.12,1317.86,553.61,2.208,9.150
2026-04-03T15:07:33.282Z,18.071,pi:0,sports ball,0.5252,840.79,387.17,1012.35,564.50,2.322,-0.748
2026-04-03T15:07:33.322Z,18.111,pi:0,sports ball,0.6854,1147.30,367.07,1318.35,553.64,2.207,9.175
2026-04-03T15:07:33.322Z,18.111,pi:0,sports ball,0.5029,840.02,387.17,1015.88,564.30,2.324,-0.703
2026-04-03T15:07:33.361Z,18.150,pi:0,sports ball,0.5513,1145.03,366.54,1322.22,552.90,2.209,9.200
2026-04-03T15:07:33.361Z,18.150,pi:0,sports ball,0.5289,840.04,388.17,1013.58,563.85,2.344,-0.740
2026-04-03T15:07:33.427Z,18.216,pi:0,sports ball,0.5066,1144.00,366.12,1319.86,553.00,2.203,9.147
2026-04-03T15:07:33.427Z,18.216,pi:0,sports ball,0.4768,841.30,386.20,1012.94,564.58,2.308,-0.730
2026-04-03T15:07:33.488Z,18.277,pi:0,sports ball,0.5178,1145.03,366.00,1319.38,553.78,2.193,9.155
2026-04-03T15:07:33.488Z,18.277,pi:0,sports ball,0.5103,840.99,387.17,1010.60,564.79,2.318,-0.773
2026-04-03T15:07:33.524Z,18.313,pi:0,sports ball,0.6444,840.91,387.18,1013.21,564.30,2.324,-0.732
2026-04-03T15:07:33.524Z,18.313,pi:0,sports ball,0.6183,1143.89,366.58,1326.73,552.85,2.210,9.254
2026-04-03T15:07:33.562Z,18.352,pi:0,sports ball,0.6668,1143.89,366.05,1320.40,552.80,2.205,9.153
2026-04-03T15:07:33.562Z,18.352,pi:0,sports ball,0.6444,840.83,388.18,1013.20,564.16,2.340,-0.734
2026-04-03T15:07:33.601Z,18.390,pi:0,sports ball,0.6928,1143.80,366.05,1321.78,553.70,2.194,9.174
2026-04-03T15:07:33.601Z,18.390,pi:0,sports ball,0.6258,840.50,388.20,1011.96,564.00,2.342,-0.759
2026-04-03T15:07:33.637Z,18.426,pi:0,sports ball,0.6817,1144.88,366.55,1321.78,552.86,2.210,9.191
2026-04-03T15:07:33.637Z,18.426,pi:0,sports ball,0.6407,841.79,387.17,1010.52,564.90,2.317,-0.762
2026-04-03T15:07:33.678Z,18.467,pi:0,sports ball,0.7040,1143.90,365.99,1320.19,552.91,2.203,9.150
2026-04-03T15:07:33.678Z,18.467,pi:0,sports ball,0.6705,841.35,388.06,1011.84,564.74,2.330,-0.748
2026-04-03T15:07:33.720Z,18.509,pi:0,sports ball,0.6072,1144.91,366.41,1318.68,552.86,2.208,9.142
2026-04-03T15:07:33.720Z,18.509,pi:0,sports ball,0.5997,840.93,388.20,1009.78,563.99,2.342,-0.788
2026-04-03T15:07:33.756Z,18.545,pi:0,sports ball,0.6742,1143.89,366.45,1315.44,552.80,2.209,9.075
2026-04-03T15:07:33.756Z,18.545,pi:0,sports ball,0.5587,841.35,387.17,1012.94,564.99,2.315,-0.730
2026-04-03T15:07:33.796Z,18.585,pi:0,sports ball,0.6072,1144.96,366.40,1311.18,551.03,2.230,9.024
2026-04-03T15:07:33.796Z,18.585,pi:0,sports ball,0.4991,841.92,386.14,1009.40,564.95,2.303,-0.778
2026-04-03T15:07:33.837Z,18.626,pi:0,sports ball,0.4991,841.20,387.16,1010.66,565.09,2.314,-0.769
2026-04-03T15:07:33.837Z,18.626,pi:0,sports ball,0.4693,1144.96,366.43,1309.10,551.18,2.228,8.991
2026-04-03T15:07:33.879Z,18.668,pi:0,sports ball,0.5401,841.43,387.10,1012.02,565.53,2.307,-0.743
2026-04-03T15:07:33.879Z,18.668,pi:0,sports ball,0.5029,1144.96,365.98,1306.24,552.08,2.212,8.945
2026-04-03T15:07:33.921Z,18.710,pi:0,sports ball,0.5066,843.64,385.02,1009.40,564.63,2.292,-0.750
2026-04-03T15:07:33.921Z,18.710,pi:0,sports ball,0.4135,1144.97,365.41,1305.38,553.15,2.193,8.931
2026-04-03T15:07:33.959Z,18.748,pi:0,sports ball,0.5438,840.91,387.19,1011.96,563.82,2.331,-0.753
2026-04-03T15:07:33.959Z,18.748,pi:0,sports ball,0.4135,1143.91,366.43,1305.30,552.08,2.218,8.913
2026-04-03T15:07:33.999Z,18.788,pi:0,sports ball,0.4470,842.57,386.13,1009.51,565.02,2.301,-0.766
2026-04-03T15:07:33.999Z,18.788,pi:0,sports ball,0.3948,1143.98,365.94,1305.37,552.85,2.203,8.916
2026-04-03T15:07:34.124Z,18.913,pi:0,sports ball,0.4768,839.99,388.20,1013.54,563.34,2.351,-0.742
2026-04-03T15:07:34.124Z,18.913,pi:0,sports ball,0.4209,1145.04,364.83,1305.31,552.01,2.200,8.932
2026-04-03T15:07:34.177Z,18.967,pi:0,sports ball,0.4693,841.23,387.16,1010.66,564.88,2.317,-0.769
2026-04-03T15:07:34.177Z,18.967,pi:0,sports ball,0.3501,1144.88,366.46,1305.36,551.29,2.228,8.930
2026-04-03T15:07:34.217Z,19.006,pi:0,sports ball,0.4917,842.02,387.15,1011.85,565.23,2.312,-0.736
2026-04-03T15:07:34.217Z,19.006,pi:0,sports ball,0.3948,1145.06,365.31,1304.17,551.07,2.216,8.913
2026-04-03T15:07:34.257Z,19.046,pi:0,sports ball,0.4507,841.36,386.17,1010.81,565.10,2.301,-0.764
2026-04-03T15:07:34.257Z,19.046,pi:0,sports ball,0.3278,1144.94,366.46,1302.24,551.11,2.230,8.881
2026-04-03T15:07:34.291Z,19.080,pi:0,sports ball,0.4656,841.42,387.15,1010.70,565.23,2.312,-0.765
2026-04-03T15:07:34.291Z,19.080,pi:0,sports ball,0.4135,1143.91,364.76,1303.08,551.93,2.200,8.878
2026-04-03T15:07:34.331Z,19.120,pi:0,sports ball,0.4731,840.22,387.19,1015.70,564.39,2.323,-0.703
2026-04-03T15:07:34.331Z,19.120,pi:0,sports ball,0.2831,1144.86,366.48,1298.93,551.17,2.229,8.827
2026-04-03T15:07:34.369Z,19.159,pi:0,sports ball,0.4880,842.37,386.13,1008.22,564.50,2.308,-0.790
2026-04-03T15:07:34.369Z,19.159,pi:0,sports ball,0.3203,1145.02,365.37,1300.97,550.06,2.229,8.862
2026-04-03T15:07:34.410Z,19.199,pi:0,sports ball,0.4656,841.53,387.17,1011.75,564.80,2.318,-0.746
2026-04-03T15:07:34.410Z,19.199,pi:0,sports ball,0.3017,1144.93,366.45,1298.82,550.22,2.240,8.826
2026-04-03T15:07:34.450Z,19.239,pi:0,sports ball,0.3948,1144.94,366.47,1299.90,551.03,2.231,8.844
2026-04-03T15:07:34.450Z,19.239,pi:0,sports ball,0.3948,843.97,385.93,1009.54,564.15,2.310,-0.742
2026-04-03T15:07:34.494Z,19.283,pi:0,sports ball,0.5029,1145.08,365.36,1300.91,551.85,2.208,8.862
2026-04-03T15:07:34.494Z,19.283,pi:0,sports ball,0.4917,840.88,387.20,1015.71,564.40,2.323,-0.692
2026-04-03T15:07:34.533Z,19.322,pi:0,sports ball,0.4284,842.46,386.12,1009.44,564.83,2.304,-0.769
2026-04-03T15:07:34.533Z,19.322,pi:0,sports ball,0.3203,1145.05,365.89,1300.91,550.10,2.235,8.861
2026-04-03T15:07:34.579Z,19.368,pi:0,sports ball,0.5364,840.97,387.18,1012.33,564.50,2.322,-0.746
2026-04-03T15:07:34.579Z,19.368,pi:0,sports ball,0.3725,1145.09,365.91,1300.89,551.87,2.214,8.862
2026-04-03T15:07:34.626Z,19.415,pi:0,sports ball,0.4842,843.83,385.98,1010.64,565.10,2.299,-0.727
2026-04-03T15:07:34.626Z,19.415,pi:0,sports ball,0.2682,1144.86,366.49,1299.93,551.26,2.228,8.843
2026-04-03T15:07:34.657Z,19.446,pi:0,sports ball,0.4731,842.02,387.16,1011.91,565.13,2.313,-0.736
2026-04-03T15:07:34.657Z,19.446,pi:0,sports ball,0.3278,1144.00,365.90,1302.02,551.00,2.224,8.862
2026-04-03T15:07:34.691Z,19.480,pi:0,sports ball,0.4358,840.83,388.20,1013.27,564.14,2.340,-0.733
2026-04-03T15:07:34.691Z,19.480,pi:0,sports ball,0.2756,1145.96,366.46,1301.02,551.18,2.229,8.878
2026-04-03T15:07:34.783Z,19.572,pi:0,sports ball,0.4768,844.07,386.92,1009.43,564.30,2.321,-0.742
2026-04-03T15:07:34.783Z,19.572,pi:0,sports ball,0.2868,1144.90,366.46,1303.34,551.21,2.229,8.898
2026-04-03T15:07:34.817Z,19.606,pi:0,sports ball,0.4246,841.69,386.18,1011.98,564.28,2.312,-0.740
2026-04-03T15:07:34.817Z,19.606,pi:0,sports ball,0.2794,1144.87,366.48,1304.40,552.22,2.217,8.914
2026-04-03T15:07:34.860Z,19.649,pi:0,sports ball,0.4544,840.20,387.20,1014.63,563.98,2.329,-0.721
2026-04-03T15:07:34.860Z,19.649,pi:0,sports ball,0.2905,1145.02,365.90,1305.31,551.09,2.223,8.931
2026-04-03T15:07:34.896Z,19.685,pi:0,sports ball,0.4619,840.48,388.18,1015.75,564.33,2.337,-0.698
2026-04-03T15:07:34.896Z,19.685,pi:0,sports ball,0.2645,1144.97,366.48,1304.37,551.21,2.229,8.915
2026-04-03T15:07:34.933Z,19.722,pi:0,sports ball,0.4246,841.34,386.17,1013.44,564.69,2.306,-0.722
2026-04-03T15:07:34.933Z,19.722,pi:0,sports ball,0.2533,1143.88,366.48,1304.45,551.16,2.229,8.899
2026-04-03T15:07:34.991Z,19.780,pi:0,sports ball,0.4246,841.22,386.17,1012.03,564.15,2.313,-0.747
2026-04-03T15:07:34.991Z,19.780,pi:0,sports ball,0.3278,1143.85,364.83,1304.59,552.25,2.197,8.901
2026-04-03T15:07:35.030Z,19.819,pi:0,sports ball,0.4805,840.91,388.19,1014.43,564.44,2.336,-0.712
2026-04-03T15:07:35.030Z,19.819,pi:0,sports ball,0.2980,1144.77,366.18,1304.44,553.00,2.204,8.913
2026-04-03T15:07:35.056Z,19.845,pi:0,sports ball,0.4023,840.19,388.20,1013.49,563.98,2.342,-0.740
2026-04-03T15:07:35.056Z,19.845,pi:0,sports ball,0.2607,1146.06,366.46,1303.46,551.23,2.228,8.918
2026-04-03T15:07:35.086Z,19.875,pi:0,sports ball,0.4842,841.76,387.11,1009.45,564.94,2.315,-0.780
2026-04-03T15:07:35.086Z,19.875,pi:0,sports ball,0.3725,1143.84,366.59,1304.41,552.92,2.210,8.898
2026-04-03T15:07:35.174Z,19.963,pi:0,sports ball,0.4544,841.04,387.17,1010.69,564.71,2.319,-0.771
2026-04-03T15:07:35.174Z,19.963,pi:0,sports ball,0.4172,1146.15,364.83,1304.31,552.23,2.197,8.933
2026-04-03T15:07:35.212Z,20.001,pi:0,sports ball,0.3725,840.86,387.20,1014.04,564.35,2.324,-0.720
2026-04-03T15:07:35.212Z,20.001,pi:0,sports ball,0.2543,1142.16,367.98,1304.96,478.96,3.710,8.880
2026-04-03T15:07:35.250Z,20.039,pi:0,sports ball,0.4135,842.05,388.22,1007.43,563.97,2.343,-0.808
2026-04-03T15:07:35.289Z,20.079,pi:0,sports ball,0.4954,841.74,388.21,1006.29,564.11,2.341,-0.832
2026-04-03T15:07:35.330Z,20.119,pi:0,sports ball,0.3986,842.62,389.17,969.12,566.30,2.324,-1.424
2026-04-03T15:07:39.179Z,23.968,pi:0,sports ball,0.3553,844.64,389.32,953.07,562.98,2.371,-1.653
2026-04-03T15:07:39.218Z,24.007,pi:0,sports ball,0.4656,841.02,388.22,979.38,564.90,2.330,-1.283
2026-04-03T15:07:39.257Z,24.046,pi:0,sports ball,0.4172,842.64,388.27,1007.29,563.18,2.354,-0.801
2026-04-03T15:07:39.295Z,24.084,pi:0,sports ball,0.3501,841.44,387.16,1011.94,565.28,2.312,-0.744
2026-04-03T15:07:39.333Z,24.122,pi:0,sports ball,0.2831,843.38,386.91,1012.03,564.88,2.313,-0.711
2026-04-03T15:07:39.333Z,24.122,pi:0,sports ball,0.2533,1146.05,364.90,1285.30,551.13,2.211,8.628
2026-04-03T15:07:39.371Z,24.161,pi:0,sports ball,0.4097,841.66,386.19,1010.83,564.76,2.306,-0.759
2026-04-03T15:07:39.371Z,24.161,pi:0,sports ball,0.3539,1143.88,366.22,1287.07,552.00,2.216,8.622
2026-04-03T15:07:39.414Z,24.203,pi:0,sports ball,0.4991,841.73,387.19,1010.72,564.30,2.325,-0.760
2026-04-03T15:07:39.414Z,24.203,pi:0,sports ball,0.3576,1145.06,364.95,1288.50,552.31,2.197,8.664
2026-04-03T15:07:39.457Z,24.246,pi:0,sports ball,0.5178,840.24,387.20,1010.17,564.16,2.327,-0.793
2026-04-03T15:07:39.457Z,24.246,pi:0,sports ball,0.3054,1144.98,364.35,1288.35,553.29,2.179,8.660
2026-04-03T15:07:39.499Z,24.288,pi:0,sports ball,0.4284,841.08,386.19,1012.09,564.14,2.314,-0.748
2026-04-03T15:07:39.499Z,24.288,pi:0,sports ball,0.3725,1143.96,366.54,1291.66,552.82,2.210,8.696
2026-04-03T15:07:39.541Z,24.330,pi:0,sports ball,0.4507,841.72,387.19,1010.65,564.30,2.325,-0.761
2026-04-03T15:07:39.541Z,24.330,pi:0,sports ball,0.4433,1145.04,365.46,1293.79,553.17,2.193,8.748
2026-04-03T15:07:39.576Z,24.365,pi:0,sports ball,0.5923,1144.97,367.52,1292.65,553.76,2.211,8.728
2026-04-03T15:07:39.576Z,24.365,pi:0,sports ball,0.4805,842.23,386.16,1010.63,564.39,2.310,-0.753
2026-04-03T15:07:39.613Z,24.402,pi:0,sports ball,0.5736,1144.00,365.46,1298.37,552.14,2.205,8.804
2026-04-03T15:07:39.613Z,24.402,pi:0,sports ball,0.4917,841.93,386.14,1010.50,564.99,2.302,-0.760
2026-04-03T15:07:39.652Z,24.441,pi:0,sports ball,0.5066,1143.91,365.41,1304.93,552.99,2.195,8.907
2026-04-03T15:07:39.652Z,24.441,pi:0,sports ball,0.4544,842.42,386.12,1007.10,564.60,2.307,-0.807
2026-04-03T15:07:39.695Z,24.484,pi:0,sports ball,0.7375,1144.01,367.84,1319.24,551.74,2.239,9.137
2026-04-03T15:07:39.695Z,24.484,pi:0,sports ball,0.6630,840.94,387.17,1014.29,563.99,2.328,-0.714
2026-04-03T15:07:39.730Z,24.519,pi:0,sports ball,0.6444,1147.06,367.57,1319.16,552.69,2.224,9.184
2026-04-03T15:07:39.730Z,24.519,pi:0,sports ball,0.6034,840.94,388.20,1014.19,564.41,2.337,-0.716
2026-04-03T15:07:39.768Z,24.557,pi:0,sports ball,0.6332,841.69,388.20,1013.02,564.57,2.334,-0.723
2026-04-03T15:07:39.768Z,24.557,pi:0,sports ball,0.5438,1146.13,366.06,1316.83,553.76,2.193,9.132
2026-04-03T15:07:39.808Z,24.597,pi:0,sports ball,0.5401,1143.93,366.62,1321.04,553.80,2.199,9.164
2026-04-03T15:07:39.808Z,24.597,pi:0,sports ball,0.5327,841.79,386.18,1011.72,564.77,2.305,-0.742
2026-04-03T15:07:39.849Z,24.638,pi:0,sports ball,0.6146,1145.05,365.52,1318.68,554.53,2.178,9.145
2026-04-03T15:07:39.849Z,24.638,pi:0,sports ball,0.5736,842.16,387.11,1009.31,564.89,2.316,-0.776
2026-04-03T15:07:39.887Z,24.676,pi:0,sports ball,0.6928,1144.91,366.62,1321.21,551.98,2.221,9.183
2026-04-03T15:07:39.887Z,24.676,pi:0,sports ball,0.6481,841.38,387.18,1014.11,564.14,2.327,-0.710
2026-04-03T15:07:39.930Z,24.719,pi:0,sports ball,0.5625,1147.04,367.07,1323.24,552.75,2.217,9.249
2026-04-03T15:07:39.930Z,24.719,pi:0,sports ball,0.5513,842.11,387.10,1010.50,565.14,2.312,-0.757
2026-04-03T15:07:39.966Z,24.755,pi:0,sports ball,0.6109,1145.03,366.99,1321.19,552.90,2.215,9.184
2026-04-03T15:07:39.966Z,24.755,pi:0,sports ball,0.5029,841.11,386.19,1011.65,564.77,2.306,-0.755
2026-04-03T15:07:40.011Z,24.800,pi:0,sports ball,0.4880,1145.00,366.57,1320.56,552.93,2.209,9.174
2026-04-03T15:07:40.011Z,24.800,pi:0,sports ball,0.4507,841.96,387.09,1010.59,564.82,2.317,-0.758
2026-04-03T15:07:40.052Z,24.841,pi:0,sports ball,0.6407,1143.97,367.37,1321.07,551.80,2.232,9.165
2026-04-03T15:07:40.052Z,24.841,pi:0,sports ball,0.6370,841.90,388.10,1012.93,565.60,2.319,-0.721
2026-04-03T15:07:40.087Z,24.876,pi:0,sports ball,0.5662,1145.04,366.56,1315.44,552.90,2.209,9.093
2026-04-03T15:07:40.087Z,24.876,pi:0,sports ball,0.5513,841.44,387.09,1015.22,564.80,2.317,-0.691
2026-04-03T15:07:40.125Z,24.914,pi:0,sports ball,0.6183,1143.88,366.98,1313.61,551.97,2.226,9.045
2026-04-03T15:07:40.125Z,24.914,pi:0,sports ball,0.5364,840.49,388.19,1014.44,564.00,2.342,-0.719
2026-04-03T15:07:40.169Z,24.958,pi:0,sports ball,0.5848,1144.96,367.00,1318.98,552.05,2.225,9.148
2026-04-03T15:07:40.169Z,24.958,pi:0,sports ball,0.4842,842.10,387.10,1012.99,565.05,2.314,-0.717
2026-04-03T15:07:40.205Z,24.994,pi:0,sports ball,0.4619,1143.93,365.59,1319.97,553.20,2.195,9.147
2026-04-03T15:07:40.205Z,24.994,pi:0,sports ball,0.4172,840.96,386.19,1013.25,564.73,2.306,-0.731
2026-04-03T15:07:40.250Z,25.039,pi:0,sports ball,0.5289,840.89,387.17,1015.95,564.17,2.326,-0.688
2026-04-03T15:07:40.250Z,25.039,pi:0,sports ball,0.4395,1144.97,366.00,1310.49,552.13,2.212,9.013
2026-04-03T15:07:40.291Z,25.080,pi:0,sports ball,0.5401,840.69,388.20,1014.76,564.04,2.342,-0.711
2026-04-03T15:07:40.291Z,25.080,pi:0,sports ball,0.3166,1146.14,365.52,1314.97,552.29,2.204,9.103
2026-04-03T15:07:40.331Z,25.120,pi:0,sports ball,0.4246,841.15,387.16,1013.63,565.00,2.315,-0.721
2026-04-03T15:07:40.331Z,25.120,pi:0,sports ball,0.3725,1145.01,366.58,1314.53,549.34,2.253,9.078
2026-04-03T15:07:40.381Z,25.170,pi:0,sports ball,0.4731,843.86,385.98,1010.64,564.73,2.303,-0.726
2026-04-03T15:07:40.381Z,25.170,pi:0,sports ball,0.4470,1145.00,366.51,1320.20,550.50,2.238,9.168
2026-04-03T15:07:40.417Z,25.206,pi:0,sports ball,0.4768,841.39,386.18,1011.92,564.85,2.304,-0.745
2026-04-03T15:07:40.417Z,25.206,pi:0,sports ball,0.2682,1145.15,365.58,1317.54,553.23,2.194,9.128
2026-04-03T15:07:40.453Z,25.242,pi:0,sports ball,0.4693,841.52,387.18,1010.71,565.25,2.312,-0.763
2026-04-03T15:07:40.453Z,25.242,pi:0,sports ball,0.4544,1143.93,366.01,1317.36,551.06,2.225,9.106
2026-04-03T15:07:40.493Z,25.282,pi:0,sports ball,0.5178,1145.07,366.46,1314.42,551.26,2.228,9.077
2026-04-03T15:07:40.493Z,25.282,pi:0,sports ball,0.5178,842.36,386.13,1008.24,564.64,2.306,-0.790
2026-04-03T15:07:40.536Z,25.326,pi:0,sports ball,0.4731,840.70,387.20,1012.26,563.98,2.329,-0.751
2026-04-03T15:07:40.536Z,25.326,pi:0,sports ball,0.3390,1144.93,366.50,1309.78,549.14,2.254,9.001
2026-04-03T15:07:40.578Z,25.367,pi:0,sports ball,0.6407,1145.05,366.93,1309.12,549.30,2.258,8.992
2026-04-03T15:07:40.578Z,25.367,pi:0,sports ball,0.5811,840.24,387.18,1013.32,564.14,2.327,-0.742
2026-04-03T15:07:40.619Z,25.408,pi:0,sports ball,0.7226,1142.95,366.90,1304.99,551.09,2.235,8.893
2026-04-03T15:07:40.619Z,25.408,pi:0,sports ball,0.5662,840.26,387.20,1013.18,564.29,2.325,-0.744
2026-04-03T15:07:40.657Z,25.446,pi:0,sports ball,0.6146,1144.00,366.06,1295.10,552.73,2.206,8.752
2026-04-03T15:07:40.657Z,25.446,pi:0,sports ball,0.5513,841.45,386.18,1012.96,565.09,2.301,-0.728
2026-04-03T15:07:40.708Z,25.497,pi:0,sports ball,0.5699,1145.00,366.04,1289.49,552.82,2.204,8.678
2026-04-03T15:07:40.708Z,25.497,pi:0,sports ball,0.5327,842.13,387.09,1009.42,565.91,2.302,-0.774
2026-04-03T15:07:40.792Z,25.582,pi:0,sports ball,0.6742,1144.99,366.02,1285.38,552.05,2.213,8.613
2026-04-03T15:07:40.792Z,25.582,pi:0,sports ball,0.6295,840.24,387.21,1014.31,564.47,2.323,-0.725
2026-04-03T15:07:40.848Z,25.637,pi:0,sports ball,0.4544,841.39,387.13,1011.82,564.31,2.324,-0.747
2026-04-03T15:07:40.848Z,25.637,pi:0,sports ball,0.3911,1146.11,366.22,1276.94,553.98,2.193,8.496
2026-04-03T15:07:40.886Z,25.676,pi:0,sports ball,0.7003,1145.09,365.97,1273.08,552.09,2.212,8.418
2026-04-03T15:07:40.886Z,25.676,pi:0,sports ball,0.6295,841.15,387.09,1011.96,564.96,2.315,-0.749
2026-04-03T15:07:40.926Z,25.715,pi:0,sports ball,0.5699,841.60,388.09,1014.33,565.77,2.317,-0.703
2026-04-03T15:07:40.926Z,25.715,pi:0,sports ball,0.4805,1146.23,366.87,1273.04,551.28,2.233,8.435
2026-04-03T15:07:40.967Z,25.756,pi:0,sports ball,0.5550,840.86,388.20,1008.47,564.46,2.336,-0.810
2026-04-03T15:07:40.967Z,25.756,pi:0,sports ball,0.4768,1147.35,366.44,1272.45,552.18,2.217,8.444
2026-04-03T15:07:41.004Z,25.793,pi:0,sports ball,0.5029,840.86,388.20,1007.27,564.17,2.340,-0.830
2026-04-03T15:07:41.004Z,25.793,pi:0,sports ball,0.3986,1144.04,366.02,1272.16,551.11,2.224,8.386
2026-04-03T15:07:41.047Z,25.836,pi:0,sports ball,0.5364,840.03,388.20,1010.90,564.11,2.340,-0.784
2026-04-03T15:07:41.047Z,25.836,pi:0,sports ball,0.4954,1144.11,365.38,1272.75,551.99,2.206,8.397
2026-04-03T15:07:41.092Z,25.881,pi:0,sports ball,0.5513,843.43,385.98,1010.64,564.54,2.306,-0.733
2026-04-03T15:07:41.092Z,25.881,pi:0,sports ball,0.5252,1146.19,366.13,1272.81,550.35,2.235,8.431
2026-04-03T15:07:41.138Z,25.927,pi:0,sports ball,0.5625,840.46,388.20,1012.15,564.49,2.336,-0.757
2026-04-03T15:07:41.138Z,25.927,pi:0,sports ball,0.4768,1144.07,366.15,1272.41,551.08,2.226,8.391
2026-04-03T15:07:41.189Z,25.978,pi:0,sports ball,0.5885,841.73,387.07,1013.13,565.78,2.304,-0.720
2026-04-03T15:07:41.189Z,25.978,pi:0,sports ball,0.3427,1146.19,366.13,1271.59,548.70,2.255,8.412
2026-04-03T15:07:41.239Z,26.028,pi:0,sports ball,0.7375,841.45,387.20,1013.17,564.26,2.325,-0.724
2026-04-03T15:07:41.239Z,26.028,pi:0,sports ball,0.6332,1145.04,364.97,1271.45,550.29,2.222,8.391
2026-04-03T15:07:41.282Z,26.071,pi:0,sports ball,0.5960,841.72,388.20,1010.91,564.44,2.336,-0.757
2026-04-03T15:07:41.282Z,26.071,pi:0,sports ball,0.4395,1145.02,365.53,1271.18,549.57,2.237,8.386
2026-04-03T15:07:41.322Z,26.111,pi:0,sports ball,0.6779,841.92,386.08,1011.97,565.61,2.293,-0.736
2026-04-03T15:07:41.322Z,26.111,pi:0,sports ball,0.5066,1145.08,365.51,1270.88,549.48,2.238,8.383
2026-04-03T15:07:41.359Z,26.148,pi:0,sports ball,0.5662,842.08,386.13,1012.03,564.97,2.302,-0.733
2026-04-03T15:07:41.359Z,26.148,pi:0,sports ball,0.3986,1145.13,366.25,1271.44,550.87,2.230,8.392
2026-04-03T15:07:41.402Z,26.192,pi:0,sports ball,0.5923,841.92,387.09,1012.03,564.86,2.316,-0.735
2026-04-03T15:07:41.402Z,26.192,pi:0,sports ball,0.4284,1146.16,366.01,1271.91,551.25,2.223,8.416
2026-04-03T15:07:41.439Z,26.228,pi:0,sports ball,0.7003,841.93,386.11,1011.87,565.06,2.301,-0.738
2026-04-03T15:07:41.439Z,26.228,pi:0,sports ball,0.5252,1147.19,366.73,1271.95,554.75,2.190,8.433
2026-04-03T15:07:41.482Z,26.271,pi:0,sports ball,0.6221,840.69,388.22,1010.83,564.12,2.341,-0.775
2026-04-03T15:07:41.482Z,26.271,pi:0,sports ball,0.4805,1145.15,365.37,1274.76,552.20,2.204,8.446
2026-04-03T15:07:41.523Z,26.312,pi:0,sports ball,0.6705,840.94,387.20,1013.13,563.82,2.331,-0.733
2026-04-03T15:07:41.523Z,26.312,pi:0,sports ball,0.6183,1145.11,365.91,1274.53,551.12,2.223,8.441
2026-04-03T15:07:41.565Z,26.354,pi:0,sports ball,0.5029,840.93,387.19,1011.13,563.95,2.329,-0.766
2026-04-03T15:07:41.565Z,26.354,pi:0,sports ball,0.4619,1146.10,366.69,1274.67,553.22,2.207,8.459
2026-04-03T15:07:41.605Z,26.394,pi:0,sports ball,0.5401,840.74,387.17,1013.32,564.29,2.324,-0.733
2026-04-03T15:07:41.605Z,26.394,pi:0,sports ball,0.3650,1145.04,365.49,1275.66,549.71,2.235,8.458
2026-04-03T15:07:41.645Z,26.434,pi:0,sports ball,0.5848,841.45,387.06,1013.23,564.75,2.317,-0.723
2026-04-03T15:07:41.645Z,26.434,pi:0,sports ball,0.5178,1145.05,366.13,1275.50,550.57,2.232,8.456
2026-04-03T15:07:41.688Z,26.477,pi:0,sports ball,0.6221,841.06,388.20,1014.14,564.14,2.340,-0.715
2026-04-03T15:07:41.688Z,26.477,pi:0,sports ball,0.5476,1145.09,366.03,1275.27,551.17,2.224,8.453
2026-04-03T15:07:41.719Z,26.508,pi:0,sports ball,0.5960,1146.16,365.53,1274.76,550.37,2.227,8.462
2026-04-03T15:07:41.719Z,26.508,pi:0,sports ball,0.5774,842.37,387.11,1009.41,564.89,2.316,-0.771
2026-04-03T15:07:41.809Z,26.598,pi:0,sports ball,0.6407,841.44,387.05,1010.84,564.73,2.317,-0.762
2026-04-03T15:07:41.809Z,26.598,pi:0,sports ball,0.5438,1145.09,366.04,1274.58,550.70,2.230,8.442
2026-04-03T15:07:41.858Z,26.647,pi:0,sports ball,0.5662,841.46,387.15,1009.45,565.02,2.315,-0.785
2026-04-03T15:07:41.858Z,26.647,pi:0,sports ball,0.5625,1145.07,366.48,1274.35,552.18,2.217,8.438
2026-04-03T15:07:41.969Z,26.758,pi:0,sports ball,0.6891,841.15,387.19,1009.72,564.62,2.320,-0.785
2026-04-03T15:07:41.969Z,26.758,pi:0,sports ball,0.4321,1145.11,366.02,1274.06,549.82,2.240,8.434
2026-04-03T15:07:42.004Z,26.793,pi:0,sports ball,0.6183,1145.10,365.48,1273.89,549.53,2.237,8.431
2026-04-03T15:07:42.004Z,26.793,pi:0,sports ball,0.6072,840.52,388.20,1010.89,564.30,2.338,-0.777
2026-04-03T15:07:42.032Z,26.821,pi:0,sports ball,0.6444,840.69,387.20,1013.10,563.82,2.331,-0.738
2026-04-03T15:07:42.032Z,26.821,pi:0,sports ball,0.5103,1146.14,367.00,1273.89,550.85,2.239,8.448
2026-04-03T15:07:42.062Z,26.851,pi:0,sports ball,0.6146,840.95,387.18,1012.08,564.13,2.327,-0.750
2026-04-03T15:07:42.062Z,26.851,pi:0,sports ball,0.5103,1145.06,366.05,1274.16,550.68,2.230,8.435
2026-04-03T15:07:42.085Z,26.874,pi:0,sports ball,0.6295,840.73,387.18,1011.01,564.28,2.325,-0.771
2026-04-03T15:07:42.085Z,26.874,pi:0,sports ball,0.5066,1143.99,366.01,1274.55,549.91,2.239,8.424
2026-04-03T15:07:42.112Z,26.901,pi:0,sports ball,0.6146,840.69,387.17,1009.72,563.95,2.329,-0.793
2026-04-03T15:07:42.112Z,26.901,pi:0,sports ball,0.6034,1145.02,367.12,1273.62,553.97,2.204,8.425
2026-04-03T15:07:42.135Z,26.924,pi:0,sports ball,0.5327,841.22,388.20,1010.99,564.43,2.336,-0.764
2026-04-03T15:07:42.135Z,26.924,pi:0,sports ball,0.4768,1145.13,365.92,1275.16,552.30,2.209,8.452
2026-04-03T15:07:42.164Z,26.953,pi:0,sports ball,0.5960,840.95,386.09,1012.09,564.38,2.309,-0.750
2026-04-03T15:07:42.164Z,26.953,pi:0,sports ball,0.5289,1145.09,366.50,1275.11,549.34,2.252,8.450
2026-04-03T15:07:42.198Z,26.987,pi:0,sports ball,0.6109,840.97,387.19,1010.90,564.46,2.323,-0.769
2026-04-03T15:07:42.198Z,26.987,pi:0,sports ball,0.5178,1145.08,366.52,1274.85,550.37,2.239,8.446
2026-04-03T15:07:42.260Z,27.049,pi:0,sports ball,0.6668,841.60,388.08,1012.02,564.95,2.328,-0.740
2026-04-03T15:07:42.260Z,27.049,pi:0,sports ball,0.5625,1146.16,366.53,1275.10,549.33,2.252,8.467
2026-04-03T15:07:42.322Z,27.112,pi:0,sports ball,0.4917,841.42,387.08,1013.23,565.29,2.310,-0.724
2026-04-03T15:07:42.322Z,27.112,pi:0,sports ball,0.4135,1145.07,366.04,1274.95,547.59,2.268,8.448
2026-04-03T15:07:42.368Z,27.157,pi:0,sports ball,0.6072,841.05,386.10,1012.00,565.14,2.300,-0.750
2026-04-03T15:07:42.368Z,27.157,pi:0,sports ball,0.5774,1145.13,365.91,1275.25,550.04,2.236,8.453
2026-04-03T15:07:42.410Z,27.199,pi:0,sports ball,0.5178,841.03,388.22,1009.71,564.14,2.340,-0.788
2026-04-03T15:07:42.410Z,27.199,pi:0,sports ball,0.4470,1146.13,366.68,1275.32,552.23,2.219,8.470
2026-04-03T15:07:42.475Z,27.264,pi:0,sports ball,0.5960,840.49,388.22,1010.92,563.96,2.343,-0.777
2026-04-03T15:07:42.475Z,27.264,pi:0,sports ball,0.4954,1146.12,366.25,1275.59,552.20,2.214,8.474
2026-04-03T15:07:42.545Z,27.334,pi:0,sports ball,0.6481,841.70,387.18,1013.13,564.41,2.323,-0.721
2026-04-03T15:07:42.545Z,27.334,pi:0,sports ball,0.5215,1146.12,366.04,1275.73,550.28,2.235,8.477
2026-04-03T15:07:42.595Z,27.385,pi:0,sports ball,0.4991,1145.06,366.06,1276.65,551.19,2.224,8.474
2026-04-03T15:07:42.595Z,27.385,pi:0,sports ball,0.4768,840.67,388.21,1009.93,564.55,2.335,-0.790
2026-04-03T15:07:42.629Z,27.418,pi:0,sports ball,0.5140,1145.05,366.06,1276.64,551.13,2.225,8.474
2026-04-03T15:07:42.629Z,27.418,pi:0,sports ball,0.5066,840.29,387.20,1012.15,564.29,2.325,-0.760
2026-04-03T15:07:42.658Z,27.447,pi:0,sports ball,0.5662,841.75,387.09,1013.13,565.36,2.310,-0.720
2026-04-03T15:07:42.658Z,27.447,pi:0,sports ball,0.3986,1145.03,366.57,1276.51,549.26,2.254,8.472
2026-04-03T15:07:42.699Z,27.488,pi:0,sports ball,0.5289,1146.09,366.56,1275.84,550.12,2.243,8.478
2026-04-03T15:07:42.699Z,27.488,pi:0,sports ball,0.4768,840.91,387.17,1012.06,564.54,2.321,-0.751
2026-04-03T15:07:42.739Z,27.529,pi:0,sports ball,0.5662,840.69,388.19,1010.98,564.39,2.337,-0.772
2026-04-03T15:07:42.739Z,27.529,pi:0,sports ball,0.5066,1145.02,366.03,1276.18,551.07,2.225,8.466
2026-04-03T15:07:42.799Z,27.588,pi:0,sports ball,0.5289,840.55,388.21,1009.81,564.46,2.336,-0.794
2026-04-03T15:07:42.799Z,27.588,pi:0,sports ball,0.4842,1146.12,366.05,1276.05,549.20,2.248,8.482
2026-04-03T15:07:42.855Z,27.644,pi:0,sports ball,0.5699,840.95,389.24,1009.72,564.49,2.349,-0.789
2026-04-03T15:07:42.855Z,27.644,pi:0,sports ball,0.4842,1146.14,366.68,1276.01,551.98,2.222,8.481
2026-04-03T15:07:42.900Z,27.689,pi:0,sports ball,0.5513,840.23,388.19,1011.00,564.45,2.336,-0.779
2026-04-03T15:07:42.900Z,27.689,pi:0,sports ball,0.5327,1146.07,366.02,1276.18,551.14,2.224,8.483
2026-04-03T15:07:42.944Z,27.733,pi:0,sports ball,0.5960,840.22,389.24,1011.10,564.64,2.347,-0.778
2026-04-03T15:07:42.944Z,27.733,pi:0,sports ball,0.5215,1145.05,366.07,1276.06,551.13,2.225,8.465
2026-04-03T15:07:42.991Z,27.780,pi:0,sports ball,0.5997,1146.04,366.26,1275.76,550.16,2.239,8.476
2026-04-03T15:07:42.991Z,27.780,pi:0,sports ball,0.5625,841.60,387.17,1010.65,565.37,2.310,-0.763
2026-04-03T15:07:43.041Z,27.830,pi:0,sports ball,0.5401,1146.12,366.58,1276.19,549.18,2.255,8.484
2026-04-03T15:07:43.041Z,27.830,pi:0,sports ball,0.4619,841.43,388.09,1010.99,565.82,2.317,-0.760
2026-04-03T15:07:43.092Z,27.881,pi:0,sports ball,0.5662,1146.14,366.70,1276.32,551.94,2.223,8.486
2026-04-03T15:07:43.092Z,27.881,pi:0,sports ball,0.5215,840.69,388.21,1009.81,564.28,2.338,-0.791
2026-04-03T15:07:43.139Z,27.928,pi:0,sports ball,0.4880,840.49,388.19,1011.11,564.68,2.333,-0.773
2026-04-03T15:07:43.139Z,27.928,pi:0,sports ball,0.4805,1146.07,365.73,1276.31,549.28,2.243,8.485
2026-04-03T15:07:43.173Z,27.962,pi:0,sports ball,0.5513,1146.09,366.23,1276.06,551.07,2.227,8.482
2026-04-03T15:07:43.173Z,27.962,pi:0,sports ball,0.5438,840.67,387.19,1010.99,564.47,2.322,-0.772
2026-04-03T15:07:43.213Z,28.002,pi:0,sports ball,0.4358,841.36,387.16,1010.79,565.26,2.312,-0.765
2026-04-03T15:07:43.213Z,28.002,pi:0,sports ball,0.3017,1146.10,365.72,1275.41,552.13,2.209,8.471
2026-04-03T15:07:43.262Z,28.051,pi:0,sports ball,0.5029,1145.06,366.51,1276.13,551.21,2.229,8.466
2026-04-03T15:07:43.262Z,28.051,pi:0,sports ball,0.5029,841.26,387.06,1013.26,565.36,2.309,-0.726
2026-04-03T15:07:43.303Z,28.092,pi:0,sports ball,0.4768,841.55,388.05,1009.97,565.70,2.318,-0.775
2026-04-03T15:07:43.303Z,28.092,pi:0,sports ball,0.4060,1146.13,366.22,1276.04,551.39,2.223,8.482
2026-04-03T15:07:43.337Z,28.126,pi:0,sports ball,0.5574,841.55,388.12,1004.95,563.97,2.341,-0.857
2026-04-03T15:07:43.337Z,28.126,pi:0,sports ball,0.4097,1145.04,365.54,1276.99,549.84,2.234,8.480
2026-04-03T15:07:43.376Z,28.165,pi:0,sports ball,0.4842,841.58,387.08,1011.08,565.76,2.304,-0.756
2026-04-03T15:07:43.376Z,28.165,pi:0,sports ball,0.3501,1146.11,366.19,1276.07,551.28,2.224,8.482
2026-04-03T15:07:43.455Z,28.244,pi:0,sports ball,0.4954,840.01,387.18,1011.03,564.41,2.323,-0.782
2026-04-03T15:07:43.455Z,28.244,pi:0,sports ball,0.4544,1146.18,365.58,1276.06,551.26,2.217,8.483
2026-04-03T15:07:43.493Z,28.282,pi:0,sports ball,0.4768,840.94,388.19,1008.74,563.76,2.345,-0.805
2026-04-03T15:07:43.493Z,28.282,pi:0,sports ball,0.3166,1145.06,366.22,1276.43,551.48,2.222,8.471
2026-04-03T15:07:43.538Z,28.327,pi:0,sports ball,0.5252,841.14,387.15,1010.76,565.13,2.313,-0.769
2026-04-03T15:07:43.538Z,28.327,pi:0,sports ball,0.4582,1145.03,365.51,1276.68,550.32,2.228,8.474
2026-04-03T15:07:43.577Z,28.366,pi:0,sports ball,0.5736,841.26,388.20,1010.92,563.96,2.342,-0.764
2026-04-03T15:07:43.577Z,28.366,pi:0,sports ball,0.4507,1145.07,366.06,1276.78,551.23,2.223,8.477
2026-04-03T15:07:43.617Z,28.406,pi:0,sports ball,0.5215,840.40,389.26,1010.99,564.48,2.350,-0.777
2026-04-03T15:07:43.617Z,28.406,pi:0,sports ball,0.4544,1145.01,366.52,1276.30,551.24,2.229,8.468
2026-04-03T15:07:43.658Z,28.447,pi:0,sports ball,0.5550,841.06,388.21,1009.64,564.10,2.341,-0.788
2026-04-03T15:07:43.658Z,28.447,pi:0,sports ball,0.5364,1145.00,366.53,1277.07,551.16,2.230,8.480
2026-04-03T15:07:43.699Z,28.488,pi:0,sports ball,0.4805,1144.95,366.22,1277.67,551.98,2.216,8.489
2026-04-03T15:07:43.699Z,28.488,pi:0,sports ball,0.4619,840.44,389.24,1009.97,564.35,2.351,-0.793
2026-04-03T15:07:43.740Z,28.529,pi:0,sports ball,0.5513,1146.08,366.59,1277.75,550.14,2.243,8.508
2026-04-03T15:07:43.740Z,28.529,pi:0,sports ball,0.4954,841.06,387.17,1010.77,564.74,2.319,-0.770
2026-04-03T15:07:43.788Z,28.577,pi:0,sports ball,0.5923,840.53,387.20,1010.92,564.40,2.323,-0.776
2026-04-03T15:07:43.788Z,28.577,pi:0,sports ball,0.5401,1145.05,366.07,1277.29,549.21,2.248,8.484
2026-04-03T15:07:43.841Z,28.630,pi:0,sports ball,0.5401,840.94,388.20,1010.89,564.27,2.338,-0.770
2026-04-03T15:07:43.841Z,28.630,pi:0,sports ball,0.4619,1146.12,366.11,1277.71,550.14,2.237,8.508
2026-04-03T15:07:43.888Z,28.677,pi:0,sports ball,0.5401,1143.95,366.54,1277.25,550.21,2.242,8.466
2026-04-03T15:07:43.888Z,28.677,pi:0,sports ball,0.5401,840.03,388.22,1013.58,564.15,2.340,-0.741
2026-04-03T15:07:43.928Z,28.718,pi:0,sports ball,0.5289,841.58,386.18,1010.88,565.49,2.296,-0.759
2026-04-03T15:07:43.928Z,28.718,pi:0,sports ball,0.5215,1146.13,366.04,1277.79,551.07,2.225,8.510
2026-04-03T15:07:43.965Z,28.754,pi:0,sports ball,0.5289,840.67,387.18,1011.33,564.24,2.325,-0.767
2026-04-03T15:07:43.965Z,28.754,pi:0,sports ball,0.4768,1145.04,366.12,1278.28,550.12,2.238,8.500
2026-04-03T15:07:44.003Z,28.792,pi:0,sports ball,0.6034,840.46,387.20,1011.08,564.63,2.320,-0.774
2026-04-03T15:07:44.003Z,28.792,pi:0,sports ball,0.5513,1145.02,366.02,1278.36,549.18,2.248,8.501
2026-04-03T15:07:44.043Z,28.832,pi:0,sports ball,0.5438,839.81,388.19,1009.81,564.41,2.336,-0.806
2026-04-03T15:07:44.043Z,28.832,pi:0,sports ball,0.5252,1146.12,366.23,1278.37,551.04,2.228,8.519
2026-04-03T15:07:44.082Z,28.871,pi:0,sports ball,0.5364,840.43,388.21,1011.08,564.28,2.338,-0.775
2026-04-03T15:07:44.082Z,28.871,pi:0,sports ball,0.4023,1146.04,366.06,1277.76,549.36,2.246,8.508
2026-04-03T15:07:44.125Z,28.914,pi:0,sports ball,0.5103,840.74,387.04,1011.10,565.28,2.310,-0.770
2026-04-03T15:07:44.125Z,28.914,pi:0,sports ball,0.4880,1146.12,366.21,1278.25,551.97,2.217,8.517
2026-04-03T15:07:44.167Z,28.957,pi:0,sports ball,0.5364,840.76,388.19,1011.13,564.27,2.338,-0.769
2026-04-03T15:07:44.167Z,28.957,pi:0,sports ball,0.5103,1145.00,366.61,1277.20,550.24,2.242,8.482
2026-04-03T15:07:44.203Z,28.992,pi:0,sports ball,0.5625,840.47,388.19,1012.34,564.80,2.331,-0.754
2026-04-03T15:07:44.203Z,28.992,pi:0,sports ball,0.5178,1145.02,366.69,1277.66,550.12,2.245,8.490
2026-04-03T15:07:44.242Z,29.031,pi:0,sports ball,0.4731,840.24,387.18,1008.67,563.94,2.329,-0.817
2026-04-03T15:07:44.242Z,29.031,pi:0,sports ball,0.3650,1147.18,366.66,1277.68,550.97,2.234,8.525
2026-04-03T15:07:44.300Z,29.089,pi:0,sports ball,0.5066,840.48,388.19,1010.92,564.41,2.336,-0.777
2026-04-03T15:07:44.300Z,29.089,pi:0,sports ball,0.4023,1146.07,365.72,1277.76,550.07,2.233,8.508
2026-04-03T15:07:44.360Z,29.149,pi:0,sports ball,0.5029,841.01,387.17,1010.02,564.15,2.326,-0.783
2026-04-03T15:07:44.360Z,29.149,pi:0,sports ball,0.3874,1146.07,366.68,1278.97,549.98,2.246,8.527
2026-04-03T15:07:44.407Z,29.196,pi:0,sports ball,0.5029,840.22,388.21,1012.21,564.12,2.341,-0.760
2026-04-03T15:07:44.407Z,29.196,pi:0,sports ball,0.4246,1146.07,366.25,1278.39,551.07,2.228,8.518
2026-04-03T15:07:44.445Z,29.234,pi:0,sports ball,0.5476,841.22,387.20,1009.82,564.41,2.323,-0.783
2026-04-03T15:07:44.445Z,29.234,pi:0,sports ball,0.4023,1147.20,366.20,1278.34,551.01,2.228,8.536
2026-04-03T15:07:44.481Z,29.270,pi:0,sports ball,0.5066,841.74,387.03,1010.96,565.59,2.306,-0.756
2026-04-03T15:07:44.481Z,29.270,pi:0,sports ball,0.4246,1146.13,366.11,1278.25,550.13,2.237,8.517
2026-04-03T15:07:44.520Z,29.309,pi:0,sports ball,0.4358,1144.97,366.10,1278.27,550.15,2.237,8.499
2026-04-03T15:07:44.520Z,29.309,pi:0,sports ball,0.4321,843.30,385.95,1009.65,564.69,2.304,-0.751
2026-04-03T15:07:44.559Z,29.348,pi:0,sports ball,0.5364,841.12,387.08,1012.19,565.23,2.311,-0.746
2026-04-03T15:07:44.559Z,29.348,pi:0,sports ball,0.4507,1146.09,366.70,1278.44,552.00,2.222,8.520
2026-04-03T15:07:44.599Z,29.388,pi:0,sports ball,0.5774,840.63,388.08,1011.99,565.70,2.318,-0.757
2026-04-03T15:07:44.599Z,29.388,pi:0,sports ball,0.5513,1144.96,366.02,1279.01,550.20,2.235,8.511
2026-04-03T15:07:44.631Z,29.420,pi:0,sports ball,0.5662,841.90,387.06,1012.09,565.38,2.309,-0.735
2026-04-03T15:07:44.631Z,29.420,pi:0,sports ball,0.4470,1145.13,365.92,1279.12,549.95,2.237,8.515
2026-04-03T15:07:44.721Z,29.510,pi:0,sports ball,0.5513,841.87,388.07,1009.81,565.14,2.325,-0.772
2026-04-03T15:07:44.721Z,29.510,pi:0,sports ball,0.4470,1145.00,366.17,1278.95,549.25,2.249,8.510
2026-04-03T15:07:44.754Z,29.543,pi:0,sports ball,0.5662,1144.89,366.08,1279.04,550.24,2.236,8.510
2026-04-03T15:07:44.754Z,29.543,pi:0,sports ball,0.5476,840.93,388.20,1010.96,564.58,2.334,-0.769
2026-04-03T15:07:44.795Z,29.584,pi:0,sports ball,0.5029,840.67,389.24,1009.83,564.25,2.352,-0.791
2026-04-03T15:07:44.795Z,29.584,pi:0,sports ball,0.4544,1145.02,366.09,1278.99,550.12,2.237,8.511
2026-04-03T15:07:44.834Z,29.623,pi:0,sports ball,0.5587,840.64,387.18,1014.74,564.28,2.325,-0.712
2026-04-03T15:07:44.834Z,29.623,pi:0,sports ball,0.4693,1145.05,366.58,1279.05,550.99,2.233,8.513
2026-04-03T15:07:44.890Z,29.679,pi:0,sports ball,0.5438,840.70,387.18,1012.24,564.44,2.323,-0.752
2026-04-03T15:07:44.890Z,29.679,pi:0,sports ball,0.3948,1144.99,366.60,1279.58,550.14,2.243,8.520
2026-04-03T15:07:44.937Z,29.726,pi:0,sports ball,0.5625,841.58,388.10,1011.03,565.79,2.317,-0.757
2026-04-03T15:07:44.937Z,29.726,pi:0,sports ball,0.5625,1144.00,366.04,1279.07,551.99,2.214,8.496
2026-04-03T15:07:44.958Z,29.747,pi:0,sports ball,0.5103,840.00,388.22,1011.12,564.48,2.336,-0.781
2026-04-03T15:07:44.958Z,29.747,pi:0,sports ball,0.4768,1145.00,366.06,1279.69,550.05,2.238,8.522
2026-04-03T15:07:45.020Z,29.809,pi:0,sports ball,0.4656,842.07,387.06,1009.82,565.93,2.302,-0.769
2026-04-03T15:07:45.020Z,29.809,pi:0,sports ball,0.4507,1146.05,366.57,1279.68,549.18,2.255,8.539
2026-04-03T15:07:45.082Z,29.871,pi:0,sports ball,0.5289,841.24,387.07,1013.31,565.66,2.305,-0.725
2026-04-03T15:07:45.082Z,29.871,pi:0,sports ball,0.4619,1146.10,366.11,1279.70,550.99,2.227,8.540
2026-04-03T15:07:45.118Z,29.907,pi:0,sports ball,0.5327,840.93,387.16,1010.79,565.48,2.309,-0.772
2026-04-03T15:07:45.118Z,29.907,pi:0,sports ball,0.4991,1145.05,366.17,1280.32,550.11,2.238,8.533
2026-04-03T15:07:45.156Z,29.945,pi:0,sports ball,0.5550,1145.03,367.05,1278.98,551.03,2.238,8.511
2026-04-03T15:07:45.156Z,29.945,pi:0,sports ball,0.5140,842.91,386.92,1009.49,564.70,2.316,-0.760
2026-04-03T15:07:45.196Z,29.985,pi:0,sports ball,0.5103,841.79,386.10,1009.50,564.97,2.302,-0.778
2026-04-03T15:07:45.196Z,29.985,pi:0,sports ball,0.4544,1146.09,366.22,1278.91,550.08,2.239,8.527
2026-04-03T15:07:45.236Z,30.025,pi:0,sports ball,0.5178,1145.01,366.59,1278.91,551.12,2.231,8.510
2026-04-03T15:07:45.236Z,30.025,pi:0,sports ball,0.5140,840.50,387.18,1011.03,564.14,2.327,-0.775
2026-04-03T15:07:45.281Z,30.070,pi:0,sports ball,0.5476,842.25,387.08,1013.18,565.15,2.312,-0.711
2026-04-03T15:07:45.281Z,30.070,pi:0,sports ball,0.4321,1146.10,366.66,1278.85,551.09,2.232,8.526
2026-04-03T15:07:45.312Z,30.101,pi:0,sports ball,0.5774,841.81,387.09,1009.48,565.09,2.313,-0.778
2026-04-03T15:07:45.312Z,30.101,pi:0,sports ball,0.4805,1145.11,365.90,1278.00,551.94,2.213,8.497
2026-04-03T15:07:45.354Z,30.143,pi:0,sports ball,0.5401,841.25,387.08,1013.19,565.25,2.311,-0.727
2026-04-03T15:07:45.354Z,30.143,pi:0,sports ball,0.4768,1146.13,366.68,1278.37,552.90,2.211,8.519
2026-04-03T15:07:45.390Z,30.179,pi:0,sports ball,0.5587,839.81,388.21,1015.63,564.13,2.340,-0.711
2026-04-03T15:07:45.390Z,30.179,pi:0,sports ball,0.5289,1145.02,366.52,1279.00,551.15,2.230,8.511
2026-04-03T15:07:45.429Z,30.218,pi:0,sports ball,0.5140,839.99,387.18,1011.16,563.98,2.329,-0.781
2026-04-03T15:07:45.429Z,30.218,pi:0,sports ball,0.3129,1144.98,366.07,1278.93,550.32,2.235,8.510
2026-04-03T15:07:45.469Z,30.258,pi:0,sports ball,0.4842,840.73,388.21,1012.18,564.43,2.336,-0.752
2026-04-03T15:07:45.469Z,30.258,pi:0,sports ball,0.3725,1145.08,366.57,1277.89,551.16,2.230,8.495
2026-04-03T15:07:45.508Z,30.297,pi:0,sports ball,0.5513,840.75,388.20,1012.28,564.64,2.333,-0.750
2026-04-03T15:07:45.508Z,30.297,pi:0,sports ball,0.5029,1145.05,366.56,1278.98,551.12,2.231,8.511
2026-04-03T15:07:45.565Z,30.354,pi:0,sports ball,0.5327,1145.00,366.57,1278.46,551.06,2.232,8.502
2026-04-03T15:07:45.565Z,30.354,pi:0,sports ball,0.5215,840.68,388.21,1008.57,564.45,2.336,-0.812
2026-04-03T15:07:45.613Z,30.402,pi:0,sports ball,0.5774,840.70,388.19,1011.03,564.41,2.336,-0.771
2026-04-03T15:07:45.613Z,30.402,pi:0,sports ball,0.5140,1145.08,366.59,1278.98,551.04,2.232,8.512
2026-04-03T15:07:45.660Z,30.449,pi:0,sports ball,0.5401,840.27,387.20,1010.93,564.41,2.323,-0.780
2026-04-03T15:07:45.660Z,30.449,pi:0,sports ball,0.4172,1146.12,366.61,1278.98,549.16,2.255,8.529
2026-04-03T15:07:45.771Z,30.560,pi:0,sports ball,0.5252,840.49,388.21,1009.89,563.96,2.343,-0.793
2026-04-03T15:07:45.771Z,30.560,pi:0,sports ball,0.4433,1145.02,366.56,1279.57,551.05,2.232,8.520
2026-04-03T15:07:45.800Z,30.589,pi:0,sports ball,0.5178,839.80,387.18,1009.86,564.15,2.327,-0.805
2026-04-03T15:07:45.800Z,30.589,pi:0,sports ball,0.4991,1146.08,366.56,1279.00,550.19,2.242,8.528
2026-04-03T15:07:45.833Z,30.622,pi:0,sports ball,0.4768,840.26,388.21,1012.25,563.83,2.344,-0.759
2026-04-03T15:07:45.833Z,30.622,pi:0,sports ball,0.3241,1146.12,366.10,1278.92,550.19,2.236,8.528
2026-04-03T15:07:45.874Z,30.663,pi:0,sports ball,0.5625,840.67,388.19,1012.12,564.27,2.338,-0.754
2026-04-03T15:07:45.874Z,30.663,pi:0,sports ball,0.4693,1146.05,365.73,1278.99,551.91,2.211,8.528
2026-04-03T15:07:45.908Z,30.697,pi:0,sports ball,0.5438,1144.97,366.09,1279.09,550.16,2.237,8.512
2026-04-03T15:07:45.908Z,30.697,pi:0,sports ball,0.5327,840.28,387.19,1013.43,564.15,2.327,-0.739
2026-04-03T15:07:45.941Z,30.730,pi:0,sports ball,0.5401,1146.08,367.02,1279.70,550.14,2.248,8.540
2026-04-03T15:07:45.941Z,30.730,pi:0,sports ball,0.4880,840.72,387.17,1013.58,564.49,2.322,-0.729
2026-04-03T15:07:45.980Z,30.770,pi:0,sports ball,0.5364,840.74,387.19,1012.35,564.15,2.327,-0.749
2026-04-03T15:07:45.980Z,30.770,pi:0,sports ball,0.4060,1143.99,366.31,1280.90,551.26,2.226,8.525
2026-04-03T15:07:46.045Z,30.835,pi:0,sports ball,0.5625,1143.98,366.53,1280.38,551.04,2.231,8.517
2026-04-03T15:07:46.045Z,30.835,pi:0,sports ball,0.5327,841.80,386.15,1009.53,564.95,2.303,-0.778
2026-04-03T15:07:46.086Z,30.875,pi:0,sports ball,0.4619,840.01,388.21,1012.43,564.32,2.338,-0.760
2026-04-03T15:07:46.086Z,30.875,pi:0,sports ball,0.3725,1144.95,366.06,1280.38,550.21,2.236,8.532
2026-04-03T15:07:46.187Z,30.976,pi:0,sports ball,0.4991,1144.97,366.60,1281.90,550.17,2.243,8.557
2026-04-03T15:07:46.187Z,30.976,pi:0,sports ball,0.4917,840.50,388.20,1010.97,564.11,2.341,-0.776
2026-04-03T15:07:46.224Z,31.013,pi:0,sports ball,0.4731,842.10,386.15,1009.45,564.32,2.311,-0.774
2026-04-03T15:07:46.224Z,31.013,pi:0,sports ball,0.4321,1144.96,367.02,1282.69,551.24,2.235,8.569
2026-04-03T15:07:46.265Z,31.054,pi:0,sports ball,0.5438,1144.93,366.56,1281.90,552.04,2.220,8.556
2026-04-03T15:07:46.265Z,31.054,pi:0,sports ball,0.4768,841.56,387.16,1010.96,564.92,2.316,-0.759
2026-04-03T15:07:46.306Z,31.095,pi:0,sports ball,0.3948,1143.91,365.57,1283.28,551.22,2.218,8.562
2026-04-03T15:07:46.306Z,31.095,pi:0,sports ball,0.3352,842.30,386.08,1010.84,565.25,2.298,-0.748
2026-04-03T15:07:46.344Z,31.133,pi:0,sports ball,0.4880,841.81,387.12,1009.45,565.11,2.313,-0.779
2026-04-03T15:07:46.344Z,31.133,pi:0,sports ball,0.4544,1144.98,367.04,1281.90,551.17,2.236,8.557
2026-04-03T15:07:46.387Z,31.176,pi:0,sports ball,0.5513,840.23,388.19,1009.69,564.65,2.333,-0.801
2026-04-03T15:07:46.387Z,31.176,pi:0,sports ball,0.4135,1143.88,366.07,1281.94,551.26,2.223,8.540
2026-04-03T15:07:46.424Z,31.214,pi:0,sports ball,0.4917,840.46,387.19,1011.16,563.97,2.329,-0.773
2026-04-03T15:07:46.424Z,31.214,pi:0,sports ball,0.2794,1143.87,367.04,1282.66,551.49,2.232,8.551
2026-04-03T15:07:46.463Z,31.253,pi:0,sports ball,0.5513,840.26,388.23,1009.89,563.97,2.343,-0.797
2026-04-03T15:07:46.463Z,31.253,pi:0,sports ball,0.4805,1144.89,366.52,1281.90,551.26,2.229,8.556
2026-04-03T15:07:46.512Z,31.301,pi:0,sports ball,0.5327,840.49,388.19,1013.51,564.31,2.338,-0.734
2026-04-03T15:07:46.512Z,31.301,pi:0,sports ball,0.4246,1145.97,366.03,1281.94,551.21,2.223,8.573
2026-04-03T15:07:46.547Z,31.336,pi:0,sports ball,0.5140,840.01,387.17,1012.45,564.28,2.325,-0.759
2026-04-03T15:07:46.547Z,31.336,pi:0,sports ball,0.3464,1144.02,365.47,1280.92,552.49,2.201,8.526
2026-04-03T15:07:46.656Z,31.446,pi:0,sports ball,0.5029,841.18,387.16,1012.31,564.47,2.322,-0.743
2026-04-03T15:07:46.656Z,31.446,pi:0,sports ball,0.2831,1144.06,365.51,1281.68,552.28,2.204,8.539
2026-04-03T15:07:46.680Z,31.469,pi:0,sports ball,0.4619,841.24,387.08,1012.08,565.13,2.312,-0.745
2026-04-03T15:07:46.680Z,31.469,pi:0,sports ball,0.3837,1144.93,366.07,1281.07,551.02,2.226,8.543
2026-04-03T15:07:46.710Z,31.499,pi:0,sports ball,0.5885,841.51,387.18,1012.29,564.42,2.323,-0.737
2026-04-03T15:07:46.710Z,31.499,pi:0,sports ball,0.3501,1143.97,365.67,1280.33,552.92,2.199,8.516
2026-04-03T15:07:46.750Z,31.539,pi:0,sports ball,0.4880,840.73,387.19,1011.40,564.36,2.324,-0.765
2026-04-03T15:07:46.750Z,31.539,pi:0,sports ball,0.3278,1143.97,366.80,1279.66,552.91,2.212,8.505
2026-04-03T15:07:46.793Z,31.582,pi:0,sports ball,0.3986,840.22,387.17,1017.29,564.45,2.322,-0.677
2026-04-03T15:07:46.793Z,31.582,pi:0,sports ball,0.3501,1146.20,365.02,1280.08,553.86,2.180,8.547
2026-04-03T15:07:46.827Z,31.616,pi:0,sports ball,0.4693,840.70,387.19,1013.99,564.45,2.323,-0.723
2026-04-03T15:07:46.827Z,31.616,pi:0,sports ball,0.3837,1143.98,367.17,1275.60,552.13,2.226,8.440
2026-04-03T15:07:46.864Z,31.653,pi:0,sports ball,0.3799,1146.16,365.50,1276.28,553.13,2.194,8.486
2026-04-03T15:07:46.864Z,31.653,pi:0,sports ball,0.3539,839.98,387.18,1011.58,564.38,2.323,-0.774
2026-04-03T15:07:46.913Z,31.702,pi:0,sports ball,0.4284,840.23,387.20,1011.72,564.33,2.324,-0.768
2026-04-03T15:07:46.913Z,31.702,pi:0,sports ball,0.3278,1145.08,365.51,1276.44,552.21,2.205,8.471
2026-04-03T15:07:46.966Z,31.755,pi:0,sports ball,0.4358,840.91,387.21,1012.46,564.44,2.323,-0.745
2026-04-03T15:07:46.966Z,31.755,pi:0,sports ball,0.3464,1146.12,364.90,1277.34,553.07,2.188,8.502
2026-04-03T15:07:46.995Z,31.784,pi:0,sports ball,0.4544,840.25,387.18,1011.39,564.69,2.319,-0.773
2026-04-03T15:07:46.995Z,31.784,pi:0,sports ball,0.2905,1146.20,365.56,1278.12,552.41,2.203,8.516
2026-04-03T15:07:47.020Z,31.809,pi:0,sports ball,0.4768,841.72,388.08,1013.31,564.95,2.328,-0.717
2026-04-03T15:07:47.020Z,31.809,pi:0,sports ball,0.4135,1145.05,366.18,1279.54,552.97,2.204,8.520
2026-04-03T15:07:47.072Z,31.861,pi:0,sports ball,0.4917,839.98,388.20,1012.78,564.71,2.333,-0.754
2026-04-03T15:07:47.072Z,31.861,pi:0,sports ball,0.3986,1144.01,366.73,1280.12,552.96,2.211,8.513
2026-04-03T15:07:47.113Z,31.903,pi:0,sports ball,0.4433,841.63,386.19,1010.74,564.85,2.304,-0.761
2026-04-03T15:07:47.113Z,31.903,pi:0,sports ball,0.3427,1143.96,366.21,1280.92,551.26,2.225,8.525
2026-04-03T15:07:47.154Z,31.943,pi:0,sports ball,0.4619,1144.98,366.06,1281.10,553.12,2.201,8.544
2026-04-03T15:07:47.154Z,31.943,pi:0,sports ball,0.4433,839.77,388.21,1012.59,564.34,2.337,-0.761
2026-04-03T15:07:47.193Z,31.982,pi:0,sports ball,0.4582,841.51,387.06,1012.38,565.70,2.305,-0.736
2026-04-03T15:07:47.193Z,31.982,pi:0,sports ball,0.3874,1143.91,366.48,1279.78,552.10,2.218,8.506
2026-04-03T15:07:47.233Z,32.022,pi:0,sports ball,0.4768,842.10,386.12,1009.50,565.35,2.297,-0.774
2026-04-03T15:07:47.233Z,32.022,pi:0,sports ball,0.3837,1143.94,366.09,1279.66,551.99,2.215,8.505
2026-04-03T15:07:47.281Z,32.070,pi:0,sports ball,0.4470,839.78,387.18,1011.17,564.53,2.322,-0.784
2026-04-03T15:07:47.281Z,32.070,pi:0,sports ball,0.3390,1144.98,365.70,1278.40,552.78,2.201,8.501
2026-04-03T15:07:47.314Z,32.103,pi:0,sports ball,0.4358,842.10,387.08,1009.53,565.64,2.306,-0.773
2026-04-03T15:07:47.314Z,32.103,pi:0,sports ball,0.2980,1145.10,366.04,1279.52,552.88,2.204,8.521
2026-04-03T15:07:47.354Z,32.143,pi:0,sports ball,0.4321,842.24,386.13,1009.51,564.98,2.302,-0.771
2026-04-03T15:07:47.354Z,32.143,pi:0,sports ball,0.3613,1145.06,364.96,1277.64,552.91,2.191,8.490
2026-04-03T15:07:47.403Z,32.192,pi:0,sports ball,0.4135,841.40,387.06,1013.27,565.19,2.311,-0.723
2026-04-03T15:07:47.403Z,32.192,pi:0,sports ball,0.3799,1146.12,366.02,1276.10,552.98,2.202,8.483
2026-04-03T15:07:47.469Z,32.258,pi:0,sports ball,0.4656,842.43,386.12,1008.31,564.05,2.314,-0.787
2026-04-03T15:07:47.469Z,32.258,pi:0,sports ball,0.4023,1145.09,365.50,1275.27,552.98,2.196,8.453
2026-04-03T15:07:47.523Z,32.312,pi:0,sports ball,0.4917,1146.13,366.04,1275.56,551.04,2.226,8.474
2026-04-03T15:07:47.523Z,32.312,pi:0,sports ball,0.4507,841.90,387.18,1010.87,564.90,2.317,-0.754
2026-04-03T15:07:47.561Z,32.350,pi:0,sports ball,0.4358,1145.09,365.49,1274.30,552.99,2.196,8.437
2026-04-03T15:07:47.561Z,32.350,pi:0,sports ball,0.4246,839.98,387.20,1012.58,564.62,2.321,-0.758
2026-04-03T15:07:47.604Z,32.393,pi:0,sports ball,0.4060,1145.08,366.49,1274.17,552.05,2.219,8.435
2026-04-03T15:07:47.604Z,32.393,pi:0,sports ball,0.3986,841.27,386.20,1010.72,564.90,2.304,-0.767
2026-04-03T15:07:47.665Z,32.454,pi:0,sports ball,0.4619,840.41,387.18,1014.85,564.75,2.319,-0.714
2026-04-03T15:07:47.665Z,32.454,pi:0,sports ball,0.4321,1144.02,366.56,1274.05,551.96,2.221,8.416
2026-04-03T15:07:47.720Z,32.509,pi:0,sports ball,0.4880,840.42,387.19,1013.76,564.47,2.322,-0.731
2026-04-03T15:07:47.720Z,32.509,pi:0,sports ball,0.4582,1145.10,366.10,1273.42,552.28,2.211,8.423
2026-04-03T15:07:47.769Z,32.558,pi:0,sports ball,0.4544,842.10,386.13,1008.30,565.05,2.301,-0.793
2026-04-03T15:07:47.769Z,32.558,pi:0,sports ball,0.4358,1145.15,366.06,1273.83,552.35,2.210,8.431
2026-04-03T15:07:47.807Z,32.596,pi:0,sports ball,0.5289,841.09,388.17,1012.50,564.97,2.329,-0.741
2026-04-03T15:07:47.807Z,32.596,pi:0,sports ball,0.3390,1146.18,365.52,1273.69,553.01,2.196,8.445
2026-04-03T15:07:47.840Z,32.629,pi:0,sports ball,0.5513,841.18,387.17,1013.73,564.80,2.318,-0.719
2026-04-03T15:07:47.840Z,32.629,pi:0,sports ball,0.3911,1145.13,365.53,1273.16,553.07,2.195,8.420
2026-04-03T15:07:47.876Z,32.665,pi:0,sports ball,0.4991,839.80,388.19,1012.56,564.58,2.334,-0.761
2026-04-03T15:07:47.876Z,32.665,pi:0,sports ball,0.4358,1145.15,364.96,1273.03,552.06,2.201,8.418
2026-04-03T15:07:47.911Z,32.701,pi:0,sports ball,0.4768,844.06,386.92,1008.26,565.51,2.305,-0.762
2026-04-03T15:07:47.911Z,32.701,pi:0,sports ball,0.3799,1145.07,365.64,1273.00,551.12,2.220,8.416
2026-04-03T15:07:47.948Z,32.737,pi:0,sports ball,0.5289,840.92,387.18,1013.51,563.99,2.328,-0.727
2026-04-03T15:07:47.948Z,32.737,pi:0,sports ball,0.4507,1145.13,365.49,1273.14,553.77,2.187,8.419
2026-04-03T15:07:47.985Z,32.774,pi:0,sports ball,0.4693,840.24,387.19,1012.35,564.31,2.325,-0.757
2026-04-03T15:07:47.985Z,32.774,pi:0,sports ball,0.4172,1144.07,365.51,1273.04,552.06,2.207,8.401
2026-04-03T15:07:48.022Z,32.811,pi:0,sports ball,0.4842,842.09,387.09,1008.30,565.75,2.304,-0.793
2026-04-03T15:07:48.022Z,32.811,pi:0,sports ball,0.3688,1145.09,365.46,1272.90,552.90,2.196,8.415
2026-04-03T15:07:48.058Z,32.848,pi:0,sports ball,0.3688,840.25,387.18,1013.71,564.32,2.324,-0.735
2026-04-03T15:07:48.058Z,32.848,pi:0,sports ball,0.3278,1146.15,366.08,1272.46,551.11,2.225,8.425
2026-04-03T15:07:48.099Z,32.888,pi:0,sports ball,0.4917,841.10,387.18,1011.13,564.61,2.320,-0.763
2026-04-03T15:07:48.099Z,32.888,pi:0,sports ball,0.4731,1145.05,365.47,1272.67,552.03,2.207,8.411
2026-04-03T15:07:48.137Z,32.926,pi:0,sports ball,0.4917,841.80,386.13,1009.50,564.95,2.302,-0.778
2026-04-03T15:07:48.137Z,32.926,pi:0,sports ball,0.4693,1145.04,364.88,1272.08,552.92,2.190,8.401
2026-04-03T15:07:48.177Z,32.966,pi:0,sports ball,0.4805,1145.05,364.93,1271.00,552.90,2.190,8.384
2026-04-03T15:07:48.177Z,32.966,pi:0,sports ball,0.4358,842.22,386.14,1008.35,565.12,2.300,-0.790
2026-04-03T15:07:48.216Z,33.005,pi:0,sports ball,0.5327,842.06,388.09,1012.08,564.82,2.330,-0.732
2026-04-03T15:07:48.216Z,33.005,pi:0,sports ball,0.4395,1146.16,364.89,1269.84,552.00,2.200,8.383
2026-04-03T15:07:48.253Z,33.042,pi:0,sports ball,0.5029,1145.17,364.30,1267.57,551.97,2.194,8.331
2026-04-03T15:07:48.253Z,33.042,pi:0,sports ball,0.4060,840.45,388.19,1014.86,564.62,2.334,-0.713
2026-04-03T15:07:48.303Z,33.092,pi:0,sports ball,0.5401,1145.08,364.29,1266.49,551.97,2.194,8.312
2026-04-03T15:07:48.303Z,33.092,pi:0,sports ball,0.4954,841.07,388.16,1012.59,564.30,2.338,-0.740
2026-04-03T15:07:48.341Z,33.131,pi:0,sports ball,0.4246,1146.10,365.58,1266.49,551.08,2.219,8.329
2026-04-03T15:07:48.341Z,33.131,pi:0,sports ball,0.4097,839.76,388.19,1013.77,564.29,2.338,-0.742
2026-04-03T15:07:48.371Z,33.160,pi:0,sports ball,0.4060,842.44,387.09,1009.52,564.47,2.321,-0.768
2026-04-03T15:07:48.371Z,33.160,pi:0,sports ball,0.3762,1145.02,364.33,1266.49,551.11,2.204,8.311
2026-04-03T15:07:48.468Z,33.257,pi:0,sports ball,0.4768,841.56,387.04,1013.31,564.97,2.314,-0.720
2026-04-03T15:07:48.468Z,33.257,pi:0,sports ball,0.4619,1145.06,365.01,1265.22,551.81,2.204,8.292
2026-04-03T15:07:48.500Z,33.289,pi:0,sports ball,0.4880,840.49,389.23,1013.35,564.48,2.349,-0.737
2026-04-03T15:07:48.500Z,33.289,pi:0,sports ball,0.4693,1144.07,363.64,1264.12,551.09,2.196,8.258
2026-04-03T15:07:48.533Z,33.322,pi:0,sports ball,0.4619,841.16,387.18,1010.68,565.14,2.314,-0.770
2026-04-03T15:07:48.533Z,33.322,pi:0,sports ball,0.4582,1145.09,364.31,1264.89,551.09,2.204,8.287
2026-04-03T15:07:48.574Z,33.363,pi:0,sports ball,0.4023,1145.11,363.63,1265.06,551.10,2.196,8.290
2026-04-03T15:07:48.574Z,33.363,pi:0,sports ball,0.3837,840.41,387.17,1014.65,564.12,2.327,-0.717
2026-04-03T15:07:48.608Z,33.397,pi:0,sports ball,0.4731,842.57,387.13,1009.45,565.13,2.313,-0.767
2026-04-03T15:07:48.608Z,33.397,pi:0,sports ball,0.3725,1146.14,363.60,1265.76,552.13,2.184,8.318
2026-04-03T15:07:48.661Z,33.450,pi:0,sports ball,0.4097,841.37,387.17,1011.88,564.82,2.318,-0.746
2026-04-03T15:07:48.700Z,33.489,pi:0,sports ball,0.3092,840.96,387.17,1013.37,564.92,2.316,-0.729
2026-04-03T15:07:48.700Z,33.489,pi:0,sports ball,0.2831,1146.10,363.60,1266.77,552.13,2.184,8.333
2026-04-03T15:07:48.734Z,33.523,pi:0,sports ball,0.3278,839.95,387.19,1016.83,564.30,2.325,-0.689
2026-04-03T15:07:48.734Z,33.523,pi:0,sports ball,0.3166,1146.16,364.30,1266.16,553.05,2.181,8.324
2026-04-03T15:07:48.780Z,33.569,pi:0,sports ball,0.4284,839.76,387.19,1013.55,564.31,2.325,-0.746
2026-04-03T15:07:48.780Z,33.569,pi:0,sports ball,0.3874,1145.12,364.87,1267.37,551.23,2.209,8.327
2026-04-03T15:07:48.816Z,33.605,pi:0,sports ball,0.4880,1146.18,364.88,1268.33,552.07,2.199,8.359
2026-04-03T15:07:48.816Z,33.605,pi:0,sports ball,0.4842,841.20,387.19,1010.70,564.86,2.317,-0.769
2026-04-03T15:07:48.851Z,33.640,pi:0,sports ball,0.4023,839.76,387.21,1012.58,564.00,2.329,-0.761
2026-04-03T15:07:48.851Z,33.640,pi:0,sports ball,0.3464,1145.04,365.01,1269.28,551.97,2.202,8.356
2026-04-03T15:07:48.889Z,33.678,pi:0,sports ball,0.5178,1145.14,365.45,1269.31,552.15,2.205,8.358
2026-04-03T15:07:48.889Z,33.678,pi:0,sports ball,0.4180,842.38,386.91,1004.95,563.18,2.336,-0.843
2026-04-03T15:07:48.925Z,33.714,pi:0,sports ball,0.4246,840.52,386.21,1012.29,564.47,2.310,-0.754
2026-04-03T15:07:48.925Z,33.714,pi:0,sports ball,0.3799,1146.09,365.01,1270.46,551.10,2.212,8.392
2026-04-03T15:07:48.973Z,33.762,pi:0,sports ball,0.4470,842.23,386.10,1009.47,565.00,2.301,-0.772
2026-04-03T15:07:48.973Z,33.762,pi:0,sports ball,0.4395,1145.11,365.49,1270.65,551.20,2.217,8.379
2026-04-03T15:07:49.013Z,33.802,pi:0,sports ball,0.4321,841.70,388.06,1013.26,565.59,2.319,-0.719
2026-04-03T15:07:49.013Z,33.802,pi:0,sports ball,0.2905,1145.00,365.58,1271.53,552.14,2.207,8.392
2026-04-03T15:07:49.056Z,33.845,pi:0,sports ball,0.5252,840.93,387.19,1011.20,564.28,2.325,-0.765
2026-04-03T15:07:49.056Z,33.845,pi:0,sports ball,0.3948,1145.10,364.93,1271.11,552.27,2.198,8.386
2026-04-03T15:07:49.083Z,33.873,pi:0,sports ball,0.4395,841.36,387.04,1013.46,565.61,2.306,-0.721
2026-04-03T15:07:49.083Z,33.873,pi:0,sports ball,0.3762,1146.21,364.90,1271.58,552.22,2.198,8.412
2026-04-03T15:07:49.128Z,33.917,pi:0,sports ball,0.4358,842.37,385.16,1009.43,565.90,2.278,-0.770
2026-04-03T15:07:49.128Z,33.917,pi:0,sports ball,0.3129,1147.26,365.45,1271.75,552.22,2.204,8.431
2026-04-03T15:07:49.170Z,33.959,pi:0,sports ball,0.5252,840.25,388.21,1014.59,564.17,2.340,-0.721
2026-04-03T15:07:49.170Z,33.959,pi:0,sports ball,0.4395,1146.23,366.02,1271.74,552.18,2.212,8.415
2026-04-03T15:07:49.207Z,33.996,pi:0,sports ball,0.5327,842.06,387.09,1008.23,565.82,2.304,-0.795
2026-04-03T15:07:49.207Z,33.996,pi:0,sports ball,0.4321,1146.23,364.93,1271.91,552.12,2.199,8.417
2026-04-03T15:07:49.268Z,34.057,pi:0,sports ball,0.4470,842.43,386.13,1009.49,564.69,2.306,-0.768
2026-04-03T15:07:49.268Z,34.057,pi:0,sports ball,0.3688,1145.13,364.89,1272.28,552.08,2.199,8.406
2026-04-03T15:07:49.320Z,34.109,pi:0,sports ball,0.4544,840.47,387.17,1012.47,564.62,2.320,-0.752
2026-04-03T15:07:49.320Z,34.109,pi:0,sports ball,0.4433,1146.13,364.28,1272.31,552.90,2.183,8.422
2026-04-03T15:07:49.364Z,34.153,pi:0,sports ball,0.4842,842.11,387.11,1007.13,565.75,2.305,-0.812
2026-04-03T15:07:49.364Z,34.153,pi:0,sports ball,0.4209,1145.10,365.68,1272.68,551.91,2.211,8.412
2026-04-03T15:07:49.406Z,34.195,pi:0,sports ball,0.4544,841.41,387.07,1010.96,565.30,2.310,-0.761
2026-04-03T15:07:49.406Z,34.195,pi:0,sports ball,0.4284,1145.17,365.53,1273.11,552.18,2.206,8.420
2026-04-03T15:07:49.448Z,34.237,pi:0,sports ball,0.4842,842.23,387.13,1007.09,565.09,2.314,-0.811
2026-04-03T15:07:49.448Z,34.237,pi:0,sports ball,0.3464,1145.17,366.08,1274.00,552.20,2.212,8.434
2026-04-03T15:07:49.488Z,34.277,pi:0,sports ball,0.4321,840.23,388.18,1009.87,564.14,2.340,-0.798
2026-04-03T15:07:49.488Z,34.277,pi:0,sports ball,0.3650,1145.16,366.10,1273.98,552.26,2.212,8.433
2026-04-03T15:07:49.519Z,34.308,pi:0,sports ball,0.3911,841.51,387.06,1011.03,565.87,2.303,-0.758
2026-04-03T15:07:49.519Z,34.308,pi:0,sports ball,0.3501,1145.16,366.13,1275.14,552.20,2.213,8.452
2026-04-03T15:07:49.553Z,34.342,pi:0,sports ball,0.4731,840.85,388.20,1009.87,564.29,2.338,-0.788
2026-04-03T15:07:49.553Z,34.342,pi:0,sports ball,0.4097,1146.20,365.54,1276.09,552.08,2.207,8.484
2026-04-03T15:07:49.590Z,34.379,pi:0,sports ball,0.4172,841.20,387.04,1009.85,566.01,2.301,-0.782
2026-04-03T15:07:49.590Z,34.379,pi:0,sports ball,0.3427,1144.13,365.54,1277.35,552.98,2.197,8.471
2026-04-03T15:07:49.637Z,34.426,pi:0,sports ball,0.3464,840.72,387.04,1013.33,565.76,2.304,-0.733
2026-04-03T15:07:49.637Z,34.426,pi:0,sports ball,0.3092,1145.11,365.57,1276.67,552.94,2.197,8.476
2026-04-03T15:07:49.668Z,34.457,pi:0,sports ball,0.4544,840.21,387.18,1011.39,564.66,2.320,-0.773
2026-04-03T15:07:49.668Z,34.457,pi:0,sports ball,0.3688,1145.12,366.07,1277.89,552.90,2.204,8.495
2026-04-03T15:07:49.709Z,34.498,pi:0,sports ball,0.4619,841.92,386.11,1009.51,565.78,2.292,-0.776
2026-04-03T15:07:49.709Z,34.498,pi:0,sports ball,0.3688,1145.12,364.97,1277.50,553.79,2.181,8.489
2026-04-03T15:07:49.739Z,34.528,pi:0,sports ball,0.4395,840.66,387.19,1014.65,564.48,2.322,-0.713
2026-04-03T15:07:49.739Z,34.528,pi:0,sports ball,0.2831,1143.91,366.13,1278.33,553.74,2.194,8.483
2026-04-03T15:07:49.834Z,34.623,pi:0,sports ball,0.4172,840.50,387.18,1012.39,564.52,2.322,-0.752
2026-04-03T15:07:49.834Z,34.623,pi:0,sports ball,0.2570,1144.92,365.73,1278.41,553.75,2.190,8.500
2026-04-03T15:07:49.861Z,34.650,pi:0,sports ball,0.3427,839.98,387.16,1015.73,563.86,2.330,-0.706
2026-04-03T15:07:49.903Z,34.692,pi:0,sports ball,0.4731,841.71,387.07,1010.98,565.29,2.310,-0.756
2026-04-03T15:07:49.903Z,34.692,pi:0,sports ball,0.3054,1146.04,366.53,1277.87,551.98,2.220,8.510
2026-04-03T15:07:49.942Z,34.731,pi:0,sports ball,0.4358,841.75,387.20,1010.57,564.47,2.323,-0.762
2026-04-03T15:07:49.983Z,34.772,pi:0,sports ball,0.4209,840.47,387.18,1012.76,564.52,2.322,-0.747
2026-04-03T15:07:49.983Z,34.772,pi:0,sports ball,0.2756,1143.90,366.22,1277.66,552.92,2.205,8.472
2026-04-03T15:07:50.014Z,34.803,pi:0,sports ball,0.4544,841.70,387.07,1010.99,565.59,2.306,-0.756
2026-04-03T15:07:50.014Z,34.803,pi:0,sports ball,0.2607,1143.86,366.32,1278.35,552.85,2.207,8.482
2026-04-03T15:07:50.111Z,34.900,pi:0,sports ball,0.4097,840.46,387.18,1012.59,564.18,2.326,-0.750
2026-04-03T15:07:50.111Z,34.900,pi:0,sports ball,0.3315,1144.93,366.74,1278.30,552.92,2.211,8.499
2026-04-03T15:07:50.137Z,34.926,pi:0,sports ball,0.4135,841.35,388.09,1013.33,565.76,2.317,-0.723
2026-04-03T15:07:50.168Z,34.957,pi:0,sports ball,0.4544,840.00,387.15,1013.75,564.35,2.324,-0.738
2026-04-03T15:07:50.262Z,35.051,pi:0,sports ball,0.5140,840.47,388.19,1014.53,564.29,2.338,-0.718
2026-04-03T15:07:50.262Z,35.051,pi:0,sports ball,0.4582,1143.01,366.20,1276.17,553.62,2.197,8.434
2026-04-03T15:07:50.302Z,35.091,pi:0,sports ball,0.5736,841.94,386.15,1009.41,565.61,2.294,-0.778
2026-04-03T15:07:50.302Z,35.091,pi:0,sports ball,0.4768,1144.03,366.03,1274.43,553.66,2.194,8.422
2026-04-03T15:07:50.335Z,35.124,pi:0,sports ball,0.5215,842.67,387.11,1011.81,565.66,2.306,-0.726
2026-04-03T15:07:50.335Z,35.124,pi:0,sports ball,0.3837,1146.18,366.01,1274.10,552.92,2.203,8.452
2026-04-03T15:07:50.369Z,35.158,pi:0,sports ball,0.4731,841.43,388.08,1010.92,565.04,2.327,-0.761
2026-04-03T15:07:50.369Z,35.158,pi:0,sports ball,0.4507,1145.12,364.93,1273.98,553.66,2.182,8.433
2026-04-03T15:07:50.416Z,35.205,pi:0,sports ball,0.5327,841.80,386.15,1009.48,565.93,2.290,-0.779
2026-04-03T15:07:50.416Z,35.205,pi:0,sports ball,0.3688,1145.07,366.00,1273.72,552.80,2.204,8.428
2026-04-03T15:07:50.450Z,35.239,pi:0,sports ball,0.4395,840.43,388.21,1015.74,564.61,2.334,-0.699
2026-04-03T15:07:50.450Z,35.239,pi:0,sports ball,0.3688,1144.01,366.70,1273.00,552.77,2.213,8.399
2026-04-03T15:07:50.484Z,35.273,pi:0,sports ball,0.5438,840.69,388.19,1013.37,564.62,2.334,-0.733
2026-04-03T15:07:50.484Z,35.273,pi:0,sports ball,0.5066,1145.11,366.15,1272.62,552.72,2.207,8.411
2026-04-03T15:07:50.522Z,35.311,pi:0,sports ball,0.5587,1145.14,365.50,1272.79,552.91,2.197,8.414
2026-04-03T15:07:50.522Z,35.311,pi:0,sports ball,0.4991,840.23,387.19,1012.20,563.96,2.329,-0.760
2026-04-03T15:07:50.559Z,35.348,pi:0,sports ball,0.4619,840.74,388.07,1013.38,565.41,2.322,-0.732
2026-04-03T15:07:50.559Z,35.348,pi:0,sports ball,0.4470,1144.10,364.98,1272.24,552.92,2.191,8.389
2026-04-03T15:07:50.597Z,35.386,pi:0,sports ball,0.5662,1144.06,365.51,1271.41,553.74,2.187,8.375
2026-04-03T15:07:50.597Z,35.386,pi:0,sports ball,0.4954,841.39,388.07,1012.09,565.37,2.322,-0.743
2026-04-03T15:07:50.641Z,35.430,pi:0,sports ball,0.5289,1144.06,365.07,1271.39,551.90,2.204,8.374
2026-04-03T15:07:50.641Z,35.430,pi:0,sports ball,0.4172,842.77,386.88,1010.71,564.73,2.315,-0.743
2026-04-03T15:07:50.672Z,35.461,pi:0,sports ball,0.5736,1145.13,364.92,1271.59,553.78,2.180,8.395
2026-04-03T15:07:50.672Z,35.461,pi:0,sports ball,0.4768,841.53,388.07,1014.27,564.99,2.327,-0.705
2026-04-03T15:07:50.718Z,35.507,pi:0,sports ball,0.5848,1145.13,364.92,1271.40,552.05,2.200,8.392
2026-04-03T15:07:50.718Z,35.507,pi:0,sports ball,0.4693,841.29,388.05,1013.26,564.98,2.327,-0.725
2026-04-03T15:07:50.758Z,35.547,pi:0,sports ball,0.5550,1146.13,365.59,1271.14,551.00,2.221,8.404
2026-04-03T15:07:50.758Z,35.547,pi:0,sports ball,0.4991,841.93,387.09,1009.46,565.00,2.314,-0.777
2026-04-03T15:07:50.798Z,35.587,pi:0,sports ball,0.6370,1145.07,365.00,1270.49,550.96,2.214,8.376
2026-04-03T15:07:50.798Z,35.587,pi:0,sports ball,0.5997,841.42,387.03,1011.99,564.84,2.316,-0.744
2026-04-03T15:07:50.839Z,35.628,pi:0,sports ball,0.6034,1143.05,365.51,1270.48,551.25,2.217,8.344
2026-04-03T15:07:50.839Z,35.628,pi:0,sports ball,0.5178,842.21,386.11,1011.98,564.61,2.307,-0.731
2026-04-03T15:07:50.879Z,35.668,pi:0,sports ball,0.4991,1145.07,365.61,1270.71,551.05,2.220,8.380
2026-04-03T15:07:50.879Z,35.668,pi:0,sports ball,0.4433,841.79,387.12,1009.45,565.05,2.314,-0.779
2026-04-03T15:07:50.923Z,35.712,pi:0,sports ball,0.4582,841.11,386.21,1010.55,564.99,2.303,-0.773
2026-04-03T15:07:50.923Z,35.712,pi:0,sports ball,0.4097,1143.99,365.05,1270.40,552.07,2.201,8.357
2026-04-03T15:07:50.961Z,35.751,pi:0,sports ball,0.4284,840.63,387.20,1011.12,564.15,2.327,-0.771
2026-04-03T15:07:50.961Z,35.751,pi:0,sports ball,0.3948,1144.08,364.96,1270.00,552.40,2.197,8.353
2026-04-03T15:07:51.054Z,35.843,pi:0,sports ball,0.4805,841.88,388.07,1011.06,565.00,2.327,-0.752
2026-04-03T15:07:51.054Z,35.843,pi:0,sports ball,0.4544,1145.01,365.01,1269.12,552.18,2.200,8.353
2026-04-03T15:07:51.085Z,35.874,pi:0,sports ball,0.5774,1145.05,365.58,1267.82,552.07,2.208,8.333
2026-04-03T15:07:51.085Z,35.874,pi:0,sports ball,0.5662,841.78,387.18,1010.54,564.82,2.318,-0.762
2026-04-03T15:07:51.125Z,35.914,pi:0,sports ball,0.5066,840.93,388.18,1008.34,565.09,2.327,-0.811
2026-04-03T15:07:51.125Z,35.914,pi:0,sports ball,0.4693,1144.06,364.96,1268.91,551.44,2.208,8.335
2026-04-03T15:07:51.165Z,35.954,pi:0,sports ball,0.5029,1144.02,365.10,1268.28,551.99,2.203,8.324
2026-04-03T15:07:51.165Z,35.954,pi:0,sports ball,0.3874,843.40,385.95,1010.77,564.59,2.305,-0.732
2026-04-03T15:07:51.211Z,36.001,pi:0,sports ball,0.4842,1145.13,364.96,1268.38,553.06,2.189,8.343
2026-04-03T15:07:51.211Z,36.001,pi:0,sports ball,0.4470,841.24,387.08,1014.56,564.96,2.315,-0.705
2026-04-03T15:07:51.243Z,36.032,pi:0,sports ball,0.5625,1143.99,366.19,1267.89,551.94,2.216,8.317
2026-04-03T15:07:51.243Z,36.032,pi:0,sports ball,0.4544,840.65,388.14,1013.67,564.49,2.335,-0.729
2026-04-03T15:07:51.327Z,36.116,pi:0,sports ball,0.5476,840.52,387.18,1012.18,564.29,2.325,-0.756
2026-04-03T15:07:51.327Z,36.116,pi:0,sports ball,0.4433,1144.10,364.94,1267.33,552.91,2.190,8.310
2026-04-03T15:07:51.386Z,36.175,pi:0,sports ball,0.5364,1146.21,364.90,1267.34,552.96,2.189,8.344
2026-04-03T15:07:51.386Z,36.175,pi:0,sports ball,0.4284,841.36,387.18,1011.88,564.99,2.315,-0.747
2026-04-03T15:07:51.421Z,36.210,pi:0,sports ball,0.5513,840.91,387.18,1012.52,564.26,2.325,-0.744
2026-04-03T15:07:51.421Z,36.210,pi:0,sports ball,0.4768,1146.21,364.33,1266.88,552.05,2.193,8.337
2026-04-03T15:07:51.450Z,36.239,pi:0,sports ball,0.5252,840.66,387.19,1013.70,564.74,2.319,-0.728
2026-04-03T15:07:51.450Z,36.239,pi:0,sports ball,0.4433,1146.23,364.94,1265.85,552.05,2.200,8.321
2026-04-03T15:07:51.482Z,36.272,pi:0,sports ball,0.5587,1144.02,365.02,1265.83,552.71,2.194,8.285
2026-04-03T15:07:51.482Z,36.272,pi:0,sports ball,0.5476,840.23,388.19,1014.75,564.51,2.335,-0.718
2026-04-03T15:07:51.518Z,36.307,pi:0,sports ball,0.4880,840.75,387.18,1013.76,563.98,2.329,-0.726
2026-04-03T15:07:51.518Z,36.307,pi:0,sports ball,0.4097,1146.18,364.34,1265.33,552.05,2.193,8.311
2026-04-03T15:07:51.558Z,36.347,pi:0,sports ball,0.6109,841.53,387.17,1012.29,564.46,2.322,-0.737
2026-04-03T15:07:51.558Z,36.347,pi:0,sports ball,0.5364,1146.13,365.63,1264.56,551.87,2.211,8.298
2026-04-03T15:07:51.597Z,36.386,pi:0,sports ball,0.5550,1146.21,364.31,1265.33,551.15,2.204,8.312
2026-04-03T15:07:51.597Z,36.386,pi:0,sports ball,0.4358,842.09,387.09,1009.59,565.78,2.304,-0.772
2026-04-03T15:07:51.641Z,36.430,pi:0,sports ball,0.4917,1145.07,365.69,1265.75,551.93,2.211,8.300
2026-04-03T15:07:51.641Z,36.430,pi:0,sports ball,0.4880,840.92,387.14,1013.76,564.49,2.322,-0.723
2026-04-03T15:07:51.680Z,36.469,pi:0,sports ball,0.4954,1143.99,365.05,1265.75,551.93,2.203,8.283
2026-04-03T15:07:51.680Z,36.469,pi:0,sports ball,0.4880,840.64,388.18,1015.40,564.45,2.336,-0.701
2026-04-03T15:07:51.718Z,36.507,pi:0,sports ball,0.4731,840.75,388.19,1014.50,564.58,2.334,-0.714
2026-04-03T15:07:51.718Z,36.507,pi:0,sports ball,0.4693,1145.07,365.02,1265.64,552.71,2.194,8.298
2026-04-03T15:07:51.756Z,36.545,pi:0,sports ball,0.5252,1145.11,364.27,1265.90,552.10,2.192,8.303
2026-04-03T15:07:51.756Z,36.545,pi:0,sports ball,0.4507,840.24,389.22,1013.96,564.27,2.352,-0.731
2026-04-03T15:07:51.792Z,36.581,pi:0,sports ball,0.4209,1145.16,363.64,1264.67,553.83,2.165,8.284
2026-04-03T15:07:51.792Z,36.581,pi:0,sports ball,0.3799,843.14,386.92,1010.64,564.56,2.318,-0.738
2026-04-03T15:07:51.829Z,36.618,pi:0,sports ball,0.4470,840.67,388.17,1013.71,564.49,2.335,-0.728
2026-04-03T15:07:51.829Z,36.618,pi:0,sports ball,0.3725,1146.20,364.32,1264.74,551.24,2.203,8.302
2026-04-03T15:07:51.869Z,36.658,pi:0,sports ball,0.4656,840.21,387.18,1017.01,564.86,2.317,-0.682
2026-04-03T15:07:51.869Z,36.658,pi:0,sports ball,0.4619,1145.16,364.28,1264.13,552.15,2.191,8.276
2026-04-03T15:07:51.911Z,36.700,pi:0,sports ball,0.4954,1144.11,363.66,1264.67,552.14,2.184,8.268
2026-04-03T15:07:51.911Z,36.700,pi:0,sports ball,0.4135,841.67,387.17,1010.70,564.49,2.322,-0.761
2026-04-03T15:07:51.949Z,36.738,pi:0,sports ball,0.5066,842.49,387.11,1007.09,564.99,2.315,-0.806
2026-04-03T15:07:51.949Z,36.738,pi:0,sports ball,0.4395,1146.24,363.74,1264.63,553.78,2.166,8.301
2026-04-03T15:07:51.988Z,36.777,pi:0,sports ball,0.3911,840.27,387.17,1013.51,564.17,2.326,-0.738
2026-04-03T15:07:51.988Z,36.777,pi:0,sports ball,0.3799,1144.03,364.48,1266.28,551.03,2.207,8.292
2026-04-03T15:07:52.027Z,36.816,pi:0,sports ball,0.4470,1146.22,363.66,1264.63,553.06,2.174,8.301
2026-04-03T15:07:52.027Z,36.816,pi:0,sports ball,0.4395,841.10,386.18,1011.91,564.70,2.306,-0.750
2026-04-03T15:07:52.063Z,36.852,pi:0,sports ball,0.4246,841.34,387.18,1010.89,564.83,2.318,-0.763
2026-04-03T15:07:52.063Z,36.852,pi:0,sports ball,0.3874,1145.16,364.31,1265.90,553.01,2.182,8.304
2026-04-03T15:07:52.104Z,36.893,pi:0,sports ball,0.4395,841.73,386.20,1012.02,564.13,2.314,-0.738
2026-04-03T15:07:52.104Z,36.893,pi:0,sports ball,0.4358,1144.04,365.04,1266.28,551.91,2.203,8.292
2026-04-03T15:07:52.162Z,36.951,pi:0,sports ball,0.4097,840.46,387.16,1012.76,563.67,2.332,-0.747
2026-04-03T15:07:52.162Z,36.951,pi:0,sports ball,0.3874,1144.00,366.17,1265.70,551.00,2.228,8.282
2026-04-03T15:07:52.218Z,37.007,pi:0,sports ball,0.3986,1145.16,364.37,1265.90,551.19,2.204,8.304
2026-04-03T15:07:52.218Z,37.007,pi:0,sports ball,0.3948,841.36,386.22,1010.82,564.49,2.309,-0.764
2026-04-03T15:07:52.259Z,37.048,pi:0,sports ball,0.4842,1145.06,365.57,1266.33,550.97,2.221,8.310
2026-04-03T15:07:52.259Z,37.048,pi:0,sports ball,0.4619,841.55,387.17,1011.90,564.58,2.321,-0.743
2026-04-03T15:07:52.297Z,37.086,pi:0,sports ball,0.4470,841.49,387.17,1012.03,564.44,2.323,-0.742
2026-04-03T15:07:52.297Z,37.086,pi:0,sports ball,0.4097,1143.99,365.60,1266.32,551.88,2.210,8.292
2026-04-03T15:07:52.339Z,37.128,pi:0,sports ball,0.5997,1144.10,364.93,1265.24,553.83,2.180,8.277
2026-04-03T15:07:52.339Z,37.128,pi:0,sports ball,0.5401,842.37,386.13,1010.58,565.38,2.297,-0.752
2026-04-03T15:07:52.377Z,37.166,pi:0,sports ball,0.5066,842.06,386.14,1008.35,564.93,2.303,-0.793
2026-04-03T15:07:52.377Z,37.166,pi:0,sports ball,0.4768,1144.07,364.93,1266.35,553.84,2.179,8.294
2026-04-03T15:07:52.416Z,37.205,pi:0,sports ball,0.5066,841.39,387.18,1011.87,564.66,2.320,-0.746
2026-04-03T15:07:52.416Z,37.205,pi:0,sports ball,0.4805,1144.01,365.56,1265.83,551.85,2.210,8.285
2026-04-03T15:07:52.456Z,37.245,pi:0,sports ball,0.4917,840.95,387.18,1011.08,564.31,2.324,-0.766
2026-04-03T15:07:52.456Z,37.245,pi:0,sports ball,0.4656,1143.96,365.08,1267.39,551.86,2.204,8.309
2026-04-03T15:07:52.494Z,37.283,pi:0,sports ball,0.4470,1145.03,365.02,1266.73,551.88,2.203,8.315
2026-04-03T15:07:52.494Z,37.283,pi:0,sports ball,0.4395,840.49,388.01,1013.22,565.19,2.324,-0.739
2026-04-03T15:07:52.530Z,37.319,pi:0,sports ball,0.4656,841.55,387.18,1012.10,564.60,2.320,-0.740
2026-04-03T15:07:52.530Z,37.319,pi:0,sports ball,0.3911,1143.95,365.67,1267.33,551.95,2.210,8.308
2026-04-03T15:07:52.575Z,37.364,pi:0,sports ball,0.5140,840.24,388.18,1013.72,563.99,2.342,-0.735
2026-04-03T15:07:52.575Z,37.364,pi:0,sports ball,0.3688,1144.99,365.57,1267.39,551.95,2.209,8.325
2026-04-03T15:07:52.612Z,37.401,pi:0,sports ball,0.5215,840.66,388.15,1012.40,564.30,2.337,-0.750
2026-04-03T15:07:52.612Z,37.401,pi:0,sports ball,0.4135,1145.00,365.07,1266.37,552.78,2.193,8.309
2026-04-03T15:07:52.651Z,37.440,pi:0,sports ball,0.4209,840.70,388.16,1012.44,564.45,2.335,-0.748
2026-04-03T15:07:52.651Z,37.440,pi:0,sports ball,0.3948,1146.21,364.27,1265.91,553.09,2.181,8.321
2026-04-03T15:07:52.691Z,37.480,pi:0,sports ball,0.4582,840.64,387.16,1015.07,564.43,2.323,-0.706
2026-04-03T15:07:52.691Z,37.480,pi:0,sports ball,0.3874,1146.04,365.06,1265.83,551.11,2.213,8.317
2026-04-03T15:07:52.731Z,37.520,pi:0,sports ball,0.5103,1143.93,365.00,1265.78,551.94,2.202,8.283
2026-04-03T15:07:52.731Z,37.520,pi:0,sports ball,0.4917,841.96,387.09,1009.42,564.95,2.315,-0.777
2026-04-03T15:07:52.763Z,37.552,pi:0,sports ball,0.4842,1145.12,363.63,1266.94,553.08,2.173,8.320
2026-04-03T15:07:52.763Z,37.552,pi:0,sports ball,0.4619,840.44,389.24,1013.70,564.44,2.350,-0.732
2026-04-03T15:07:52.852Z,37.641,pi:0,sports ball,0.4246,1143.96,365.03,1265.79,551.91,2.203,8.283
2026-04-03T15:07:52.852Z,37.641,pi:0,sports ball,0.4135,840.48,388.18,1013.63,564.61,2.334,-0.732
2026-04-03T15:07:52.894Z,37.683,pi:0,sports ball,0.4544,841.11,388.19,1011.39,564.15,2.340,-0.759
2026-04-03T15:07:52.894Z,37.683,pi:0,sports ball,0.3576,1145.01,365.03,1265.79,551.94,2.203,8.300
2026-04-03T15:07:52.929Z,37.718,pi:0,sports ball,0.4544,1145.12,364.25,1266.93,553.07,2.180,8.320
2026-04-03T15:07:52.929Z,37.718,pi:0,sports ball,0.4209,840.21,387.16,1012.52,564.16,2.326,-0.755
2026-04-03T15:07:52.993Z,37.782,pi:0,sports ball,0.4470,1145.02,365.55,1267.39,551.94,2.209,8.326
2026-04-03T15:07:52.993Z,37.782,pi:0,sports ball,0.3688,840.87,387.19,1013.09,564.65,2.320,-0.735
2026-04-03T15:07:53.045Z,37.834,pi:0,sports ball,0.4656,841.56,387.01,1009.72,564.90,2.314,-0.779
2026-04-03T15:07:53.045Z,37.834,pi:0,sports ball,0.3539,1145.07,365.57,1267.33,551.94,2.209,8.326
2026-04-03T15:07:53.084Z,37.873,pi:0,sports ball,0.3762,841.59,386.21,1010.82,565.13,2.301,-0.760
2026-04-03T15:07:53.084Z,37.873,pi:0,sports ball,0.3464,1146.23,364.91,1267.05,553.15,2.187,8.340
2026-04-03T15:07:53.130Z,37.919,pi:0,sports ball,0.4731,1144.98,365.00,1266.37,553.63,2.183,8.309
2026-04-03T15:07:53.130Z,37.919,pi:0,sports ball,0.4619,840.21,388.18,1012.43,564.46,2.336,-0.756
2026-04-03T15:07:53.164Z,37.953,pi:0,sports ball,0.4544,1145.00,364.97,1266.87,551.97,2.202,8.317
2026-04-03T15:07:53.164Z,37.953,pi:0,sports ball,0.4097,843.54,386.91,1009.51,565.27,2.308,-0.750
2026-04-03T15:07:53.203Z,37.992,pi:0,sports ball,0.4507,1146.20,364.29,1266.93,553.90,2.171,8.337
2026-04-03T15:07:53.203Z,37.992,pi:0,sports ball,0.3874,840.40,387.18,1015.02,564.60,2.321,-0.711
2026-04-03T15:07:53.262Z,38.051,pi:0,sports ball,0.4358,1143.95,364.46,1266.73,551.97,2.196,8.298
2026-04-03T15:07:53.262Z,38.051,pi:0,sports ball,0.3911,842.28,385.91,1009.58,564.23,2.309,-0.769
2026-04-03T15:07:53.332Z,38.121,pi:0,sports ball,0.4842,1144.95,364.97,1266.32,551.97,2.202,8.308
2026-04-03T15:07:53.332Z,38.121,pi:0,sports ball,0.4507,840.25,387.19,1012.59,564.15,2.327,-0.753
2026-04-03T15:07:53.371Z,38.161,pi:0,sports ball,0.5140,841.13,387.05,1012.08,565.27,2.310,-0.747
2026-04-03T15:07:53.371Z,38.161,pi:0,sports ball,0.4917,1146.22,363.62,1265.85,551.24,2.195,8.320
2026-04-03T15:07:53.414Z,38.203,pi:0,sports ball,0.3315,1146.19,364.90,1265.91,553.08,2.188,8.321
2026-04-03T15:07:53.414Z,38.203,pi:0,sports ball,0.3315,840.69,387.20,1010.72,564.49,2.322,-0.777
2026-04-03T15:07:53.448Z,38.237,pi:0,sports ball,0.4172,1146.19,363.65,1266.39,553.89,2.164,8.328
2026-04-03T15:07:53.448Z,38.237,pi:0,sports ball,0.3874,842.65,385.91,1009.47,564.35,2.307,-0.765
2026-04-03T15:07:53.493Z,38.282,pi:0,sports ball,0.3017,1145.17,364.93,1266.50,553.02,2.189,8.314
2026-04-03T15:07:53.493Z,38.282,pi:0,sports ball,0.3017,840.20,387.21,1014.75,564.33,2.324,-0.719
2026-04-03T15:07:53.531Z,38.320,pi:0,sports ball,0.4433,841.95,387.10,1009.48,565.02,2.314,-0.776
2026-04-03T15:07:53.531Z,38.320,pi:0,sports ball,0.4284,1143.97,365.66,1267.33,552.84,2.200,8.308
2026-04-03T15:07:53.566Z,38.356,pi:0,sports ball,0.3986,842.08,387.08,1008.36,565.42,2.309,-0.792
2026-04-03T15:07:53.566Z,38.356,pi:0,sports ball,0.3501,1146.13,365.62,1267.39,551.94,2.210,8.344
2026-04-03T15:07:53.610Z,38.399,pi:0,sports ball,0.5252,1146.23,364.93,1267.38,553.83,2.180,8.345
2026-04-03T15:07:53.610Z,38.399,pi:0,sports ball,0.5178,840.52,388.19,1014.65,564.47,2.336,-0.715
2026-04-03T15:07:53.654Z,38.443,pi:0,sports ball,0.4433,1145.03,365.60,1267.71,553.61,2.190,8.331
2026-04-03T15:07:53.654Z,38.443,pi:0,sports ball,0.4135,840.21,387.19,1014.75,564.16,2.327,-0.719
2026-04-03T15:07:53.789Z,38.578,pi:0,sports ball,0.4731,842.23,387.11,1009.46,565.14,2.313,-0.772
2026-04-03T15:07:53.789Z,38.578,pi:0,sports ball,0.4582,1143.99,365.04,1267.39,553.65,2.183,8.309
2026-04-03T15:07:53.828Z,38.617,pi:0,sports ball,0.4805,842.10,387.10,1009.46,565.00,2.314,-0.774
2026-04-03T15:07:53.828Z,38.617,pi:0,sports ball,0.3613,1145.01,364.42,1264.55,551.94,2.196,8.280
2026-04-03T15:07:53.864Z,38.653,pi:0,sports ball,0.4395,841.51,386.08,1012.38,565.27,2.298,-0.736
2026-04-03T15:07:53.864Z,38.653,pi:0,sports ball,0.3911,1143.97,365.08,1265.12,551.00,2.215,8.273
2026-04-03T15:07:53.903Z,38.692,pi:0,sports ball,0.3799,1146.23,364.91,1264.68,551.19,2.210,8.302
2026-04-03T15:07:53.903Z,38.692,pi:0,sports ball,0.3725,841.22,387.06,1010.98,565.20,2.311,-0.764
2026-04-03T15:07:53.930Z,38.719,pi:0,sports ball,0.4544,1143.97,364.44,1266.27,550.95,2.208,8.291
2026-04-03T15:07:53.930Z,38.719,pi:0,sports ball,0.4507,840.85,388.20,1012.78,564.93,2.330,-0.740
2026-04-03T15:07:53.980Z,38.769,pi:0,sports ball,0.4246,842.08,387.18,1010.71,564.87,2.317,-0.754
2026-04-03T15:07:53.980Z,38.769,pi:0,sports ball,0.4060,1146.23,364.28,1266.09,552.09,2.192,8.324
2026-04-03T15:07:54.014Z,38.803,pi:0,sports ball,0.5178,841.21,388.21,1011.54,563.97,2.342,-0.755
2026-04-03T15:07:54.014Z,38.803,pi:0,sports ball,0.4172,1146.21,363.68,1267.05,551.25,2.195,8.339
2026-04-03T15:07:54.048Z,38.837,pi:0,sports ball,0.4880,840.49,387.19,1012.78,564.50,2.322,-0.746
2026-04-03T15:07:54.048Z,38.837,pi:0,sports ball,0.3986,1145.11,364.28,1267.57,552.96,2.182,8.330
2026-04-03T15:07:54.089Z,38.878,pi:0,sports ball,0.5252,841.96,386.14,1009.45,565.14,2.300,-0.777
2026-04-03T15:07:54.089Z,38.878,pi:0,sports ball,0.4805,1145.13,364.90,1268.25,552.96,2.189,8.341
2026-04-03T15:07:54.130Z,38.919,pi:0,sports ball,0.5066,1144.05,364.89,1268.07,553.00,2.189,8.321
2026-04-03T15:07:54.130Z,38.919,pi:0,sports ball,0.4880,842.22,388.11,1012.24,565.10,2.326,-0.727
2026-04-03T15:07:54.167Z,38.957,pi:0,sports ball,0.5513,841.28,388.18,1013.84,564.43,2.336,-0.716
2026-04-03T15:07:54.167Z,38.957,pi:0,sports ball,0.4358,1145.17,364.27,1268.46,553.78,2.173,8.345
2026-04-03T15:07:54.209Z,38.998,pi:0,sports ball,0.5438,840.91,388.19,1011.31,564.15,2.340,-0.763
2026-04-03T15:07:54.209Z,38.998,pi:0,sports ball,0.4246,1145.16,364.32,1268.46,553.02,2.182,8.345
2026-04-03T15:07:54.248Z,39.038,pi:0,sports ball,0.4731,1145.17,364.31,1268.69,552.94,2.183,8.349
2026-04-03T15:07:54.248Z,39.038,pi:0,sports ball,0.4060,841.35,387.18,1013.18,564.47,2.322,-0.726
2026-04-03T15:07:54.290Z,39.079,pi:0,sports ball,0.4060,840.44,388.19,1012.63,563.96,2.342,-0.750
2026-04-03T15:07:54.290Z,39.079,pi:0,sports ball,0.3762,1146.21,364.96,1270.66,552.97,2.190,8.397
2026-04-03T15:07:54.330Z,39.119,pi:0,sports ball,0.3799,841.68,386.19,1013.25,564.88,2.304,-0.719
2026-04-03T15:07:54.330Z,39.119,pi:0,sports ball,0.3762,1144.00,366.11,1271.20,552.82,2.205,8.370
2026-04-03T15:07:54.364Z,39.153,pi:0,sports ball,0.4842,841.19,387.18,1013.08,564.28,2.325,-0.730
2026-04-03T15:07:54.364Z,39.153,pi:0,sports ball,0.4544,1144.94,365.50,1270.91,551.92,2.209,8.381
2026-04-03T15:07:54.401Z,39.190,pi:0,sports ball,0.4395,1145.15,364.94,1270.91,553.00,2.189,8.384
2026-04-03T15:07:54.401Z,39.190,pi:0,sports ball,0.4395,841.72,387.05,1012.19,565.52,2.307,-0.736
2026-04-03T15:07:54.443Z,39.232,pi:0,sports ball,0.4470,841.39,387.03,1010.98,565.10,2.312,-0.761
2026-04-03T15:07:54.443Z,39.232,pi:0,sports ball,0.3613,1146.21,364.31,1271.48,552.98,2.182,8.410
2026-04-03T15:07:54.484Z,39.273,pi:0,sports ball,0.4619,841.89,386.21,1011.81,564.45,2.310,-0.739
2026-04-03T15:07:54.484Z,39.273,pi:0,sports ball,0.2980,1145.05,364.26,1271.89,553.06,2.181,8.398
2026-04-03T15:07:54.522Z,39.311,pi:0,sports ball,0.4731,840.01,388.17,1012.56,564.48,2.335,-0.758
2026-04-03T15:07:54.522Z,39.311,pi:0,sports ball,0.4433,1144.00,365.71,1272.59,551.93,2.211,8.393
2026-04-03T15:07:54.580Z,39.370,pi:0,sports ball,0.4693,841.95,386.13,1009.58,565.82,2.291,-0.775
2026-04-03T15:07:54.580Z,39.370,pi:0,sports ball,0.3576,1145.13,364.30,1273.04,553.03,2.182,8.418
2026-04-03T15:07:54.646Z,39.435,pi:0,sports ball,0.5215,840.48,387.17,1013.63,564.53,2.321,-0.733
2026-04-03T15:07:54.646Z,39.435,pi:0,sports ball,0.3390,1145.11,365.51,1273.25,552.93,2.197,8.421
2026-04-03T15:07:54.686Z,39.475,pi:0,sports ball,0.4954,842.45,387.09,1009.45,565.71,2.305,-0.769
2026-04-03T15:07:54.686Z,39.475,pi:0,sports ball,0.4619,1146.15,364.95,1273.97,553.80,2.180,8.449
2026-04-03T15:07:54.725Z,39.514,pi:0,sports ball,0.4954,841.56,387.15,1011.94,564.47,2.322,-0.742
2026-04-03T15:07:54.725Z,39.514,pi:0,sports ball,0.4395,1145.03,364.92,1273.84,552.91,2.190,8.429
2026-04-03T15:07:54.763Z,39.552,pi:0,sports ball,0.4172,841.32,386.18,1011.87,564.73,2.306,-0.747
2026-04-03T15:07:54.763Z,39.552,pi:0,sports ball,0.3501,1146.16,364.92,1274.88,553.76,2.180,8.464
2026-04-03T15:07:54.803Z,39.593,pi:0,sports ball,0.3799,840.18,387.17,1014.86,564.67,2.320,-0.717
2026-04-03T15:07:54.803Z,39.593,pi:0,sports ball,0.2868,1143.95,365.66,1273.82,552.84,2.200,8.411
2026-04-03T15:07:54.844Z,39.633,pi:0,sports ball,0.3539,841.76,386.06,1009.57,565.13,2.299,-0.778
2026-04-03T15:07:54.844Z,39.633,pi:0,sports ball,0.2905,1143.98,365.65,1274.36,553.61,2.190,8.421
2026-04-03T15:07:54.884Z,39.674,pi:0,sports ball,0.4619,841.26,386.20,1011.84,564.88,2.304,-0.749
2026-04-03T15:07:54.884Z,39.674,pi:0,sports ball,0.3241,1145.08,364.94,1273.53,552.91,2.190,8.425
2026-04-03T15:07:54.924Z,39.714,pi:0,sports ball,0.3799,840.40,386.23,1013.73,564.66,2.307,-0.732
2026-04-03T15:07:54.924Z,39.714,pi:0,sports ball,0.3650,1145.10,366.04,1273.42,553.68,2.194,8.423
2026-04-03T15:07:54.965Z,39.754,pi:0,sports ball,0.4135,839.77,387.17,1012.50,564.39,2.323,-0.763
2026-04-03T15:07:54.965Z,39.754,pi:0,sports ball,0.2905,1146.00,365.02,1274.45,552.90,2.191,8.454
2026-04-03T15:07:55.008Z,39.797,pi:0,sports ball,0.4433,840.43,388.20,1016.16,564.91,2.330,-0.692
2026-04-03T15:07:55.008Z,39.797,pi:0,sports ball,0.3576,1144.07,366.04,1273.11,552.82,2.204,8.402
2026-04-03T15:07:55.046Z,39.835,pi:0,sports ball,0.4023,842.74,385.90,1010.68,565.41,2.294,-0.744
2026-04-03T15:07:55.046Z,39.835,pi:0,sports ball,0.3464,1145.10,365.52,1273.03,553.76,2.187,8.417
2026-04-03T15:07:55.084Z,39.874,pi:0,sports ball,0.4321,841.16,386.20,1011.93,564.86,2.305,-0.749
2026-04-03T15:07:55.084Z,39.874,pi:0,sports ball,0.4135,1144.09,365.57,1273.11,553.75,2.188,8.402
2026-04-03T15:07:55.125Z,39.914,pi:0,sports ball,0.4395,840.19,387.18,1013.73,564.91,2.317,-0.736
2026-04-03T15:07:55.125Z,39.914,pi:0,sports ball,0.4172,1146.22,364.96,1273.83,552.93,2.190,8.448
2026-04-03T15:07:55.164Z,39.953,pi:0,sports ball,0.4582,841.53,386.20,1011.99,565.48,2.297,-0.742
2026-04-03T15:07:55.164Z,39.953,pi:0,sports ball,0.4060,1145.17,364.36,1273.11,552.93,2.183,8.420
2026-04-03T15:07:55.203Z,39.992,pi:0,sports ball,0.5215,840.47,387.18,1013.51,564.63,2.320,-0.735
2026-04-03T15:07:55.203Z,39.992,pi:0,sports ball,0.3837,1144.09,366.08,1273.69,553.71,2.194,8.412
2026-04-03T15:07:55.247Z,40.036,pi:0,sports ball,0.4731,840.49,388.20,1012.34,564.32,2.338,-0.753
2026-04-03T15:07:55.247Z,40.036,pi:0,sports ball,0.4172,1146.20,364.99,1274.15,553.82,2.180,8.453
2026-04-03T15:07:55.284Z,40.073,pi:0,sports ball,0.4582,840.45,388.16,1012.46,564.45,2.335,-0.752
2026-04-03T15:07:55.284Z,40.073,pi:0,sports ball,0.3911,1146.18,364.96,1273.98,553.02,2.189,8.450
2026-04-03T15:07:55.342Z,40.131,pi:0,sports ball,0.3501,1146.21,365.58,1274.30,553.72,2.188,8.455
2026-04-03T15:07:55.342Z,40.131,pi:0,sports ball,0.2980,839.94,387.16,1014.92,564.14,2.326,-0.720
2026-04-03T15:07:55.379Z,40.168,pi:0,sports ball,0.4544,840.45,387.19,1012.70,564.34,2.324,-0.748
2026-04-03T15:07:55.379Z,40.168,pi:0,sports ball,0.4060,1145.11,366.04,1275.25,552.88,2.204,8.453
2026-04-03T15:07:55.418Z,40.207,pi:0,sports ball,0.5252,839.99,387.19,1012.22,564.47,2.322,-0.764
2026-04-03T15:07:55.418Z,40.207,pi:0,sports ball,0.3948,1145.12,365.54,1276.40,552.87,2.198,8.471
2026-04-03T15:07:55.456Z,40.245,pi:0,sports ball,0.4172,841.49,386.21,1010.90,565.38,2.298,-0.761
2026-04-03T15:07:55.456Z,40.245,pi:0,sports ball,0.2980,1143.97,366.25,1277.74,552.97,2.205,8.474
2026-04-03T15:07:55.492Z,40.281,pi:0,sports ball,0.4842,840.39,388.19,1014.64,564.93,2.329,-0.717
2026-04-03T15:07:55.492Z,40.281,pi:0,sports ball,0.3464,1144.07,365.54,1278.74,553.68,2.188,8.492
2026-04-03T15:07:55.538Z,40.327,pi:0,sports ball,0.4284,841.94,386.13,1009.57,565.64,2.294,-0.775
2026-04-03T15:07:55.538Z,40.327,pi:0,sports ball,0.2831,1145.01,366.52,1279.01,550.15,2.242,8.511
2026-04-03T15:07:55.562Z,40.351,pi:0,sports ball,0.4097,842.36,386.13,1010.67,565.05,2.301,-0.750
2026-04-03T15:07:55.562Z,40.351,pi:0,sports ball,0.3948,1144.97,366.60,1281.11,552.79,2.211,8.544
2026-04-03T15:07:55.589Z,40.378,pi:0,sports ball,0.4991,841.92,387.10,1009.46,565.23,2.311,-0.777
2026-04-03T15:07:55.589Z,40.378,pi:0,sports ball,0.2980,1146.12,365.52,1281.02,552.96,2.197,8.561
2026-04-03T15:07:55.644Z,40.433,pi:0,sports ball,0.4097,840.16,387.17,1014.86,564.54,2.321,-0.718
2026-04-03T15:07:55.644Z,40.433,pi:0,sports ball,0.2794,1144.99,366.52,1280.38,552.04,2.219,8.533
2026-04-03T15:07:55.683Z,40.472,pi:0,sports ball,0.4395,842.09,388.09,1009.64,564.81,2.330,-0.771
2026-04-03T15:07:55.683Z,40.472,pi:0,sports ball,0.3390,1144.10,366.06,1281.75,552.05,2.214,8.541
2026-04-03T15:07:55.720Z,40.510,pi:0,sports ball,0.4060,840.23,387.18,1011.26,564.54,2.321,-0.775
2026-04-03T15:07:55.720Z,40.510,pi:0,sports ball,0.2868,1143.85,366.30,1279.59,551.99,2.217,8.502
2026-04-03T15:07:55.748Z,40.537,pi:0,sports ball,0.5029,840.23,387.16,1013.40,564.36,2.323,-0.740
2026-04-03T15:07:55.748Z,40.537,pi:0,sports ball,0.3539,1145.03,366.25,1279.01,552.80,2.207,8.512
2026-04-03T15:07:55.790Z,40.579,pi:0,sports ball,0.4917,840.25,388.18,1012.27,564.53,2.335,-0.758
2026-04-03T15:07:55.790Z,40.579,pi:0,sports ball,0.2980,1144.98,366.03,1279.79,551.95,2.214,8.523
2026-04-03T15:07:55.825Z,40.614,pi:0,sports ball,0.3576,839.98,387.20,1012.43,563.80,2.331,-0.760
2026-04-03T15:07:55.873Z,40.662,pi:0,sports ball,0.5625,840.74,388.20,1012.46,564.50,2.335,-0.747
2026-04-03T15:07:55.873Z,40.662,pi:0,sports ball,0.4321,1145.14,364.98,1279.53,553.75,2.181,8.522
2026-04-03T15:07:55.911Z,40.700,pi:0,sports ball,0.4582,840.65,387.16,1013.81,564.48,2.322,-0.727
2026-04-03T15:07:55.911Z,40.700,pi:0,sports ball,0.2980,1144.96,366.27,1278.91,552.91,2.206,8.509
2026-04-03T15:07:55.962Z,40.752,pi:0,sports ball,0.4768,842.03,387.12,1009.45,565.62,2.307,-0.775
2026-04-03T15:07:55.962Z,40.752,pi:0,sports ball,0.2868,1144.94,366.75,1278.90,552.88,2.212,8.508
2026-04-03T15:07:56.029Z,40.818,pi:0,sports ball,0.3352,842.17,385.91,1010.72,564.38,2.307,-0.752
2026-04-03T15:07:56.029Z,40.818,pi:0,sports ball,0.2533,1143.90,365.77,1279.61,552.85,2.201,8.503
2026-04-03T15:07:56.069Z,40.858,pi:0,sports ball,0.3799,841.25,386.19,1011.89,565.01,2.302,-0.748
2026-04-03T15:07:56.069Z,40.858,pi:0,sports ball,0.3129,1145.15,364.94,1281.83,553.81,2.180,8.558
2026-04-03T15:07:56.113Z,40.902,pi:0,sports ball,0.4433,840.88,387.18,1012.22,565.00,2.315,-0.749
2026-04-03T15:07:56.113Z,40.902,pi:0,sports ball,0.2719,1144.94,366.28,1284.30,552.01,2.217,8.595
2026-04-03T15:07:56.151Z,40.940,pi:0,sports ball,0.4250,841.55,386.69,1004.95,563.17,2.333,-0.857
2026-04-03T15:07:56.151Z,40.940,pi:0,sports ball,0.3017,1143.89,365.73,1283.53,552.89,2.200,8.566
2026-04-03T15:07:56.189Z,40.978,pi:0,sports ball,0.4433,841.94,387.11,1008.25,564.97,2.315,-0.796
2026-04-03T15:07:56.189Z,40.978,pi:0,sports ball,0.3390,1145.11,365.54,1286.18,553.99,2.185,8.627
2026-04-03T15:07:56.243Z,41.032,pi:0,sports ball,0.4805,840.25,388.21,1012.39,563.99,2.342,-0.756
2026-04-03T15:07:56.243Z,41.032,pi:0,sports ball,0.4172,1143.95,365.65,1285.24,552.81,2.200,8.594
2026-04-03T15:07:56.285Z,41.074,pi:0,sports ball,0.4246,840.47,387.19,1013.82,563.98,2.329,-0.730
2026-04-03T15:07:56.285Z,41.074,pi:0,sports ball,0.3427,1143.92,366.71,1285.27,552.91,2.211,8.594
2026-04-03T15:07:56.370Z,41.159,pi:0,sports ball,0.4507,843.13,385.90,1009.41,564.43,2.306,-0.758
2026-04-03T15:07:56.370Z,41.159,pi:0,sports ball,0.2533,1144.94,365.11,1285.24,552.98,2.191,8.610
2026-04-03T15:07:56.400Z,41.189,pi:0,sports ball,0.4284,843.14,385.92,1010.56,564.33,2.308,-0.739
2026-04-03T15:07:56.449Z,41.238,pi:0,sports ball,0.5140,840.70,388.20,1009.75,564.63,2.334,-0.792
2026-04-03T15:07:56.480Z,41.270,pi:0,sports ball,0.4470,841.20,387.04,1012.18,565.29,2.310,-0.744
2026-04-03T15:07:56.480Z,41.270,pi:0,sports ball,0.3054,1142.88,366.04,1286.35,552.98,2.202,8.594
2026-04-03T15:07:56.522Z,41.311,pi:0,sports ball,0.4880,840.64,387.18,1012.40,564.45,2.323,-0.750
2026-04-03T15:07:56.522Z,41.311,pi:0,sports ball,0.3315,1146.14,365.53,1288.19,553.90,2.186,8.676
2026-04-03T15:07:56.553Z,41.342,pi:0,sports ball,0.4991,840.93,387.17,1014.54,564.30,2.324,-0.710
2026-04-03T15:07:56.553Z,41.342,pi:0,sports ball,0.3092,1143.90,366.24,1286.21,553.86,2.194,8.609
2026-04-03T15:07:56.599Z,41.388,pi:0,sports ball,0.4693,841.77,386.11,1009.47,565.33,2.297,-0.779
2026-04-03T15:07:56.599Z,41.388,pi:0,sports ball,0.2943,1145.02,365.51,1289.25,553.97,2.185,8.675
2026-04-03T15:07:56.627Z,41.416,pi:0,sports ball,0.4656,840.67,388.20,1013.78,564.27,2.338,-0.727
2026-04-03T15:07:56.664Z,41.453,pi:0,sports ball,0.4656,842.11,386.11,1009.47,565.02,2.301,-0.774
2026-04-03T15:07:56.714Z,41.503,pi:0,sports ball,0.4507,840.95,387.19,1012.40,564.61,2.321,-0.745
2026-04-03T15:07:56.714Z,41.503,pi:0,sports ball,0.2533,1144.99,364.96,1286.23,553.06,2.189,8.626
2026-04-03T15:07:56.747Z,41.536,pi:0,sports ball,0.3948,840.23,388.19,1013.32,564.49,2.335,-0.742
2026-04-03T15:07:56.787Z,41.576,pi:0,sports ball,0.3725,841.94,386.07,1008.39,564.98,2.301,-0.794
2026-04-03T15:07:56.787Z,41.576,pi:0,sports ball,0.3054,1144.99,364.94,1287.14,553.01,2.189,8.641
2026-04-03T15:07:56.816Z,41.605,pi:0,sports ball,0.3948,843.02,385.91,1009.50,564.81,2.301,-0.758
2026-04-03T15:07:56.816Z,41.605,pi:0,sports ball,0.2756,1146.07,364.95,1286.15,552.13,2.200,8.642
2026-04-03T15:07:56.850Z,41.639,pi:0,sports ball,0.5140,840.93,387.18,1012.18,564.43,2.323,-0.749
2026-04-03T15:07:56.850Z,41.639,pi:0,sports ball,0.3874,1145.04,364.92,1287.20,552.89,2.190,8.642
2026-04-03T15:07:56.899Z,41.688,pi:0,sports ball,0.4693,842.65,385.93,1010.58,565.21,2.297,-0.747
2026-04-03T15:07:56.899Z,41.688,pi:0,sports ball,0.2980,1146.11,365.52,1288.23,553.05,2.196,8.676
2026-04-03T15:07:56.939Z,41.728,pi:0,sports ball,0.3911,840.23,388.19,1014.54,564.32,2.338,-0.722
2026-04-03T15:07:56.939Z,41.728,pi:0,sports ball,0.2756,1147.23,365.47,1288.24,553.73,2.187,8.694
2026-04-03T15:07:56.967Z,41.756,pi:0,sports ball,0.4135,839.79,387.18,1015.99,564.49,2.322,-0.705
2026-04-03T15:07:56.967Z,41.756,pi:0,sports ball,0.2905,1144.90,366.55,1288.29,552.88,2.210,8.658
2026-04-03T15:07:57.001Z,41.790,pi:0,sports ball,0.5103,840.43,386.21,1015.94,564.74,2.306,-0.696
2026-04-03T15:07:57.001Z,41.790,pi:0,sports ball,0.3092,1145.05,365.53,1289.26,552.93,2.197,8.676
2026-04-03T15:07:57.042Z,41.831,pi:0,sports ball,0.4433,844.08,385.93,1009.50,565.45,2.294,-0.741
2026-04-03T15:07:57.042Z,41.831,pi:0,sports ball,0.2868,1146.05,366.08,1289.24,552.99,2.203,8.691
2026-04-03T15:07:57.087Z,41.876,pi:0,sports ball,0.5923,840.95,387.18,1015.71,564.40,2.323,-0.691
2026-04-03T15:07:57.087Z,41.876,pi:0,sports ball,0.3427,1143.94,366.18,1287.15,552.81,2.206,8.624
2026-04-03T15:07:57.136Z,41.925,pi:0,sports ball,0.4656,841.29,388.07,1015.68,565.38,2.322,-0.686
2026-04-03T15:07:57.136Z,41.925,pi:0,sports ball,0.3129,1143.00,367.10,1287.18,552.81,2.217,8.610
2026-04-03T15:07:57.164Z,41.953,pi:0,sports ball,0.4768,841.41,388.06,1010.98,565.57,2.319,-0.761
2026-04-03T15:07:57.164Z,41.953,pi:0,sports ball,0.3501,1145.19,365.52,1288.15,552.24,2.205,8.660
2026-04-03T15:07:57.206Z,41.995,pi:0,sports ball,0.4321,842.20,387.05,1011.03,565.01,2.314,-0.747
2026-04-03T15:07:57.206Z,41.995,pi:0,sports ball,0.3725,1145.03,366.21,1287.20,550.25,2.237,8.643
2026-04-03T15:07:57.235Z,42.024,pi:0,sports ball,0.4619,840.84,388.21,1009.89,564.13,2.340,-0.788
2026-04-03T15:07:57.235Z,42.024,pi:0,sports ball,0.3092,1144.16,365.54,1286.15,552.20,2.206,8.612
2026-04-03T15:07:57.266Z,42.055,pi:0,sports ball,0.4246,840.43,387.19,1013.32,564.49,2.322,-0.738
2026-04-03T15:07:57.266Z,42.055,pi:0,sports ball,0.4097,1144.13,365.56,1285.16,552.09,2.207,8.595
2026-04-03T15:07:57.355Z,42.144,pi:0,sports ball,0.3613,841.45,387.17,1010.74,564.86,2.317,-0.764
2026-04-03T15:07:57.355Z,42.144,pi:0,sports ball,0.3203,1147.12,366.12,1284.24,551.98,2.215,8.629
2026-04-03T15:07:57.394Z,42.183,pi:0,sports ball,0.3688,842.33,387.14,1013.02,565.24,2.312,-0.712
2026-04-03T15:07:57.425Z,42.214,pi:0,sports ball,0.3203,841.51,387.19,1009.69,565.00,2.315,-0.780
2026-04-03T15:07:57.460Z,42.249,pi:0,sports ball,0.3948,841.03,388.22,1009.85,564.88,2.331,-0.785
2026-04-03T15:07:57.506Z,42.295,pi:0,sports ball,0.3688,1144.12,365.49,1284.25,553.83,2.186,8.581
2026-04-03T15:07:57.506Z,42.295,pi:0,sports ball,0.3129,840.70,388.21,1012.42,564.31,2.338,-0.749
2026-04-03T15:07:57.545Z,42.334,pi:0,sports ball,0.3576,842.98,385.91,1009.52,564.97,2.299,-0.759
2026-04-03T15:07:57.582Z,42.371,pi:0,sports ball,0.3948,840.61,387.17,1009.58,565.36,2.310,-0.797
2026-04-03T15:07:57.582Z,42.371,pi:0,sports ball,0.2756,1146.21,365.53,1286.08,554.09,2.184,8.643
2026-04-03T15:07:57.628Z,42.417,pi:0,sports ball,0.4954,841.73,387.03,1013.12,565.79,2.303,-0.720
2026-04-03T15:07:57.628Z,42.417,pi:0,sports ball,0.3017,1145.02,366.68,1287.08,552.85,2.212,8.640
2026-04-03T15:07:57.681Z,42.470,pi:0,sports ball,0.5252,842.22,388.07,1010.92,565.15,2.325,-0.748
2026-04-03T15:07:57.681Z,42.470,pi:0,sports ball,0.3352,1144.00,366.73,1285.14,552.79,2.213,8.593
2026-04-03T15:07:57.719Z,42.508,pi:0,sports ball,0.4358,841.62,386.20,1010.61,564.58,2.308,-0.763
2026-04-03T15:07:57.719Z,42.508,pi:0,sports ball,0.2905,1146.25,365.55,1286.12,553.04,2.196,8.645
2026-04-03T15:07:57.750Z,42.539,pi:0,sports ball,0.3650,841.14,387.17,1010.77,564.92,2.316,-0.768
2026-04-03T15:07:57.750Z,42.539,pi:0,sports ball,0.2868,1145.06,367.19,1286.11,551.95,2.228,8.626
2026-04-03T15:07:57.783Z,42.572,pi:0,sports ball,0.4768,841.35,387.21,1008.72,564.58,2.321,-0.799
2026-04-03T15:07:57.783Z,42.572,pi:0,sports ball,0.4097,1145.15,366.05,1287.05,552.10,2.213,8.642
2026-04-03T15:07:57.814Z,42.603,pi:0,sports ball,0.4433,840.76,387.19,1010.14,564.54,2.322,-0.785
2026-04-03T15:07:57.814Z,42.603,pi:0,sports ball,0.3166,1146.27,364.97,1287.10,550.20,2.223,8.661
2026-04-03T15:07:57.855Z,42.644,pi:0,sports ball,0.3874,1145.05,366.63,1287.12,551.01,2.233,8.641
2026-04-03T15:07:57.855Z,42.644,pi:0,sports ball,0.3688,840.26,387.21,1012.39,564.44,2.323,-0.756
2026-04-03T15:07:57.897Z,42.686,pi:0,sports ball,0.4395,841.08,386.19,1010.72,565.02,2.302,-0.770
2026-04-03T15:07:57.897Z,42.686,pi:0,sports ball,0.3725,1143.99,366.67,1288.16,551.04,2.233,8.641
2026-04-03T15:07:57.939Z,42.728,pi:0,sports ball,0.4358,841.22,387.03,1014.46,565.57,2.306,-0.707
2026-04-03T15:07:57.939Z,42.728,pi:0,sports ball,0.4246,1146.13,367.09,1289.24,551.04,2.238,8.692
2026-04-03T15:07:57.976Z,42.765,pi:0,sports ball,0.4656,1144.95,367.09,1288.20,552.74,2.218,8.657
2026-04-03T15:07:57.976Z,42.765,pi:0,sports ball,0.4433,840.29,387.17,1013.52,564.56,2.321,-0.737
2026-04-03T15:07:58.060Z,42.849,pi:0,sports ball,0.4544,841.39,387.06,1013.34,564.97,2.314,-0.722
2026-04-03T15:07:58.060Z,42.849,pi:0,sports ball,0.3464,1144.00,367.14,1288.16,550.99,2.239,8.641
2026-04-03T15:07:58.095Z,42.884,pi:0,sports ball,0.4358,841.88,386.19,1011.91,564.79,2.305,-0.738
2026-04-03T15:07:58.095Z,42.884,pi:0,sports ball,0.3762,1143.96,367.21,1287.15,552.06,2.227,8.625
2026-04-03T15:07:58.142Z,42.931,pi:0,sports ball,0.4433,840.21,387.16,1014.88,564.13,2.327,-0.717
2026-04-03T15:07:58.142Z,42.931,pi:0,sports ball,0.2682,1144.09,365.55,1288.12,553.05,2.196,8.642
2026-04-03T15:07:58.180Z,42.969,pi:0,sports ball,0.4954,841.56,387.01,1012.19,564.97,2.313,-0.738
2026-04-03T15:07:58.180Z,42.969,pi:0,sports ball,0.3725,1141.98,367.25,1287.12,552.75,2.219,8.592
2026-04-03T15:07:58.220Z,43.009,pi:0,sports ball,0.5364,840.95,387.18,1013.32,564.67,2.320,-0.730
2026-04-03T15:07:58.220Z,43.009,pi:0,sports ball,0.3352,1142.95,366.73,1285.20,550.99,2.234,8.577
2026-04-03T15:07:58.253Z,43.042,pi:0,sports ball,0.4097,843.86,385.93,1010.72,565.28,2.296,-0.725
2026-04-03T15:07:58.253Z,43.042,pi:0,sports ball,0.2831,1143.95,366.56,1285.18,552.07,2.219,8.593
2026-04-03T15:07:58.348Z,43.137,pi:0,sports ball,0.4954,841.25,387.17,1010.55,564.87,2.317,-0.770
2026-04-03T15:07:58.348Z,43.137,pi:0,sports ball,0.4693,1144.04,366.12,1283.43,551.00,2.227,8.566
2026-04-03T15:07:58.381Z,43.170,pi:0,sports ball,0.3948,839.78,388.22,1015.90,564.28,2.339,-0.707
2026-04-03T15:07:58.381Z,43.170,pi:0,sports ball,0.3166,1142.95,365.69,1282.59,552.78,2.201,8.536
2026-04-03T15:07:58.417Z,43.206,pi:0,sports ball,0.4768,841.42,386.20,1011.92,564.58,2.308,-0.745
2026-04-03T15:07:58.417Z,43.206,pi:0,sports ball,0.3576,1142.99,365.75,1283.31,551.89,2.212,8.548
2026-04-03T15:07:58.447Z,43.236,pi:0,sports ball,0.4805,843.70,386.92,1009.52,564.86,2.314,-0.747
2026-04-03T15:07:58.447Z,43.236,pi:0,sports ball,0.3799,1144.03,365.50,1283.46,553.01,2.196,8.567
2026-04-03T15:07:58.538Z,43.327,pi:0,sports ball,0.4172,841.85,386.18,1012.00,565.01,2.302,-0.737
2026-04-03T15:07:58.538Z,43.327,pi:0,sports ball,0.3129,1142.91,366.66,1283.32,551.91,2.223,8.547
2026-04-03T15:07:58.569Z,43.358,pi:0,sports ball,0.3874,841.67,386.18,1012.24,565.13,2.301,-0.736
2026-04-03T15:07:58.569Z,43.358,pi:0,sports ball,0.2682,1142.88,366.34,1285.14,552.81,2.208,8.575
2026-04-03T15:07:58.603Z,43.392,pi:0,sports ball,0.5066,841.70,386.20,1010.60,564.79,2.305,-0.762
2026-04-03T15:07:58.603Z,43.392,pi:0,sports ball,0.3725,1142.92,366.21,1283.44,551.00,2.228,8.549
2026-04-03T15:07:58.643Z,43.433,pi:0,sports ball,0.5178,840.93,388.18,1013.40,564.30,2.338,-0.729
2026-04-03T15:07:58.643Z,43.433,pi:0,sports ball,0.3054,1143.89,366.23,1285.13,552.91,2.205,8.591
2026-04-03T15:07:58.684Z,43.473,pi:0,sports ball,0.4991,840.90,388.20,1013.55,564.49,2.335,-0.727
2026-04-03T15:07:58.684Z,43.473,pi:0,sports ball,0.3501,1142.87,365.67,1284.30,552.84,2.200,8.562
2026-04-03T15:07:58.720Z,43.509,pi:0,sports ball,0.3911,840.27,388.21,1016.09,564.51,2.335,-0.696
2026-04-03T15:07:58.720Z,43.509,pi:0,sports ball,0.3166,1143.87,366.30,1284.25,551.14,2.227,8.577
2026-04-03T15:07:58.756Z,43.545,pi:0,sports ball,0.4470,840.46,388.19,1012.61,564.13,2.340,-0.749
2026-04-03T15:07:58.756Z,43.545,pi:0,sports ball,0.4060,1143.95,365.67,1282.66,552.91,2.199,8.553
2026-04-03T15:07:58.793Z,43.582,pi:0,sports ball,0.5587,841.12,388.19,1011.09,564.28,2.338,-0.763
2026-04-03T15:07:58.793Z,43.582,pi:0,sports ball,0.3613,1144.99,366.70,1284.31,553.71,2.202,8.596
2026-04-03T15:07:58.841Z,43.630,pi:0,sports ball,0.3874,840.86,386.19,1010.72,564.92,2.304,-0.774
2026-04-03T15:07:58.841Z,43.630,pi:0,sports ball,0.3054,1146.13,366.05,1283.50,553.93,2.191,8.601
2026-04-03T15:07:58.892Z,43.681,pi:0,sports ball,0.4880,840.93,388.19,1013.63,564.46,2.336,-0.725
2026-04-03T15:07:58.892Z,43.681,pi:0,sports ball,0.4284,1143.86,366.68,1284.30,552.95,2.210,8.577
2026-04-03T15:07:58.936Z,43.725,pi:0,sports ball,0.4731,842.35,387.11,1009.42,564.94,2.315,-0.771
2026-04-03T15:07:58.936Z,43.725,pi:0,sports ball,0.3948,1143.91,366.17,1282.64,552.96,2.204,8.552
2026-04-03T15:07:58.992Z,43.781,pi:0,sports ball,0.4507,840.49,387.19,1011.29,564.27,2.325,-0.771
2026-04-03T15:07:58.992Z,43.781,pi:0,sports ball,0.3613,1143.92,366.19,1283.45,552.92,2.205,8.565
2026-04-03T15:07:59.036Z,43.826,pi:0,sports ball,0.4805,842.12,387.11,1008.23,565.95,2.302,-0.794
2026-04-03T15:07:59.036Z,43.826,pi:0,sports ball,0.3278,1144.85,365.71,1286.14,552.95,2.199,8.623
2026-04-03T15:07:59.089Z,43.878,pi:0,sports ball,0.4060,841.28,387.04,1012.00,566.01,2.300,-0.746
2026-04-03T15:07:59.089Z,43.878,pi:0,sports ball,0.2533,1147.27,365.53,1286.21,553.97,2.185,8.662
2026-04-03T15:07:59.126Z,43.915,pi:0,sports ball,0.4656,840.82,387.18,1011.27,564.35,2.324,-0.766
2026-04-03T15:07:59.126Z,43.915,pi:0,sports ball,0.2756,1144.75,366.27,1286.14,553.84,2.195,8.621
2026-04-03T15:07:59.156Z,43.945,pi:0,sports ball,0.3986,840.75,388.18,1012.51,564.47,2.335,-0.746
2026-04-03T15:07:59.156Z,43.945,pi:0,sports ball,0.2533,1143.81,365.66,1286.17,553.85,2.188,8.606
2026-04-03T15:07:59.192Z,43.981,pi:0,sports ball,0.4582,842.57,387.10,1009.47,565.00,2.314,-0.766
2026-04-03T15:07:59.192Z,43.981,pi:0,sports ball,0.3278,1146.17,364.93,1287.18,554.09,2.176,8.660
2026-04-03T15:07:59.223Z,44.013,pi:0,sports ball,0.4544,842.37,387.09,1009.45,564.96,2.315,-0.770
2026-04-03T15:07:59.259Z,44.048,pi:0,sports ball,0.4246,841.89,387.19,1013.05,564.59,2.321,-0.719
2026-04-03T15:07:59.297Z,44.086,pi:0,sports ball,0.4991,842.10,387.18,1010.60,564.79,2.318,-0.755
2026-04-03T15:07:59.297Z,44.086,pi:0,sports ball,0.2719,1144.82,366.23,1285.29,554.09,2.192,8.608
2026-04-03T15:07:59.334Z,44.123,pi:0,sports ball,0.4693,842.10,387.08,1009.51,565.44,2.308,-0.773
2026-04-03T15:07:59.334Z,44.123,pi:0,sports ball,0.3688,1143.89,365.66,1287.24,553.84,2.188,8.625
2026-04-03T15:07:59.375Z,44.164,pi:0,sports ball,0.4246,840.25,387.20,1012.35,564.31,2.325,-0.757
2026-04-03T15:07:59.416Z,44.205,pi:0,sports ball,0.4805,841.70,387.05,1009.71,565.95,2.301,-0.777
2026-04-03T15:07:59.416Z,44.205,pi:0,sports ball,0.2868,1144.96,366.28,1286.24,553.87,2.195,8.626
2026-04-03T15:07:59.454Z,44.243,pi:0,sports ball,0.3799,841.18,387.18,1011.88,564.65,2.320,-0.750
2026-04-03T15:07:59.498Z,44.287,pi:0,sports ball,0.4246,841.89,386.18,1010.74,564.82,2.305,-0.757
2026-04-03T15:07:59.498Z,44.287,pi:0,sports ball,0.4135,1143.88,366.19,1287.27,553.07,2.203,8.625
2026-04-03T15:07:59.541Z,44.330,pi:0,sports ball,0.4582,841.59,386.19,1011.80,564.92,2.304,-0.744
2026-04-03T15:07:59.541Z,44.330,pi:0,sports ball,0.3688,1143.89,366.21,1287.25,553.08,2.203,8.625
2026-04-03T15:07:59.580Z,44.369,pi:0,sports ball,0.4693,841.85,387.04,1013.33,565.57,2.306,-0.715
2026-04-03T15:07:59.617Z,44.406,pi:0,sports ball,0.4693,841.12,387.17,1014.51,564.44,2.323,-0.708
2026-04-03T15:07:59.617Z,44.406,pi:0,sports ball,0.3501,1144.93,365.58,1287.25,552.94,2.197,8.642
2026-04-03T15:07:59.655Z,44.444,pi:0,sports ball,0.3986,841.33,387.17,1013.00,565.14,2.313,-0.729
2026-04-03T15:07:59.655Z,44.444,pi:0,sports ball,0.3501,1144.99,367.22,1288.26,552.93,2.217,8.659
2026-04-03T15:07:59.691Z,44.481,pi:0,sports ball,0.4470,842.22,387.08,1012.19,565.40,2.309,-0.728
2026-04-03T15:07:59.691Z,44.481,pi:0,sports ball,0.3241,1144.88,367.20,1288.22,553.03,2.216,8.656
2026-04-03T15:07:59.737Z,44.526,pi:0,sports ball,0.5252,840.76,388.18,1012.24,564.16,2.340,-0.751
2026-04-03T15:07:59.737Z,44.526,pi:0,sports ball,0.4172,1144.97,366.13,1288.25,552.94,2.204,8.658
2026-04-03T15:07:59.768Z,44.557,pi:0,sports ball,0.4060,841.38,387.04,1012.32,565.71,2.304,-0.739
2026-04-03T15:07:59.768Z,44.557,pi:0,sports ball,0.2868,1143.82,366.24,1288.22,552.99,2.205,8.639
2026-04-03T15:07:59.856Z,44.645,pi:0,sports ball,0.4656,841.87,388.08,1013.35,564.98,2.327,-0.714
2026-04-03T15:07:59.856Z,44.645,pi:0,sports ball,0.3054,1143.88,366.71,1289.36,553.75,2.201,8.658
2026-04-03T15:07:59.890Z,44.679,pi:0,sports ball,0.5289,842.22,387.03,1011.99,565.31,2.309,-0.731
2026-04-03T15:07:59.890Z,44.679,pi:0,sports ball,0.4246,1145.00,366.70,1288.25,552.93,2.211,8.659
2026-04-03T15:07:59.925Z,44.714,pi:0,sports ball,0.4433,841.09,387.19,1011.12,564.48,2.322,-0.763
2026-04-03T15:07:59.925Z,44.714,pi:0,sports ball,0.3874,1143.92,366.62,1289.28,552.97,2.209,8.658
2026-04-03T15:07:59.969Z,44.758,pi:0,sports ball,0.4731,844.08,385.95,1010.56,564.77,2.303,-0.724
2026-04-03T15:07:59.969Z,44.758,pi:0,sports ball,0.3539,1143.86,366.15,1288.29,552.94,2.204,8.641
2026-04-03T15:08:00.007Z,44.796,pi:0,sports ball,0.4246,841.08,386.22,1010.79,564.47,2.310,-0.769
2026-04-03T15:08:00.007Z,44.796,pi:0,sports ball,0.3837,1145.09,366.03,1290.39,554.70,2.182,8.694
2026-04-03T15:08:00.047Z,44.836,pi:0,sports ball,0.4284,841.73,386.18,1010.74,565.01,2.302,-0.759
2026-04-03T15:08:00.047Z,44.836,pi:0,sports ball,0.2719,1146.14,365.48,1290.40,553.16,2.194,8.711
2026-04-03T15:08:00.090Z,44.879,pi:0,sports ball,0.4656,842.02,387.06,1012.18,565.09,2.313,-0.731
2026-04-03T15:08:00.090Z,44.879,pi:0,sports ball,0.4097,1146.17,364.89,1291.48,553.86,2.179,8.729
2026-04-03T15:08:00.115Z,44.904,pi:0,sports ball,0.5289,840.95,388.21,1012.27,564.28,2.338,-0.747
2026-04-03T15:08:00.115Z,44.904,pi:0,sports ball,0.3650,1145.07,365.50,1291.50,553.98,2.184,8.712
2026-04-03T15:08:00.157Z,44.946,pi:0,sports ball,0.4433,840.99,387.17,1013.65,564.00,2.328,-0.724
2026-04-03T15:08:00.157Z,44.946,pi:0,sports ball,0.3911,1143.91,366.68,1289.35,553.76,2.201,8.659
2026-04-03T15:08:00.200Z,44.989,pi:0,sports ball,0.4656,840.74,387.16,1011.22,564.19,2.326,-0.768
2026-04-03T15:08:00.200Z,44.989,pi:0,sports ball,0.4433,1145.13,364.88,1290.38,553.93,2.178,8.695
2026-04-03T15:08:00.235Z,45.024,pi:0,sports ball,0.4768,840.25,387.17,1012.38,564.51,2.322,-0.757
2026-04-03T15:08:00.235Z,45.024,pi:0,sports ball,0.2831,1143.79,366.71,1288.26,553.04,2.210,8.640
2026-04-03T15:08:00.269Z,45.059,pi:0,sports ball,0.4842,840.95,387.17,1011.23,564.44,2.322,-0.764
2026-04-03T15:08:00.269Z,45.059,pi:0,sports ball,0.4358,1143.99,366.68,1291.47,554.49,2.192,8.694
2026-04-03T15:08:00.312Z,45.101,pi:0,sports ball,0.5587,841.72,387.17,1009.93,564.83,2.317,-0.773
2026-04-03T15:08:00.312Z,45.101,pi:0,sports ball,0.3837,1143.91,366.70,1289.33,552.93,2.211,8.658
2026-04-03T15:08:00.351Z,45.140,pi:0,sports ball,0.3688,841.41,387.01,1012.14,565.68,2.304,-0.742
2026-04-03T15:08:00.351Z,45.140,pi:0,sports ball,0.2682,1143.90,366.17,1289.36,553.72,2.195,8.659
2026-04-03T15:08:00.390Z,45.179,pi:0,sports ball,0.4917,842.36,387.12,1009.38,565.02,2.314,-0.771
2026-04-03T15:08:00.390Z,45.179,pi:0,sports ball,0.3762,1143.92,366.65,1290.41,552.91,2.210,8.676
2026-04-03T15:08:00.428Z,45.217,pi:0,sports ball,0.4768,841.51,387.18,1013.74,564.61,2.320,-0.714
2026-04-03T15:08:00.428Z,45.217,pi:0,sports ball,0.4060,1143.94,366.14,1290.42,553.71,2.195,8.676
2026-04-03T15:08:00.465Z,45.254,pi:0,sports ball,0.4656,841.04,388.18,1011.34,563.87,2.343,-0.761
2026-04-03T15:08:00.465Z,45.254,pi:0,sports ball,0.4433,1143.90,366.62,1290.44,553.68,2.201,8.676
2026-04-03T15:08:00.505Z,45.294,pi:0,sports ball,0.4805,1143.87,366.20,1290.43,552.89,2.205,8.675
2026-04-03T15:08:00.505Z,45.294,pi:0,sports ball,0.4768,842.10,386.11,1010.63,564.84,2.304,-0.755
2026-04-03T15:08:00.545Z,45.334,pi:0,sports ball,0.4954,1143.96,366.17,1290.43,553.71,2.195,8.677
2026-04-03T15:08:00.545Z,45.334,pi:0,sports ball,0.4954,842.46,387.12,1008.26,564.94,2.315,-0.788
2026-04-03T15:08:00.587Z,45.376,pi:0,sports ball,0.5364,841.93,386.12,1008.23,564.96,2.302,-0.797
2026-04-03T15:08:00.587Z,45.376,pi:0,sports ball,0.4321,1145.08,364.91,1292.58,553.92,2.178,8.729
2026-04-03T15:08:00.621Z,45.411,pi:0,sports ball,0.5476,840.97,387.18,1010.87,564.50,2.322,-0.769
2026-04-03T15:08:00.621Z,45.411,pi:0,sports ball,0.3911,1143.91,366.18,1291.56,552.99,2.204,8.694
2026-04-03T15:08:00.712Z,45.501,pi:0,sports ball,0.3986,1143.86,366.68,1289.36,553.04,2.209,8.658
2026-04-03T15:08:00.712Z,45.501,pi:0,sports ball,0.3911,841.58,386.21,1010.68,564.99,2.303,-0.763
2026-04-03T15:08:00.740Z,45.529,pi:0,sports ball,0.4209,840.95,387.20,1009.98,563.87,2.330,-0.784
2026-04-03T15:08:00.740Z,45.529,pi:0,sports ball,0.3129,1144.91,366.21,1291.52,553.77,2.195,8.709
2026-04-03T15:08:00.790Z,45.579,pi:0,sports ball,0.5029,840.01,387.19,1012.45,564.02,2.328,-0.759
2026-04-03T15:08:00.790Z,45.579,pi:0,sports ball,0.4693,1143.97,366.15,1291.54,554.44,2.187,8.695
2026-04-03T15:08:00.821Z,45.610,pi:0,sports ball,0.4097,842.36,387.11,1008.34,565.82,2.304,-0.788
2026-04-03T15:08:00.821Z,45.610,pi:0,sports ball,0.3203,1143.89,366.19,1290.42,552.97,2.204,8.676
2026-04-03T15:08:00.857Z,45.646,pi:0,sports ball,0.3501,841.89,385.12,1009.51,565.15,2.287,-0.777
2026-04-03T15:08:00.857Z,45.646,pi:0,sports ball,0.3203,1143.88,366.20,1291.48,553.76,2.195,8.692
2026-04-03T15:08:00.910Z,45.699,pi:0,sports ball,0.4433,842.09,386.12,1009.49,565.05,2.301,-0.774
2026-04-03T15:08:00.910Z,45.699,pi:0,sports ball,0.4358,1143.95,366.69,1291.50,552.88,2.211,8.694
2026-04-03T15:08:00.969Z,45.762,pi:0,sports ball,0.4805,840.50,388.18,1011.06,564.51,2.335,-0.774
2026-04-03T15:08:00.969Z,45.762,pi:0,sports ball,0.3427,1143.90,366.25,1291.55,552.94,2.205,8.694
2026-04-03T15:08:01.018Z,45.807,pi:0,sports ball,0.5066,840.44,387.17,1013.45,564.49,2.322,-0.736
2026-04-03T15:08:01.018Z,45.807,pi:0,sports ball,0.3911,1146.13,365.49,1293.77,552.99,2.196,8.765
2026-04-03T15:08:01.055Z,45.844,pi:0,sports ball,0.4172,841.29,387.06,1013.01,565.69,2.305,-0.729
2026-04-03T15:08:01.098Z,45.887,pi:0,sports ball,0.5140,841.04,387.17,1011.08,563.85,2.330,-0.765
2026-04-03T15:08:01.098Z,45.887,pi:0,sports ball,0.3874,1143.86,366.73,1292.65,553.04,2.210,8.711
2026-04-03T15:08:01.136Z,45.925,pi:0,sports ball,0.4582,841.04,386.19,1011.26,564.14,2.314,-0.762
2026-04-03T15:08:01.183Z,45.972,pi:0,sports ball,0.5327,840.94,387.17,1014.48,564.13,2.327,-0.711
2026-04-03T15:08:01.183Z,45.972,pi:0,sports ball,0.4880,1143.94,366.72,1292.71,553.68,2.202,8.713
2026-04-03T15:08:01.216Z,46.005,pi:0,sports ball,0.4805,841.05,387.18,1011.07,564.44,2.323,-0.765
2026-04-03T15:08:01.216Z,46.005,pi:0,sports ball,0.3390,1143.86,366.18,1292.62,552.90,2.205,8.710
2026-04-03T15:08:01.255Z,46.044,pi:0,sports ball,0.5289,840.45,388.19,1013.33,564.75,2.332,-0.738
2026-04-03T15:08:01.255Z,46.044,pi:0,sports ball,0.3911,1146.14,366.04,1294.94,553.10,2.201,8.784
2026-04-03T15:08:01.297Z,46.086,pi:0,sports ball,0.4619,841.12,388.20,1011.27,564.44,2.336,-0.761
2026-04-03T15:08:01.297Z,46.086,pi:0,sports ball,0.3576,1143.86,366.22,1291.55,554.59,2.186,8.693
2026-04-03T15:08:01.335Z,46.125,pi:0,sports ball,0.5438,840.95,389.24,1013.36,564.58,2.348,-0.729
2026-04-03T15:08:01.335Z,46.125,pi:0,sports ball,0.4433,1143.92,366.14,1293.78,552.92,2.204,8.730
2026-04-03T15:08:01.375Z,46.164,pi:0,sports ball,0.3799,841.89,386.19,1010.69,564.89,2.304,-0.757
2026-04-03T15:08:01.375Z,46.164,pi:0,sports ball,0.3390,1143.86,366.72,1292.66,552.99,2.210,8.711
2026-04-03T15:08:01.416Z,46.205,pi:0,sports ball,0.4805,841.33,388.19,1010.96,564.30,2.338,-0.762
2026-04-03T15:08:01.416Z,46.205,pi:0,sports ball,0.3650,1143.93,366.22,1293.78,553.75,2.195,8.730
2026-04-03T15:08:01.456Z,46.245,pi:0,sports ball,0.4395,842.20,387.07,1013.15,565.06,2.313,-0.712
2026-04-03T15:08:01.456Z,46.245,pi:0,sports ball,0.2645,1144.83,366.28,1294.94,553.00,2.205,8.763
2026-04-03T15:08:01.494Z,46.283,pi:0,sports ball,0.4358,841.96,386.10,1009.43,565.27,2.298,-0.777
2026-04-03T15:08:01.494Z,46.283,pi:0,sports ball,0.3092,1143.88,366.70,1293.76,553.03,2.210,8.729
2026-04-03T15:08:01.535Z,46.324,pi:0,sports ball,0.4917,840.75,389.23,1012.44,564.01,2.356,-0.748
2026-04-03T15:08:01.535Z,46.324,pi:0,sports ball,0.4172,1143.91,366.64,1291.56,552.89,2.211,8.694
2026-04-03T15:08:01.575Z,46.364,pi:0,sports ball,0.3874,840.21,387.17,1011.26,563.98,2.329,-0.776
2026-04-03T15:08:01.575Z,46.364,pi:0,sports ball,0.3166,1144.82,366.24,1292.65,552.97,2.205,8.726
2026-04-03T15:08:01.615Z,46.404,pi:0,sports ball,0.4619,1144.99,365.61,1292.63,553.64,2.190,8.728
2026-04-03T15:08:01.615Z,46.404,pi:0,sports ball,0.4544,841.39,386.20,1010.61,564.59,2.308,-0.767
2026-04-03T15:08:01.652Z,46.441,pi:0,sports ball,0.4395,841.19,387.06,1014.34,565.99,2.301,-0.709
2026-04-03T15:08:01.652Z,46.441,pi:0,sports ball,0.3464,1145.00,366.75,1292.65,553.68,2.203,8.729
2026-04-03T15:08:01.694Z,46.483,pi:0,sports ball,0.4284,841.36,387.18,1012.95,564.61,2.320,-0.729
2026-04-03T15:08:01.694Z,46.483,pi:0,sports ball,0.3725,1143.89,366.72,1292.67,553.72,2.202,8.712
2026-04-03T15:08:01.734Z,46.523,pi:0,sports ball,0.4842,841.95,387.11,1009.46,565.46,2.308,-0.777
2026-04-03T15:08:01.734Z,46.523,pi:0,sports ball,0.4395,1145.11,364.89,1294.91,552.98,2.189,8.767
2026-04-03T15:08:01.782Z,46.571,pi:0,sports ball,0.4805,840.93,386.19,1014.59,564.48,2.309,-0.710
2026-04-03T15:08:01.782Z,46.571,pi:0,sports ball,0.2868,1146.12,365.99,1294.92,553.06,2.201,8.783
2026-04-03T15:08:01.822Z,46.611,pi:0,sports ball,0.3837,841.70,387.19,1011.76,565.13,2.314,-0.743
2026-04-03T15:08:01.822Z,46.611,pi:0,sports ball,0.3725,1143.86,366.18,1292.65,552.89,2.205,8.711
2026-04-03T15:08:01.858Z,46.647,pi:0,sports ball,0.4991,842.38,388.11,1012.08,565.12,2.326,-0.727
2026-04-03T15:08:01.858Z,46.647,pi:0,sports ball,0.3948,1142.85,366.62,1293.80,553.72,2.201,8.713
2026-04-03T15:08:01.897Z,46.686,pi:0,sports ball,0.5029,840.74,387.17,1011.12,564.15,2.326,-0.769
2026-04-03T15:08:01.897Z,46.686,pi:0,sports ball,0.4135,1143.90,366.12,1293.74,553.71,2.195,8.729
2026-04-03T15:08:01.941Z,46.730,pi:0,sports ball,0.5215,842.24,387.12,1008.20,565.25,2.311,-0.792
2026-04-03T15:08:01.941Z,46.730,pi:0,sports ball,0.4321,1144.03,365.45,1294.96,552.98,2.196,8.750
2026-04-03T15:08:01.982Z,46.771,pi:0,sports ball,0.4805,841.90,386.19,1011.77,564.71,2.306,-0.740
2026-04-03T15:08:01.982Z,46.771,pi:0,sports ball,0.4172,1143.86,366.74,1292.65,553.75,2.202,8.711
2026-04-03T15:08:02.036Z,46.825,pi:0,sports ball,0.5066,840.75,387.18,1011.31,564.31,2.324,-0.766
2026-04-03T15:08:02.036Z,46.825,pi:0,sports ball,0.4768,1145.05,364.92,1294.91,552.99,2.189,8.766
2026-04-03T15:08:02.086Z,46.875,pi:0,sports ball,0.4991,841.24,387.17,1012.25,564.49,2.322,-0.743
2026-04-03T15:08:02.086Z,46.875,pi:0,sports ball,0.4246,1144.94,367.17,1293.84,553.68,2.208,8.747
2026-04-03T15:08:02.145Z,46.934,pi:0,sports ball,0.4731,841.10,385.25,1010.66,565.22,2.288,-0.771
2026-04-03T15:08:02.145Z,46.934,pi:0,sports ball,0.4544,1145.01,366.74,1293.76,552.88,2.212,8.747
2026-04-03T15:08:02.184Z,46.973,pi:0,sports ball,0.4917,840.68,387.18,1012.29,564.15,2.326,-0.751
2026-04-03T15:08:02.184Z,46.973,pi:0,sports ball,0.4321,1145.02,365.45,1296.09,552.24,2.204,8.784
2026-04-03T15:08:02.225Z,47.014,pi:0,sports ball,0.4358,841.94,387.19,1010.66,564.90,2.317,-0.757
2026-04-03T15:08:02.225Z,47.014,pi:0,sports ball,0.3874,1144.99,366.21,1293.80,552.93,2.205,8.747
2026-04-03T15:08:02.271Z,47.060,pi:0,sports ball,0.4209,841.85,387.04,1014.50,565.15,2.312,-0.696
2026-04-03T15:08:02.271Z,47.060,pi:0,sports ball,0.3017,1144.90,366.67,1293.78,553.03,2.209,8.745
2026-04-03T15:08:02.302Z,47.091,pi:0,sports ball,0.4693,841.24,388.18,1012.25,564.31,2.338,-0.743
2026-04-03T15:08:02.302Z,47.091,pi:0,sports ball,0.4321,1144.93,367.25,1293.74,552.90,2.218,8.745
2026-04-03T15:08:02.390Z,47.179,pi:0,sports ball,0.4582,844.16,385.93,1011.73,564.49,2.306,-0.703
2026-04-03T15:08:02.390Z,47.179,pi:0,sports ball,0.3352,1143.91,366.70,1293.80,552.94,2.211,8.730
2026-04-03T15:08:02.434Z,47.223,pi:0,sports ball,0.4805,1145.03,366.16,1293.79,552.85,2.205,8.748
2026-04-03T15:08:02.434Z,47.223,pi:0,sports ball,0.4731,841.58,388.22,1010.61,564.57,2.335,-0.764
2026-04-03T15:08:02.460Z,47.249,pi:0,sports ball,0.5066,841.90,388.08,1013.19,565.67,2.318,-0.717
2026-04-03T15:08:02.460Z,47.249,pi:0,sports ball,0.4172,1142.89,366.11,1293.77,552.89,2.204,8.713
2026-04-03T15:08:02.498Z,47.287,pi:0,sports ball,0.4805,841.89,388.07,1011.95,565.18,2.325,-0.737
2026-04-03T15:08:02.498Z,47.287,pi:0,sports ball,0.4284,1145.13,366.03,1297.22,553.86,2.192,8.804
2026-04-03T15:08:02.534Z,47.323,pi:0,sports ball,0.4954,842.23,387.06,1009.72,564.90,2.315,-0.768
2026-04-03T15:08:02.534Z,47.323,pi:0,sports ball,0.4321,1146.14,364.91,1297.24,552.24,2.198,8.820
2026-04-03T15:08:02.574Z,47.363,pi:0,sports ball,0.4246,842.19,388.11,1012.20,565.21,2.325,-0.728
2026-04-03T15:08:02.574Z,47.363,pi:0,sports ball,0.3129,1143.88,366.76,1293.81,552.98,2.211,8.730
2026-04-03T15:08:02.610Z,47.399,pi:0,sports ball,0.4544,840.77,387.19,1011.08,564.25,2.325,-0.769
2026-04-03T15:08:02.610Z,47.399,pi:0,sports ball,0.4060,1145.08,365.51,1296.08,552.24,2.205,8.785
2026-04-03T15:08:02.652Z,47.441,pi:0,sports ball,0.4470,840.48,387.17,1009.89,564.19,2.326,-0.794
2026-04-03T15:08:02.652Z,47.441,pi:0,sports ball,0.3725,1144.99,366.67,1293.80,552.90,2.211,8.747
2026-04-03T15:08:02.690Z,47.479,pi:0,sports ball,0.4097,841.41,387.07,1010.79,565.87,2.303,-0.764
2026-04-03T15:08:02.690Z,47.479,pi:0,sports ball,0.3986,1144.89,366.71,1293.78,553.72,2.202,8.745
2026-04-03T15:08:02.726Z,47.515,pi:0,sports ball,0.5066,841.12,387.19,1011.26,564.34,2.324,-0.761
2026-04-03T15:08:02.726Z,47.515,pi:0,sports ball,0.4582,1145.09,365.45,1296.05,552.93,2.196,8.784
2026-04-03T15:08:02.771Z,47.560,pi:0,sports ball,0.4246,841.22,386.09,1012.23,566.12,2.287,-0.743
2026-04-03T15:08:02.771Z,47.560,pi:0,sports ball,0.4172,1145.06,365.47,1297.22,553.08,2.195,8.803
2026-04-03T15:08:02.810Z,47.599,pi:0,sports ball,0.4284,1145.12,364.87,1296.07,552.24,2.197,8.786
2026-04-03T15:08:02.810Z,47.599,pi:0,sports ball,0.4135,840.53,387.17,1012.25,564.36,2.324,-0.754
2026-04-03T15:08:02.843Z,47.633,pi:0,sports ball,0.5252,841.58,388.18,1011.22,564.28,2.338,-0.754
2026-04-03T15:08:02.843Z,47.633,pi:0,sports ball,0.4842,1145.13,364.88,1296.05,552.95,2.189,8.785
2026-04-03T15:08:02.884Z,47.673,pi:0,sports ball,0.4954,840.95,387.18,1012.35,563.85,2.330,-0.746
2026-04-03T15:08:02.884Z,47.673,pi:0,sports ball,0.4097,1144.99,366.69,1294.93,553.71,2.201,8.765
2026-04-03T15:08:02.924Z,47.713,pi:0,sports ball,0.4544,841.04,387.18,1012.47,564.36,2.324,-0.742
2026-04-03T15:08:02.924Z,47.713,pi:0,sports ball,0.3129,1143.79,366.68,1294.94,552.90,2.211,8.746
2026-04-03T15:08:02.963Z,47.752,pi:0,sports ball,0.4693,840.87,389.24,1009.76,564.27,2.352,-0.789
2026-04-03T15:08:02.963Z,47.752,pi:0,sports ball,0.3986,1145.08,364.92,1297.26,553.01,2.189,8.804
2026-04-03T15:08:02.999Z,47.788,pi:0,sports ball,0.4656,1143.96,366.79,1293.82,553.70,2.203,8.731
2026-04-03T15:08:02.999Z,47.788,pi:0,sports ball,0.4544,842.11,387.12,1009.38,564.44,2.322,-0.775
2026-04-03T15:08:03.042Z,47.831,pi:0,sports ball,0.4991,840.69,387.18,1011.13,564.15,2.327,-0.770
2026-04-03T15:08:03.042Z,47.831,pi:0,sports ball,0.4433,1146.12,364.91,1296.07,553.03,2.189,8.801
2026-04-03T15:08:03.076Z,47.865,pi:0,sports ball,0.4395,840.28,387.19,1010.96,564.44,2.323,-0.779
2026-04-03T15:08:03.076Z,47.865,pi:0,sports ball,0.4023,1145.05,365.46,1296.07,553.04,2.195,8.784
2026-04-03T15:08:03.118Z,47.907,pi:0,sports ball,0.4768,840.92,388.18,1012.32,564.19,2.339,-0.747
2026-04-03T15:08:03.118Z,47.907,pi:0,sports ball,0.4060,1146.17,364.87,1297.22,552.99,2.189,8.820
2026-04-03T15:08:03.159Z,47.948,pi:0,sports ball,0.4619,841.03,387.17,1011.00,564.29,2.325,-0.766
2026-04-03T15:08:03.159Z,47.948,pi:0,sports ball,0.3725,1144.89,366.62,1293.80,553.83,2.199,8.746
2026-04-03T15:08:03.211Z,48.000,pi:0,sports ball,0.4507,840.55,386.20,1012.45,564.18,2.313,-0.751
2026-04-03T15:08:03.211Z,48.000,pi:0,sports ball,0.4135,1146.17,365.46,1297.22,553.05,2.195,8.820
2026-04-03T15:08:03.245Z,48.034,pi:0,sports ball,0.5364,840.75,388.20,1009.87,563.83,2.344,-0.789
2026-04-03T15:08:03.245Z,48.034,pi:0,sports ball,0.5029,1145.10,364.86,1297.22,552.94,2.189,8.804
2026-04-03T15:08:03.275Z,48.064,pi:0,sports ball,0.4842,842.07,387.07,1010.80,564.96,2.314,-0.753
2026-04-03T15:08:03.275Z,48.064,pi:0,sports ball,0.3650,1143.89,366.78,1294.94,552.93,2.212,8.748
2026-04-03T15:08:03.325Z,48.114,pi:0,sports ball,0.4023,841.58,387.07,1013.22,565.10,2.313,-0.721
2026-04-03T15:08:03.325Z,48.114,pi:0,sports ball,0.3725,1144.91,366.74,1294.93,552.94,2.211,8.764
2026-04-03T15:08:03.357Z,48.146,pi:0,sports ball,0.4619,840.95,386.20,1010.96,564.58,2.308,-0.768
2026-04-03T15:08:03.357Z,48.146,pi:0,sports ball,0.3725,1144.91,367.11,1295.01,552.97,2.215,8.765
2026-04-03T15:08:03.393Z,48.182,pi:0,sports ball,0.4135,841.21,386.09,1013.33,565.57,2.294,-0.725
2026-04-03T15:08:03.393Z,48.182,pi:0,sports ball,0.4023,1143.88,366.69,1293.80,552.89,2.211,8.729
2026-04-03T15:08:03.436Z,48.225,pi:0,sports ball,0.5178,841.43,387.17,1010.97,564.13,2.327,-0.760
2026-04-03T15:08:03.436Z,48.225,pi:0,sports ball,0.3650,1146.16,365.46,1297.23,553.11,2.194,8.820
2026-04-03T15:08:03.480Z,48.270,pi:0,sports ball,0.4470,840.50,387.18,1012.55,564.31,2.324,-0.750
2026-04-03T15:08:03.480Z,48.270,pi:0,sports ball,0.2980,1144.92,367.20,1293.79,553.81,2.206,8.746
2026-04-03T15:08:03.519Z,48.308,pi:0,sports ball,0.4693,841.17,387.17,1011.92,564.92,2.316,-0.749
2026-04-03T15:08:03.519Z,48.308,pi:0,sports ball,0.4656,1145.07,365.47,1296.07,552.99,2.196,8.785
2026-04-03T15:08:03.555Z,48.344,pi:0,sports ball,0.4731,840.95,387.17,1011.27,564.36,2.324,-0.763
2026-04-03T15:08:03.555Z,48.344,pi:0,sports ball,0.4135,1143.91,366.69,1294.93,552.94,2.211,8.748
2026-04-03T15:08:03.592Z,48.381,pi:0,sports ball,0.5550,1145.13,364.90,1296.03,552.93,2.190,8.785
2026-04-03T15:08:03.592Z,48.381,pi:0,sports ball,0.5476,841.74,388.19,1010.97,564.45,2.336,-0.755
2026-04-03T15:08:03.632Z,48.421,pi:0,sports ball,0.4880,842.22,387.09,1010.99,565.13,2.312,-0.747
2026-04-03T15:08:03.632Z,48.421,pi:0,sports ball,0.4321,1145.05,364.90,1297.22,552.99,2.189,8.803
2026-04-03T15:08:03.676Z,48.465,pi:0,sports ball,0.4582,1143.94,366.19,1294.96,553.70,2.196,8.749
2026-04-03T15:08:03.676Z,48.465,pi:0,sports ball,0.4507,841.22,388.17,1013.63,564.57,2.334,-0.720
2026-04-03T15:08:03.716Z,48.505,pi:0,sports ball,0.5252,841.24,387.18,1013.42,564.27,2.325,-0.723
2026-04-03T15:08:03.716Z,48.505,pi:0,sports ball,0.4507,1144.05,365.48,1297.22,552.16,2.205,8.787
2026-04-03T15:08:03.757Z,48.546,pi:0,sports ball,0.4954,842.07,386.18,1010.68,565.25,2.299,-0.755
2026-04-03T15:08:03.757Z,48.546,pi:0,sports ball,0.4172,1145.09,365.46,1298.39,552.99,2.195,8.822
2026-04-03T15:08:03.804Z,48.593,pi:0,sports ball,0.5066,842.17,386.10,1007.07,565.23,2.298,-0.812
2026-04-03T15:08:03.804Z,48.593,pi:0,sports ball,0.4172,1146.18,364.90,1297.22,552.16,2.199,8.820
2026-04-03T15:08:03.841Z,48.630,pi:0,sports ball,0.4693,841.93,387.11,1009.46,565.05,2.314,-0.777
2026-04-03T15:08:03.841Z,48.630,pi:0,sports ball,0.3911,1146.12,364.90,1297.25,552.24,2.198,8.820
2026-04-03T15:08:03.872Z,48.661,pi:0,sports ball,0.4321,842.24,386.10,1008.32,565.06,2.301,-0.790
2026-04-03T15:08:03.872Z,48.661,pi:0,sports ball,0.3948,1143.91,366.63,1294.97,552.98,2.209,8.749
2026-04-03T15:08:03.916Z,48.705,pi:0,sports ball,0.4582,840.26,387.16,1012.25,564.47,2.322,-0.759
2026-04-03T15:08:03.916Z,48.705,pi:0,sports ball,0.3278,1146.12,364.87,1298.39,553.06,2.188,8.838
2026-04-03T15:08:03.955Z,48.744,pi:0,sports ball,0.4917,841.59,386.20,1010.74,564.83,2.305,-0.762
2026-04-03T15:08:03.955Z,48.744,pi:0,sports ball,0.4060,1145.06,365.47,1299.49,553.86,2.185,8.839
2026-04-03T15:08:04.004Z,48.793,pi:0,sports ball,0.4619,841.57,386.19,1010.68,565.12,2.301,-0.763
2026-04-03T15:08:04.004Z,48.793,pi:0,sports ball,0.4358,1145.06,365.47,1299.52,552.24,2.204,8.840
2026-04-03T15:08:04.066Z,48.855,pi:0,sports ball,0.5289,840.96,387.15,1011.08,564.50,2.322,-0.766
2026-04-03T15:08:04.066Z,48.855,pi:0,sports ball,0.4470,1145.11,364.88,1297.24,553.03,2.188,8.804
2026-04-03T15:08:04.132Z,48.921,pi:0,sports ball,0.4395,842.07,386.19,1010.66,565.38,2.298,-0.755
2026-04-03T15:08:04.132Z,48.921,pi:0,sports ball,0.4172,1145.08,365.48,1298.39,553.08,2.195,8.822
2026-04-03T15:08:04.164Z,48.954,pi:0,sports ball,0.5438,841.12,388.21,1009.86,564.28,2.338,-0.784
2026-04-03T15:08:04.164Z,48.954,pi:0,sports ball,0.5215,1145.06,365.45,1298.36,553.07,2.194,8.821
2026-04-03T15:08:04.214Z,49.003,pi:0,sports ball,0.4842,841.12,387.18,1010.96,564.45,2.323,-0.766
2026-04-03T15:08:04.214Z,49.003,pi:0,sports ball,0.3911,1146.16,364.91,1297.27,553.02,2.189,8.821
2026-04-03T15:08:04.249Z,49.038,pi:0,sports ball,0.4246,842.26,386.19,1011.96,564.92,2.304,-0.731
2026-04-03T15:08:04.249Z,49.038,pi:0,sports ball,0.2719,1143.86,366.30,1296.01,553.77,2.196,8.764
2026-04-03T15:08:04.289Z,49.078,pi:0,sports ball,0.3539,841.63,386.21,1010.66,564.98,2.303,-0.762
2026-04-03T15:08:04.289Z,49.078,pi:0,sports ball,0.2794,1146.09,364.90,1297.28,552.24,2.198,8.820
2026-04-03T15:08:04.330Z,49.119,pi:0,sports ball,0.4470,841.39,388.19,1011.06,564.39,2.337,-0.760
2026-04-03T15:08:04.330Z,49.119,pi:0,sports ball,0.3278,1142.89,366.24,1296.09,554.57,2.186,8.750
2026-04-03T15:08:04.362Z,49.151,pi:0,sports ball,0.4284,841.13,387.18,1011.22,564.31,2.324,-0.761
2026-04-03T15:08:04.362Z,49.151,pi:0,sports ball,0.3464,1144.93,366.26,1294.92,553.75,2.196,8.764
2026-04-03T15:08:04.393Z,49.182,pi:0,sports ball,0.3837,840.26,388.21,1012.39,564.48,2.336,-0.756
2026-04-03T15:08:04.393Z,49.182,pi:0,sports ball,0.2905,1144.89,367.25,1295.00,553.76,2.207,8.765
2026-04-03T15:08:04.438Z,49.227,pi:0,sports ball,0.4284,841.78,387.10,1009.46,565.06,2.314,-0.779
2026-04-03T15:08:04.438Z,49.227,pi:0,sports ball,0.3203,1146.04,367.02,1295.02,552.84,2.216,8.783
2026-04-03T15:08:04.473Z,49.262,pi:0,sports ball,0.3650,841.89,386.20,1010.61,564.51,2.309,-0.759
2026-04-03T15:08:04.473Z,49.262,pi:0,sports ball,0.3166,1146.12,364.92,1297.26,552.24,2.198,8.820
2026-04-03T15:08:04.511Z,49.300,pi:0,sports ball,0.4395,843.23,385.96,1010.57,564.95,2.300,-0.738
2026-04-03T15:08:04.511Z,49.300,pi:0,sports ball,0.3203,1145.09,365.49,1297.24,553.08,2.195,8.804
2026-04-03T15:08:04.554Z,49.343,pi:0,sports ball,0.4954,841.13,387.19,1012.38,564.80,2.318,-0.742
2026-04-03T15:08:04.554Z,49.343,pi:0,sports ball,0.3762,1146.17,366.50,1297.22,552.23,2.217,8.820
2026-04-03T15:08:04.586Z,49.375,pi:0,sports ball,0.4097,841.74,387.07,1013.23,565.79,2.304,-0.718
2026-04-03T15:08:04.586Z,49.375,pi:0,sports ball,0.3315,1146.14,364.88,1299.52,553.08,2.188,8.857
2026-04-03T15:08:04.624Z,49.413,pi:0,sports ball,0.4395,840.28,387.19,1012.39,564.44,2.323,-0.756
2026-04-03T15:08:04.624Z,49.413,pi:0,sports ball,0.4172,1145.07,365.45,1298.37,552.16,2.205,8.821
2026-04-03T15:08:04.657Z,49.447,pi:0,sports ball,0.4097,840.22,387.18,1012.56,564.70,2.319,-0.754
2026-04-03T15:08:04.657Z,49.447,pi:0,sports ball,0.3539,1146.16,364.89,1297.30,552.22,2.198,8.822
2026-04-03T15:08:04.699Z,49.488,pi:0,sports ball,0.4582,842.23,387.10,1009.47,565.11,2.313,-0.772
2026-04-03T15:08:04.699Z,49.488,pi:0,sports ball,0.3688,1146.16,365.47,1298.41,553.97,2.184,8.839
2026-04-03T15:08:04.740Z,49.529,pi:0,sports ball,0.4582,1145.07,365.45,1296.06,553.10,2.194,8.784
2026-04-03T15:08:04.740Z,49.529,pi:0,sports ball,0.4507,842.04,387.07,1012.19,565.24,2.311,-0.730
2026-04-03T15:08:04.780Z,49.569,pi:0,sports ball,0.4172,840.96,388.21,1011.34,564.46,2.336,-0.762
2026-04-03T15:08:04.780Z,49.569,pi:0,sports ball,0.3688,1143.91,366.24,1294.94,553.68,2.197,8.748
2026-04-03T15:08:04.826Z,49.615,pi:0,sports ball,0.4991,840.94,387.18,1011.34,564.49,2.322,-0.762
2026-04-03T15:08:04.826Z,49.615,pi:0,sports ball,0.4768,1145.13,365.49,1297.20,552.98,2.196,8.804
2026-04-03T15:08:04.870Z,49.659,pi:0,sports ball,0.3874,840.22,387.19,1013.49,564.18,2.326,-0.739
2026-04-03T15:08:04.870Z,49.659,pi:0,sports ball,0.3725,1146.14,366.05,1297.27,553.09,2.201,8.821
2026-04-03T15:08:04.985Z,49.774,pi:0,sports ball,0.4358,840.49,388.19,1013.55,564.45,2.336,-0.734
2026-04-03T15:08:04.985Z,49.774,pi:0,sports ball,0.3948,1147.23,365.49,1296.07,553.09,2.195,8.819
2026-04-03T15:08:05.023Z,49.812,pi:0,sports ball,0.4544,840.55,387.18,1011.08,564.16,2.326,-0.773
2026-04-03T15:08:05.023Z,49.812,pi:0,sports ball,0.3725,1143.84,366.67,1296.05,552.85,2.211,8.765
2026-04-03T15:08:05.061Z,49.850,pi:0,sports ball,0.3352,840.20,387.18,1012.54,564.39,2.323,-0.755
2026-04-03T15:08:05.061Z,49.850,pi:0,sports ball,0.3054,1143.88,366.69,1294.90,552.94,2.211,8.747
2026-04-03T15:08:05.101Z,49.890,pi:0,sports ball,0.4321,841.56,386.20,1010.61,565.00,2.303,-0.764
2026-04-03T15:08:05.101Z,49.890,pi:0,sports ball,0.4172,1144.98,366.19,1296.14,552.88,2.205,8.784
2026-04-03T15:08:05.143Z,49.932,pi:0,sports ball,0.4805,842.22,386.12,1010.83,565.82,2.291,-0.750
2026-04-03T15:08:05.143Z,49.932,pi:0,sports ball,0.4135,1144.99,366.71,1294.94,552.92,2.211,8.765
2026-04-03T15:08:05.183Z,49.973,pi:0,sports ball,0.5401,841.15,388.20,1009.73,564.53,2.335,-0.785
2026-04-03T15:08:05.183Z,49.973,pi:0,sports ball,0.4246,1143.97,367.13,1293.77,552.97,2.216,8.730
2026-04-03T15:08:05.228Z,50.017,pi:0,sports ball,0.4954,840.47,387.19,1012.49,564.31,2.324,-0.751
2026-04-03T15:08:05.228Z,50.017,pi:0,sports ball,0.4507,1142.94,366.21,1294.97,552.88,2.206,8.733
2026-04-03T15:08:05.261Z,50.050,pi:0,sports ball,0.5215,841.43,387.18,1009.73,564.27,2.325,-0.781
2026-04-03T15:08:05.261Z,50.050,pi:0,sports ball,0.4507,1147.23,365.39,1295.03,553.67,2.187,8.802
2026-04-03T15:08:05.298Z,50.087,pi:0,sports ball,0.4470,841.25,386.20,1010.68,564.92,2.304,-0.768
2026-04-03T15:08:05.298Z,50.087,pi:0,sports ball,0.3613,1144.98,366.23,1293.74,552.85,2.206,8.746
2026-04-03T15:08:05.342Z,50.131,pi:0,sports ball,0.4656,842.11,386.20,1010.61,564.80,2.305,-0.755
2026-04-03T15:08:05.342Z,50.131,pi:0,sports ball,0.2943,1146.18,365.43,1296.14,553.06,2.194,8.803
2026-04-03T15:08:05.380Z,50.169,pi:0,sports ball,0.4172,840.53,386.20,1011.08,563.98,2.316,-0.773
2026-04-03T15:08:05.380Z,50.169,pi:0,sports ball,0.2756,1144.92,367.15,1292.66,552.93,2.216,8.728
2026-04-03T15:08:05.420Z,50.209,pi:0,sports ball,0.3837,841.53,387.06,1013.33,565.39,2.309,-0.720
2026-04-03T15:08:05.420Z,50.209,pi:0,sports ball,0.3315,1143.84,366.64,1292.68,553.81,2.200,8.711
2026-04-03T15:08:05.483Z,50.272,pi:0,sports ball,0.4395,840.71,387.18,1011.09,564.94,2.316,-0.770
2026-04-03T15:08:05.483Z,50.272,pi:0,sports ball,0.3576,1144.96,366.16,1292.66,552.99,2.204,8.728
2026-04-03T15:08:05.528Z,50.317,pi:0,sports ball,0.4917,841.76,386.18,1010.59,565.64,2.294,-0.761
2026-04-03T15:08:05.528Z,50.317,pi:0,sports ball,0.3762,1144.99,366.70,1293.74,553.79,2.201,8.746
2026-04-03T15:08:05.576Z,50.365,pi:0,sports ball,0.4507,841.12,388.20,1013.44,563.99,2.342,-0.725
2026-04-03T15:08:05.576Z,50.365,pi:0,sports ball,0.2980,1143.86,367.13,1292.61,553.00,2.215,8.710
2026-04-03T15:08:05.619Z,50.408,pi:0,sports ball,0.4135,841.38,386.20,1010.82,564.90,2.304,-0.764
2026-04-03T15:08:05.619Z,50.408,pi:0,sports ball,0.2905,1146.08,364.92,1294.95,553.15,2.187,8.783
2026-04-03T15:08:05.683Z,50.472,pi:0,sports ball,0.4917,840.73,387.16,1012.50,564.14,2.326,-0.747
2026-04-03T15:08:05.683Z,50.472,pi:0,sports ball,0.3986,1143.96,366.21,1292.67,553.75,2.195,8.713
2026-04-03T15:08:05.702Z,50.491,pi:0,sports ball,0.3762,840.45,387.17,1012.44,564.53,2.321,-0.753
2026-04-03T15:08:05.702Z,50.491,pi:0,sports ball,0.3092,1144.90,366.29,1292.62,552.98,2.205,8.727
2026-04-03T15:08:05.752Z,50.541,pi:0,sports ball,0.4358,841.53,386.10,1013.34,565.51,2.295,-0.720
2026-04-03T15:08:05.752Z,50.541,pi:0,sports ball,0.3464,1143.89,366.69,1292.65,552.94,2.211,8.711
2026-04-03T15:08:05.811Z,50.600,pi:0,sports ball,0.5401,840.95,387.15,1012.45,564.44,2.322,-0.744
2026-04-03T15:08:05.811Z,50.600,pi:0,sports ball,0.4172,1143.93,366.17,1293.77,552.93,2.205,8.730
2026-04-03T15:08:05.856Z,50.645,pi:0,sports ball,0.5289,841.72,387.06,1010.83,565.20,2.311,-0.758
2026-04-03T15:08:05.856Z,50.645,pi:0,sports ball,0.3986,1143.93,366.64,1293.79,552.96,2.210,8.730
2026-04-03T15:08:05.889Z,50.678,pi:0,sports ball,0.4991,840.24,388.19,1011.27,564.15,2.340,-0.775
2026-04-03T15:08:05.889Z,50.678,pi:0,sports ball,0.4135,1143.88,367.18,1292.61,552.94,2.216,8.710
2026-04-03T15:08:05.930Z,50.719,pi:0,sports ball,0.4842,841.72,388.07,1013.26,564.83,2.329,-0.718
2026-04-03T15:08:05.930Z,50.719,pi:0,sports ball,0.3352,1143.91,365.63,1293.80,553.79,2.188,8.730
2026-04-03T15:08:05.975Z,50.765,pi:0,sports ball,0.4880,841.22,387.18,1011.08,564.36,2.324,-0.762
2026-04-03T15:08:05.975Z,50.765,pi:0,sports ball,0.4768,1143.90,366.71,1293.87,552.85,2.212,8.731
2026-04-03T15:08:06.019Z,50.808,pi:0,sports ball,0.3762,841.26,386.20,1011.79,564.80,2.305,-0.750
2026-04-03T15:08:06.019Z,50.808,pi:0,sports ball,0.2980,1143.86,366.82,1293.79,553.72,2.203,8.729
2026-04-03T15:08:06.072Z,50.862,pi:0,sports ball,0.5140,841.41,387.19,1012.18,564.39,2.323,-0.741
2026-04-03T15:08:06.072Z,50.862,pi:0,sports ball,0.3911,1143.89,366.69,1292.67,551.99,2.222,8.712
2026-04-03T15:08:06.129Z,50.918,pi:0,sports ball,0.4135,841.92,387.10,1011.90,565.60,2.307,-0.737
2026-04-03T15:08:06.129Z,50.918,pi:0,sports ball,0.3390,1143.92,366.18,1294.95,553.72,2.195,8.748
2026-04-03T15:08:06.176Z,50.965,pi:0,sports ball,0.4880,841.72,388.09,1010.75,565.72,2.318,-0.759
2026-04-03T15:08:06.176Z,50.965,pi:0,sports ball,0.3762,1144.99,366.72,1293.80,552.89,2.212,8.747
2026-04-03T15:08:06.212Z,51.001,pi:0,sports ball,0.4544,840.42,388.19,1012.39,564.51,2.335,-0.754
2026-04-03T15:08:06.212Z,51.001,pi:0,sports ball,0.3427,1146.12,365.45,1296.11,553.93,2.184,8.802
2026-04-03T15:08:06.252Z,51.041,pi:0,sports ball,0.4917,840.70,387.17,1010.97,564.15,2.326,-0.772
2026-04-03T15:08:06.252Z,51.041,pi:0,sports ball,0.4135,1145.10,366.03,1296.08,553.08,2.201,8.785
2026-04-03T15:08:06.290Z,51.079,pi:0,sports ball,0.4246,1145.13,364.90,1296.08,552.99,2.189,8.786
2026-04-03T15:08:06.290Z,51.079,pi:0,sports ball,0.4246,841.39,387.08,1013.21,565.54,2.307,-0.724
2026-04-03T15:08:06.328Z,51.117,pi:0,sports ball,0.4321,843.55,385.95,1010.59,564.74,2.303,-0.732
2026-04-03T15:08:06.328Z,51.117,pi:0,sports ball,0.3986,1146.16,365.45,1296.08,553.02,2.195,8.802
2026-04-03T15:08:06.369Z,51.158,pi:0,sports ball,0.3948,843.23,385.95,1009.45,565.00,2.299,-0.756
2026-04-03T15:08:06.369Z,51.158,pi:0,sports ball,0.3911,1146.19,366.04,1297.26,552.07,2.213,8.821
2026-04-03T15:08:06.410Z,51.199,pi:0,sports ball,0.4917,841.22,387.16,1011.22,564.14,2.326,-0.760
2026-04-03T15:08:06.410Z,51.199,pi:0,sports ball,0.3762,1144.90,366.66,1293.78,553.68,2.202,8.745
2026-04-03T15:08:06.451Z,51.240,pi:0,sports ball,0.4693,840.73,387.16,1013.55,564.45,2.322,-0.730
2026-04-03T15:08:06.451Z,51.240,pi:0,sports ball,0.4209,1145.05,365.44,1296.07,553.10,2.194,8.784
2026-04-03T15:08:06.490Z,51.279,pi:0,sports ball,0.4209,840.68,387.16,1013.42,564.49,2.322,-0.733
2026-04-03T15:08:06.490Z,51.279,pi:0,sports ball,0.3986,1142.85,366.66,1293.80,553.72,2.201,8.713
2026-04-03T15:08:06.529Z,51.318,pi:0,sports ball,0.4731,840.95,388.20,1010.97,564.30,2.338,-0.768
2026-04-03T15:08:06.529Z,51.318,pi:0,sports ball,0.4023,1146.17,364.91,1294.89,552.99,2.189,8.783
2026-04-03T15:08:06.573Z,51.362,pi:0,sports ball,0.4582,843.96,385.95,1010.60,565.24,2.296,-0.725
2026-04-03T15:08:06.573Z,51.362,pi:0,sports ball,0.3315,1144.88,366.23,1291.58,552.94,2.205,8.710
2026-04-03T15:08:06.612Z,51.401,pi:0,sports ball,0.4693,1145.09,365.46,1296.05,552.97,2.196,8.785
2026-04-03T15:08:06.612Z,51.401,pi:0,sports ball,0.4284,840.90,387.19,1010.80,565.01,2.315,-0.772
2026-04-03T15:08:06.650Z,51.439,pi:0,sports ball,0.3725,840.24,387.19,1015.75,564.35,2.324,-0.702
2026-04-03T15:08:06.650Z,51.439,pi:0,sports ball,0.3613,1144.98,366.66,1293.74,552.85,2.211,8.746
2026-04-03T15:08:06.687Z,51.476,pi:0,sports ball,0.3390,842.29,386.10,1010.70,565.45,2.296,-0.751
2026-04-03T15:08:06.687Z,51.476,pi:0,sports ball,0.3352,1143.92,366.62,1293.79,553.71,2.201,8.730
2026-04-03T15:08:06.726Z,51.515,pi:0,sports ball,0.3799,1146.13,365.47,1296.07,552.28,2.204,8.801
2026-04-03T15:08:06.726Z,51.515,pi:0,sports ball,0.3576,842.23,387.08,1010.65,565.39,2.309,-0.753
2026-04-03T15:08:06.765Z,51.554,pi:0,sports ball,0.4880,841.43,387.16,1011.01,564.30,2.324,-0.760
2026-04-03T15:08:06.765Z,51.554,pi:0,sports ball,0.4544,1146.19,365.46,1296.03,552.98,2.196,8.802
2026-04-03T15:08:06.809Z,51.598,pi:0,sports ball,0.3986,841.17,386.20,1010.71,565.12,2.301,-0.769
2026-04-03T15:08:06.809Z,51.598,pi:0,sports ball,0.3837,1146.10,364.88,1296.07,552.22,2.198,8.801
2026-04-03T15:08:06.849Z,51.638,pi:0,sports ball,0.4284,841.03,387.06,1012.19,565.12,2.312,-0.747
2026-04-03T15:08:06.849Z,51.638,pi:0,sports ball,0.3911,1146.16,364.88,1296.08,552.24,2.197,8.802
2026-04-03T15:08:06.893Z,51.682,pi:0,sports ball,0.3725,1143.91,366.74,1292.61,553.65,2.203,8.711
2026-04-03T15:08:06.893Z,51.682,pi:0,sports ball,0.3613,842.23,387.08,1010.77,565.98,2.301,-0.751
2026-04-03T15:08:06.933Z,51.722,pi:0,sports ball,0.3874,841.22,387.09,1013.15,565.76,2.304,-0.728
2026-04-03T15:08:06.933Z,51.722,pi:0,sports ball,0.3539,1146.18,364.91,1296.04,553.05,2.188,8.802
2026-04-03T15:08:06.973Z,51.762,pi:0,sports ball,0.5550,1145.14,364.92,1294.86,552.97,2.189,8.766
2026-04-03T15:08:06.973Z,51.762,pi:0,sports ball,0.5364,841.72,387.19,1011.08,564.45,2.323,-0.754
2026-04-03T15:08:07.005Z,51.794,pi:0,sports ball,0.4768,842.89,385.92,1008.27,565.24,2.296,-0.781
2026-04-03T15:08:07.005Z,51.794,pi:0,sports ball,0.4619,1145.07,365.44,1296.04,552.99,2.195,8.784
2026-04-03T15:08:07.094Z,51.883,pi:0,sports ball,0.4768,841.23,387.16,1012.46,564.16,2.326,-0.739
2026-04-03T15:08:07.094Z,51.883,pi:0,sports ball,0.4433,1143.97,366.23,1291.51,553.69,2.196,8.694
2026-04-03T15:08:07.121Z,51.910,pi:0,sports ball,0.3799,839.81,387.18,1014.83,564.32,2.324,-0.724
2026-04-03T15:08:07.121Z,51.910,pi:0,sports ball,0.3464,1143.89,366.70,1291.50,553.72,2.201,8.693
2026-04-03T15:08:07.165Z,51.954,pi:0,sports ball,0.4284,840.24,387.17,1011.12,564.45,2.322,-0.777
2026-04-03T15:08:07.165Z,51.954,pi:0,sports ball,0.4097,1142.91,367.20,1291.53,553.64,2.208,8.678
2026-04-03T15:08:07.214Z,52.003,pi:0,sports ball,0.4731,841.60,386.18,1011.88,565.72,2.293,-0.743
2026-04-03T15:08:07.214Z,52.003,pi:0,sports ball,0.4023,1143.96,366.17,1291.46,552.88,2.205,8.693
2026-04-03T15:08:07.258Z,52.047,pi:0,sports ball,0.4172,840.02,387.20,1013.55,564.45,2.323,-0.741
2026-04-03T15:08:07.258Z,52.047,pi:0,sports ball,0.2831,1143.88,366.79,1291.51,552.99,2.211,8.693
2026-04-03T15:08:07.283Z,52.073,pi:0,sports ball,0.4693,840.95,388.20,1011.08,563.98,2.342,-0.766
2026-04-03T15:08:07.283Z,52.073,pi:0,sports ball,0.3539,1143.96,366.21,1291.49,552.88,2.206,8.694
2026-04-03T15:08:07.321Z,52.110,pi:0,sports ball,0.3379,841.54,385.36,1006.63,564.05,2.304,-0.830
2026-04-03T15:08:07.321Z,52.110,pi:0,sports ball,0.2719,1146.08,364.91,1290.41,553.11,2.188,8.710
2026-04-03T15:08:07.371Z,52.160,pi:0,sports ball,0.4544,841.01,387.17,1012.61,564.48,2.322,-0.740
2026-04-03T15:08:07.371Z,52.160,pi:0,sports ball,0.3650,1142.90,366.74,1289.30,553.03,2.210,8.642
2026-04-03T15:08:07.435Z,52.224,pi:0,sports ball,0.3948,840.78,387.18,1012.39,564.48,2.322,-0.748
2026-04-03T15:08:07.478Z,52.267,pi:0,sports ball,0.4582,840.97,387.16,1012.31,564.45,2.322,-0.746
2026-04-03T15:08:07.478Z,52.267,pi:0,sports ball,0.3464,1143.88,366.20,1288.22,553.84,2.194,8.640
2026-04-03T15:08:07.517Z,52.306,pi:0,sports ball,0.3837,840.28,388.21,1012.39,564.31,2.338,-0.756
2026-04-03T15:08:07.556Z,52.345,pi:0,sports ball,0.4619,842.04,388.06,1009.82,565.02,2.327,-0.769
2026-04-03T15:08:07.556Z,52.345,pi:0,sports ball,0.3650,1142.93,366.69,1288.24,552.98,2.210,8.626
2026-04-03T15:08:07.593Z,52.382,pi:0,sports ball,0.4619,840.75,388.19,1012.51,564.49,2.335,-0.746
2026-04-03T15:08:07.593Z,52.382,pi:0,sports ball,0.3129,1144.84,366.19,1287.25,552.91,2.205,8.640
2026-04-03T15:08:07.632Z,52.421,pi:0,sports ball,0.4507,840.74,387.19,1013.72,564.36,2.324,-0.727
2026-04-03T15:08:07.632Z,52.421,pi:0,sports ball,0.3129,1142.87,366.18,1288.26,552.99,2.204,8.625
2026-04-03T15:08:07.668Z,52.457,pi:0,sports ball,0.4209,841.03,387.17,1010.77,564.61,2.320,-0.770
2026-04-03T15:08:07.707Z,52.496,pi:0,sports ball,0.4284,840.02,387.19,1014.65,564.31,2.325,-0.723
2026-04-03T15:08:07.707Z,52.496,pi:0,sports ball,0.3092,1142.83,366.20,1288.22,552.98,2.204,8.624
2026-04-03T15:08:07.748Z,52.537,pi:0,sports ball,0.4209,843.55,386.93,1009.47,564.58,2.318,-0.750
2026-04-03T15:08:07.748Z,52.537,pi:0,sports ball,0.3650,1143.85,366.18,1289.26,552.94,2.204,8.656
2026-04-03T15:08:07.788Z,52.577,pi:0,sports ball,0.4693,840.49,387.19,1012.26,564.16,2.327,-0.755
2026-04-03T15:08:07.788Z,52.577,pi:0,sports ball,0.3054,1143.87,366.10,1288.19,553.88,2.192,8.640
2026-04-03T15:08:07.823Z,52.612,pi:0,sports ball,0.5066,841.87,387.07,1012.04,564.70,2.318,-0.736
2026-04-03T15:08:07.823Z,52.612,pi:0,sports ball,0.3464,1144.90,365.61,1287.25,553.01,2.197,8.641
2026-04-03T15:08:07.859Z,52.648,pi:0,sports ball,0.5289,840.76,387.17,1009.76,564.30,2.324,-0.791
2026-04-03T15:08:07.859Z,52.648,pi:0,sports ball,0.3911,1143.86,366.68,1287.22,552.14,2.220,8.624
2026-04-03T15:08:07.900Z,52.690,pi:0,sports ball,0.5736,841.03,387.16,1009.79,564.29,2.324,-0.786
2026-04-03T15:08:07.900Z,52.690,pi:0,sports ball,0.4768,1146.17,365.46,1290.36,552.17,2.205,8.711
2026-04-03T15:08:07.936Z,52.725,pi:0,sports ball,0.4582,840.93,387.18,1011.01,563.97,2.329,-0.768
2026-04-03T15:08:07.936Z,52.725,pi:0,sports ball,0.3092,1144.89,366.75,1287.13,552.09,2.221,8.639
2026-04-03T15:08:07.990Z,52.779,pi:0,sports ball,0.4470,840.23,388.17,1012.52,564.14,2.340,-0.755
2026-04-03T15:08:07.990Z,52.779,pi:0,sports ball,0.4395,1143.91,366.24,1288.24,553.68,2.196,8.641
2026-04-03T15:08:08.024Z,52.813,pi:0,sports ball,0.4060,842.44,387.11,1009.49,565.03,2.314,-0.768
2026-04-03T15:08:08.024Z,52.813,pi:0,sports ball,0.3464,1146.14,364.93,1286.17,553.85,2.179,8.644
2026-04-03T15:08:08.055Z,52.844,pi:0,sports ball,0.5327,841.53,388.10,1014.43,564.98,2.328,-0.702
2026-04-03T15:08:08.055Z,52.844,pi:0,sports ball,0.4097,1146.13,366.05,1284.35,553.84,2.192,8.615
2026-04-03T15:08:08.092Z,52.881,pi:0,sports ball,0.5140,840.26,387.17,1015.77,564.47,2.322,-0.701
2026-04-03T15:08:08.092Z,52.881,pi:0,sports ball,0.4805,1144.91,366.15,1281.87,552.91,2.205,8.555
2026-04-03T15:08:08.137Z,52.926,pi:0,sports ball,0.5625,840.87,387.19,1011.13,564.47,2.322,-0.767
2026-04-03T15:08:08.137Z,52.926,pi:0,sports ball,0.5140,1143.94,366.15,1280.37,552.96,2.204,8.516
2026-04-03T15:08:08.176Z,52.966,pi:0,sports ball,0.5215,840.95,388.21,1011.13,564.14,2.340,-0.766
2026-04-03T15:08:08.176Z,52.966,pi:0,sports ball,0.3948,1146.19,366.07,1281.00,552.28,2.211,8.562
2026-04-03T15:08:08.214Z,53.003,pi:0,sports ball,0.4991,840.25,386.21,1012.35,564.34,2.311,-0.757
2026-04-03T15:08:08.214Z,53.003,pi:0,sports ball,0.3613,1145.13,366.08,1280.97,553.96,2.191,8.545
2026-04-03T15:08:08.254Z,53.043,pi:0,sports ball,0.4954,841.72,387.04,1010.99,565.05,2.313,-0.755
2026-04-03T15:08:08.254Z,53.043,pi:0,sports ball,0.3390,1146.19,364.92,1280.23,553.04,2.189,8.550
2026-04-03T15:08:08.292Z,53.081,pi:0,sports ball,0.4433,841.85,387.04,1010.88,565.25,2.310,-0.755
2026-04-03T15:08:08.292Z,53.081,pi:0,sports ball,0.3054,1145.11,365.55,1280.87,553.80,2.187,8.543
2026-04-03T15:08:08.337Z,53.126,pi:0,sports ball,0.4917,840.68,387.19,1010.94,564.27,2.325,-0.773
2026-04-03T15:08:08.337Z,53.126,pi:0,sports ball,0.3092,1145.07,365.56,1280.28,553.87,2.186,8.533
2026-04-03T15:08:08.376Z,53.165,pi:0,sports ball,0.3837,840.02,387.19,1013.41,564.38,2.324,-0.744
2026-04-03T15:08:08.415Z,53.204,pi:0,sports ball,0.4135,840.52,388.19,1011.39,564.16,2.340,-0.768
2026-04-03T15:08:08.415Z,53.204,pi:0,sports ball,0.2607,1146.21,365.57,1280.29,553.05,2.196,8.551
2026-04-03T15:08:08.454Z,53.243,pi:0,sports ball,0.4619,842.44,387.10,1009.42,565.09,2.313,-0.769
2026-04-03T15:08:08.454Z,53.243,pi:0,sports ball,0.3874,1142.95,366.31,1279.04,553.69,2.197,8.479
2026-04-03T15:08:08.502Z,53.291,pi:0,sports ball,0.4284,841.35,388.18,1010.89,565.14,2.327,-0.763
2026-04-03T15:08:08.502Z,53.291,pi:0,sports ball,0.3241,1143.80,366.74,1279.59,552.91,2.212,8.501
2026-04-03T15:08:08.538Z,53.327,pi:0,sports ball,0.4321,840.65,388.17,1010.77,564.45,2.336,-0.776
2026-04-03T15:08:08.538Z,53.327,pi:0,sports ball,0.3874,1143.90,366.23,1280.24,552.86,2.206,8.513
2026-04-03T15:08:08.576Z,53.365,pi:0,sports ball,0.4954,840.93,388.18,1013.61,564.45,2.336,-0.725
2026-04-03T15:08:08.576Z,53.365,pi:0,sports ball,0.3688,1146.06,366.08,1280.24,552.92,2.204,8.548
2026-04-03T15:08:08.618Z,53.408,pi:0,sports ball,0.5587,841.12,388.19,1013.45,564.01,2.342,-0.725
2026-04-03T15:08:08.618Z,53.408,pi:0,sports ball,0.3986,1143.85,366.69,1280.34,553.83,2.200,8.514
2026-04-03T15:08:08.662Z,53.451,pi:0,sports ball,0.4358,840.99,387.19,1015.83,564.12,2.327,-0.688
2026-04-03T15:08:08.662Z,53.451,pi:0,sports ball,0.3390,1145.08,365.55,1280.33,554.82,2.175,8.533
2026-04-03T15:08:08.692Z,53.481,pi:0,sports ball,0.4731,840.49,387.19,1014.60,564.33,2.324,-0.717
2026-04-03T15:08:08.692Z,53.481,pi:0,sports ball,0.3650,1143.87,366.71,1279.65,552.96,2.211,8.503
2026-04-03T15:08:08.723Z,53.512,pi:0,sports ball,0.3986,840.70,387.19,1015.60,564.59,2.321,-0.697
2026-04-03T15:08:08.723Z,53.512,pi:0,sports ball,0.2980,1143.91,365.69,1279.48,553.78,2.189,8.501
2026-04-03T15:08:08.779Z,53.569,pi:0,sports ball,0.2831,843.69,386.88,1010.71,564.23,2.322,-0.728
2026-04-03T15:08:08.779Z,53.569,pi:0,sports ball,0.2570,1145.13,365.58,1280.27,553.92,2.186,8.533
2026-04-03T15:08:08.820Z,53.609,pi:0,sports ball,0.4023,841.38,388.21,1012.00,564.35,2.337,-0.744
2026-04-03T15:08:08.820Z,53.609,pi:0,sports ball,0.3129,1145.13,364.97,1279.56,553.80,2.180,8.522
2026-04-03T15:08:08.853Z,53.642,pi:0,sports ball,0.3539,1146.22,365.58,1278.92,553.79,2.188,8.529
2026-04-03T15:08:08.853Z,53.642,pi:0,sports ball,0.3427,841.02,387.17,1012.11,564.83,2.317,-0.748
2026-04-03T15:08:08.888Z,53.677,pi:0,sports ball,0.4321,840.48,387.20,1013.51,563.97,2.329,-0.734
2026-04-03T15:08:08.888Z,53.677,pi:0,sports ball,0.3129,1145.13,365.56,1279.49,552.93,2.197,8.521
2026-04-03T15:08:08.919Z,53.708,pi:0,sports ball,0.3688,1145.11,365.58,1278.85,552.99,2.197,8.510
2026-04-03T15:08:08.919Z,53.708,pi:0,sports ball,0.3501,841.30,387.04,1012.32,565.27,2.310,-0.740
2026-04-03T15:08:08.954Z,53.743,pi:0,sports ball,0.4172,841.77,386.20,1010.58,564.79,2.305,-0.761
2026-04-03T15:08:08.954Z,53.743,pi:0,sports ball,0.3203,1145.06,366.57,1276.77,551.03,2.232,8.476
2026-04-03T15:08:08.988Z,53.777,pi:0,sports ball,0.4246,1145.13,364.93,1275.96,552.02,2.201,8.465
2026-04-03T15:08:08.988Z,53.777,pi:0,sports ball,0.3986,841.59,386.19,1010.64,565.03,2.302,-0.763
2026-04-03T15:08:09.035Z,53.824,pi:0,sports ball,0.4172,841.70,387.06,1011.03,565.16,2.312,-0.755
2026-04-03T15:08:09.035Z,53.824,pi:0,sports ball,0.3129,1146.19,365.53,1276.06,552.99,2.196,8.483
2026-04-03T15:08:09.073Z,53.862,pi:0,sports ball,0.3986,841.78,386.09,1007.13,565.71,2.292,-0.817
2026-04-03T15:08:09.073Z,53.862,pi:0,sports ball,0.3129,1146.19,364.96,1275.70,552.89,2.191,8.477
2026-04-03T15:08:09.112Z,53.902,pi:0,sports ball,0.3054,841.68,387.17,1010.69,565.00,2.315,-0.761
2026-04-03T15:08:09.112Z,53.902,pi:0,sports ball,0.2980,1146.25,365.53,1274.83,552.02,2.208,8.464
2026-04-03T15:08:09.152Z,53.941,pi:0,sports ball,0.3837,1146.19,366.06,1275.42,553.72,2.194,8.473
2026-04-03T15:08:09.152Z,53.941,pi:0,sports ball,0.3762,840.02,387.18,1012.45,564.37,2.324,-0.759
2026-04-03T15:08:09.198Z,53.987,pi:0,sports ball,0.3837,840.93,387.19,1010.63,564.87,2.317,-0.774
2026-04-03T15:08:09.198Z,53.987,pi:0,sports ball,0.3464,1146.16,364.90,1275.91,552.99,2.189,8.480
2026-04-03T15:08:09.237Z,54.026,pi:0,sports ball,0.3911,840.97,386.21,1010.74,564.45,2.310,-0.772
2026-04-03T15:08:09.237Z,54.026,pi:0,sports ball,0.2570,1146.14,364.99,1276.15,553.77,2.181,8.484
2026-04-03T15:08:09.276Z,54.065,pi:0,sports ball,0.4731,841.10,388.19,1013.57,564.51,2.335,-0.723
2026-04-03T15:08:09.276Z,54.065,pi:0,sports ball,0.3762,1146.19,366.07,1275.57,552.93,2.203,8.475
2026-04-03T15:08:09.315Z,54.104,pi:0,sports ball,0.2943,841.93,386.08,1009.58,565.23,2.298,-0.775
2026-04-03T15:08:09.315Z,54.104,pi:0,sports ball,0.2868,1143.96,365.75,1276.59,552.92,2.200,8.456
2026-04-03T15:08:09.353Z,54.142,pi:0,sports ball,0.4135,1143.99,366.26,1277.60,552.87,2.206,8.472
2026-04-03T15:08:09.353Z,54.142,pi:0,sports ball,0.3874,841.49,387.18,1010.76,564.87,2.317,-0.763
2026-04-03T15:08:09.393Z,54.182,pi:0,sports ball,0.3762,840.26,387.19,1013.65,564.32,2.324,-0.736
2026-04-03T15:08:09.393Z,54.182,pi:0,sports ball,0.2756,1143.98,365.76,1277.67,552.92,2.200,8.473
2026-04-03T15:08:09.432Z,54.221,pi:0,sports ball,0.3725,840.91,387.18,1013.63,564.32,2.324,-0.726
2026-04-03T15:08:09.474Z,54.263,pi:0,sports ball,0.4097,1146.24,365.49,1277.54,553.84,2.186,8.508
2026-04-03T15:08:09.474Z,54.263,pi:0,sports ball,0.3688,840.26,387.19,1013.71,563.99,2.329,-0.735
2026-04-03T15:08:09.512Z,54.301,pi:0,sports ball,0.3948,842.24,388.20,1010.71,564.99,2.329,-0.751
2026-04-03T15:08:09.550Z,54.339,pi:0,sports ball,0.4731,841.21,388.17,1011.26,564.50,2.335,-0.759
2026-04-03T15:08:09.550Z,54.339,pi:0,sports ball,0.3613,1144.99,365.66,1277.68,552.91,2.199,8.490
2026-04-03T15:08:09.590Z,54.379,pi:0,sports ball,0.3725,840.90,388.20,1015.75,564.61,2.334,-0.691
2026-04-03T15:08:09.590Z,54.379,pi:0,sports ball,0.3315,1144.91,365.15,1277.73,552.97,2.192,8.489
2026-04-03T15:08:09.625Z,54.414,pi:0,sports ball,0.3539,841.89,386.21,1011.80,564.44,2.310,-0.739
2026-04-03T15:08:09.671Z,54.460,pi:0,sports ball,0.4395,1143.99,365.67,1276.62,552.92,2.199,8.457
2026-04-03T15:08:09.671Z,54.460,pi:0,sports ball,0.3688,841.53,388.06,1010.85,565.85,2.316,-0.761
2026-04-03T15:08:09.713Z,54.502,pi:0,sports ball,0.3911,840.95,387.17,1013.53,564.67,2.320,-0.726
2026-04-03T15:08:09.713Z,54.502,pi:0,sports ball,0.3203,1146.17,365.51,1277.44,553.97,2.185,8.505
2026-04-03T15:08:09.744Z,54.533,pi:0,sports ball,0.4917,840.95,387.18,1012.30,564.43,2.323,-0.746
2026-04-03T15:08:09.744Z,54.533,pi:0,sports ball,0.3762,1145.09,365.60,1277.31,553.85,2.187,8.485
2026-04-03T15:08:09.783Z,54.572,pi:0,sports ball,0.3948,840.25,387.18,1013.62,564.48,2.322,-0.736
2026-04-03T15:08:09.822Z,54.611,pi:0,sports ball,0.4135,841.69,387.08,1014.29,566.08,2.300,-0.702
2026-04-03T15:08:09.822Z,54.611,pi:0,sports ball,0.2533,1144.86,366.28,1277.60,553.02,2.205,8.486
2026-04-03T15:08:09.861Z,54.650,pi:0,sports ball,0.4731,841.88,386.18,1007.18,564.47,2.309,-0.815
2026-04-03T15:08:09.861Z,54.650,pi:0,sports ball,0.3501,1145.18,365.56,1277.54,553.84,2.187,8.490
2026-04-03T15:08:09.901Z,54.690,pi:0,sports ball,0.4023,843.02,385.91,1009.56,564.73,2.302,-0.757
2026-04-03T15:08:09.901Z,54.690,pi:0,sports ball,0.3390,1143.94,365.66,1277.56,552.91,2.199,8.471
2026-04-03T15:08:09.939Z,54.728,pi:0,sports ball,0.3576,840.94,386.21,1011.85,564.56,2.308,-0.754
2026-04-03T15:08:09.939Z,54.728,pi:0,sports ball,0.2794,1146.16,364.99,1277.44,553.12,2.189,8.505
2026-04-03T15:08:09.979Z,54.768,pi:0,sports ball,0.4507,842.05,385.25,1010.72,565.12,2.289,-0.754
2026-04-03T15:08:09.979Z,54.768,pi:0,sports ball,0.3054,1143.97,365.72,1277.06,552.87,2.200,8.464
2026-04-03T15:08:10.019Z,54.808,pi:0,sports ball,0.3054,842.75,386.87,1010.75,564.42,2.319,-0.743
2026-04-03T15:08:10.055Z,54.845,pi:0,sports ball,0.4284,840.69,388.20,1014.76,564.47,2.336,-0.711
2026-04-03T15:08:10.055Z,54.845,pi:0,sports ball,0.2682,1146.21,366.11,1276.27,553.97,2.192,8.487
2026-04-03T15:08:10.092Z,54.881,pi:0,sports ball,0.4805,842.25,386.20,1012.89,564.72,2.306,-0.716
2026-04-03T15:08:10.092Z,54.881,pi:0,sports ball,0.3166,1145.05,365.52,1276.38,553.90,2.186,8.470
2026-04-03T15:08:10.140Z,54.929,pi:0,sports ball,0.3613,843.53,385.84,1009.52,564.33,2.307,-0.750
2026-04-03T15:08:10.140Z,54.929,pi:0,sports ball,0.3129,1143.94,366.27,1277.08,552.88,2.206,8.463
2026-04-03T15:08:10.175Z,54.964,pi:0,sports ball,0.4321,841.91,387.18,1010.73,564.77,2.318,-0.757
2026-04-03T15:08:10.175Z,54.964,pi:0,sports ball,0.3464,1143.96,366.34,1277.12,552.93,2.206,8.464
2026-04-03T15:08:10.257Z,55.046,pi:0,sports ball,0.3576,842.24,387.19,1010.74,564.66,2.320,-0.751
2026-04-03T15:08:10.257Z,55.046,pi:0,sports ball,0.2682,1144.95,365.65,1277.66,552.96,2.198,8.489
2026-04-03T15:08:10.299Z,55.088,pi:0,sports ball,0.3762,841.47,387.18,1011.88,564.80,2.318,-0.745
2026-04-03T15:08:10.299Z,55.088,pi:0,sports ball,0.2533,1143.84,366.21,1278.94,552.06,2.215,8.491
2026-04-03T15:08:10.355Z,55.144,pi:0,sports ball,0.3501,841.71,387.20,1010.80,564.59,2.321,-0.759
2026-04-03T15:08:10.355Z,55.144,pi:0,sports ball,0.2682,1146.20,364.98,1278.78,553.14,2.188,8.527
2026-04-03T15:08:10.381Z,55.170,pi:0,sports ball,0.3427,842.69,387.08,1009.65,565.27,2.310,-0.761
2026-04-03T15:08:10.418Z,55.207,pi:0,sports ball,0.3203,839.76,388.17,1014.82,564.73,2.332,-0.725
2026-04-03T15:08:10.461Z,55.250,pi:0,sports ball,0.4321,841.95,386.10,1009.45,565.39,2.296,-0.777
2026-04-03T15:08:10.461Z,55.250,pi:0,sports ball,0.3837,1143.93,366.22,1278.21,552.99,2.204,8.481
2026-04-03T15:08:10.501Z,55.290,pi:0,sports ball,0.3799,840.49,387.17,1012.59,564.27,2.325,-0.749
2026-04-03T15:08:10.501Z,55.290,pi:0,sports ball,0.3017,1146.14,365.00,1278.70,553.08,2.189,8.524
2026-04-03T15:08:10.538Z,55.327,pi:0,sports ball,0.4023,841.52,387.18,1010.74,564.80,2.318,-0.763
2026-04-03T15:08:10.538Z,55.327,pi:0,sports ball,0.3129,1146.21,366.02,1275.82,553.08,2.201,8.480
2026-04-03T15:08:10.578Z,55.367,pi:0,sports ball,0.3576,1146.20,365.50,1275.70,555.42,2.168,8.477
2026-04-03T15:08:10.578Z,55.367,pi:0,sports ball,0.3501,841.48,387.18,1011.96,564.81,2.318,-0.743
2026-04-03T15:08:10.615Z,55.404,pi:0,sports ball,0.4656,841.03,387.16,1012.39,564.61,2.320,-0.744
2026-04-03T15:08:10.615Z,55.404,pi:0,sports ball,0.3054,1143.91,366.24,1277.10,553.85,2.195,8.463
2026-04-03T15:08:10.656Z,55.445,pi:0,sports ball,0.3762,841.14,386.21,1010.75,564.60,2.308,-0.769
2026-04-03T15:08:10.656Z,55.445,pi:0,sports ball,0.2682,1146.16,365.50,1276.25,555.52,2.167,8.486
2026-04-03T15:08:10.697Z,55.486,pi:0,sports ball,0.4321,841.40,387.17,1011.22,564.61,2.320,-0.757
2026-04-03T15:08:10.697Z,55.486,pi:0,sports ball,0.2831,1146.12,364.91,1276.27,554.13,2.176,8.485
2026-04-03T15:08:10.739Z,55.528,pi:0,sports ball,0.4246,841.23,387.08,1010.98,565.20,2.311,-0.763
2026-04-03T15:08:10.783Z,55.573,pi:0,sports ball,0.4619,841.12,388.20,1013.26,564.60,2.334,-0.728
2026-04-03T15:08:10.783Z,55.573,pi:0,sports ball,0.3501,1146.18,365.47,1275.29,553.29,2.192,8.471
2026-04-03T15:08:10.819Z,55.608,pi:0,sports ball,0.4321,841.57,385.26,1010.66,564.86,2.292,-0.763
2026-04-03T15:08:10.857Z,55.646,pi:0,sports ball,0.3837,841.51,387.08,1010.86,565.13,2.312,-0.761
2026-04-03T15:08:10.857Z,55.646,pi:0,sports ball,0.2607,1147.29,365.47,1274.94,553.95,2.184,8.483
2026-04-03T15:08:10.893Z,55.682,pi:0,sports ball,0.4693,841.89,386.18,1010.64,565.12,2.301,-0.758
2026-04-03T15:08:10.938Z,55.727,pi:0,sports ball,0.4805,841.22,388.17,1012.46,564.49,2.335,-0.740
2026-04-03T15:08:10.938Z,55.727,pi:0,sports ball,0.3017,1145.06,365.72,1273.12,552.02,2.210,8.418
2026-04-03T15:08:10.973Z,55.763,pi:0,sports ball,0.4246,841.73,386.08,1010.93,565.76,2.291,-0.756
2026-04-03T15:08:10.973Z,55.763,pi:0,sports ball,0.3650,1146.25,365.51,1273.45,552.99,2.196,8.442
2026-04-03T15:08:11.017Z,55.806,pi:0,sports ball,0.4880,841.22,388.20,1011.09,564.35,2.337,-0.762
2026-04-03T15:08:11.017Z,55.806,pi:0,sports ball,0.3837,1146.22,364.89,1271.92,552.21,2.198,8.417
2026-04-03T15:08:11.058Z,55.847,pi:0,sports ball,0.4544,842.41,388.07,1010.98,565.49,2.321,-0.744
2026-04-03T15:08:11.058Z,55.847,pi:0,sports ball,0.2943,1147.29,364.92,1272.76,551.26,2.209,8.448
2026-04-03T15:08:11.096Z,55.885,pi:0,sports ball,0.5215,841.94,387.12,1008.19,565.35,2.310,-0.797
2026-04-03T15:08:11.096Z,55.885,pi:0,sports ball,0.3725,1145.16,364.93,1273.73,551.26,2.210,8.429
2026-04-03T15:08:11.136Z,55.925,pi:0,sports ball,0.4805,841.12,388.20,1011.23,564.45,2.336,-0.761
2026-04-03T15:08:11.136Z,55.925,pi:0,sports ball,0.3017,1146.21,366.07,1273.10,551.26,2.223,8.436
2026-04-03T15:08:11.175Z,55.964,pi:0,sports ball,0.4917,841.12,389.25,1013.42,564.29,2.352,-0.725
2026-04-03T15:08:11.206Z,55.995,pi:0,sports ball,0.4619,840.47,387.19,1012.26,564.92,2.316,-0.755
2026-04-03T15:08:11.206Z,55.995,pi:0,sports ball,0.2682,1147.26,366.04,1276.16,552.17,2.212,8.502
2026-04-03T15:08:11.289Z,56.078,pi:0,sports ball,0.4991,841.22,387.18,1011.12,564.12,2.327,-0.761
2026-04-03T15:08:11.289Z,56.078,pi:0,sports ball,0.3315,1143.91,366.22,1275.50,551.12,2.227,8.438
2026-04-03T15:08:11.323Z,56.112,pi:0,sports ball,0.4209,840.89,386.21,1010.73,565.13,2.301,-0.773
2026-04-03T15:08:11.323Z,56.112,pi:0,sports ball,0.2905,1145.07,365.52,1276.66,553.85,2.186,8.475
2026-04-03T15:08:11.376Z,56.165,pi:0,sports ball,0.4656,842.68,385.95,1009.42,564.56,2.305,-0.765
2026-04-03T15:08:11.376Z,56.165,pi:0,sports ball,0.4209,1145.02,365.69,1278.84,551.04,2.221,8.509
2026-04-03T15:08:11.405Z,56.194,pi:0,sports ball,0.5587,842.40,387.09,1013.02,565.86,2.303,-0.711
2026-04-03T15:08:11.405Z,56.194,pi:0,sports ball,0.3725,1144.98,365.50,1278.90,551.92,2.208,8.509
2026-04-03T15:08:11.445Z,56.234,pi:0,sports ball,0.5699,841.73,388.11,1013.02,565.21,2.325,-0.722
2026-04-03T15:08:11.445Z,56.234,pi:0,sports ball,0.4693,1145.04,366.72,1277.60,553.61,2.203,8.489
2026-04-03T15:08:11.483Z,56.272,pi:0,sports ball,0.5923,842.40,387.05,1010.85,565.33,2.309,-0.747
2026-04-03T15:08:11.483Z,56.272,pi:0,sports ball,0.3092,1145.16,364.31,1277.33,551.25,2.202,8.487
2026-04-03T15:08:11.524Z,56.313,pi:0,sports ball,0.5215,841.27,386.21,1008.35,564.65,2.307,-0.806
2026-04-03T15:08:11.563Z,56.352,pi:0,sports ball,0.5476,842.59,387.06,1012.03,565.04,2.313,-0.724
2026-04-03T15:08:11.607Z,56.396,pi:0,sports ball,0.5885,842.89,387.06,1012.03,565.82,2.303,-0.719
2026-04-03T15:08:11.607Z,56.396,pi:0,sports ball,0.5289,1144.11,364.87,1275.25,552.06,2.199,8.437
2026-04-03T15:08:11.649Z,56.438,pi:0,sports ball,0.6444,842.39,388.08,1013.15,565.79,2.317,-0.709
2026-04-03T15:08:11.649Z,56.438,pi:0,sports ball,0.5401,1143.99,365.06,1271.90,551.85,2.204,8.381
2026-04-03T15:08:11.695Z,56.484,pi:0,sports ball,0.5587,842.39,388.02,1010.90,565.43,2.321,-0.746
2026-04-03T15:08:11.695Z,56.484,pi:0,sports ball,0.4954,1145.07,364.32,1272.18,551.11,2.204,8.403
2026-04-03T15:08:11.723Z,56.512,pi:0,sports ball,0.5550,843.44,385.95,1009.42,565.20,2.297,-0.753
2026-04-03T15:08:11.723Z,56.512,pi:0,sports ball,0.4544,1145.07,364.90,1273.06,551.12,2.211,8.417
2026-04-03T15:08:11.758Z,56.548,pi:0,sports ball,0.5662,1144.07,364.78,1272.88,550.03,2.223,8.398
2026-04-03T15:08:11.758Z,56.548,pi:0,sports ball,0.5029,841.90,388.06,1014.19,565.09,2.326,-0.700
2026-04-03T15:08:11.791Z,56.581,pi:0,sports ball,0.5140,1145.07,364.31,1271.87,550.13,2.216,8.398
2026-04-03T15:08:11.791Z,56.581,pi:0,sports ball,0.4209,842.65,385.87,1010.70,565.09,2.297,-0.745
2026-04-03T15:08:11.835Z,56.624,pi:0,sports ball,0.5438,841.73,387.07,1013.25,565.35,2.309,-0.718
2026-04-03T15:08:11.835Z,56.624,pi:0,sports ball,0.5327,1143.98,364.37,1272.33,551.15,2.204,8.388
2026-04-03T15:08:11.870Z,56.659,pi:0,sports ball,0.5699,1144.05,364.35,1272.59,551.12,2.204,8.393
2026-04-03T15:08:11.870Z,56.659,pi:0,sports ball,0.5438,841.31,386.17,1008.28,564.81,2.305,-0.806
2026-04-03T15:08:11.953Z,56.743,pi:0,sports ball,0.5923,1144.06,364.91,1272.94,551.05,2.212,8.399
2026-04-03T15:08:11.953Z,56.743,pi:0,sports ball,0.5103,841.58,387.05,1010.92,565.36,2.309,-0.759
2026-04-03T15:08:11.990Z,56.779,pi:0,sports ball,0.6407,1145.09,364.94,1274.89,550.16,2.223,8.447
2026-04-03T15:08:11.990Z,56.779,pi:0,sports ball,0.6109,842.05,388.05,1010.87,565.11,2.325,-0.752
2026-04-03T15:08:12.030Z,56.819,pi:0,sports ball,0.6034,1144.01,364.37,1274.82,551.12,2.205,8.428
2026-04-03T15:08:12.030Z,56.819,pi:0,sports ball,0.5885,842.39,388.07,1012.03,565.32,2.323,-0.727
2026-04-03T15:08:12.074Z,56.863,pi:0,sports ball,0.6966,1144.03,364.98,1274.98,550.25,2.222,8.431
2026-04-03T15:08:12.074Z,56.863,pi:0,sports ball,0.6779,842.22,388.07,1012.96,565.00,2.327,-0.715
2026-04-03T15:08:12.110Z,56.899,pi:0,sports ball,0.6481,842.08,387.05,1013.00,565.37,2.309,-0.717
2026-04-03T15:08:12.110Z,56.899,pi:0,sports ball,0.5848,1144.04,365.00,1274.92,552.11,2.200,8.431
2026-04-03T15:08:12.146Z,56.935,pi:0,sports ball,0.4991,841.59,388.04,1012.02,565.23,2.324,-0.741
2026-04-03T15:08:12.146Z,56.935,pi:0,sports ball,0.4805,1145.08,366.00,1275.60,551.00,2.225,8.458
2026-04-03T15:08:12.186Z,56.975,pi:0,sports ball,0.4917,842.99,385.96,1010.68,565.04,2.299,-0.740
2026-04-03T15:08:12.186Z,56.975,pi:0,sports ball,0.3688,1146.11,364.34,1276.03,553.09,2.181,8.481
2026-04-03T15:08:12.225Z,57.014,pi:0,sports ball,0.5885,1144.03,366.02,1275.17,550.98,2.226,8.434
2026-04-03T15:08:12.225Z,57.014,pi:0,sports ball,0.5178,841.58,388.10,1014.19,565.07,2.327,-0.705
2026-04-03T15:08:12.263Z,57.053,pi:0,sports ball,0.4768,843.12,385.90,1009.44,564.86,2.301,-0.758
2026-04-03T15:08:12.263Z,57.053,pi:0,sports ball,0.3948,1144.05,366.15,1276.00,551.15,2.226,8.448
2026-04-03T15:08:12.304Z,57.093,pi:0,sports ball,0.5997,841.27,387.19,1008.35,564.65,2.320,-0.806
2026-04-03T15:08:12.304Z,57.093,pi:0,sports ball,0.4991,1145.07,366.59,1275.13,550.99,2.233,8.450
2026-04-03T15:08:12.347Z,57.136,pi:0,sports ball,0.4991,1145.09,366.08,1275.52,550.99,2.227,8.457
2026-04-03T15:08:12.347Z,57.136,pi:0,sports ball,0.4880,841.58,388.06,1013.12,565.67,2.318,-0.723
2026-04-03T15:08:12.389Z,57.179,pi:0,sports ball,0.5736,841.91,387.08,1011.99,564.97,2.314,-0.736
2026-04-03T15:08:12.389Z,57.179,pi:0,sports ball,0.5215,1144.08,364.95,1276.30,551.14,2.211,8.453
2026-04-03T15:08:12.425Z,57.214,pi:0,sports ball,0.4209,840.68,387.18,1011.18,564.16,2.326,-0.769
2026-04-03T15:08:12.425Z,57.214,pi:0,sports ball,0.3203,1145.07,366.52,1276.44,552.00,2.220,8.471
2026-04-03T15:08:12.470Z,57.259,pi:0,sports ball,0.5364,841.91,387.10,1013.12,565.24,2.311,-0.717
2026-04-03T15:08:12.470Z,57.259,pi:0,sports ball,0.2868,1145.07,366.05,1276.55,551.11,2.225,8.473
2026-04-03T15:08:12.510Z,57.299,pi:0,sports ball,0.4731,840.87,388.19,1012.18,564.90,2.330,-0.750
2026-04-03T15:08:12.510Z,57.299,pi:0,sports ball,0.2645,1145.09,366.03,1275.63,551.10,2.225,8.459
2026-04-03T15:08:12.607Z,57.397,pi:0,sports ball,0.3613,839.98,387.17,1016.93,564.29,2.325,-0.687
2026-04-03T15:08:12.607Z,57.397,pi:0,sports ball,0.2905,1145.08,365.57,1276.06,552.88,2.198,8.465
2026-04-03T15:08:12.649Z,57.438,pi:0,sports ball,0.4768,841.72,387.05,1014.20,565.90,2.302,-0.703
2026-04-03T15:08:12.649Z,57.438,pi:0,sports ball,0.3874,1144.99,365.64,1276.47,551.95,2.210,8.470
2026-04-03T15:08:12.690Z,57.479,pi:0,sports ball,0.4880,840.70,387.16,1012.42,563.85,2.330,-0.749
2026-04-03T15:08:12.690Z,57.479,pi:0,sports ball,0.3427,1145.10,365.48,1278.54,553.01,2.196,8.505
2026-04-03T15:08:12.727Z,57.516,pi:0,sports ball,0.4023,841.18,387.20,1010.73,564.63,2.320,-0.768
2026-04-03T15:08:12.767Z,57.556,pi:0,sports ball,0.3948,840.96,387.20,1010.72,565.35,2.311,-0.772
2026-04-03T15:08:12.767Z,57.556,pi:0,sports ball,0.2794,1143.86,365.72,1278.84,552.94,2.199,8.490
2026-04-03T15:08:12.805Z,57.594,pi:0,sports ball,0.5103,841.51,388.06,1009.82,565.24,2.324,-0.778
2026-04-03T15:08:12.805Z,57.594,pi:0,sports ball,0.3390,1143.93,366.27,1277.68,552.07,2.216,8.473
2026-04-03T15:08:12.841Z,57.630,pi:0,sports ball,0.3874,842.10,386.11,1009.49,565.43,2.296,-0.774
2026-04-03T15:08:12.841Z,57.630,pi:0,sports ball,0.2756,1144.89,365.73,1278.19,552.08,2.209,8.496
2026-04-03T15:08:12.910Z,57.699,pi:0,sports ball,0.4656,840.87,388.06,1012.19,565.44,2.321,-0.750
2026-04-03T15:08:12.910Z,57.699,pi:0,sports ball,0.3576,1145.08,366.01,1277.19,551.96,2.214,8.483
2026-04-03T15:08:12.933Z,57.722,pi:0,sports ball,0.4060,840.95,385.26,1011.80,565.49,2.284,-0.755
2026-04-03T15:08:12.933Z,57.722,pi:0,sports ball,0.2645,1145.08,365.54,1278.69,553.85,2.186,8.507
2026-04-03T15:08:12.988Z,57.778,pi:0,sports ball,0.4544,840.47,387.18,1011.35,564.47,2.322,-0.770
2026-04-03T15:08:12.988Z,57.778,pi:0,sports ball,0.2756,1146.10,365.00,1277.99,553.86,2.180,8.513
2026-04-03T15:08:13.039Z,57.828,pi:0,sports ball,0.4693,841.16,386.19,1011.94,565.47,2.297,-0.749
2026-04-03T15:08:13.087Z,57.876,pi:0,sports ball,0.4097,844.07,385.96,1010.55,564.40,2.307,-0.724
2026-04-03T15:08:13.087Z,57.876,pi:0,sports ball,0.3315,1144.99,365.72,1277.47,552.90,2.200,8.486
2026-04-03T15:08:13.124Z,57.913,pi:0,sports ball,0.4507,841.92,387.06,1010.80,565.78,2.304,-0.755
2026-04-03T15:08:13.124Z,57.913,pi:0,sports ball,0.3464,1146.20,365.57,1276.82,553.06,2.196,8.495
2026-04-03T15:08:13.193Z,57.982,pi:0,sports ball,0.4954,840.75,388.20,1012.34,564.12,2.340,-0.749
2026-04-03T15:08:13.193Z,57.982,pi:0,sports ball,0.3688,1145.11,365.55,1279.44,553.90,2.186,8.520
2026-04-03T15:08:13.256Z,58.045,pi:0,sports ball,0.4656,842.11,386.11,1009.42,565.09,2.300,-0.775
2026-04-03T15:08:13.256Z,58.045,pi:0,sports ball,0.2868,1146.03,366.05,1279.57,552.02,2.214,8.537
2026-04-03T15:08:13.297Z,58.086,pi:0,sports ball,0.4470,841.37,386.19,1010.72,565.12,2.301,-0.766
2026-04-03T15:08:13.335Z,58.125,pi:0,sports ball,0.4731,840.25,388.20,1013.73,564.69,2.333,-0.735
2026-04-03T15:08:13.335Z,58.125,pi:0,sports ball,0.2719,1145.11,365.52,1281.54,555.42,2.168,8.553
2026-04-03T15:08:13.376Z,58.165,pi:0,sports ball,0.4693,841.58,387.07,1013.16,564.99,2.314,-0.722
2026-04-03T15:08:13.376Z,58.165,pi:0,sports ball,0.2980,1146.17,364.92,1280.90,553.83,2.179,8.560
2026-04-03T15:08:13.413Z,58.202,pi:0,sports ball,0.5662,840.68,388.19,1013.34,564.55,2.335,-0.734
2026-04-03T15:08:13.413Z,58.202,pi:0,sports ball,0.3390,1144.96,366.09,1279.61,552.01,2.215,8.520
2026-04-03T15:08:13.454Z,58.243,pi:0,sports ball,0.4395,840.27,388.21,1013.63,564.15,2.340,-0.736
2026-04-03T15:08:13.454Z,58.243,pi:0,sports ball,0.3576,1144.99,366.10,1278.92,551.97,2.215,8.510
2026-04-03T15:08:13.490Z,58.279,pi:0,sports ball,0.5140,841.97,386.14,1010.59,564.98,2.302,-0.758
2026-04-03T15:08:13.490Z,58.279,pi:0,sports ball,0.3799,1144.05,365.54,1280.08,554.61,2.178,8.513
2026-04-03T15:08:13.529Z,58.318,pi:0,sports ball,0.4768,840.95,387.19,1012.38,564.46,2.323,-0.745
2026-04-03T15:08:13.529Z,58.318,pi:0,sports ball,0.3762,1145.04,364.99,1280.11,553.74,2.181,8.529
2026-04-03T15:08:13.570Z,58.359,pi:0,sports ball,0.5215,840.85,388.19,1014.82,564.29,2.338,-0.707
2026-04-03T15:08:13.570Z,58.359,pi:0,sports ball,0.4656,1143.97,366.21,1278.27,552.77,2.207,8.483
2026-04-03T15:08:13.608Z,58.397,pi:0,sports ball,0.5513,841.14,387.16,1012.47,563.83,2.330,-0.741
2026-04-03T15:08:13.608Z,58.397,pi:0,sports ball,0.4321,1143.07,365.50,1279.39,554.51,2.178,8.486
2026-04-03T15:08:13.645Z,58.434,pi:0,sports ball,0.5140,842.06,386.12,1009.55,565.75,2.292,-0.773
2026-04-03T15:08:13.645Z,58.434,pi:0,sports ball,0.4135,1143.98,366.23,1279.53,552.84,2.206,8.503
2026-04-03T15:08:13.685Z,58.474,pi:0,sports ball,0.4917,842.23,386.14,1009.41,565.11,2.300,-0.773
2026-04-03T15:08:13.685Z,58.474,pi:0,sports ball,0.4321,1144.03,365.56,1280.77,553.86,2.186,8.524
2026-04-03T15:08:13.723Z,58.513,pi:0,sports ball,0.4731,842.22,386.08,1012.19,565.68,2.293,-0.727
2026-04-03T15:08:13.723Z,58.513,pi:0,sports ball,0.2794,1146.14,365.50,1280.28,552.96,2.196,8.550
2026-04-03T15:08:13.774Z,58.563,pi:0,sports ball,0.4880,840.42,387.17,1014.61,564.50,2.322,-0.717
2026-04-03T15:08:13.774Z,58.563,pi:0,sports ball,0.3576,1142.92,366.76,1279.52,552.78,2.213,8.486
2026-04-03T15:08:13.803Z,58.592,pi:0,sports ball,0.4284,843.02,385.89,1008.31,564.48,2.305,-0.778
2026-04-03T15:08:13.803Z,58.592,pi:0,sports ball,0.3390,1143.99,366.77,1279.48,552.70,2.214,8.503
2026-04-03T15:08:13.840Z,58.629,pi:0,sports ball,0.4284,841.72,386.08,1013.14,566.02,2.288,-0.720
2026-04-03T15:08:13.840Z,58.629,pi:0,sports ball,0.3576,1142.99,366.75,1278.91,551.89,2.224,8.477
2026-04-03T15:08:13.885Z,58.674,pi:0,sports ball,0.4954,840.68,388.18,1012.43,564.32,2.338,-0.749
2026-04-03T15:08:13.885Z,58.674,pi:0,sports ball,0.3278,1145.12,366.10,1279.46,553.67,2.195,8.520
2026-04-03T15:08:13.922Z,58.711,pi:0,sports ball,0.5476,841.16,387.18,1011.00,564.52,2.322,-0.764
2026-04-03T15:08:13.922Z,58.711,pi:0,sports ball,0.3725,1144.01,366.30,1278.83,552.76,2.208,8.493
2026-04-03T15:08:13.959Z,58.748,pi:0,sports ball,0.5215,841.12,386.21,1011.72,564.48,2.309,-0.753
2026-04-03T15:08:13.959Z,58.748,pi:0,sports ball,0.3911,1144.02,366.13,1279.03,551.04,2.227,8.496
2026-04-03T15:08:14.019Z,58.808,pi:0,sports ball,0.4768,840.93,388.17,1012.40,564.31,2.338,-0.745
2026-04-03T15:08:14.019Z,58.808,pi:0,sports ball,0.3017,1144.02,365.59,1279.69,551.96,2.209,8.506
2026-04-03T15:08:14.071Z,58.860,pi:0,sports ball,0.4619,840.87,388.10,1012.32,565.87,2.316,-0.748
2026-04-03T15:08:14.071Z,58.860,pi:0,sports ball,0.2645,1144.04,365.01,1280.09,553.02,2.190,8.513
2026-04-03T15:08:14.112Z,58.901,pi:0,sports ball,0.4321,841.93,386.11,1009.53,565.08,2.300,-0.776
2026-04-03T15:08:14.112Z,58.901,pi:0,sports ball,0.2719,1142.89,365.74,1278.85,552.79,2.201,8.475
2026-04-03T15:08:14.153Z,58.942,pi:0,sports ball,0.4135,841.07,387.19,1010.84,564.90,2.317,-0.768
2026-04-03T15:08:14.153Z,58.942,pi:0,sports ball,0.3017,1145.08,365.53,1280.90,552.91,2.197,8.543
2026-04-03T15:08:14.194Z,58.983,pi:0,sports ball,0.4544,1144.04,366.17,1280.22,551.84,2.217,8.515
2026-04-03T15:08:14.194Z,58.983,pi:0,sports ball,0.4433,842.19,387.07,1013.27,564.85,2.316,-0.710
2026-04-03T15:08:14.239Z,59.028,pi:0,sports ball,0.4507,843.66,385.95,1009.45,564.18,2.310,-0.749
2026-04-03T15:08:14.239Z,59.028,pi:0,sports ball,0.2533,1142.86,366.35,1279.57,553.71,2.197,8.486
2026-04-03T15:08:14.275Z,59.064,pi:0,sports ball,0.4321,843.35,385.97,1009.51,565.46,2.294,-0.753
2026-04-03T15:08:14.275Z,59.064,pi:0,sports ball,0.2756,1146.20,365.53,1280.87,553.83,2.187,8.560
2026-04-03T15:08:14.314Z,59.103,pi:0,sports ball,0.4470,842.11,386.19,1010.77,565.26,2.299,-0.753
2026-04-03T15:08:14.314Z,59.103,pi:0,sports ball,0.2905,1145.06,364.33,1281.64,553.84,2.173,8.554
2026-04-03T15:08:14.355Z,59.144,pi:0,sports ball,0.5625,840.45,387.20,1009.81,564.59,2.321,-0.795
2026-04-03T15:08:14.355Z,59.144,pi:0,sports ball,0.4172,1144.04,364.34,1281.04,554.55,2.165,8.528
2026-04-03T15:08:14.395Z,59.184,pi:0,sports ball,0.4470,840.96,386.20,1011.73,565.06,2.302,-0.756
2026-04-03T15:08:14.395Z,59.184,pi:0,sports ball,0.2943,1144.91,366.56,1280.37,552.02,2.220,8.531
2026-04-03T15:08:14.440Z,59.229,pi:0,sports ball,0.4395,840.48,388.21,1012.48,564.12,2.341,-0.751
2026-04-03T15:08:14.440Z,59.229,pi:0,sports ball,0.2831,1144.99,366.56,1280.39,552.88,2.210,8.533
2026-04-03T15:08:14.476Z,59.265,pi:0,sports ball,0.3762,842.69,387.11,1009.56,565.09,2.313,-0.763
2026-04-03T15:08:14.476Z,59.265,pi:0,sports ball,0.2794,1144.04,365.57,1282.43,553.83,2.187,8.550
2026-04-03T15:08:14.511Z,59.300,pi:0,sports ball,0.4246,842.92,385.95,1010.67,564.81,2.302,-0.741
2026-04-03T15:08:14.511Z,59.300,pi:0,sports ball,0.2831,1145.08,364.96,1282.50,553.81,2.180,8.568
2026-04-03T15:08:14.548Z,59.337,pi:0,sports ball,0.3352,839.98,388.17,1014.59,564.34,2.337,-0.725
2026-04-03T15:08:14.548Z,59.337,pi:0,sports ball,0.2533,1146.09,364.97,1283.32,553.81,2.180,8.597
2026-04-03T15:08:14.585Z,59.374,pi:0,sports ball,0.4246,842.29,387.08,1007.20,564.92,2.315,-0.808
2026-04-03T15:08:14.585Z,59.374,pi:0,sports ball,0.3203,1146.15,364.95,1282.52,553.81,2.180,8.586
2026-04-03T15:08:14.626Z,59.415,pi:0,sports ball,0.3874,839.80,387.18,1013.67,564.48,2.322,-0.743
2026-04-03T15:08:14.667Z,59.456,pi:0,sports ball,0.3576,841.37,387.03,1011.10,564.88,2.315,-0.759
2026-04-03T15:08:14.667Z,59.456,pi:0,sports ball,0.3054,1145.06,365.54,1282.47,553.76,2.187,8.567
2026-04-03T15:08:14.708Z,59.497,pi:0,sports ball,0.4395,843.96,385.94,1009.47,564.68,2.303,-0.744
2026-04-03T15:08:14.708Z,59.497,pi:0,sports ball,0.3948,1145.05,364.96,1282.55,553.81,2.180,8.569
2026-04-03T15:08:14.741Z,59.530,pi:0,sports ball,0.3948,841.16,386.20,1011.79,565.09,2.302,-0.751
2026-04-03T15:08:14.741Z,59.530,pi:0,sports ball,0.3092,1146.14,364.33,1282.47,552.99,2.182,8.585
2026-04-03T15:08:14.784Z,59.573,pi:0,sports ball,0.4433,840.96,386.11,1012.09,564.62,2.306,-0.750
2026-04-03T15:08:14.784Z,59.573,pi:0,sports ball,0.3948,1144.02,366.08,1281.81,554.55,2.185,8.540
2026-04-03T15:08:14.819Z,59.608,pi:0,sports ball,0.3986,841.24,387.06,1012.18,565.08,2.313,-0.744
2026-04-03T15:08:14.819Z,59.608,pi:0,sports ball,0.2905,1145.08,365.52,1283.43,553.76,2.187,8.583
2026-04-03T15:08:14.857Z,59.646,pi:0,sports ball,0.4060,840.69,387.16,1013.72,564.27,2.325,-0.728
2026-04-03T15:08:14.901Z,59.690,pi:0,sports ball,0.4321,842.10,387.08,1009.48,565.10,2.313,-0.774
2026-04-03T15:08:14.901Z,59.690,pi:0,sports ball,0.2831,1145.09,364.93,1283.39,553.70,2.181,8.583
2026-04-03T15:08:14.940Z,59.729,pi:0,sports ball,0.4693,841.37,386.18,1010.71,565.24,2.299,-0.766
2026-04-03T15:08:14.978Z,59.767,pi:0,sports ball,0.4470,840.63,388.20,1013.54,564.45,2.336,-0.731
2026-04-03T15:08:15.016Z,59.805,pi:0,sports ball,0.4656,840.45,387.18,1013.56,564.74,2.319,-0.734
2026-04-03T15:08:15.016Z,59.805,pi:0,sports ball,0.2943,1142.99,366.86,1282.60,552.78,2.214,8.536
2026-04-03T15:08:15.053Z,59.842,pi:0,sports ball,0.4023,841.38,387.05,1014.56,565.83,2.303,-0.703
2026-04-03T15:08:15.053Z,59.842,pi:0,sports ball,0.3129,1145.10,364.96,1282.62,553.06,2.189,8.570
2026-04-03T15:08:15.096Z,59.885,pi:0,sports ball,0.4991,841.79,386.12,1009.51,565.45,2.296,-0.778
2026-04-03T15:08:15.096Z,59.885,pi:0,sports ball,0.4246,1145.11,366.05,1284.32,552.14,2.213,8.598
2026-04-03T15:08:15.137Z,59.927,pi:0,sports ball,0.4544,840.85,387.06,1015.53,565.53,2.307,-0.695
2026-04-03T15:08:15.137Z,59.927,pi:0,sports ball,0.3948,1145.10,366.07,1282.71,551.10,2.225,8.572
2026-04-03T15:08:15.176Z,59.965,pi:0,sports ball,0.4842,841.21,387.03,1014.43,565.01,2.313,-0.707
2026-04-03T15:08:15.176Z,59.965,pi:0,sports ball,0.4135,1145.03,365.53,1284.42,552.00,2.208,8.598
2026-04-03T15:08:15.212Z,60.001,pi:0,sports ball,0.4395,841.56,388.05,1014.34,565.26,2.323,-0.703
2026-04-03T15:08:15.212Z,60.001,pi:0,sports ball,0.2682,1145.04,365.03,1286.21,553.12,2.189,8.627
2026-04-03T15:08:15.252Z,60.041,pi:0,sports ball,0.4544,841.42,388.05,1010.98,565.01,2.327,-0.760
2026-04-03T15:08:15.252Z,60.041,pi:0,sports ball,0.3576,1144.02,364.98,1286.21,552.14,2.200,8.611
2026-04-03T15:08:15.290Z,60.079,pi:0,sports ball,0.5476,842.05,388.10,1012.03,565.36,2.323,-0.733
2026-04-03T15:08:15.290Z,60.079,pi:0,sports ball,0.4284,1144.05,364.96,1287.18,551.13,2.211,8.627
2026-04-03T15:08:15.376Z,60.166,pi:0,sports ball,0.5550,842.88,387.06,1010.90,564.99,2.314,-0.738
2026-04-03T15:08:15.376Z,60.166,pi:0,sports ball,0.4544,1142.94,366.08,1285.37,551.91,2.216,8.580
2026-04-03T15:08:15.447Z,60.236,pi:0,sports ball,0.6258,842.36,388.09,1013.20,565.21,2.325,-0.709
2026-04-03T15:08:15.447Z,60.236,pi:0,sports ball,0.4135,1144.09,365.51,1287.15,552.08,2.207,8.627
2026-04-03T15:08:15.500Z,60.289,pi:0,sports ball,0.5699,842.05,388.11,1010.87,565.42,2.322,-0.752
2026-04-03T15:08:15.500Z,60.289,pi:0,sports ball,0.3017,1144.00,366.32,1282.71,551.94,2.218,8.554
2026-04-03T15:08:15.550Z,60.340,pi:0,sports ball,0.5625,841.27,387.21,1008.32,564.60,2.321,-0.806
2026-04-03T15:08:15.550Z,60.340,pi:0,sports ball,0.3725,1145.14,366.06,1283.41,553.07,2.202,8.584
2026-04-03T15:08:15.587Z,60.376,pi:0,sports ball,0.6407,843.56,386.01,1010.66,564.38,2.308,-0.731
2026-04-03T15:08:15.587Z,60.376,pi:0,sports ball,0.5252,1144.04,366.10,1284.44,552.72,2.206,8.583
2026-04-03T15:08:15.634Z,60.423,pi:0,sports ball,0.5960,841.17,387.19,1009.59,564.96,2.316,-0.787
2026-04-03T15:08:15.634Z,60.423,pi:0,sports ball,0.3576,1145.12,366.11,1283.46,554.69,2.183,8.584
2026-04-03T15:08:15.668Z,60.458,pi:0,sports ball,0.6854,840.78,388.22,1009.50,564.58,2.334,-0.795
2026-04-03T15:08:15.668Z,60.458,pi:0,sports ball,0.4507,1144.01,366.11,1281.92,552.78,2.206,8.542
2026-04-03T15:08:15.707Z,60.496,pi:0,sports ball,0.4768,841.05,386.17,1011.88,564.78,2.305,-0.752
2026-04-03T15:08:15.707Z,60.496,pi:0,sports ball,0.3501,1145.06,366.33,1278.37,555.17,2.180,8.502
